<?xml version='1.0' encoding='UTF-8'?>
<gpx version="1.1" creator="https://www.komoot.de" xmlns="http://www.topografix.com/GPX/1/1" xmlns:xsi="http://www.w3.org/2001/XMLSchema-instance" xsi:schemaLocation="http://www.topografix.com/GPX/1/1 http://www.topografix.com/GPX/1/1/gpx.xsd">
  <metadata>
    <name>25 Petersberg Reverse</name>
    <author>
      <link href="https://www.komoot.de">
        <text>komoot</text>
        <type>text/html</type>
      </link>
    </author>
  </metadata>
  <trk>
    <name>25 Petersberg Reverse</name>
    <trkseg>
      <trkpt lat="49.017460" lon="12.302380">
        <ele>325.787697</ele>
        <time>2026-02-16T16:22:41.763Z</time>
      </trkpt>
      <trkpt lat="49.017319" lon="12.302352">
        <ele>325.787697</ele>
        <time>2026-02-16T16:22:44.943Z</time>
      </trkpt>
      <trkpt lat="49.017185" lon="12.302323">
        <ele>325.787697</ele>
        <time>2026-02-16T16:22:47.978Z</time>
      </trkpt>
      <trkpt lat="49.016784" lon="12.302229">
        <ele>325.787697</ele>
        <time>2026-02-16T16:22:56.957Z</time>
      </trkpt>
      <trkpt lat="49.016602" lon="12.302230">
        <ele>325.787697</ele>
        <time>2026-02-16T16:23:00.939Z</time>
      </trkpt>
      <trkpt lat="49.016554" lon="12.306497">
        <ele>325.577638</ele>
        <time>2026-02-16T16:23:40.445Z</time>
      </trkpt>
      <trkpt lat="49.016510" lon="12.308536">
        <ele>325.618805</ele>
        <time>2026-02-16T16:24:01.537Z</time>
      </trkpt>
      <trkpt lat="49.016440" lon="12.309996">
        <ele>325.688742</ele>
        <time>2026-02-16T16:24:16.317Z</time>
      </trkpt>
      <trkpt lat="49.016295" lon="12.311644">
        <ele>325.652930</ele>
        <time>2026-02-16T16:24:31.507Z</time>
      </trkpt>
      <trkpt lat="49.016123" lon="12.312922">
        <ele>325.585071</ele>
        <time>2026-02-16T16:24:43.540Z</time>
      </trkpt>
      <trkpt lat="49.015816" lon="12.314678">
        <ele>325.879965</ele>
        <time>2026-02-16T16:25:03.217Z</time>
      </trkpt>
      <trkpt lat="49.015653" lon="12.315442">
        <ele>326.042076</ele>
        <time>2026-02-16T16:25:11.963Z</time>
      </trkpt>
      <trkpt lat="49.015625" lon="12.315807">
        <ele>326.116227</ele>
        <time>2026-02-16T16:25:15.760Z</time>
      </trkpt>
      <trkpt lat="49.015582" lon="12.316384">
        <ele>326.078369</ele>
        <time>2026-02-16T16:25:21.677Z</time>
      </trkpt>
      <trkpt lat="49.015525" lon="12.316471">
        <ele>326.068108</ele>
        <time>2026-02-16T16:25:22.892Z</time>
      </trkpt>
      <trkpt lat="49.015301" lon="12.316814">
        <ele>326.027719</ele>
        <time>2026-02-16T16:25:27.506Z</time>
      </trkpt>
      <trkpt lat="49.015104" lon="12.317693">
        <ele>325.950208</ele>
        <time>2026-02-16T16:25:35.630Z</time>
      </trkpt>
      <trkpt lat="49.014603" lon="12.319732">
        <ele>325.904320</ele>
        <time>2026-02-16T16:25:56.211Z</time>
      </trkpt>
      <trkpt lat="49.014515" lon="12.320083">
        <ele>325.906660</ele>
        <time>2026-02-16T16:26:00.093Z</time>
      </trkpt>
      <trkpt lat="49.014401" lon="12.320595">
        <ele>325.910028</ele>
        <time>2026-02-16T16:26:05.544Z</time>
      </trkpt>
      <trkpt lat="49.014318" lon="12.320876">
        <ele>325.911947</ele>
        <time>2026-02-16T16:26:08.673Z</time>
      </trkpt>
      <trkpt lat="49.014261" lon="12.321055">
        <ele>325.954470</ele>
        <time>2026-02-16T16:26:10.660Z</time>
      </trkpt>
      <trkpt lat="49.014186" lon="12.321304">
        <ele>326.013985</ele>
        <time>2026-02-16T16:26:13.411Z</time>
      </trkpt>
      <trkpt lat="49.014097" lon="12.321579">
        <ele>326.080593</ele>
        <time>2026-02-16T16:26:16.489Z</time>
      </trkpt>
      <trkpt lat="49.013988" lon="12.321920">
        <ele>326.162989</ele>
        <time>2026-02-16T16:26:20.335Z</time>
      </trkpt>
      <trkpt lat="49.013907" lon="12.322207">
        <ele>326.230855</ele>
        <time>2026-02-16T16:26:23.644Z</time>
      </trkpt>
      <trkpt lat="49.013827" lon="12.322575">
        <ele>326.315064</ele>
        <time>2026-02-16T16:26:27.843Z</time>
      </trkpt>
      <trkpt lat="49.013806" lon="12.322778">
        <ele>326.359702</ele>
        <time>2026-02-16T16:26:30.117Z</time>
      </trkpt>
      <trkpt lat="49.013787" lon="12.323046">
        <ele>326.418254</ele>
        <time>2026-02-16T16:26:33.074Z</time>
      </trkpt>
      <trkpt lat="49.013773" lon="12.323174">
        <ele>326.446440</ele>
        <time>2026-02-16T16:26:34.519Z</time>
      </trkpt>
      <trkpt lat="49.013752" lon="12.323264">
        <ele>326.467189</ele>
        <time>2026-02-16T16:26:35.550Z</time>
      </trkpt>
      <trkpt lat="49.013501" lon="12.324202">
        <ele>326.602155</ele>
        <time>2026-02-16T16:26:46.900Z</time>
      </trkpt>
      <trkpt lat="49.013172" lon="12.325012">
        <ele>326.711068</ele>
        <time>2026-02-16T16:26:57.273Z</time>
      </trkpt>
      <trkpt lat="49.012907" lon="12.325572">
        <ele>326.790008</ele>
        <time>2026-02-16T16:27:03.744Z</time>
      </trkpt>
      <trkpt lat="49.012383" lon="12.326506">
        <ele>326.556615</ele>
        <time>2026-02-16T16:27:14.249Z</time>
      </trkpt>
      <trkpt lat="49.011750" lon="12.327462">
        <ele>326.181120</ele>
        <time>2026-02-16T16:27:26.034Z</time>
      </trkpt>
      <trkpt lat="49.011108" lon="12.328389">
        <ele>325.957432</ele>
        <time>2026-02-16T16:27:38.437Z</time>
      </trkpt>
      <trkpt lat="49.010451" lon="12.329262">
        <ele>325.804999</ele>
        <time>2026-02-16T16:27:51.025Z</time>
      </trkpt>
      <trkpt lat="49.008878" lon="12.331162">
        <ele>325.571375</ele>
        <time>2026-02-16T16:28:19.567Z</time>
      </trkpt>
      <trkpt lat="49.008206" lon="12.332049">
        <ele>325.780977</ele>
        <time>2026-02-16T16:28:33.134Z</time>
      </trkpt>
      <trkpt lat="49.007307" lon="12.333412">
        <ele>326.086994</ele>
        <time>2026-02-16T16:28:54.586Z</time>
      </trkpt>
      <trkpt lat="49.007201" lon="12.333609">
        <ele>326.095707</ele>
        <time>2026-02-16T16:28:57.357Z</time>
      </trkpt>
      <trkpt lat="49.007129" lon="12.333808">
        <ele>326.103479</ele>
        <time>2026-02-16T16:28:59.747Z</time>
      </trkpt>
      <trkpt lat="49.007077" lon="12.334048">
        <ele>326.112122</ele>
        <time>2026-02-16T16:29:02.360Z</time>
      </trkpt>
      <trkpt lat="49.007045" lon="12.334337">
        <ele>326.122144</ele>
        <time>2026-02-16T16:29:05.274Z</time>
      </trkpt>
      <trkpt lat="49.007146" lon="12.335692">
        <ele>326.165902</ele>
        <time>2026-02-16T16:29:17.982Z</time>
      </trkpt>
      <trkpt lat="49.007101" lon="12.336058">
        <ele>326.127026</ele>
        <time>2026-02-16T16:29:21.200Z</time>
      </trkpt>
      <trkpt lat="49.007002" lon="12.336326">
        <ele>326.094915</ele>
        <time>2026-02-16T16:29:23.864Z</time>
      </trkpt>
      <trkpt lat="49.006406" lon="12.337472">
        <ele>325.942231</ele>
        <time>2026-02-16T16:29:37.194Z</time>
      </trkpt>
      <trkpt lat="49.005488" lon="12.339032">
        <ele>325.988881</ele>
        <time>2026-02-16T16:29:58.547Z</time>
      </trkpt>
      <trkpt lat="49.005304" lon="12.339132">
        <ele>326.009901</ele>
        <time>2026-02-16T16:30:01.726Z</time>
      </trkpt>
      <trkpt lat="49.004153" lon="12.339257">
        <ele>325.954777</ele>
        <time>2026-02-16T16:30:19.027Z</time>
      </trkpt>
      <trkpt lat="49.003939" lon="12.339339">
        <ele>325.906023</ele>
        <time>2026-02-16T16:30:22.021Z</time>
      </trkpt>
      <trkpt lat="49.003829" lon="12.339469">
        <ele>325.875270</ele>
        <time>2026-02-16T16:30:23.903Z</time>
      </trkpt>
      <trkpt lat="49.003416" lon="12.340196">
        <ele>325.735876</ele>
        <time>2026-02-16T16:30:32.300Z</time>
      </trkpt>
      <trkpt lat="49.002409" lon="12.341862">
        <ele>325.526500</ele>
        <time>2026-02-16T16:30:53.219Z</time>
      </trkpt>
      <trkpt lat="49.001576" lon="12.343111">
        <ele>325.506525</ele>
        <time>2026-02-16T16:31:11.112Z</time>
      </trkpt>
      <trkpt lat="49.001133" lon="12.343693">
        <ele>325.556900</ele>
        <time>2026-02-16T16:31:19.903Z</time>
      </trkpt>
      <trkpt lat="49.000334" lon="12.344626">
        <ele>325.792994</ele>
        <time>2026-02-16T16:31:35.015Z</time>
      </trkpt>
      <trkpt lat="48.999417" lon="12.345516">
        <ele>326.306939</ele>
        <time>2026-02-16T16:31:54.449Z</time>
      </trkpt>
      <trkpt lat="48.998607" lon="12.346158">
        <ele>326.449106</ele>
        <time>2026-02-16T16:32:09.208Z</time>
      </trkpt>
      <trkpt lat="48.998005" lon="12.346570">
        <ele>326.436162</ele>
        <time>2026-02-16T16:32:18.872Z</time>
      </trkpt>
      <trkpt lat="48.997819" lon="12.346733">
        <ele>326.431953</ele>
        <time>2026-02-16T16:32:21.749Z</time>
      </trkpt>
      <trkpt lat="48.997428" lon="12.347391">
        <ele>326.423754</ele>
        <time>2026-02-16T16:32:29.287Z</time>
      </trkpt>
      <trkpt lat="48.997170" lon="12.347663">
        <ele>326.421713</ele>
        <time>2026-02-16T16:32:33.777Z</time>
      </trkpt>
      <trkpt lat="48.996867" lon="12.347814">
        <ele>326.419639</ele>
        <time>2026-02-16T16:32:39.082Z</time>
      </trkpt>
      <trkpt lat="48.996234" lon="12.347980">
        <ele>326.415461</ele>
        <time>2026-02-16T16:32:49.422Z</time>
      </trkpt>
      <trkpt lat="48.995795" lon="12.348057">
        <ele>326.367329</ele>
        <time>2026-02-16T16:32:55.840Z</time>
      </trkpt>
      <trkpt lat="48.994950" lon="12.348223">
        <ele>326.126910</ele>
        <time>2026-02-16T16:33:07.487Z</time>
      </trkpt>
      <trkpt lat="48.993370" lon="12.348693">
        <ele>325.789958</ele>
        <time>2026-02-16T16:33:29.212Z</time>
      </trkpt>
      <trkpt lat="48.993325" lon="12.348705">
        <ele>325.783544</ele>
        <time>2026-02-16T16:33:29.866Z</time>
      </trkpt>
      <trkpt lat="48.993462" lon="12.350018">
        <ele>325.661078</ele>
        <time>2026-02-16T16:33:43.034Z</time>
      </trkpt>
      <trkpt lat="48.993511" lon="12.351039">
        <ele>325.759599</ele>
        <time>2026-02-16T16:33:57.448Z</time>
      </trkpt>
      <trkpt lat="48.993462" lon="12.351890">
        <ele>325.855677</ele>
        <time>2026-02-16T16:34:09.408Z</time>
      </trkpt>
      <trkpt lat="48.993462" lon="12.351915">
        <ele>325.858489</ele>
        <time>2026-02-16T16:34:09.747Z</time>
      </trkpt>
      <trkpt lat="48.993487" lon="12.352598">
        <ele>325.935424</ele>
        <time>2026-02-16T16:34:18.926Z</time>
      </trkpt>
      <trkpt lat="48.993623" lon="12.353246">
        <ele>325.920100</ele>
        <time>2026-02-16T16:34:27.777Z</time>
      </trkpt>
      <trkpt lat="48.993881" lon="12.354198">
        <ele>325.823347</ele>
        <time>2026-02-16T16:34:40.971Z</time>
      </trkpt>
      <trkpt lat="48.993909" lon="12.354327">
        <ele>325.810583</ele>
        <time>2026-02-16T16:34:42.738Z</time>
      </trkpt>
      <trkpt lat="48.993960" lon="12.354559">
        <ele>325.787600</ele>
        <time>2026-02-16T16:34:45.870Z</time>
      </trkpt>
      <trkpt lat="48.994255" lon="12.356386">
        <ele>325.643493</ele>
        <time>2026-02-16T16:35:03.392Z</time>
      </trkpt>
      <trkpt lat="48.994329" lon="12.357242">
        <ele>325.590684</ele>
        <time>2026-02-16T16:35:11.853Z</time>
      </trkpt>
      <trkpt lat="48.994318" lon="12.357833">
        <ele>325.554521</ele>
        <time>2026-02-16T16:35:17.507Z</time>
      </trkpt>
      <trkpt lat="48.994251" lon="12.358861">
        <ele>325.407340</ele>
        <time>2026-02-16T16:35:27.130Z</time>
      </trkpt>
      <trkpt lat="48.994298" lon="12.358892">
        <ele>325.393733</ele>
        <time>2026-02-16T16:35:27.860Z</time>
      </trkpt>
      <trkpt lat="48.994302" lon="12.359352">
        <ele>325.313532</ele>
        <time>2026-02-16T16:35:32.204Z</time>
      </trkpt>
      <trkpt lat="48.994345" lon="12.359746">
        <ele>325.243901</ele>
        <time>2026-02-16T16:35:35.901Z</time>
      </trkpt>
      <trkpt lat="48.994397" lon="12.359900">
        <ele>325.213707</ele>
        <time>2026-02-16T16:35:37.468Z</time>
      </trkpt>
      <trkpt lat="48.994495" lon="12.360039">
        <ele>325.178137</ele>
        <time>2026-02-16T16:35:39.305Z</time>
      </trkpt>
      <trkpt lat="48.994451" lon="12.360196">
        <ele>325.148374</ele>
        <time>2026-02-16T16:35:40.825Z</time>
      </trkpt>
      <trkpt lat="48.994430" lon="12.360337">
        <ele>325.123168</ele>
        <time>2026-02-16T16:35:42.093Z</time>
      </trkpt>
      <trkpt lat="48.994344" lon="12.360486">
        <ele>325.088572</ele>
        <time>2026-02-16T16:35:43.814Z</time>
      </trkpt>
      <trkpt lat="48.994357" lon="12.360749">
        <ele>325.045639</ele>
        <time>2026-02-16T16:35:46.093Z</time>
      </trkpt>
      <trkpt lat="48.994407" lon="12.360857">
        <ele>325.026918</ele>
        <time>2026-02-16T16:35:49.153Z</time>
      </trkpt>
      <trkpt lat="48.994336" lon="12.361078">
        <ele>324.992066</ele>
        <time>2026-02-16T16:35:51.272Z</time>
      </trkpt>
      <trkpt lat="48.994296" lon="12.361395">
        <ele>324.946346</ele>
        <time>2026-02-16T16:35:54.065Z</time>
      </trkpt>
      <trkpt lat="48.994274" lon="12.362857">
        <ele>324.739224</ele>
        <time>2026-02-16T16:36:07.548Z</time>
      </trkpt>
      <trkpt lat="48.994269" lon="12.364238">
        <ele>324.719736</ele>
        <time>2026-02-16T16:36:21.313Z</time>
      </trkpt>
      <trkpt lat="48.994306" lon="12.365201">
        <ele>324.772639</ele>
        <time>2026-02-16T16:36:31.447Z</time>
      </trkpt>
      <trkpt lat="48.994325" lon="12.365786">
        <ele>324.804761</ele>
        <time>2026-02-16T16:36:37.258Z</time>
      </trkpt>
      <trkpt lat="48.994598" lon="12.369375">
        <ele>324.426244</ele>
        <time>2026-02-16T16:37:10.635Z</time>
      </trkpt>
      <trkpt lat="48.994899" lon="12.372663">
        <ele>324.108373</ele>
        <time>2026-02-16T16:37:41.887Z</time>
      </trkpt>
      <trkpt lat="48.995103" lon="12.374986">
        <ele>323.984176</ele>
        <time>2026-02-16T16:38:03.760Z</time>
      </trkpt>
      <trkpt lat="48.995107" lon="12.376129">
        <ele>323.995714</ele>
        <time>2026-02-16T16:38:15.523Z</time>
      </trkpt>
      <trkpt lat="48.995060" lon="12.376889">
        <ele>324.003420</ele>
        <time>2026-02-16T16:38:23.466Z</time>
      </trkpt>
      <trkpt lat="48.994969" lon="12.377672">
        <ele>323.816392</ele>
        <time>2026-02-16T16:38:30.846Z</time>
      </trkpt>
      <trkpt lat="48.994995" lon="12.377686">
        <ele>323.805405</ele>
        <time>2026-02-16T16:38:31.226Z</time>
      </trkpt>
      <trkpt lat="48.995211" lon="12.377788">
        <ele>323.715310</ele>
        <time>2026-02-16T16:38:34.281Z</time>
      </trkpt>
      <trkpt lat="48.995357" lon="12.378047">
        <ele>323.626047</ele>
        <time>2026-02-16T16:38:37.228Z</time>
      </trkpt>
      <trkpt lat="48.995743" lon="12.378826">
        <ele>323.370860</ele>
        <time>2026-02-16T16:38:45.582Z</time>
      </trkpt>
      <trkpt lat="48.995771" lon="12.379227">
        <ele>323.268296</ele>
        <time>2026-02-16T16:38:48.992Z</time>
      </trkpt>
      <trkpt lat="48.995733" lon="12.379737">
        <ele>323.151418</ele>
        <time>2026-02-16T16:38:53.289Z</time>
      </trkpt>
      <trkpt lat="48.995644" lon="12.380078">
        <ele>323.067851</ele>
        <time>2026-02-16T16:38:56.461Z</time>
      </trkpt>
      <trkpt lat="48.995502" lon="12.380477">
        <ele>322.964490</ele>
        <time>2026-02-16T16:39:00.542Z</time>
      </trkpt>
      <trkpt lat="48.995502" lon="12.380477">
        <ele>322.964490</ele>
        <time>2026-02-16T16:39:00.545Z</time>
      </trkpt>
      <trkpt lat="48.995339" lon="12.381267">
        <ele>322.775914</ele>
        <time>2026-02-16T16:39:08.408Z</time>
      </trkpt>
      <trkpt lat="48.995253" lon="12.381941">
        <ele>322.677570</ele>
        <time>2026-02-16T16:39:14.697Z</time>
      </trkpt>
      <trkpt lat="48.995222" lon="12.382886">
        <ele>322.747562</ele>
        <time>2026-02-16T16:39:23.333Z</time>
      </trkpt>
      <trkpt lat="48.995203" lon="12.382972">
        <ele>322.754274</ele>
        <time>2026-02-16T16:39:24.232Z</time>
      </trkpt>
      <trkpt lat="48.995069" lon="12.383197">
        <ele>322.776752</ele>
        <time>2026-02-16T16:39:27.316Z</time>
      </trkpt>
      <trkpt lat="48.995013" lon="12.383375">
        <ele>322.791355</ele>
        <time>2026-02-16T16:39:29.366Z</time>
      </trkpt>
      <trkpt lat="48.994990" lon="12.383592">
        <ele>322.807615</ele>
        <time>2026-02-16T16:39:31.702Z</time>
      </trkpt>
      <trkpt lat="48.994936" lon="12.383789">
        <ele>322.823408</ele>
        <time>2026-02-16T16:39:34.000Z</time>
      </trkpt>
      <trkpt lat="48.993925" lon="12.386484">
        <ele>323.362840</ele>
        <time>2026-02-16T16:40:07.984Z</time>
      </trkpt>
      <trkpt lat="48.993777" lon="12.387036">
        <ele>323.278529</ele>
        <time>2026-02-16T16:40:13.331Z</time>
      </trkpt>
      <trkpt lat="48.993717" lon="12.387565">
        <ele>323.100762</ele>
        <time>2026-02-16T16:40:18.010Z</time>
      </trkpt>
      <trkpt lat="48.993712" lon="12.387856">
        <ele>323.004369</ele>
        <time>2026-02-16T16:40:20.408Z</time>
      </trkpt>
      <trkpt lat="48.993750" lon="12.388425">
        <ele>322.814981</ele>
        <time>2026-02-16T16:40:24.978Z</time>
      </trkpt>
      <trkpt lat="48.993830" lon="12.388838">
        <ele>322.672389</ele>
        <time>2026-02-16T16:40:28.403Z</time>
      </trkpt>
      <trkpt lat="48.994264" lon="12.390190">
        <ele>322.449141</ele>
        <time>2026-02-16T16:40:42.405Z</time>
      </trkpt>
      <trkpt lat="48.994386" lon="12.390916">
        <ele>322.412195</ele>
        <time>2026-02-16T16:40:49.553Z</time>
      </trkpt>
      <trkpt lat="48.994399" lon="12.391462">
        <ele>322.385260</ele>
        <time>2026-02-16T16:40:55.048Z</time>
      </trkpt>
      <trkpt lat="48.994344" lon="12.391991">
        <ele>322.362479</ele>
        <time>2026-02-16T16:41:00.654Z</time>
      </trkpt>
      <trkpt lat="48.994086" lon="12.393183">
        <ele>322.369106</ele>
        <time>2026-02-16T16:41:13.199Z</time>
      </trkpt>
      <trkpt lat="48.993915" lon="12.393995">
        <ele>322.373609</ele>
        <time>2026-02-16T16:41:21.271Z</time>
      </trkpt>
      <trkpt lat="48.993854" lon="12.394387">
        <ele>322.375736</ele>
        <time>2026-02-16T16:41:25.066Z</time>
      </trkpt>
      <trkpt lat="48.993765" lon="12.395527">
        <ele>322.270120</ele>
        <time>2026-02-16T16:41:35.872Z</time>
      </trkpt>
      <trkpt lat="48.993701" lon="12.396778">
        <ele>322.134340</ele>
        <time>2026-02-16T16:41:47.652Z</time>
      </trkpt>
      <trkpt lat="48.993532" lon="12.398201">
        <ele>321.956478</ele>
        <time>2026-02-16T16:42:00.834Z</time>
      </trkpt>
      <trkpt lat="48.993255" lon="12.399426">
        <ele>321.786920</ele>
        <time>2026-02-16T16:42:12.689Z</time>
      </trkpt>
      <trkpt lat="48.993130" lon="12.399868">
        <ele>321.723934</ele>
        <time>2026-02-16T16:42:17.226Z</time>
      </trkpt>
      <trkpt lat="48.992739" lon="12.400929">
        <ele>321.708109</ele>
        <time>2026-02-16T16:42:29.071Z</time>
      </trkpt>
      <trkpt lat="48.992538" lon="12.401338">
        <ele>321.702496</ele>
        <time>2026-02-16T16:42:34.162Z</time>
      </trkpt>
      <trkpt lat="48.992267" lon="12.401796">
        <ele>321.695721</ele>
        <time>2026-02-16T16:42:40.282Z</time>
      </trkpt>
      <trkpt lat="48.991686" lon="12.402572">
        <ele>321.594963</ele>
        <time>2026-02-16T16:42:51.602Z</time>
      </trkpt>
      <trkpt lat="48.991341" lon="12.403130">
        <ele>321.497978</ele>
        <time>2026-02-16T16:42:58.660Z</time>
      </trkpt>
      <trkpt lat="48.991074" lon="12.403783">
        <ele>321.400647</ele>
        <time>2026-02-16T16:43:05.688Z</time>
      </trkpt>
      <trkpt lat="48.991006" lon="12.404006">
        <ele>321.369540</ele>
        <time>2026-02-16T16:43:07.897Z</time>
      </trkpt>
      <trkpt lat="48.990799" lon="12.404828">
        <ele>321.345419</ele>
        <time>2026-02-16T16:43:15.706Z</time>
      </trkpt>
      <trkpt lat="48.990704" lon="12.405461">
        <ele>321.346401</ele>
        <time>2026-02-16T16:43:21.679Z</time>
      </trkpt>
      <trkpt lat="48.990685" lon="12.405774">
        <ele>321.346877</ele>
        <time>2026-02-16T16:43:24.869Z</time>
      </trkpt>
      <trkpt lat="48.990687" lon="12.406612">
        <ele>321.348146</ele>
        <time>2026-02-16T16:43:33.626Z</time>
      </trkpt>
      <trkpt lat="48.990803" lon="12.407565">
        <ele>321.480931</ele>
        <time>2026-02-16T16:43:43.994Z</time>
      </trkpt>
      <trkpt lat="48.991243" lon="12.409468">
        <ele>321.856388</ele>
        <time>2026-02-16T16:44:05.449Z</time>
      </trkpt>
      <trkpt lat="48.991464" lon="12.410530">
        <ele>321.821398</ele>
        <time>2026-02-16T16:44:16.314Z</time>
      </trkpt>
      <trkpt lat="48.991499" lon="12.410801">
        <ele>321.812074</ele>
        <time>2026-02-16T16:44:18.975Z</time>
      </trkpt>
      <trkpt lat="48.991503" lon="12.411050">
        <ele>321.803665</ele>
        <time>2026-02-16T16:44:21.349Z</time>
      </trkpt>
      <trkpt lat="48.991462" lon="12.411344">
        <ele>321.793519</ele>
        <time>2026-02-16T16:44:24.201Z</time>
      </trkpt>
      <trkpt lat="48.991398" lon="12.411608">
        <ele>321.784018</ele>
        <time>2026-02-16T16:44:26.838Z</time>
      </trkpt>
      <trkpt lat="48.991291" lon="12.411916">
        <ele>321.772253</ele>
        <time>2026-02-16T16:44:30.067Z</time>
      </trkpt>
      <trkpt lat="48.991171" lon="12.412160">
        <ele>321.738350</ele>
        <time>2026-02-16T16:44:32.854Z</time>
      </trkpt>
      <trkpt lat="48.989763" lon="12.414547">
        <ele>321.055769</ele>
        <time>2026-02-16T16:45:01.458Z</time>
      </trkpt>
      <trkpt lat="48.989634" lon="12.414813">
        <ele>321.007338</ele>
        <time>2026-02-16T16:45:04.364Z</time>
      </trkpt>
      <trkpt lat="48.989444" lon="12.415476">
        <ele>320.901404</ele>
        <time>2026-02-16T16:45:10.808Z</time>
      </trkpt>
      <trkpt lat="48.989429" lon="12.416023">
        <ele>320.821240</ele>
        <time>2026-02-16T16:45:15.921Z</time>
      </trkpt>
      <trkpt lat="48.989455" lon="12.416360">
        <ele>320.771555</ele>
        <time>2026-02-16T16:45:19.229Z</time>
      </trkpt>
      <trkpt lat="48.989508" lon="12.416619">
        <ele>320.750973</ele>
        <time>2026-02-16T16:45:21.935Z</time>
      </trkpt>
      <trkpt lat="48.989623" lon="12.416959">
        <ele>320.813624</ele>
        <time>2026-02-16T16:45:25.813Z</time>
      </trkpt>
      <trkpt lat="48.990100" lon="12.417996">
        <ele>321.021046</ele>
        <time>2026-02-16T16:45:39.057Z</time>
      </trkpt>
      <trkpt lat="48.990578" lon="12.419041">
        <ele>321.209037</ele>
        <time>2026-02-16T16:45:52.678Z</time>
      </trkpt>
      <trkpt lat="48.990680" lon="12.419446">
        <ele>321.243295</ele>
        <time>2026-02-16T16:45:57.080Z</time>
      </trkpt>
      <trkpt lat="48.990703" lon="12.419655">
        <ele>321.260030</ele>
        <time>2026-02-16T16:45:59.186Z</time>
      </trkpt>
      <trkpt lat="48.990712" lon="12.419905">
        <ele>321.279803</ele>
        <time>2026-02-16T16:46:01.681Z</time>
      </trkpt>
      <trkpt lat="48.990677" lon="12.420460">
        <ele>321.323833</ele>
        <time>2026-02-16T16:46:07.257Z</time>
      </trkpt>
      <trkpt lat="48.990539" lon="12.422216">
        <ele>321.494795</ele>
        <time>2026-02-16T16:46:24.750Z</time>
      </trkpt>
      <trkpt lat="48.990491" lon="12.422992">
        <ele>321.590017</ele>
        <time>2026-02-16T16:46:32.377Z</time>
      </trkpt>
      <trkpt lat="48.990499" lon="12.423810">
        <ele>321.689961</ele>
        <time>2026-02-16T16:46:40.859Z</time>
      </trkpt>
      <trkpt lat="48.990501" lon="12.424098">
        <ele>321.725147</ele>
        <time>2026-02-16T16:46:43.890Z</time>
      </trkpt>
      <trkpt lat="48.990440" lon="12.424941">
        <ele>322.079724</ele>
        <time>2026-02-16T16:46:53.137Z</time>
      </trkpt>
      <trkpt lat="48.990412" lon="12.425272">
        <ele>322.237286</ele>
        <time>2026-02-16T16:46:57.095Z</time>
      </trkpt>
      <trkpt lat="48.990427" lon="12.425369">
        <ele>322.284336</ele>
        <time>2026-02-16T16:46:58.311Z</time>
      </trkpt>
      <trkpt lat="48.990485" lon="12.425421">
        <ele>322.332751</ele>
        <time>2026-02-16T16:46:59.586Z</time>
      </trkpt>
      <trkpt lat="48.990855" lon="12.425455">
        <ele>322.599443</ele>
        <time>2026-02-16T16:47:06.595Z</time>
      </trkpt>
      <trkpt lat="48.991558" lon="12.425542">
        <ele>323.084946</ele>
        <time>2026-02-16T16:47:19.651Z</time>
      </trkpt>
      <trkpt lat="48.990643" lon="12.430655">
        <ele>324.749276</ele>
        <time>2026-02-16T16:48:17.044Z</time>
      </trkpt>
      <trkpt lat="48.990325" lon="12.431991">
        <ele>325.015944</ele>
        <time>2026-02-16T16:48:33.218Z</time>
      </trkpt>
      <trkpt lat="48.990287" lon="12.432183">
        <ele>325.053072</ele>
        <time>2026-02-16T16:48:35.408Z</time>
      </trkpt>
      <trkpt lat="48.990251" lon="12.432827">
        <ele>325.172731</ele>
        <time>2026-02-16T16:48:41.839Z</time>
      </trkpt>
      <trkpt lat="48.990069" lon="12.433572">
        <ele>325.485562</ele>
        <time>2026-02-16T16:48:48.847Z</time>
      </trkpt>
      <trkpt lat="48.989831" lon="12.434865">
        <ele>326.497865</ele>
        <time>2026-02-16T16:49:02.753Z</time>
      </trkpt>
      <trkpt lat="48.989549" lon="12.436406">
        <ele>328.471927</ele>
        <time>2026-02-16T16:49:28.317Z</time>
      </trkpt>
      <trkpt lat="48.989357" lon="12.437868">
        <ele>331.918953</ele>
        <time>2026-02-16T16:50:00.122Z</time>
      </trkpt>
      <trkpt lat="48.989134" lon="12.438936">
        <ele>334.127347</ele>
        <time>2026-02-16T16:50:21.394Z</time>
      </trkpt>
      <trkpt lat="48.988260" lon="12.442700">
        <ele>338.328401</ele>
        <time>2026-02-16T16:51:15.810Z</time>
      </trkpt>
      <trkpt lat="48.987896" lon="12.444353">
        <ele>339.209042</ele>
        <time>2026-02-16T16:51:36.119Z</time>
      </trkpt>
      <trkpt lat="48.987445" lon="12.446091">
        <ele>339.330484</ele>
        <time>2026-02-16T16:51:54.781Z</time>
      </trkpt>
      <trkpt lat="48.986866" lon="12.447884">
        <ele>338.419652</ele>
        <time>2026-02-16T16:52:11.282Z</time>
      </trkpt>
      <trkpt lat="48.986745" lon="12.448146">
        <ele>338.249343</ele>
        <time>2026-02-16T16:52:13.838Z</time>
      </trkpt>
      <trkpt lat="48.986669" lon="12.448223">
        <ele>338.175414</ele>
        <time>2026-02-16T16:52:14.916Z</time>
      </trkpt>
      <trkpt lat="48.986634" lon="12.448154">
        <ele>338.129054</ele>
        <time>2026-02-16T16:52:15.633Z</time>
      </trkpt>
      <trkpt lat="48.986597" lon="12.448182">
        <ele>338.095589</ele>
        <time>2026-02-16T16:52:16.127Z</time>
      </trkpt>
      <trkpt lat="48.986498" lon="12.448138">
        <ele>338.012052</ele>
        <time>2026-02-16T16:52:17.392Z</time>
      </trkpt>
      <trkpt lat="48.986097" lon="12.447576">
        <ele>337.585662</ele>
        <time>2026-02-16T16:52:24.075Z</time>
      </trkpt>
      <trkpt lat="48.986028" lon="12.447534">
        <ele>337.528290</ele>
        <time>2026-02-16T16:52:25.018Z</time>
      </trkpt>
      <trkpt lat="48.985917" lon="12.447529">
        <ele>337.442544</ele>
        <time>2026-02-16T16:52:26.386Z</time>
      </trkpt>
      <trkpt lat="48.985484" lon="12.447606">
        <ele>337.105933</ele>
        <time>2026-02-16T16:52:32.000Z</time>
      </trkpt>
      <trkpt lat="48.982704" lon="12.448372">
        <ele>335.178063</ele>
        <time>2026-02-16T16:53:08.398Z</time>
      </trkpt>
      <trkpt lat="48.982809" lon="12.449269">
        <ele>334.849596</ele>
        <time>2026-02-16T16:53:15.745Z</time>
      </trkpt>
      <trkpt lat="48.982903" lon="12.450631">
        <ele>334.355896</ele>
        <time>2026-02-16T16:53:27.650Z</time>
      </trkpt>
      <trkpt lat="48.982915" lon="12.450811">
        <ele>334.325564</ele>
        <time>2026-02-16T16:53:29.395Z</time>
      </trkpt>
      <trkpt lat="48.983081" lon="12.453268">
        <ele>334.376812</ele>
        <time>2026-02-16T16:53:54.833Z</time>
      </trkpt>
      <trkpt lat="48.983093" lon="12.453422">
        <ele>334.380030</ele>
        <time>2026-02-16T16:53:56.273Z</time>
      </trkpt>
      <trkpt lat="48.982498" lon="12.453543">
        <ele>334.076831</ele>
        <time>2026-02-16T16:54:04.475Z</time>
      </trkpt>
      <trkpt lat="48.982508" lon="12.453642">
        <ele>334.042673</ele>
        <time>2026-02-16T16:54:05.343Z</time>
      </trkpt>
      <trkpt lat="48.982509" lon="12.453697">
        <ele>334.023910</ele>
        <time>2026-02-16T16:54:05.808Z</time>
      </trkpt>
      <trkpt lat="48.982488" lon="12.453803">
        <ele>333.986152</ele>
        <time>2026-02-16T16:54:06.751Z</time>
      </trkpt>
      <trkpt lat="48.981470" lon="12.456546">
        <ele>332.856661</ele>
        <time>2026-02-16T16:54:33.096Z</time>
      </trkpt>
      <trkpt lat="48.980012" lon="12.460470">
        <ele>331.836248</ele>
        <time>2026-02-16T16:55:13.383Z</time>
      </trkpt>
      <trkpt lat="48.979968" lon="12.460585">
        <ele>331.848239</ele>
        <time>2026-02-16T16:55:14.654Z</time>
      </trkpt>
      <trkpt lat="48.977883" lon="12.466053">
        <ele>331.941864</ele>
        <time>2026-02-16T16:56:19.686Z</time>
      </trkpt>
      <trkpt lat="48.976844" lon="12.468678">
        <ele>330.678848</ele>
        <time>2026-02-16T16:56:44.233Z</time>
      </trkpt>
      <trkpt lat="48.976115" lon="12.470529">
        <ele>329.947558</ele>
        <time>2026-02-16T16:57:03.442Z</time>
      </trkpt>
      <trkpt lat="48.975323" lon="12.473039">
        <ele>329.661540</ele>
        <time>2026-02-16T16:57:28.978Z</time>
      </trkpt>
      <trkpt lat="48.975245" lon="12.473285">
        <ele>329.665059</ele>
        <time>2026-02-16T16:57:31.668Z</time>
      </trkpt>
      <trkpt lat="48.974121" lon="12.476912">
        <ele>330.234511</ele>
        <time>2026-02-16T16:58:14.344Z</time>
      </trkpt>
      <trkpt lat="48.972578" lon="12.481984">
        <ele>329.497468</ele>
        <time>2026-02-16T16:59:05.677Z</time>
      </trkpt>
      <trkpt lat="48.971878" lon="12.484733">
        <ele>329.045644</ele>
        <time>2026-02-16T16:59:32.688Z</time>
      </trkpt>
      <trkpt lat="48.970411" lon="12.490483">
        <ele>328.466518</ele>
        <time>2026-02-16T17:00:30.800Z</time>
      </trkpt>
      <trkpt lat="48.970380" lon="12.490589">
        <ele>328.453752</ele>
        <time>2026-02-16T17:00:31.836Z</time>
      </trkpt>
      <trkpt lat="48.968821" lon="12.494090">
        <ele>327.847387</ele>
        <time>2026-02-16T17:01:10.876Z</time>
      </trkpt>
      <trkpt lat="48.968667" lon="12.494721">
        <ele>327.581518</ele>
        <time>2026-02-16T17:01:16.927Z</time>
      </trkpt>
      <trkpt lat="48.968576" lon="12.495223">
        <ele>327.375841</ele>
        <time>2026-02-16T17:01:21.450Z</time>
      </trkpt>
      <trkpt lat="48.968017" lon="12.498041">
        <ele>326.698179</ele>
        <time>2026-02-16T17:01:45.754Z</time>
      </trkpt>
      <trkpt lat="48.968010" lon="12.498121">
        <ele>326.693579</ele>
        <time>2026-02-16T17:01:46.528Z</time>
      </trkpt>
      <trkpt lat="48.968002" lon="12.498236">
        <ele>326.686989</ele>
        <time>2026-02-16T17:01:47.634Z</time>
      </trkpt>
      <trkpt lat="48.968000" lon="12.498287">
        <ele>326.684077</ele>
        <time>2026-02-16T17:01:48.122Z</time>
      </trkpt>
      <trkpt lat="48.967852" lon="12.500691">
        <ele>327.185768</ele>
        <time>2026-02-16T17:02:17.154Z</time>
      </trkpt>
      <trkpt lat="48.967794" lon="12.501641">
        <ele>327.580812</ele>
        <time>2026-02-16T17:02:28.363Z</time>
      </trkpt>
      <trkpt lat="48.966323" lon="12.501300">
        <ele>327.677960</ele>
        <time>2026-02-16T17:02:50.705Z</time>
      </trkpt>
      <trkpt lat="48.965617" lon="12.501213">
        <ele>327.528710</ele>
        <time>2026-02-16T17:03:00.460Z</time>
      </trkpt>
      <trkpt lat="48.965460" lon="12.501238">
        <ele>327.379576</ele>
        <time>2026-02-16T17:03:02.591Z</time>
      </trkpt>
      <trkpt lat="48.964444" lon="12.501573">
        <ele>326.397481</ele>
        <time>2026-02-16T17:03:15.511Z</time>
      </trkpt>
      <trkpt lat="48.964283" lon="12.501618">
        <ele>326.242837</ele>
        <time>2026-02-16T17:03:18.246Z</time>
      </trkpt>
      <trkpt lat="48.963879" lon="12.501713">
        <ele>325.816814</ele>
        <time>2026-02-16T17:03:24.929Z</time>
      </trkpt>
      <trkpt lat="48.963435" lon="12.501826">
        <ele>325.186670</ele>
        <time>2026-02-16T17:03:30.035Z</time>
      </trkpt>
      <trkpt lat="48.962422" lon="12.501956">
        <ele>323.763613</ele>
        <time>2026-02-16T17:03:41.662Z</time>
      </trkpt>
      <trkpt lat="48.961823" lon="12.501509">
        <ele>323.138499</ele>
        <time>2026-02-16T17:03:50.020Z</time>
      </trkpt>
      <trkpt lat="48.961769" lon="12.501413">
        <ele>323.082921</ele>
        <time>2026-02-16T17:03:51.117Z</time>
      </trkpt>
      <trkpt lat="48.961699" lon="12.501299">
        <ele>323.014299</ele>
        <time>2026-02-16T17:03:52.461Z</time>
      </trkpt>
      <trkpt lat="48.961589" lon="12.501193">
        <ele>322.927136</ele>
        <time>2026-02-16T17:03:54.152Z</time>
      </trkpt>
      <trkpt lat="48.961311" lon="12.502157">
        <ele>322.464236</ele>
        <time>2026-02-16T17:04:03.227Z</time>
      </trkpt>
      <trkpt lat="48.961196" lon="12.502552">
        <ele>322.274267</ele>
        <time>2026-02-16T17:04:07.004Z</time>
      </trkpt>
      <trkpt lat="48.961102" lon="12.502855">
        <ele>322.141621</ele>
        <time>2026-02-16T17:04:09.946Z</time>
      </trkpt>
      <trkpt lat="48.961058" lon="12.503001">
        <ele>322.082499</ele>
        <time>2026-02-16T17:04:11.354Z</time>
      </trkpt>
      <trkpt lat="48.960905" lon="12.503510">
        <ele>321.876475</ele>
        <time>2026-02-16T17:04:16.082Z</time>
      </trkpt>
      <trkpt lat="48.960867" lon="12.503591">
        <ele>321.839837</ele>
        <time>2026-02-16T17:04:16.899Z</time>
      </trkpt>
      <trkpt lat="48.960655" lon="12.503879">
        <ele>321.680603</ele>
        <time>2026-02-16T17:04:20.412Z</time>
      </trkpt>
      <trkpt lat="48.960313" lon="12.504145">
        <ele>321.465352</ele>
        <time>2026-02-16T17:04:25.334Z</time>
      </trkpt>
      <trkpt lat="48.960111" lon="12.504300">
        <ele>321.338566</ele>
        <time>2026-02-16T17:04:28.391Z</time>
      </trkpt>
      <trkpt lat="48.960018" lon="12.504386">
        <ele>321.277581</ele>
        <time>2026-02-16T17:04:29.933Z</time>
      </trkpt>
      <trkpt lat="48.959677" lon="12.504673">
        <ele>321.154010</ele>
        <time>2026-02-16T17:04:35.443Z</time>
      </trkpt>
      <trkpt lat="48.959623" lon="12.504792">
        <ele>321.134487</ele>
        <time>2026-02-16T17:04:36.791Z</time>
      </trkpt>
      <trkpt lat="48.959463" lon="12.504788">
        <ele>321.101594</ele>
        <time>2026-02-16T17:04:39.026Z</time>
      </trkpt>
      <trkpt lat="48.959371" lon="12.504834">
        <ele>321.081690</ele>
        <time>2026-02-16T17:04:40.365Z</time>
      </trkpt>
      <trkpt lat="48.959130" lon="12.505041">
        <ele>321.024816</ele>
        <time>2026-02-16T17:04:44.208Z</time>
      </trkpt>
      <trkpt lat="48.959105" lon="12.505059">
        <ele>321.019132</ele>
        <time>2026-02-16T17:04:44.617Z</time>
      </trkpt>
      <trkpt lat="48.959037" lon="12.505086">
        <ele>321.004687</ele>
        <time>2026-02-16T17:04:45.618Z</time>
      </trkpt>
      <trkpt lat="48.958972" lon="12.505111">
        <ele>320.990907</ele>
        <time>2026-02-16T17:04:46.583Z</time>
      </trkpt>
      <trkpt lat="48.958919" lon="12.505542">
        <ele>320.931725</ele>
        <time>2026-02-16T17:04:50.819Z</time>
      </trkpt>
      <trkpt lat="48.958862" lon="12.505730">
        <ele>320.903776</ele>
        <time>2026-02-16T17:04:52.847Z</time>
      </trkpt>
      <trkpt lat="48.958653" lon="12.506186">
        <ele>320.833105</ele>
        <time>2026-02-16T17:04:58.111Z</time>
      </trkpt>
      <trkpt lat="48.958394" lon="12.506793">
        <ele>320.776295</ele>
        <time>2026-02-16T17:05:04.618Z</time>
      </trkpt>
      <trkpt lat="48.958377" lon="12.506841">
        <ele>320.772015</ele>
        <time>2026-02-16T17:05:05.112Z</time>
      </trkpt>
      <trkpt lat="48.958089" lon="12.507700">
        <ele>320.696324</ele>
        <time>2026-02-16T17:05:14.214Z</time>
      </trkpt>
      <trkpt lat="48.957991" lon="12.508207">
        <ele>320.654849</ele>
        <time>2026-02-16T17:05:19.351Z</time>
      </trkpt>
      <trkpt lat="48.957939" lon="12.508668">
        <ele>320.610794</ele>
        <time>2026-02-16T17:05:23.750Z</time>
      </trkpt>
      <trkpt lat="48.957927" lon="12.509240">
        <ele>320.511650</ele>
        <time>2026-02-16T17:05:29.134Z</time>
      </trkpt>
      <trkpt lat="48.957946" lon="12.509579">
        <ele>320.452708</ele>
        <time>2026-02-16T17:05:32.357Z</time>
      </trkpt>
      <trkpt lat="48.957904" lon="12.510030">
        <ele>320.373795</ele>
        <time>2026-02-16T17:05:36.621Z</time>
      </trkpt>
      <trkpt lat="48.957762" lon="12.510405">
        <ele>320.298801</ele>
        <time>2026-02-16T17:05:40.579Z</time>
      </trkpt>
      <trkpt lat="48.957693" lon="12.510521">
        <ele>320.271686</ele>
        <time>2026-02-16T17:05:41.986Z</time>
      </trkpt>
      <trkpt lat="48.957383" lon="12.510862">
        <ele>320.170793</ele>
        <time>2026-02-16T17:05:47.079Z</time>
      </trkpt>
      <trkpt lat="48.957209" lon="12.510977">
        <ele>320.122181</ele>
        <time>2026-02-16T17:05:49.563Z</time>
      </trkpt>
      <trkpt lat="48.956997" lon="12.511067">
        <ele>320.066991</ele>
        <time>2026-02-16T17:05:52.473Z</time>
      </trkpt>
      <trkpt lat="48.956381" lon="12.511112">
        <ele>319.912340</ele>
        <time>2026-02-16T17:06:00.783Z</time>
      </trkpt>
      <trkpt lat="48.955598" lon="12.511228">
        <ele>319.715061</ele>
        <time>2026-02-16T17:06:12.291Z</time>
      </trkpt>
      <trkpt lat="48.954862" lon="12.511442">
        <ele>319.627473</ele>
        <time>2026-02-16T17:06:23.571Z</time>
      </trkpt>
      <trkpt lat="48.954111" lon="12.511724">
        <ele>319.546980</ele>
        <time>2026-02-16T17:06:34.705Z</time>
      </trkpt>
      <trkpt lat="48.953798" lon="12.511899">
        <ele>319.512282</ele>
        <time>2026-02-16T17:06:39.275Z</time>
      </trkpt>
      <trkpt lat="48.953465" lon="12.512161">
        <ele>319.543844</ele>
        <time>2026-02-16T17:06:44.403Z</time>
      </trkpt>
      <trkpt lat="48.952861" lon="12.512891">
        <ele>319.611921</ele>
        <time>2026-02-16T17:06:55.673Z</time>
      </trkpt>
      <trkpt lat="48.952242" lon="12.513458">
        <ele>319.675711</ele>
        <time>2026-02-16T17:07:07.635Z</time>
      </trkpt>
      <trkpt lat="48.951880" lon="12.513754">
        <ele>319.712103</ele>
        <time>2026-02-16T17:07:14.438Z</time>
      </trkpt>
      <trkpt lat="48.951689" lon="12.513949">
        <ele>319.732471</ele>
        <time>2026-02-16T17:07:18.036Z</time>
      </trkpt>
      <trkpt lat="48.951400" lon="12.514393">
        <ele>319.768832</ele>
        <time>2026-02-16T17:07:24.211Z</time>
      </trkpt>
      <trkpt lat="48.951159" lon="12.514868">
        <ele>319.803745</ele>
        <time>2026-02-16T17:07:29.983Z</time>
      </trkpt>
      <trkpt lat="48.951143" lon="12.514902">
        <ele>319.806178</ele>
        <time>2026-02-16T17:07:30.374Z</time>
      </trkpt>
      <trkpt lat="48.951070" lon="12.515047">
        <ele>319.816805</ele>
        <time>2026-02-16T17:07:32.054Z</time>
      </trkpt>
      <trkpt lat="48.951027" lon="12.515142">
        <ele>319.823516</ele>
        <time>2026-02-16T17:07:33.108Z</time>
      </trkpt>
      <trkpt lat="48.950803" lon="12.515551">
        <ele>319.763188</ele>
        <time>2026-02-16T17:07:38.033Z</time>
      </trkpt>
      <trkpt lat="48.950684" lon="12.515728">
        <ele>319.723982</ele>
        <time>2026-02-16T17:07:40.399Z</time>
      </trkpt>
      <trkpt lat="48.950555" lon="12.515856">
        <ele>319.687693</ele>
        <time>2026-02-16T17:07:42.588Z</time>
      </trkpt>
      <trkpt lat="48.949336" lon="12.516651">
        <ele>319.386971</ele>
        <time>2026-02-16T17:08:01.136Z</time>
      </trkpt>
      <trkpt lat="48.949162" lon="12.516797">
        <ele>319.358309</ele>
        <time>2026-02-16T17:08:03.838Z</time>
      </trkpt>
      <trkpt lat="48.948898" lon="12.517110">
        <ele>319.310039</ele>
        <time>2026-02-16T17:08:08.422Z</time>
      </trkpt>
      <trkpt lat="48.948809" lon="12.517261">
        <ele>319.290816</ele>
        <time>2026-02-16T17:08:10.271Z</time>
      </trkpt>
      <trkpt lat="48.948686" lon="12.517601">
        <ele>319.254038</ele>
        <time>2026-02-16T17:08:13.806Z</time>
      </trkpt>
      <trkpt lat="48.948423" lon="12.518486">
        <ele>319.162004</ele>
        <time>2026-02-16T17:08:22.900Z</time>
      </trkpt>
      <trkpt lat="48.947968" lon="12.519777">
        <ele>319.295641</ele>
        <time>2026-02-16T17:08:38.611Z</time>
      </trkpt>
      <trkpt lat="48.947176" lon="12.521668">
        <ele>319.497556</ele>
        <time>2026-02-16T17:09:00.908Z</time>
      </trkpt>
      <trkpt lat="48.947169" lon="12.521683">
        <ele>319.498381</ele>
        <time>2026-02-16T17:09:01.084Z</time>
      </trkpt>
      <trkpt lat="48.946917" lon="12.522168">
        <ele>319.526092</ele>
        <time>2026-02-16T17:09:07.023Z</time>
      </trkpt>
      <trkpt lat="48.946113" lon="12.523505">
        <ele>319.620900</ele>
        <time>2026-02-16T17:09:25.127Z</time>
      </trkpt>
      <trkpt lat="48.945810" lon="12.523960">
        <ele>319.667094</ele>
        <time>2026-02-16T17:09:31.848Z</time>
      </trkpt>
      <trkpt lat="48.945051" lon="12.524927">
        <ele>319.774517</ele>
        <time>2026-02-16T17:09:46.782Z</time>
      </trkpt>
      <trkpt lat="48.944746" lon="12.525243">
        <ele>319.768906</ele>
        <time>2026-02-16T17:09:52.360Z</time>
      </trkpt>
      <trkpt lat="48.944326" lon="12.525613">
        <ele>319.752843</ele>
        <time>2026-02-16T17:09:59.571Z</time>
      </trkpt>
      <trkpt lat="48.944191" lon="12.525720">
        <ele>319.747804</ele>
        <time>2026-02-16T17:10:01.784Z</time>
      </trkpt>
      <trkpt lat="48.943924" lon="12.525890">
        <ele>319.738224</ele>
        <time>2026-02-16T17:10:05.973Z</time>
      </trkpt>
      <trkpt lat="48.943511" lon="12.526091">
        <ele>319.723870</ele>
        <time>2026-02-16T17:10:12.291Z</time>
      </trkpt>
      <trkpt lat="48.942868" lon="12.526309">
        <ele>319.602609</ele>
        <time>2026-02-16T17:10:21.929Z</time>
      </trkpt>
      <trkpt lat="48.942563" lon="12.526375">
        <ele>319.535971</ele>
        <time>2026-02-16T17:10:26.200Z</time>
      </trkpt>
      <trkpt lat="48.941954" lon="12.526400">
        <ele>319.404188</ele>
        <time>2026-02-16T17:10:34.611Z</time>
      </trkpt>
      <trkpt lat="48.941086" lon="12.526300">
        <ele>319.216540</ele>
        <time>2026-02-16T17:10:46.742Z</time>
      </trkpt>
      <trkpt lat="48.940650" lon="12.526193">
        <ele>319.121549</ele>
        <time>2026-02-16T17:10:52.917Z</time>
      </trkpt>
      <trkpt lat="48.940420" lon="12.526082">
        <ele>319.069651</ele>
        <time>2026-02-16T17:10:56.334Z</time>
      </trkpt>
      <trkpt lat="48.940325" lon="12.526036">
        <ele>319.048209</ele>
        <time>2026-02-16T17:10:57.749Z</time>
      </trkpt>
      <trkpt lat="48.940311" lon="12.526205">
        <ele>319.024143</ele>
        <time>2026-02-16T17:10:59.315Z</time>
      </trkpt>
      <trkpt lat="48.940672" lon="12.531538">
        <ele>318.401490</ele>
        <time>2026-02-16T17:11:49.405Z</time>
      </trkpt>
      <trkpt lat="48.940684" lon="12.531676">
        <ele>318.386012</ele>
        <time>2026-02-16T17:11:50.662Z</time>
      </trkpt>
      <trkpt lat="48.940700" lon="12.531883">
        <ele>318.362836</ele>
        <time>2026-02-16T17:11:52.558Z</time>
      </trkpt>
      <trkpt lat="48.940711" lon="12.532045">
        <ele>318.344728</ele>
        <time>2026-02-16T17:11:54.061Z</time>
      </trkpt>
      <trkpt lat="48.940714" lon="12.532083">
        <ele>318.340472</ele>
        <time>2026-02-16T17:11:54.413Z</time>
      </trkpt>
      <trkpt lat="48.940756" lon="12.532617">
        <ele>318.282052</ele>
        <time>2026-02-16T17:11:59.370Z</time>
      </trkpt>
      <trkpt lat="48.940900" lon="12.533972">
        <ele>318.134109</ele>
        <time>2026-02-16T17:12:12.150Z</time>
      </trkpt>
      <trkpt lat="48.940936" lon="12.534307">
        <ele>318.097522</ele>
        <time>2026-02-16T17:12:15.394Z</time>
      </trkpt>
      <trkpt lat="48.941052" lon="12.535363">
        <ele>317.976670</ele>
        <time>2026-02-16T17:12:25.641Z</time>
      </trkpt>
      <trkpt lat="48.941376" lon="12.538301">
        <ele>317.665215</ele>
        <time>2026-02-16T17:12:53.156Z</time>
      </trkpt>
      <trkpt lat="48.938499" lon="12.539770">
        <ele>317.508759</ele>
        <time>2026-02-16T17:13:37.737Z</time>
      </trkpt>
      <trkpt lat="48.937367" lon="12.540366">
        <ele>317.477682</ele>
        <time>2026-02-16T17:13:55.438Z</time>
      </trkpt>
      <trkpt lat="48.933944" lon="12.541782">
        <ele>317.264313</ele>
        <time>2026-02-16T17:14:47.180Z</time>
      </trkpt>
      <trkpt lat="48.934262" lon="12.543885">
        <ele>317.481496</ele>
        <time>2026-02-16T17:15:07.516Z</time>
      </trkpt>
      <trkpt lat="48.934266" lon="12.544111">
        <ele>317.546214</ele>
        <time>2026-02-16T17:15:09.847Z</time>
      </trkpt>
      <trkpt lat="48.934253" lon="12.544187">
        <ele>317.568695</ele>
        <time>2026-02-16T17:15:10.642Z</time>
      </trkpt>
      <trkpt lat="48.934236" lon="12.544287">
        <ele>317.598263</ele>
        <time>2026-02-16T17:15:11.734Z</time>
      </trkpt>
      <trkpt lat="48.934136" lon="12.544948">
        <ele>317.792431</ele>
        <time>2026-02-16T17:15:18.981Z</time>
      </trkpt>
      <trkpt lat="48.934123" lon="12.545027">
        <ele>317.815744</ele>
        <time>2026-02-16T17:15:19.922Z</time>
      </trkpt>
      <trkpt lat="48.934114" lon="12.545099">
        <ele>317.836725</ele>
        <time>2026-02-16T17:15:20.755Z</time>
      </trkpt>
      <trkpt lat="48.933935" lon="12.546262">
        <ele>318.600428</ele>
        <time>2026-02-16T17:15:37.012Z</time>
      </trkpt>
      <trkpt lat="48.933899" lon="12.546435">
        <ele>318.762126</ele>
        <time>2026-02-16T17:15:39.632Z</time>
      </trkpt>
      <trkpt lat="48.933827" lon="12.546695">
        <ele>319.013538</ele>
        <time>2026-02-16T17:15:43.829Z</time>
      </trkpt>
      <trkpt lat="48.933806" lon="12.546779">
        <ele>319.093622</ele>
        <time>2026-02-16T17:15:45.152Z</time>
      </trkpt>
      <trkpt lat="48.933727" lon="12.547162">
        <ele>319.451316</ele>
        <time>2026-02-16T17:15:50.945Z</time>
      </trkpt>
      <trkpt lat="48.933683" lon="12.548401">
        <ele>320.437651</ele>
        <time>2026-02-16T17:16:07.431Z</time>
      </trkpt>
      <trkpt lat="48.933639" lon="12.550315">
        <ele>320.672261</ele>
        <time>2026-02-16T17:16:25.980Z</time>
      </trkpt>
      <trkpt lat="48.933636" lon="12.550412">
        <ele>320.684156</ele>
        <time>2026-02-16T17:16:26.838Z</time>
      </trkpt>
      <trkpt lat="48.932752" lon="12.550201">
        <ele>320.672706</ele>
        <time>2026-02-16T17:16:39.761Z</time>
      </trkpt>
      <trkpt lat="48.932748" lon="12.550201">
        <ele>320.672080</ele>
        <time>2026-02-16T17:16:39.814Z</time>
      </trkpt>
      <trkpt lat="48.932158" lon="12.550199">
        <ele>320.579806</ele>
        <time>2026-02-16T17:16:48.808Z</time>
      </trkpt>
      <trkpt lat="48.931886" lon="12.550261">
        <ele>320.536792</ele>
        <time>2026-02-16T17:16:52.696Z</time>
      </trkpt>
      <trkpt lat="48.931730" lon="12.550314">
        <ele>320.511794</ele>
        <time>2026-02-16T17:16:54.848Z</time>
      </trkpt>
      <trkpt lat="48.931505" lon="12.550405">
        <ele>320.475384</ele>
        <time>2026-02-16T17:16:57.924Z</time>
      </trkpt>
      <trkpt lat="48.931153" lon="12.550599">
        <ele>320.465493</ele>
        <time>2026-02-16T17:17:02.981Z</time>
      </trkpt>
      <trkpt lat="48.931123" lon="12.550619">
        <ele>320.464829</ele>
        <time>2026-02-16T17:17:03.427Z</time>
      </trkpt>
      <trkpt lat="48.930869" lon="12.550807">
        <ele>320.459104</ele>
        <time>2026-02-16T17:17:07.325Z</time>
      </trkpt>
      <trkpt lat="48.930661" lon="12.550952">
        <ele>320.454467</ele>
        <time>2026-02-16T17:17:10.470Z</time>
      </trkpt>
      <trkpt lat="48.930590" lon="12.550999">
        <ele>320.452898</ele>
        <time>2026-02-16T17:17:11.551Z</time>
      </trkpt>
      <trkpt lat="48.930042" lon="12.551324">
        <ele>320.440977</ele>
        <time>2026-02-16T17:17:20.432Z</time>
      </trkpt>
      <trkpt lat="48.929623" lon="12.551496">
        <ele>320.530789</ele>
        <time>2026-02-16T17:17:28.094Z</time>
      </trkpt>
      <trkpt lat="48.928990" lon="12.551780">
        <ele>320.839108</ele>
        <time>2026-02-16T17:17:40.019Z</time>
      </trkpt>
      <trkpt lat="48.928738" lon="12.551903">
        <ele>320.962749</ele>
        <time>2026-02-16T17:17:44.457Z</time>
      </trkpt>
      <trkpt lat="48.928142" lon="12.552242">
        <ele>321.260009</ele>
        <time>2026-02-16T17:17:54.557Z</time>
      </trkpt>
      <trkpt lat="48.928035" lon="12.552305">
        <ele>321.257923</ele>
        <time>2026-02-16T17:17:56.290Z</time>
      </trkpt>
      <trkpt lat="48.927719" lon="12.552463">
        <ele>321.179435</ele>
        <time>2026-02-16T17:18:01.325Z</time>
      </trkpt>
      <trkpt lat="48.927378" lon="12.552623">
        <ele>321.095230</ele>
        <time>2026-02-16T17:18:06.373Z</time>
      </trkpt>
      <trkpt lat="48.927051" lon="12.552829">
        <ele>321.011718</ele>
        <time>2026-02-16T17:18:11.201Z</time>
      </trkpt>
      <trkpt lat="48.926933" lon="12.552909">
        <ele>320.981235</ele>
        <time>2026-02-16T17:18:12.887Z</time>
      </trkpt>
      <trkpt lat="48.926770" lon="12.553023">
        <ele>320.938904</ele>
        <time>2026-02-16T17:18:15.242Z</time>
      </trkpt>
      <trkpt lat="48.926318" lon="12.553358">
        <ele>320.809489</ele>
        <time>2026-02-16T17:18:21.934Z</time>
      </trkpt>
      <trkpt lat="48.925965" lon="12.553563">
        <ele>320.690206</ele>
        <time>2026-02-16T17:18:27.032Z</time>
      </trkpt>
      <trkpt lat="48.925690" lon="12.553686">
        <ele>320.599714</ele>
        <time>2026-02-16T17:18:30.883Z</time>
      </trkpt>
      <trkpt lat="48.925553" lon="12.553747">
        <ele>320.554649</ele>
        <time>2026-02-16T17:18:32.795Z</time>
      </trkpt>
      <trkpt lat="48.925453" lon="12.553782">
        <ele>320.522253</ele>
        <time>2026-02-16T17:18:34.170Z</time>
      </trkpt>
      <trkpt lat="48.925206" lon="12.553853">
        <ele>320.442894</ele>
        <time>2026-02-16T17:18:37.536Z</time>
      </trkpt>
      <trkpt lat="48.925032" lon="12.553897">
        <ele>320.387207</ele>
        <time>2026-02-16T17:18:39.977Z</time>
      </trkpt>
      <trkpt lat="48.925192" lon="12.555377">
        <ele>320.406244</ele>
        <time>2026-02-16T17:18:54.843Z</time>
      </trkpt>
      <trkpt lat="48.925208" lon="12.555526">
        <ele>320.424579</ele>
        <time>2026-02-16T17:18:56.410Z</time>
      </trkpt>
      <trkpt lat="48.925212" lon="12.555558">
        <ele>320.428535</ele>
        <time>2026-02-16T17:18:56.742Z</time>
      </trkpt>
      <trkpt lat="48.925269" lon="12.556062">
        <ele>320.490643</ele>
        <time>2026-02-16T17:19:02.044Z</time>
      </trkpt>
      <trkpt lat="48.925429" lon="12.557469">
        <ele>320.718117</ele>
        <time>2026-02-16T17:19:17.126Z</time>
      </trkpt>
      <trkpt lat="48.925492" lon="12.558037">
        <ele>320.868064</ele>
        <time>2026-02-16T17:19:23.369Z</time>
      </trkpt>
      <trkpt lat="48.925565" lon="12.558937">
        <ele>321.104119</ele>
        <time>2026-02-16T17:19:33.349Z</time>
      </trkpt>
      <trkpt lat="48.925580" lon="12.559634">
        <ele>321.285651</ele>
        <time>2026-02-16T17:19:41.086Z</time>
      </trkpt>
      <trkpt lat="48.925557" lon="12.560281">
        <ele>321.335671</ele>
        <time>2026-02-16T17:19:47.947Z</time>
      </trkpt>
      <trkpt lat="48.925486" lon="12.561047">
        <ele>321.345835</ele>
        <time>2026-02-16T17:19:55.963Z</time>
      </trkpt>
      <trkpt lat="48.925328" lon="12.561996">
        <ele>321.358698</ele>
        <time>2026-02-16T17:20:05.502Z</time>
      </trkpt>
      <trkpt lat="48.925094" lon="12.562924">
        <ele>321.087957</ele>
        <time>2026-02-16T17:20:14.237Z</time>
      </trkpt>
      <trkpt lat="48.924772" lon="12.563998">
        <ele>320.418451</ele>
        <time>2026-02-16T17:20:23.781Z</time>
      </trkpt>
      <trkpt lat="48.924636" lon="12.564651">
        <ele>320.029958</ele>
        <time>2026-02-16T17:20:29.079Z</time>
      </trkpt>
      <trkpt lat="48.924629" lon="12.564703">
        <ele>319.999855</ele>
        <time>2026-02-16T17:20:29.492Z</time>
      </trkpt>
      <trkpt lat="48.924568" lon="12.565369">
        <ele>319.701263</ele>
        <time>2026-02-16T17:20:34.908Z</time>
      </trkpt>
      <trkpt lat="48.924568" lon="12.566130">
        <ele>319.453473</ele>
        <time>2026-02-16T17:20:41.284Z</time>
      </trkpt>
      <trkpt lat="48.924252" lon="12.566255">
        <ele>319.291672</ele>
        <time>2026-02-16T17:20:45.655Z</time>
      </trkpt>
      <trkpt lat="48.924078" lon="12.566378">
        <ele>319.196596</ele>
        <time>2026-02-16T17:20:48.322Z</time>
      </trkpt>
      <trkpt lat="48.923753" lon="12.566756">
        <ele>318.993892</ele>
        <time>2026-02-16T17:20:54.246Z</time>
      </trkpt>
      <trkpt lat="48.923675" lon="12.566908">
        <ele>318.931092</ele>
        <time>2026-02-16T17:20:56.197Z</time>
      </trkpt>
      <trkpt lat="48.922848" lon="12.569360">
        <ele>318.767281</ele>
        <time>2026-02-16T17:21:22.459Z</time>
      </trkpt>
      <trkpt lat="48.922114" lon="12.571358">
        <ele>318.561200</ele>
        <time>2026-02-16T17:21:43.650Z</time>
      </trkpt>
      <trkpt lat="48.921238" lon="12.573924">
        <ele>318.527592</ele>
        <time>2026-02-16T17:22:12.064Z</time>
      </trkpt>
      <trkpt lat="48.920635" lon="12.575461">
        <ele>318.828290</ele>
        <time>2026-02-16T17:22:29.842Z</time>
      </trkpt>
      <trkpt lat="48.920209" lon="12.576393">
        <ele>319.057346</ele>
        <time>2026-02-16T17:22:42.655Z</time>
      </trkpt>
      <trkpt lat="48.920027" lon="12.576895">
        <ele>319.064916</ele>
        <time>2026-02-16T17:22:49.150Z</time>
      </trkpt>
      <trkpt lat="48.919871" lon="12.577536">
        <ele>319.041125</ele>
        <time>2026-02-16T17:22:56.148Z</time>
      </trkpt>
      <trkpt lat="48.919724" lon="12.578310">
        <ele>319.013083</ele>
        <time>2026-02-16T17:23:03.531Z</time>
      </trkpt>
      <trkpt lat="48.919647" lon="12.578778">
        <ele>318.996291</ele>
        <time>2026-02-16T17:23:07.774Z</time>
      </trkpt>
      <trkpt lat="48.919566" lon="12.579481">
        <ele>318.932645</ele>
        <time>2026-02-16T17:23:13.864Z</time>
      </trkpt>
      <trkpt lat="48.919421" lon="12.581763">
        <ele>318.633291</ele>
        <time>2026-02-16T17:23:35.522Z</time>
      </trkpt>
      <trkpt lat="48.919294" lon="12.583567">
        <ele>318.675965</ele>
        <time>2026-02-16T17:23:53.231Z</time>
      </trkpt>
      <trkpt lat="48.919195" lon="12.585624">
        <ele>319.075394</ele>
        <time>2026-02-16T17:24:13.943Z</time>
      </trkpt>
      <trkpt lat="48.919087" lon="12.586558">
        <ele>319.397312</ele>
        <time>2026-02-16T17:24:25.057Z</time>
      </trkpt>
      <trkpt lat="48.918925" lon="12.587214">
        <ele>319.634710</ele>
        <time>2026-02-16T17:24:33.321Z</time>
      </trkpt>
      <trkpt lat="48.918902" lon="12.587304">
        <ele>319.663685</ele>
        <time>2026-02-16T17:24:34.450Z</time>
      </trkpt>
      <trkpt lat="48.918773" lon="12.587836">
        <ele>319.833834</ele>
        <time>2026-02-16T17:24:41.187Z</time>
      </trkpt>
      <trkpt lat="48.918468" lon="12.589049">
        <ele>320.223536</ele>
        <time>2026-02-16T17:24:55.765Z</time>
      </trkpt>
      <trkpt lat="48.918390" lon="12.589359">
        <ele>320.323139</ele>
        <time>2026-02-16T17:24:59.174Z</time>
      </trkpt>
      <trkpt lat="48.918286" lon="12.589771">
        <ele>320.451777</ele>
        <time>2026-02-16T17:25:03.595Z</time>
      </trkpt>
      <trkpt lat="48.918266" lon="12.589859">
        <ele>320.447411</ele>
        <time>2026-02-16T17:25:04.515Z</time>
      </trkpt>
      <trkpt lat="48.917955" lon="12.591108">
        <ele>320.384788</ele>
        <time>2026-02-16T17:25:17.176Z</time>
      </trkpt>
      <trkpt lat="48.917789" lon="12.591778">
        <ele>320.351216</ele>
        <time>2026-02-16T17:25:23.976Z</time>
      </trkpt>
      <trkpt lat="48.917712" lon="12.592101">
        <ele>320.335106</ele>
        <time>2026-02-16T17:25:27.205Z</time>
      </trkpt>
      <trkpt lat="48.917648" lon="12.592403">
        <ele>320.320355</ele>
        <time>2026-02-16T17:25:30.160Z</time>
      </trkpt>
      <trkpt lat="48.917583" lon="12.592678">
        <ele>320.307119</ele>
        <time>2026-02-16T17:25:32.919Z</time>
      </trkpt>
      <trkpt lat="48.917423" lon="12.593358">
        <ele>320.274408</ele>
        <time>2026-02-16T17:25:39.775Z</time>
      </trkpt>
      <trkpt lat="48.917389" lon="12.593497">
        <ele>320.267691</ele>
        <time>2026-02-16T17:25:41.180Z</time>
      </trkpt>
      <trkpt lat="48.917225" lon="12.594362">
        <ele>320.226918</ele>
        <time>2026-02-16T17:25:49.861Z</time>
      </trkpt>
      <trkpt lat="48.917000" lon="12.595708">
        <ele>320.181403</ele>
        <time>2026-02-16T17:26:03.233Z</time>
      </trkpt>
      <trkpt lat="48.916995" lon="12.596031">
        <ele>320.173840</ele>
        <time>2026-02-16T17:26:06.372Z</time>
      </trkpt>
      <trkpt lat="48.916939" lon="12.596076">
        <ele>320.171585</ele>
        <time>2026-02-16T17:26:07.300Z</time>
      </trkpt>
      <trkpt lat="48.916922" lon="12.596173">
        <ele>320.169235</ele>
        <time>2026-02-16T17:26:08.264Z</time>
      </trkpt>
      <trkpt lat="48.916953" lon="12.596248">
        <ele>320.167161</ele>
        <time>2026-02-16T17:26:09.130Z</time>
      </trkpt>
      <trkpt lat="48.916998" lon="12.596270">
        <ele>320.165477</ele>
        <time>2026-02-16T17:26:09.818Z</time>
      </trkpt>
      <trkpt lat="48.917061" lon="12.596225">
        <ele>320.162998</ele>
        <time>2026-02-16T17:26:10.837Z</time>
      </trkpt>
      <trkpt lat="48.917078" lon="12.596124">
        <ele>320.160558</ele>
        <time>2026-02-16T17:26:11.838Z</time>
      </trkpt>
      <trkpt lat="48.917224" lon="12.596094">
        <ele>320.155310</ele>
        <time>2026-02-16T17:26:14.767Z</time>
      </trkpt>
      <trkpt lat="48.917970" lon="12.596177">
        <ele>320.181033</ele>
        <time>2026-02-16T17:26:29.617Z</time>
      </trkpt>
      <trkpt lat="48.918634" lon="12.596230">
        <ele>320.328026</ele>
        <time>2026-02-16T17:26:43.581Z</time>
      </trkpt>
      <trkpt lat="48.918891" lon="12.596263">
        <ele>320.385044</ele>
        <time>2026-02-16T17:26:49.172Z</time>
      </trkpt>
      <trkpt lat="48.918990" lon="12.596273">
        <ele>320.406978</ele>
        <time>2026-02-16T17:26:51.327Z</time>
      </trkpt>
      <trkpt lat="48.919309" lon="12.596303">
        <ele>320.477634</ele>
        <time>2026-02-16T17:26:56.577Z</time>
      </trkpt>
      <trkpt lat="48.919934" lon="12.596389">
        <ele>320.496044</ele>
        <time>2026-02-16T17:27:06.672Z</time>
      </trkpt>
      <trkpt lat="48.920125" lon="12.596400">
        <ele>320.476899</ele>
        <time>2026-02-16T17:27:09.679Z</time>
      </trkpt>
      <trkpt lat="48.920535" lon="12.596380">
        <ele>320.435811</ele>
        <time>2026-02-16T17:27:15.710Z</time>
      </trkpt>
      <trkpt lat="48.920700" lon="12.596360">
        <ele>320.419232</ele>
        <time>2026-02-16T17:27:17.989Z</time>
      </trkpt>
      <trkpt lat="48.921253" lon="12.596306">
        <ele>320.363727</ele>
        <time>2026-02-16T17:27:25.330Z</time>
      </trkpt>
      <trkpt lat="48.921311" lon="12.596300">
        <ele>320.357904</ele>
        <time>2026-02-16T17:27:26.074Z</time>
      </trkpt>
      <trkpt lat="48.922567" lon="12.596173">
        <ele>320.181468</ele>
        <time>2026-02-16T17:27:43.598Z</time>
      </trkpt>
      <trkpt lat="48.923281" lon="12.596161">
        <ele>320.100458</ele>
        <time>2026-02-16T17:27:54.581Z</time>
      </trkpt>
      <trkpt lat="48.923763" lon="12.596146">
        <ele>320.107275</ele>
        <time>2026-02-16T17:28:02.071Z</time>
      </trkpt>
      <trkpt lat="48.924248" lon="12.596224">
        <ele>320.114170</ele>
        <time>2026-02-16T17:28:09.392Z</time>
      </trkpt>
      <trkpt lat="48.924776" lon="12.596340">
        <ele>320.121712</ele>
        <time>2026-02-16T17:28:17.205Z</time>
      </trkpt>
      <trkpt lat="48.924939" lon="12.596423">
        <ele>320.121777</ele>
        <time>2026-02-16T17:28:19.678Z</time>
      </trkpt>
      <trkpt lat="48.925033" lon="12.596524">
        <ele>320.075987</ele>
        <time>2026-02-16T17:28:21.324Z</time>
      </trkpt>
      <trkpt lat="48.925243" lon="12.596870">
        <ele>319.952828</ele>
        <time>2026-02-16T17:28:25.665Z</time>
      </trkpt>
      <trkpt lat="48.925846" lon="12.597739">
        <ele>319.622363</ele>
        <time>2026-02-16T17:28:36.658Z</time>
      </trkpt>
      <trkpt lat="48.926122" lon="12.598066">
        <ele>319.483175</ele>
        <time>2026-02-16T17:28:41.229Z</time>
      </trkpt>
      <trkpt lat="48.926156" lon="12.598093">
        <ele>319.467914</ele>
        <time>2026-02-16T17:28:41.726Z</time>
      </trkpt>
      <trkpt lat="48.926368" lon="12.598168">
        <ele>319.388956</ele>
        <time>2026-02-16T17:28:44.635Z</time>
      </trkpt>
      <trkpt lat="48.927197" lon="12.598191">
        <ele>319.152565</ele>
        <time>2026-02-16T17:28:56.081Z</time>
      </trkpt>
      <trkpt lat="48.927569" lon="12.598215">
        <ele>319.046410</ele>
        <time>2026-02-16T17:29:00.960Z</time>
      </trkpt>
      <trkpt lat="48.927880" lon="12.598251">
        <ele>318.957486</ele>
        <time>2026-02-16T17:29:05.273Z</time>
      </trkpt>
      <trkpt lat="48.928088" lon="12.598281">
        <ele>318.897919</ele>
        <time>2026-02-16T17:29:08.294Z</time>
      </trkpt>
      <trkpt lat="48.928570" lon="12.598374">
        <ele>318.980836</ele>
        <time>2026-02-16T17:29:15.998Z</time>
      </trkpt>
      <trkpt lat="48.929648" lon="12.598830">
        <ele>319.180858</ele>
        <time>2026-02-16T17:29:33.520Z</time>
      </trkpt>
      <trkpt lat="48.931257" lon="12.599528">
        <ele>319.824537</ele>
        <time>2026-02-16T17:30:00.959Z</time>
      </trkpt>
      <trkpt lat="48.931912" lon="12.599772">
        <ele>320.119876</ele>
        <time>2026-02-16T17:30:12.305Z</time>
      </trkpt>
      <trkpt lat="48.932192" lon="12.599785">
        <ele>320.249170</ele>
        <time>2026-02-16T17:30:17.032Z</time>
      </trkpt>
      <trkpt lat="48.932329" lon="12.599793">
        <ele>320.312449</ele>
        <time>2026-02-16T17:30:19.361Z</time>
      </trkpt>
      <trkpt lat="48.932610" lon="12.599727">
        <ele>320.443679</ele>
        <time>2026-02-16T17:30:24.154Z</time>
      </trkpt>
      <trkpt lat="48.932835" lon="12.599640">
        <ele>320.550826</ele>
        <time>2026-02-16T17:30:28.001Z</time>
      </trkpt>
      <trkpt lat="48.933484" lon="12.599211">
        <ele>320.887917</ele>
        <time>2026-02-16T17:30:39.450Z</time>
      </trkpt>
      <trkpt lat="48.933726" lon="12.598911">
        <ele>321.049343</ele>
        <time>2026-02-16T17:30:44.629Z</time>
      </trkpt>
      <trkpt lat="48.934362" lon="12.597932">
        <ele>321.517179</ele>
        <time>2026-02-16T17:31:00.608Z</time>
      </trkpt>
      <trkpt lat="48.934640" lon="12.597606">
        <ele>321.698688</ele>
        <time>2026-02-16T17:31:06.686Z</time>
      </trkpt>
      <trkpt lat="48.934919" lon="12.597380">
        <ele>321.661864</ele>
        <time>2026-02-16T17:31:11.853Z</time>
      </trkpt>
      <trkpt lat="48.935605" lon="12.596847">
        <ele>321.496937</ele>
        <time>2026-02-16T17:31:22.975Z</time>
      </trkpt>
      <trkpt lat="48.936042" lon="12.596633">
        <ele>321.398636</ele>
        <time>2026-02-16T17:31:28.973Z</time>
      </trkpt>
      <trkpt lat="48.936528" lon="12.596515">
        <ele>321.213278</ele>
        <time>2026-02-16T17:31:35.189Z</time>
      </trkpt>
      <trkpt lat="48.936817" lon="12.596322">
        <ele>321.017327</ele>
        <time>2026-02-16T17:31:39.137Z</time>
      </trkpt>
      <trkpt lat="48.937107" lon="12.596080">
        <ele>320.811983</ele>
        <time>2026-02-16T17:31:43.300Z</time>
      </trkpt>
      <trkpt lat="48.937962" lon="12.595231">
        <ele>320.202512</ele>
        <time>2026-02-16T17:31:56.716Z</time>
      </trkpt>
      <trkpt lat="48.939437" lon="12.593834">
        <ele>319.774768</ele>
        <time>2026-02-16T17:32:21.430Z</time>
      </trkpt>
      <trkpt lat="48.939821" lon="12.593475">
        <ele>319.715489</ele>
        <time>2026-02-16T17:32:27.567Z</time>
      </trkpt>
      <trkpt lat="48.940187" lon="12.593189">
        <ele>319.661371</ele>
        <time>2026-02-16T17:32:33.205Z</time>
      </trkpt>
      <trkpt lat="48.940458" lon="12.593021">
        <ele>319.622879</ele>
        <time>2026-02-16T17:32:37.318Z</time>
      </trkpt>
      <trkpt lat="48.940887" lon="12.592891">
        <ele>319.565338</ele>
        <time>2026-02-16T17:32:43.626Z</time>
      </trkpt>
      <trkpt lat="48.941172" lon="12.592869">
        <ele>319.571814</ele>
        <time>2026-02-16T17:32:47.931Z</time>
      </trkpt>
      <trkpt lat="48.941549" lon="12.592966">
        <ele>319.725919</ele>
        <time>2026-02-16T17:32:54.019Z</time>
      </trkpt>
      <trkpt lat="48.942803" lon="12.593578">
        <ele>320.256681</ele>
        <time>2026-02-16T17:33:16.164Z</time>
      </trkpt>
      <trkpt lat="48.942833" lon="12.593590">
        <ele>320.277106</ele>
        <time>2026-02-16T17:33:16.702Z</time>
      </trkpt>
      <trkpt lat="48.943241" lon="12.593807">
        <ele>320.697558</ele>
        <time>2026-02-16T17:33:24.261Z</time>
      </trkpt>
      <trkpt lat="48.943669" lon="12.594029">
        <ele>321.137444</ele>
        <time>2026-02-16T17:33:32.487Z</time>
      </trkpt>
      <trkpt lat="48.944260" lon="12.594327">
        <ele>321.743118</ele>
        <time>2026-02-16T17:33:44.504Z</time>
      </trkpt>
      <trkpt lat="48.945174" lon="12.594955">
        <ele>322.704467</ele>
        <time>2026-02-16T17:34:04.963Z</time>
      </trkpt>
      <trkpt lat="48.945743" lon="12.595343">
        <ele>323.298796</ele>
        <time>2026-02-16T17:34:16.559Z</time>
      </trkpt>
      <trkpt lat="48.947783" lon="12.596699">
        <ele>324.548895</ele>
        <time>2026-02-16T17:34:52.785Z</time>
      </trkpt>
      <trkpt lat="48.948105" lon="12.596896">
        <ele>324.844815</ele>
        <time>2026-02-16T17:34:59.313Z</time>
      </trkpt>
      <trkpt lat="48.948285" lon="12.596936">
        <ele>325.004975</ele>
        <time>2026-02-16T17:35:02.817Z</time>
      </trkpt>
      <trkpt lat="48.948354" lon="12.596955">
        <ele>325.066712</ele>
        <time>2026-02-16T17:35:04.187Z</time>
      </trkpt>
      <trkpt lat="48.948495" lon="12.596959">
        <ele>325.190878</ele>
        <time>2026-02-16T17:35:06.961Z</time>
      </trkpt>
      <trkpt lat="48.948611" lon="12.596992">
        <ele>325.294777</ele>
        <time>2026-02-16T17:35:09.260Z</time>
      </trkpt>
      <trkpt lat="48.948643" lon="12.596956">
        <ele>325.329807</ele>
        <time>2026-02-16T17:35:10.068Z</time>
      </trkpt>
      <trkpt lat="48.948676" lon="12.597112">
        <ele>325.424574</ele>
        <time>2026-02-16T17:35:12.189Z</time>
      </trkpt>
      <trkpt lat="48.948686" lon="12.597157">
        <ele>325.452044</ele>
        <time>2026-02-16T17:35:12.819Z</time>
      </trkpt>
      <trkpt lat="48.949961" lon="12.603407">
        <ele>328.579556</ele>
        <time>2026-02-16T17:36:28.708Z</time>
      </trkpt>
      <trkpt lat="48.950232" lon="12.605081">
        <ele>329.238299</ele>
        <time>2026-02-16T17:36:48.346Z</time>
      </trkpt>
      <trkpt lat="48.950648" lon="12.604873">
        <ele>329.489372</ele>
        <time>2026-02-16T17:36:55.734Z</time>
      </trkpt>
      <trkpt lat="48.950952" lon="12.604689">
        <ele>329.673881</ele>
        <time>2026-02-16T17:37:01.210Z</time>
      </trkpt>
      <trkpt lat="48.951795" lon="12.604211">
        <ele>329.997239</ele>
        <time>2026-02-16T17:37:16.046Z</time>
      </trkpt>
      <trkpt lat="48.952025" lon="12.604117">
        <ele>330.082843</ele>
        <time>2026-02-16T17:37:19.966Z</time>
      </trkpt>
      <trkpt lat="48.952281" lon="12.604120">
        <ele>330.174869</ele>
        <time>2026-02-16T17:37:24.135Z</time>
      </trkpt>
      <trkpt lat="48.952431" lon="12.604176">
        <ele>330.230386</ele>
        <time>2026-02-16T17:37:26.641Z</time>
      </trkpt>
      <trkpt lat="48.953065" lon="12.604598">
        <ele>330.277547</ele>
        <time>2026-02-16T17:37:37.191Z</time>
      </trkpt>
      <trkpt lat="48.953370" lon="12.604925">
        <ele>330.246677</ele>
        <time>2026-02-16T17:37:42.776Z</time>
      </trkpt>
      <trkpt lat="48.953542" lon="12.605153">
        <ele>330.227805</ele>
        <time>2026-02-16T17:37:46.156Z</time>
      </trkpt>
      <trkpt lat="48.953614" lon="12.605223">
        <ele>330.220736</ele>
        <time>2026-02-16T17:37:47.390Z</time>
      </trkpt>
      <trkpt lat="48.953702" lon="12.605329">
        <ele>330.211450</ele>
        <time>2026-02-16T17:37:48.873Z</time>
      </trkpt>
      <trkpt lat="48.953775" lon="12.605439">
        <ele>330.202951</ele>
        <time>2026-02-16T17:37:50.230Z</time>
      </trkpt>
      <trkpt lat="48.953799" lon="12.605478">
        <ele>330.200046</ele>
        <time>2026-02-16T17:37:50.712Z</time>
      </trkpt>
      <trkpt lat="48.953865" lon="12.605609">
        <ele>330.191073</ele>
        <time>2026-02-16T17:37:52.179Z</time>
      </trkpt>
      <trkpt lat="48.953959" lon="12.606463">
        <ele>330.117373</ele>
        <time>2026-02-16T17:38:00.234Z</time>
      </trkpt>
      <trkpt lat="48.953914" lon="12.606550">
        <ele>330.104196</ele>
        <time>2026-02-16T17:38:01.226Z</time>
      </trkpt>
      <trkpt lat="48.953825" lon="12.606918">
        <ele>330.057534</ele>
        <time>2026-02-16T17:38:04.754Z</time>
      </trkpt>
      <trkpt lat="48.953811" lon="12.607110">
        <ele>330.034548</ele>
        <time>2026-02-16T17:38:06.491Z</time>
      </trkpt>
      <trkpt lat="48.953960" lon="12.607677">
        <ele>329.961881</ele>
        <time>2026-02-16T17:38:11.649Z</time>
      </trkpt>
      <trkpt lat="48.954015" lon="12.608067">
        <ele>329.914419</ele>
        <time>2026-02-16T17:38:15.081Z</time>
      </trkpt>
      <trkpt lat="48.954044" lon="12.608475">
        <ele>329.865589</ele>
        <time>2026-02-16T17:38:19.076Z</time>
      </trkpt>
      <trkpt lat="48.954094" lon="12.609146">
        <ele>330.671760</ele>
        <time>2026-02-16T17:38:26.637Z</time>
      </trkpt>
      <trkpt lat="48.954255" lon="12.609171">
        <ele>331.112805</ele>
        <time>2026-02-16T17:38:29.462Z</time>
      </trkpt>
      <trkpt lat="48.954293" lon="12.609216">
        <ele>331.243992</ele>
        <time>2026-02-16T17:38:30.390Z</time>
      </trkpt>
      <trkpt lat="48.954504" lon="12.609671">
        <ele>332.240829</ele>
        <time>2026-02-16T17:38:38.342Z</time>
      </trkpt>
      <trkpt lat="48.954758" lon="12.610035">
        <ele>333.191353</ele>
        <time>2026-02-16T17:38:48.320Z</time>
      </trkpt>
      <trkpt lat="48.954975" lon="12.610261">
        <ele>333.907810</ele>
        <time>2026-02-16T17:38:56.825Z</time>
      </trkpt>
      <trkpt lat="48.955281" lon="12.610545">
        <ele>335.017838</ele>
        <time>2026-02-16T17:39:09.529Z</time>
      </trkpt>
      <trkpt lat="48.955468" lon="12.610837">
        <ele>336.433115</ele>
        <time>2026-02-16T17:39:19.425Z</time>
      </trkpt>
      <trkpt lat="48.955530" lon="12.611038">
        <ele>337.203672</ele>
        <time>2026-02-16T17:39:24.995Z</time>
      </trkpt>
      <trkpt lat="48.955633" lon="12.611039">
        <ele>337.747957</ele>
        <time>2026-02-16T17:39:29.011Z</time>
      </trkpt>
      <trkpt lat="48.955719" lon="12.611087">
        <ele>338.231959</ele>
        <time>2026-02-16T17:39:32.681Z</time>
      </trkpt>
      <trkpt lat="48.955694" lon="12.611247">
        <ele>338.802634</ele>
        <time>2026-02-16T17:39:37.067Z</time>
      </trkpt>
      <trkpt lat="48.955846" lon="12.611694">
        <ele>340.549282</ele>
        <time>2026-02-16T17:39:50.421Z</time>
      </trkpt>
      <trkpt lat="48.956393" lon="12.612171">
        <ele>343.880068</ele>
        <time>2026-02-16T17:40:12.513Z</time>
      </trkpt>
      <trkpt lat="48.956519" lon="12.612324">
        <ele>344.456941</ele>
        <time>2026-02-16T17:40:17.650Z</time>
      </trkpt>
      <trkpt lat="48.956679" lon="12.612552">
        <ele>344.958919</ele>
        <time>2026-02-16T17:40:24.163Z</time>
      </trkpt>
      <trkpt lat="48.956864" lon="12.612925">
        <ele>345.662080</ele>
        <time>2026-02-16T17:40:32.510Z</time>
      </trkpt>
      <trkpt lat="48.956930" lon="12.613055">
        <ele>345.909268</ele>
        <time>2026-02-16T17:40:35.240Z</time>
      </trkpt>
      <trkpt lat="48.956980" lon="12.613159">
        <ele>346.103161</ele>
        <time>2026-02-16T17:40:37.288Z</time>
      </trkpt>
      <trkpt lat="48.956989" lon="12.613180">
        <ele>346.140883</ele>
        <time>2026-02-16T17:40:37.688Z</time>
      </trkpt>
      <trkpt lat="48.957363" lon="12.614050">
        <ele>347.705096</ele>
        <time>2026-02-16T17:40:52.016Z</time>
      </trkpt>
      <trkpt lat="48.957780" lon="12.614918">
        <ele>348.224518</ele>
        <time>2026-02-16T17:41:04.297Z</time>
      </trkpt>
      <trkpt lat="48.958112" lon="12.615455">
        <ele>348.058883</ele>
        <time>2026-02-16T17:41:11.328Z</time>
      </trkpt>
      <trkpt lat="48.958204" lon="12.615576">
        <ele>348.017310</ele>
        <time>2026-02-16T17:41:12.928Z</time>
      </trkpt>
      <trkpt lat="48.958311" lon="12.615718">
        <ele>347.968771</ele>
        <time>2026-02-16T17:41:14.753Z</time>
      </trkpt>
      <trkpt lat="48.958571" lon="12.615964">
        <ele>347.864087</ele>
        <time>2026-02-16T17:41:18.484Z</time>
      </trkpt>
      <trkpt lat="48.959635" lon="12.616803">
        <ele>346.022134</ele>
        <time>2026-02-16T17:41:32.364Z</time>
      </trkpt>
      <trkpt lat="48.959694" lon="12.616872">
        <ele>345.874318</ele>
        <time>2026-02-16T17:41:33.185Z</time>
      </trkpt>
      <trkpt lat="48.959982" lon="12.617244">
        <ele>345.123934</ele>
        <time>2026-02-16T17:41:37.339Z</time>
      </trkpt>
      <trkpt lat="48.960322" lon="12.617752">
        <ele>344.177152</ele>
        <time>2026-02-16T17:41:42.414Z</time>
      </trkpt>
      <trkpt lat="48.961483" lon="12.620282">
        <ele>337.330883</ele>
        <time>2026-02-16T17:42:02.477Z</time>
      </trkpt>
      <trkpt lat="48.962251" lon="12.621905">
        <ele>333.682558</ele>
        <time>2026-02-16T17:42:16.088Z</time>
      </trkpt>
      <trkpt lat="48.962690" lon="12.622879">
        <ele>332.091650</ele>
        <time>2026-02-16T17:42:24.646Z</time>
      </trkpt>
      <trkpt lat="48.962800" lon="12.623123">
        <ele>331.762990</ele>
        <time>2026-02-16T17:42:26.857Z</time>
      </trkpt>
      <trkpt lat="48.962869" lon="12.623294">
        <ele>331.540119</ele>
        <time>2026-02-16T17:42:28.353Z</time>
      </trkpt>
      <trkpt lat="48.962980" lon="12.623545">
        <ele>331.204081</ele>
        <time>2026-02-16T17:42:30.635Z</time>
      </trkpt>
      <trkpt lat="48.963868" lon="12.625473">
        <ele>329.210952</ele>
        <time>2026-02-16T17:42:48.508Z</time>
      </trkpt>
      <trkpt lat="48.963887" lon="12.625600">
        <ele>329.133547</ele>
        <time>2026-02-16T17:42:49.566Z</time>
      </trkpt>
      <trkpt lat="48.963844" lon="12.626202">
        <ele>328.773695</ele>
        <time>2026-02-16T17:42:54.629Z</time>
      </trkpt>
      <trkpt lat="48.964646" lon="12.626319">
        <ele>328.486436</ele>
        <time>2026-02-16T17:43:05.587Z</time>
      </trkpt>
      <trkpt lat="48.965445" lon="12.626375">
        <ele>329.019347</ele>
        <time>2026-02-16T17:43:18.901Z</time>
      </trkpt>
      <trkpt lat="48.965847" lon="12.626417">
        <ele>329.287817</ele>
        <time>2026-02-16T17:43:26.428Z</time>
      </trkpt>
      <trkpt lat="48.966256" lon="12.626497">
        <ele>329.704901</ele>
        <time>2026-02-16T17:43:35.294Z</time>
      </trkpt>
      <trkpt lat="48.966450" lon="12.626585">
        <ele>330.134464</ele>
        <time>2026-02-16T17:43:39.924Z</time>
      </trkpt>
      <trkpt lat="48.966858" lon="12.626901">
        <ele>331.105797</ele>
        <time>2026-02-16T17:43:50.889Z</time>
      </trkpt>
      <trkpt lat="48.966974" lon="12.627027">
        <ele>331.408144</ele>
        <time>2026-02-16T17:43:54.318Z</time>
      </trkpt>
      <trkpt lat="48.967082" lon="12.627152">
        <ele>331.695991</ele>
        <time>2026-02-16T17:43:57.578Z</time>
      </trkpt>
      <trkpt lat="48.967386" lon="12.627676">
        <ele>332.670222</ele>
        <time>2026-02-16T17:44:08.603Z</time>
      </trkpt>
      <trkpt lat="48.967563" lon="12.628134">
        <ele>333.397818</ele>
        <time>2026-02-16T17:44:16.959Z</time>
      </trkpt>
      <trkpt lat="48.967666" lon="12.628640">
        <ele>334.037527</ele>
        <time>2026-02-16T17:44:25.116Z</time>
      </trkpt>
      <trkpt lat="48.967698" lon="12.628968">
        <ele>334.437946</ele>
        <time>2026-02-16T17:44:30.022Z</time>
      </trkpt>
      <trkpt lat="48.967997" lon="12.632065">
        <ele>337.627443</ele>
        <time>2026-02-16T17:45:14.345Z</time>
      </trkpt>
      <trkpt lat="48.968117" lon="12.632589">
        <ele>338.049522</ele>
        <time>2026-02-16T17:45:20.809Z</time>
      </trkpt>
      <trkpt lat="48.968356" lon="12.633189">
        <ele>338.583283</ele>
        <time>2026-02-16T17:45:28.728Z</time>
      </trkpt>
      <trkpt lat="48.968709" lon="12.633628">
        <ele>339.001783</ele>
        <time>2026-02-16T17:45:36.507Z</time>
      </trkpt>
      <trkpt lat="48.968984" lon="12.633751">
        <ele>339.244024</ele>
        <time>2026-02-16T17:45:41.611Z</time>
      </trkpt>
      <trkpt lat="48.969579" lon="12.633814">
        <ele>339.748130</ele>
        <time>2026-02-16T17:45:52.971Z</time>
      </trkpt>
      <trkpt lat="48.969991" lon="12.633730">
        <ele>340.099456</ele>
        <time>2026-02-16T17:46:01.001Z</time>
      </trkpt>
      <trkpt lat="48.970472" lon="12.633546">
        <ele>340.243939</ele>
        <time>2026-02-16T17:46:10.140Z</time>
      </trkpt>
      <trkpt lat="48.971278" lon="12.633091">
        <ele>340.286666</ele>
        <time>2026-02-16T17:46:23.759Z</time>
      </trkpt>
      <trkpt lat="48.972146" lon="12.632537">
        <ele>339.857323</ele>
        <time>2026-02-16T17:46:35.616Z</time>
      </trkpt>
      <trkpt lat="48.972506" lon="12.632483">
        <ele>339.379409</ele>
        <time>2026-02-16T17:46:39.773Z</time>
      </trkpt>
      <trkpt lat="48.972805" lon="12.632518">
        <ele>338.983220</ele>
        <time>2026-02-16T17:46:43.196Z</time>
      </trkpt>
      <trkpt lat="48.973351" lon="12.632908">
        <ele>338.186519</ele>
        <time>2026-02-16T17:46:50.054Z</time>
      </trkpt>
      <trkpt lat="48.974550" lon="12.634049">
        <ele>336.465460</ele>
        <time>2026-02-16T17:47:06.885Z</time>
      </trkpt>
      <trkpt lat="48.975027" lon="12.634528">
        <ele>335.778965</ele>
        <time>2026-02-16T17:47:13.799Z</time>
      </trkpt>
      <trkpt lat="48.975442" lon="12.634934">
        <ele>335.407098</ele>
        <time>2026-02-16T17:47:19.685Z</time>
      </trkpt>
      <trkpt lat="48.975723" lon="12.635133">
        <ele>335.173544</ele>
        <time>2026-02-16T17:47:23.456Z</time>
      </trkpt>
      <trkpt lat="48.975952" lon="12.635260">
        <ele>334.989865</ele>
        <time>2026-02-16T17:47:26.525Z</time>
      </trkpt>
      <trkpt lat="48.976184" lon="12.635344">
        <ele>334.810136</ele>
        <time>2026-02-16T17:47:29.660Z</time>
      </trkpt>
      <trkpt lat="48.976703" lon="12.635393">
        <ele>334.420592</ele>
        <time>2026-02-16T17:47:36.769Z</time>
      </trkpt>
      <trkpt lat="48.976807" lon="12.635388">
        <ele>334.381661</ele>
        <time>2026-02-16T17:47:38.218Z</time>
      </trkpt>
      <trkpt lat="48.977545" lon="12.635142">
        <ele>334.099006</ele>
        <time>2026-02-16T17:47:48.663Z</time>
      </trkpt>
      <trkpt lat="48.977761" lon="12.635147">
        <ele>334.018180</ele>
        <time>2026-02-16T17:47:51.622Z</time>
      </trkpt>
      <trkpt lat="48.977909" lon="12.635186">
        <ele>333.961984</ele>
        <time>2026-02-16T17:47:53.683Z</time>
      </trkpt>
      <trkpt lat="48.978388" lon="12.635445">
        <ele>333.771814</ele>
        <time>2026-02-16T17:48:00.463Z</time>
      </trkpt>
      <trkpt lat="48.978687" lon="12.635654">
        <ele>333.757494</ele>
        <time>2026-02-16T17:48:04.722Z</time>
      </trkpt>
      <trkpt lat="48.979118" lon="12.635999">
        <ele>333.771023</ele>
        <time>2026-02-16T17:48:11.222Z</time>
      </trkpt>
      <trkpt lat="48.979787" lon="12.636591">
        <ele>333.792523</ele>
        <time>2026-02-16T17:48:23.730Z</time>
      </trkpt>
      <trkpt lat="48.980461" lon="12.637187">
        <ele>333.813480</ele>
        <time>2026-02-16T17:48:37.123Z</time>
      </trkpt>
      <trkpt lat="48.980737" lon="12.637441">
        <ele>333.822001</ele>
        <time>2026-02-16T17:48:42.499Z</time>
      </trkpt>
      <trkpt lat="48.981303" lon="12.637915">
        <ele>333.839067</ele>
        <time>2026-02-16T17:48:51.838Z</time>
      </trkpt>
      <trkpt lat="48.981902" lon="12.638338">
        <ele>333.816873</ele>
        <time>2026-02-16T17:49:00.112Z</time>
      </trkpt>
      <trkpt lat="48.982159" lon="12.638478">
        <ele>333.792414</ele>
        <time>2026-02-16T17:49:03.594Z</time>
      </trkpt>
      <trkpt lat="48.982615" lon="12.638676">
        <ele>333.749923</ele>
        <time>2026-02-16T17:49:09.873Z</time>
      </trkpt>
      <trkpt lat="48.982827" lon="12.638711">
        <ele>333.730814</ele>
        <time>2026-02-16T17:49:13.049Z</time>
      </trkpt>
      <trkpt lat="48.982992" lon="12.638686">
        <ele>333.715954</ele>
        <time>2026-02-16T17:49:15.707Z</time>
      </trkpt>
      <trkpt lat="48.983616" lon="12.638379">
        <ele>334.051432</ele>
        <time>2026-02-16T17:49:28.152Z</time>
      </trkpt>
      <trkpt lat="48.985135" lon="12.637557">
        <ele>335.704232</ele>
        <time>2026-02-16T17:50:01.203Z</time>
      </trkpt>
      <trkpt lat="48.986536" lon="12.636792">
        <ele>335.661955</ele>
        <time>2026-02-16T17:50:21.361Z</time>
      </trkpt>
      <trkpt lat="48.986813" lon="12.636688">
        <ele>335.694876</ele>
        <time>2026-02-16T17:50:25.068Z</time>
      </trkpt>
      <trkpt lat="48.988202" lon="12.636615">
        <ele>336.160003</ele>
        <time>2026-02-16T17:50:47.411Z</time>
      </trkpt>
      <trkpt lat="48.988796" lon="12.636611">
        <ele>336.655878</ele>
        <time>2026-02-16T17:50:58.319Z</time>
      </trkpt>
      <trkpt lat="48.989666" lon="12.636564">
        <ele>337.814550</ele>
        <time>2026-02-16T17:51:15.925Z</time>
      </trkpt>
      <trkpt lat="48.989915" lon="12.636459">
        <ele>338.158415</ele>
        <time>2026-02-16T17:51:21.260Z</time>
      </trkpt>
      <trkpt lat="48.990168" lon="12.636288">
        <ele>338.526783</ele>
        <time>2026-02-16T17:51:27.042Z</time>
      </trkpt>
      <trkpt lat="48.990471" lon="12.635997">
        <ele>339.058074</ele>
        <time>2026-02-16T17:51:34.926Z</time>
      </trkpt>
      <trkpt lat="48.990903" lon="12.635605">
        <ele>339.831504</ele>
        <time>2026-02-16T17:51:46.769Z</time>
      </trkpt>
      <trkpt lat="48.991219" lon="12.635292">
        <ele>340.411262</ele>
        <time>2026-02-16T17:51:55.612Z</time>
      </trkpt>
      <trkpt lat="48.991825" lon="12.634904">
        <ele>341.420297</ele>
        <time>2026-02-16T17:52:08.479Z</time>
      </trkpt>
      <trkpt lat="48.992003" lon="12.634822">
        <ele>341.473766</ele>
        <time>2026-02-16T17:52:11.454Z</time>
      </trkpt>
      <trkpt lat="48.992409" lon="12.634781">
        <ele>341.590763</ele>
        <time>2026-02-16T17:52:17.200Z</time>
      </trkpt>
      <trkpt lat="48.992775" lon="12.634798">
        <ele>341.696051</ele>
        <time>2026-02-16T17:52:22.304Z</time>
      </trkpt>
      <trkpt lat="48.993349" lon="12.634811">
        <ele>341.861116</ele>
        <time>2026-02-16T17:52:31.013Z</time>
      </trkpt>
      <trkpt lat="48.993379" lon="12.634814">
        <ele>341.869760</ele>
        <time>2026-02-16T17:52:31.541Z</time>
      </trkpt>
      <trkpt lat="48.993968" lon="12.634851">
        <ele>342.076042</ele>
        <time>2026-02-16T17:52:41.986Z</time>
      </trkpt>
      <trkpt lat="48.994435" lon="12.634998">
        <ele>342.262462</ele>
        <time>2026-02-16T17:52:50.695Z</time>
      </trkpt>
      <trkpt lat="48.994504" lon="12.635022">
        <ele>342.290131</ele>
        <time>2026-02-16T17:52:52.040Z</time>
      </trkpt>
      <trkpt lat="48.995403" lon="12.635381">
        <ele>342.642627</ele>
        <time>2026-02-16T17:53:06.498Z</time>
      </trkpt>
      <trkpt lat="48.995734" lon="12.635516">
        <ele>342.667594</ele>
        <time>2026-02-16T17:53:10.943Z</time>
      </trkpt>
      <trkpt lat="48.995772" lon="12.635531">
        <ele>342.670455</ele>
        <time>2026-02-16T17:53:11.463Z</time>
      </trkpt>
      <trkpt lat="48.996555" lon="12.635848">
        <ele>342.729488</ele>
        <time>2026-02-16T17:53:23.820Z</time>
      </trkpt>
      <trkpt lat="48.996824" lon="12.635923">
        <ele>342.749414</ele>
        <time>2026-02-16T17:53:28.706Z</time>
      </trkpt>
      <trkpt lat="48.996950" lon="12.635935">
        <ele>342.758614</ele>
        <time>2026-02-16T17:53:30.916Z</time>
      </trkpt>
      <trkpt lat="48.997296" lon="12.635949">
        <ele>342.536796</ele>
        <time>2026-02-16T17:53:36.398Z</time>
      </trkpt>
      <trkpt lat="48.997315" lon="12.635949">
        <ele>342.511089</ele>
        <time>2026-02-16T17:53:36.673Z</time>
      </trkpt>
      <trkpt lat="48.997543" lon="12.635966">
        <ele>342.202243</ele>
        <time>2026-02-16T17:53:39.802Z</time>
      </trkpt>
      <trkpt lat="48.997573" lon="12.635987">
        <ele>342.157578</ele>
        <time>2026-02-16T17:53:40.233Z</time>
      </trkpt>
      <trkpt lat="48.997639" lon="12.636098">
        <ele>342.024604</ele>
        <time>2026-02-16T17:53:41.493Z</time>
      </trkpt>
      <trkpt lat="48.997664" lon="12.636191">
        <ele>341.935390</ele>
        <time>2026-02-16T17:53:42.331Z</time>
      </trkpt>
      <trkpt lat="48.997674" lon="12.636407">
        <ele>341.743177</ele>
        <time>2026-02-16T17:53:44.099Z</time>
      </trkpt>
      <trkpt lat="48.997579" lon="12.637292">
        <ele>340.947143</ele>
        <time>2026-02-16T17:53:50.829Z</time>
      </trkpt>
      <trkpt lat="48.997575" lon="12.637386">
        <ele>340.863527</ele>
        <time>2026-02-16T17:53:51.488Z</time>
      </trkpt>
      <trkpt lat="48.997634" lon="12.637665">
        <ele>340.603320</ele>
        <time>2026-02-16T17:53:53.472Z</time>
      </trkpt>
      <trkpt lat="48.997748" lon="12.637873">
        <ele>340.362738</ele>
        <time>2026-02-16T17:53:55.275Z</time>
      </trkpt>
      <trkpt lat="48.997956" lon="12.638115">
        <ele>339.909501</ele>
        <time>2026-02-16T17:53:57.950Z</time>
      </trkpt>
      <trkpt lat="48.998006" lon="12.638218">
        <ele>339.761472</ele>
        <time>2026-02-16T17:53:58.814Z</time>
      </trkpt>
      <trkpt lat="48.998043" lon="12.638456">
        <ele>339.478893</ele>
        <time>2026-02-16T17:54:00.478Z</time>
      </trkpt>
      <trkpt lat="48.998072" lon="12.638662">
        <ele>339.235481</ele>
        <time>2026-02-16T17:54:01.926Z</time>
      </trkpt>
      <trkpt lat="48.998156" lon="12.638976">
        <ele>338.843715</ele>
        <time>2026-02-16T17:54:04.300Z</time>
      </trkpt>
      <trkpt lat="48.998203" lon="12.639133">
        <ele>338.644341</ele>
        <time>2026-02-16T17:54:05.532Z</time>
      </trkpt>
      <trkpt lat="48.998261" lon="12.639273">
        <ele>338.453050</ele>
        <time>2026-02-16T17:54:06.757Z</time>
      </trkpt>
      <trkpt lat="48.998348" lon="12.639412">
        <ele>338.231106</ele>
        <time>2026-02-16T17:54:08.198Z</time>
      </trkpt>
      <trkpt lat="48.998461" lon="12.639509">
        <ele>338.002735</ele>
        <time>2026-02-16T17:54:09.713Z</time>
      </trkpt>
      <trkpt lat="48.998722" lon="12.639605">
        <ele>337.529941</ele>
        <time>2026-02-16T17:54:12.959Z</time>
      </trkpt>
      <trkpt lat="48.999112" lon="12.639692">
        <ele>337.414596</ele>
        <time>2026-02-16T17:54:18.327Z</time>
      </trkpt>
      <trkpt lat="48.999145" lon="12.639699">
        <ele>337.457415</ele>
        <time>2026-02-16T17:54:18.843Z</time>
      </trkpt>
      <trkpt lat="48.999611" lon="12.639745">
        <ele>338.057554</ele>
        <time>2026-02-16T17:54:27.039Z</time>
      </trkpt>
      <trkpt lat="48.999745" lon="12.639723">
        <ele>338.230761</ele>
        <time>2026-02-16T17:54:29.653Z</time>
      </trkpt>
      <trkpt lat="48.999942" lon="12.639672">
        <ele>338.487563</ele>
        <time>2026-02-16T17:54:33.877Z</time>
      </trkpt>
      <trkpt lat="49.000172" lon="12.639643">
        <ele>338.784160</ele>
        <time>2026-02-16T17:54:39.006Z</time>
      </trkpt>
      <trkpt lat="49.000199" lon="12.639646">
        <ele>338.818951</ele>
        <time>2026-02-16T17:54:39.623Z</time>
      </trkpt>
      <trkpt lat="49.000223" lon="12.639650">
        <ele>338.849979</ele>
        <time>2026-02-16T17:54:40.214Z</time>
      </trkpt>
      <trkpt lat="49.000682" lon="12.639864">
        <ele>339.466844</ele>
        <time>2026-02-16T17:54:51.729Z</time>
      </trkpt>
      <trkpt lat="49.000743" lon="12.639690">
        <ele>339.869047</ele>
        <time>2026-02-16T17:54:54.949Z</time>
      </trkpt>
      <trkpt lat="49.000765" lon="12.639641">
        <ele>339.997197</ele>
        <time>2026-02-16T17:54:55.981Z</time>
      </trkpt>
      <trkpt lat="49.001186" lon="12.638751">
        <ele>342.365305</ele>
        <time>2026-02-16T17:55:15.744Z</time>
      </trkpt>
      <trkpt lat="49.001529" lon="12.638229">
        <ele>343.959838</ele>
        <time>2026-02-16T17:55:29.747Z</time>
      </trkpt>
      <trkpt lat="49.001715" lon="12.638000">
        <ele>344.746411</ele>
        <time>2026-02-16T17:55:36.831Z</time>
      </trkpt>
      <trkpt lat="49.002168" lon="12.637575">
        <ele>346.789426</ele>
        <time>2026-02-16T17:55:52.886Z</time>
      </trkpt>
      <trkpt lat="49.002320" lon="12.637463">
        <ele>347.493193</ele>
        <time>2026-02-16T17:55:57.999Z</time>
      </trkpt>
      <trkpt lat="49.003192" lon="12.637017">
        <ele>351.327349</ele>
        <time>2026-02-16T17:56:27.331Z</time>
      </trkpt>
      <trkpt lat="49.003420" lon="12.636831">
        <ele>352.405330</ele>
        <time>2026-02-16T17:56:35.835Z</time>
      </trkpt>
      <trkpt lat="49.004045" lon="12.636162">
        <ele>355.703123</ele>
        <time>2026-02-16T17:57:01.146Z</time>
      </trkpt>
      <trkpt lat="49.004222" lon="12.635964">
        <ele>356.657162</ele>
        <time>2026-02-16T17:57:08.261Z</time>
      </trkpt>
      <trkpt lat="49.004359" lon="12.635810">
        <ele>357.396857</ele>
        <time>2026-02-16T17:57:13.820Z</time>
      </trkpt>
      <trkpt lat="49.004624" lon="12.635513">
        <ele>358.826161</ele>
        <time>2026-02-16T17:57:24.386Z</time>
      </trkpt>
      <trkpt lat="49.004635" lon="12.635499">
        <ele>358.888432</ele>
        <time>2026-02-16T17:57:24.857Z</time>
      </trkpt>
      <trkpt lat="49.004657" lon="12.635473">
        <ele>359.009399</ele>
        <time>2026-02-16T17:57:25.761Z</time>
      </trkpt>
      <trkpt lat="49.004792" lon="12.635313">
        <ele>359.752489</ele>
        <time>2026-02-16T17:57:31.241Z</time>
      </trkpt>
      <trkpt lat="49.005220" lon="12.634745">
        <ele>361.846633</ele>
        <time>2026-02-16T17:57:48.602Z</time>
      </trkpt>
      <trkpt lat="49.005305" lon="12.634637">
        <ele>362.208730</ele>
        <time>2026-02-16T17:57:52.002Z</time>
      </trkpt>
      <trkpt lat="49.005381" lon="12.634541">
        <ele>362.531712</ele>
        <time>2026-02-16T17:57:54.952Z</time>
      </trkpt>
      <trkpt lat="49.005548" lon="12.634323">
        <ele>363.251176</ele>
        <time>2026-02-16T17:58:01.535Z</time>
      </trkpt>
      <trkpt lat="49.005748" lon="12.634055">
        <ele>364.122546</ele>
        <time>2026-02-16T17:58:08.877Z</time>
      </trkpt>
      <trkpt lat="49.005952" lon="12.633796">
        <ele>364.991299</ele>
        <time>2026-02-16T17:58:15.832Z</time>
      </trkpt>
      <trkpt lat="49.006199" lon="12.633488">
        <ele>366.035527</ele>
        <time>2026-02-16T17:58:24.039Z</time>
      </trkpt>
      <trkpt lat="49.006374" lon="12.633263">
        <ele>366.791170</ele>
        <time>2026-02-16T17:58:29.616Z</time>
      </trkpt>
      <trkpt lat="49.006589" lon="12.632985">
        <ele>367.745993</ele>
        <time>2026-02-16T17:58:36.252Z</time>
      </trkpt>
      <trkpt lat="49.006907" lon="12.632599">
        <ele>369.122714</ele>
        <time>2026-02-16T17:58:46.581Z</time>
      </trkpt>
      <trkpt lat="49.007195" lon="12.632211">
        <ele>370.424426</ele>
        <time>2026-02-16T17:58:56.765Z</time>
      </trkpt>
      <trkpt lat="49.007472" lon="12.631817">
        <ele>371.707515</ele>
        <time>2026-02-16T17:59:07.899Z</time>
      </trkpt>
      <trkpt lat="49.007639" lon="12.631443">
        <ele>372.733755</ele>
        <time>2026-02-16T17:59:17.666Z</time>
      </trkpt>
      <trkpt lat="49.008146" lon="12.629637">
        <ele>381.246800</ele>
        <time>2026-02-16T18:00:07.078Z</time>
      </trkpt>
      <trkpt lat="49.008341" lon="12.629104">
        <ele>383.891547</ele>
        <time>2026-02-16T18:00:25.899Z</time>
      </trkpt>
      <trkpt lat="49.008490" lon="12.628756">
        <ele>386.337025</ele>
        <time>2026-02-16T18:00:39.943Z</time>
      </trkpt>
      <trkpt lat="49.008772" lon="12.628305">
        <ele>390.592085</ele>
        <time>2026-02-16T18:01:03.364Z</time>
      </trkpt>
      <trkpt lat="49.008894" lon="12.628155">
        <ele>392.223830</ele>
        <time>2026-02-16T18:01:12.858Z</time>
      </trkpt>
      <trkpt lat="49.009228" lon="12.627826">
        <ele>396.363814</ele>
        <time>2026-02-16T18:01:37.243Z</time>
      </trkpt>
      <trkpt lat="49.009656" lon="12.627540">
        <ele>401.228987</ele>
        <time>2026-02-16T18:02:05.223Z</time>
      </trkpt>
      <trkpt lat="49.009820" lon="12.627445">
        <ele>403.055498</ele>
        <time>2026-02-16T18:02:15.326Z</time>
      </trkpt>
      <trkpt lat="49.010052" lon="12.627273">
        <ele>405.251431</ele>
        <time>2026-02-16T18:02:29.730Z</time>
      </trkpt>
      <trkpt lat="49.010589" lon="12.626755">
        <ele>410.540275</ele>
        <time>2026-02-16T18:03:02.670Z</time>
      </trkpt>
      <trkpt lat="49.010840" lon="12.626573">
        <ele>412.853543</ele>
        <time>2026-02-16T18:03:15.546Z</time>
      </trkpt>
      <trkpt lat="49.011653" lon="12.626259">
        <ele>419.248302</ele>
        <time>2026-02-16T18:03:50.990Z</time>
      </trkpt>
      <trkpt lat="49.011937" lon="12.625968">
        <ele>421.030825</ele>
        <time>2026-02-16T18:04:04.115Z</time>
      </trkpt>
      <trkpt lat="49.012319" lon="12.625487">
        <ele>423.611710</ele>
        <time>2026-02-16T18:04:21.484Z</time>
      </trkpt>
      <trkpt lat="49.012431" lon="12.625358">
        <ele>424.342928</ele>
        <time>2026-02-16T18:04:26.027Z</time>
      </trkpt>
      <trkpt lat="49.012694" lon="12.625025">
        <ele>426.123824</ele>
        <time>2026-02-16T18:04:36.763Z</time>
      </trkpt>
      <trkpt lat="49.012989" lon="12.624771">
        <ele>427.895803</ele>
        <time>2026-02-16T18:04:47.689Z</time>
      </trkpt>
      <trkpt lat="49.013128" lon="12.624701">
        <ele>428.680035</ele>
        <time>2026-02-16T18:04:52.489Z</time>
      </trkpt>
      <trkpt lat="49.013390" lon="12.624524">
        <ele>430.215261</ele>
        <time>2026-02-16T18:05:02.029Z</time>
      </trkpt>
      <trkpt lat="49.013518" lon="12.624380">
        <ele>431.067460</ele>
        <time>2026-02-16T18:05:07.399Z</time>
      </trkpt>
      <trkpt lat="49.013869" lon="12.623747">
        <ele>433.980010</ele>
        <time>2026-02-16T18:05:27.086Z</time>
      </trkpt>
      <trkpt lat="49.014318" lon="12.622766">
        <ele>438.282747</ele>
        <time>2026-02-16T18:05:58.495Z</time>
      </trkpt>
      <trkpt lat="49.014419" lon="12.622608">
        <ele>439.142813</ele>
        <time>2026-02-16T18:06:04.392Z</time>
      </trkpt>
      <trkpt lat="49.014610" lon="12.622394">
        <ele>440.551585</ele>
        <time>2026-02-16T18:06:13.849Z</time>
      </trkpt>
      <trkpt lat="49.014813" lon="12.622248">
        <ele>441.885625</ele>
        <time>2026-02-16T18:06:22.711Z</time>
      </trkpt>
      <trkpt lat="49.015415" lon="12.621996">
        <ele>445.596050</ele>
        <time>2026-02-16T18:06:47.279Z</time>
      </trkpt>
      <trkpt lat="49.016267" lon="12.621792">
        <ele>450.380394</ele>
        <time>2026-02-16T18:07:18.369Z</time>
      </trkpt>
      <trkpt lat="49.016844" lon="12.621878">
        <ele>453.399249</ele>
        <time>2026-02-16T18:07:38.773Z</time>
      </trkpt>
      <trkpt lat="49.016962" lon="12.621814">
        <ele>454.051410</ele>
        <time>2026-02-16T18:07:43.192Z</time>
      </trkpt>
      <trkpt lat="49.017133" lon="12.621625">
        <ele>455.151161</ele>
        <time>2026-02-16T18:07:50.625Z</time>
      </trkpt>
      <trkpt lat="49.017549" lon="12.620903">
        <ele>458.455280</ele>
        <time>2026-02-16T18:08:12.739Z</time>
      </trkpt>
      <trkpt lat="49.017705" lon="12.620555">
        <ele>459.923626</ele>
        <time>2026-02-16T18:08:22.549Z</time>
      </trkpt>
      <trkpt lat="49.017911" lon="12.619903">
        <ele>462.444616</ele>
        <time>2026-02-16T18:08:39.766Z</time>
      </trkpt>
      <trkpt lat="49.018123" lon="12.619421">
        <ele>464.466233</ele>
        <time>2026-02-16T18:08:53.545Z</time>
      </trkpt>
      <trkpt lat="49.018727" lon="12.618446">
        <ele>469.348330</ele>
        <time>2026-02-16T18:09:26.010Z</time>
      </trkpt>
      <trkpt lat="49.019145" lon="12.617876">
        <ele>472.604559</ele>
        <time>2026-02-16T18:09:47.904Z</time>
      </trkpt>
      <trkpt lat="49.019189" lon="12.617821">
        <ele>472.934932</ele>
        <time>2026-02-16T18:09:50.157Z</time>
      </trkpt>
      <trkpt lat="49.019446" lon="12.617579">
        <ele>474.688878</ele>
        <time>2026-02-16T18:10:01.896Z</time>
      </trkpt>
      <trkpt lat="49.019601" lon="12.617492">
        <ele>475.647963</ele>
        <time>2026-02-16T18:10:08.276Z</time>
      </trkpt>
      <trkpt lat="49.020205" lon="12.617283">
        <ele>478.805447</ele>
        <time>2026-02-16T18:10:32.009Z</time>
      </trkpt>
      <trkpt lat="49.020975" lon="12.616763">
        <ele>482.575300</ele>
        <time>2026-02-16T18:11:01.030Z</time>
      </trkpt>
      <trkpt lat="49.021333" lon="12.616521">
        <ele>484.328311</ele>
        <time>2026-02-16T18:11:12.616Z</time>
      </trkpt>
      <trkpt lat="49.021352" lon="12.616510">
        <ele>484.419290</ele>
        <time>2026-02-16T18:11:13.173Z</time>
      </trkpt>
      <trkpt lat="49.021884" lon="12.616213">
        <ele>486.524415</ele>
        <time>2026-02-16T18:11:27.527Z</time>
      </trkpt>
      <trkpt lat="49.022176" lon="12.616064">
        <ele>487.525741</ele>
        <time>2026-02-16T18:11:34.810Z</time>
      </trkpt>
      <trkpt lat="49.022313" lon="12.616069">
        <ele>487.971388</ele>
        <time>2026-02-16T18:11:38.256Z</time>
      </trkpt>
      <trkpt lat="49.022606" lon="12.616210">
        <ele>488.970531</ele>
        <time>2026-02-16T18:11:46.463Z</time>
      </trkpt>
      <trkpt lat="49.022863" lon="12.616335">
        <ele>489.847767</ele>
        <time>2026-02-16T18:11:53.906Z</time>
      </trkpt>
      <trkpt lat="49.023057" lon="12.616377">
        <ele>490.484974</ele>
        <time>2026-02-16T18:11:59.495Z</time>
      </trkpt>
      <trkpt lat="49.023127" lon="12.616378">
        <ele>490.712621</ele>
        <time>2026-02-16T18:12:01.559Z</time>
      </trkpt>
      <trkpt lat="49.023396" lon="12.616323">
        <ele>491.805865</ele>
        <time>2026-02-16T18:12:10.252Z</time>
      </trkpt>
      <trkpt lat="49.023494" lon="12.616279">
        <ele>492.329182</ele>
        <time>2026-02-16T18:12:13.753Z</time>
      </trkpt>
      <trkpt lat="49.024039" lon="12.615912">
        <ele>495.381057</ele>
        <time>2026-02-16T18:12:36.082Z</time>
      </trkpt>
      <trkpt lat="49.024626" lon="12.615431">
        <ele>498.794600</ele>
        <time>2026-02-16T18:13:01.190Z</time>
      </trkpt>
      <trkpt lat="49.025758" lon="12.614740">
        <ele>504.663367</ele>
        <time>2026-02-16T18:13:42.463Z</time>
      </trkpt>
      <trkpt lat="49.025998" lon="12.614545">
        <ele>505.942083</ele>
        <time>2026-02-16T18:13:51.083Z</time>
      </trkpt>
      <trkpt lat="49.026495" lon="12.613915">
        <ele>508.993756</ele>
        <time>2026-02-16T18:14:12.176Z</time>
      </trkpt>
      <trkpt lat="49.027048" lon="12.613166">
        <ele>513.022331</ele>
        <time>2026-02-16T18:14:38.305Z</time>
      </trkpt>
      <trkpt lat="49.027430" lon="12.612845">
        <ele>515.398010</ele>
        <time>2026-02-16T18:14:54.483Z</time>
      </trkpt>
      <trkpt lat="49.027812" lon="12.612643">
        <ele>517.600268</ele>
        <time>2026-02-16T18:15:09.763Z</time>
      </trkpt>
      <trkpt lat="49.028674" lon="12.612431">
        <ele>522.617381</ele>
        <time>2026-02-16T18:15:44.692Z</time>
      </trkpt>
      <trkpt lat="49.028959" lon="12.612299">
        <ele>524.355584</ele>
        <time>2026-02-16T18:15:56.804Z</time>
      </trkpt>
      <trkpt lat="49.029147" lon="12.612165">
        <ele>525.566614</ele>
        <time>2026-02-16T18:16:04.883Z</time>
      </trkpt>
      <trkpt lat="49.029450" lon="12.611770">
        <ele>527.892786</ele>
        <time>2026-02-16T18:16:19.824Z</time>
      </trkpt>
      <trkpt lat="49.029553" lon="12.611621">
        <ele>528.721249</ele>
        <time>2026-02-16T18:16:24.933Z</time>
      </trkpt>
      <trkpt lat="49.029904" lon="12.611123">
        <ele>530.470441</ele>
        <time>2026-02-16T18:16:41.252Z</time>
      </trkpt>
      <trkpt lat="49.030134" lon="12.610878">
        <ele>531.369301</ele>
        <time>2026-02-16T18:16:49.969Z</time>
      </trkpt>
      <trkpt lat="49.030601" lon="12.610462">
        <ele>533.102080</ele>
        <time>2026-02-16T18:17:03.481Z</time>
      </trkpt>
      <trkpt lat="49.030724" lon="12.610331">
        <ele>533.582747</ele>
        <time>2026-02-16T18:17:06.843Z</time>
      </trkpt>
      <trkpt lat="49.030889" lon="12.610041">
        <ele>534.389353</ele>
        <time>2026-02-16T18:17:12.519Z</time>
      </trkpt>
      <trkpt lat="49.031037" lon="12.609836">
        <ele>535.027292</ele>
        <time>2026-02-16T18:17:16.866Z</time>
      </trkpt>
      <trkpt lat="49.031539" lon="12.609497">
        <ele>536.723248</ele>
        <time>2026-02-16T18:17:29.735Z</time>
      </trkpt>
      <trkpt lat="49.031688" lon="12.609385">
        <ele>537.236394</ele>
        <time>2026-02-16T18:17:34.128Z</time>
      </trkpt>
      <trkpt lat="49.031870" lon="12.609241">
        <ele>537.869765</ele>
        <time>2026-02-16T18:17:39.815Z</time>
      </trkpt>
      <trkpt lat="49.032084" lon="12.609019">
        <ele>538.669260</ele>
        <time>2026-02-16T18:17:47.152Z</time>
      </trkpt>
      <trkpt lat="49.032131" lon="12.608957">
        <ele>538.861219</ele>
        <time>2026-02-16T18:17:49.019Z</time>
      </trkpt>
      <trkpt lat="49.032222" lon="12.608799">
        <ele>539.287163</ele>
        <time>2026-02-16T18:17:53.061Z</time>
      </trkpt>
      <trkpt lat="49.032326" lon="12.608528">
        <ele>539.923146</ele>
        <time>2026-02-16T18:17:59.232Z</time>
      </trkpt>
      <trkpt lat="49.032378" lon="12.608233">
        <ele>540.562795</ele>
        <time>2026-02-16T18:18:05.284Z</time>
      </trkpt>
      <trkpt lat="49.032402" lon="12.607753">
        <ele>542.250346</ele>
        <time>2026-02-16T18:18:14.801Z</time>
      </trkpt>
      <trkpt lat="49.032405" lon="12.606787">
        <ele>545.636744</ele>
        <time>2026-02-16T18:18:36.722Z</time>
      </trkpt>
      <trkpt lat="49.032460" lon="12.606508">
        <ele>546.658046</ele>
        <time>2026-02-16T18:18:43.525Z</time>
      </trkpt>
      <trkpt lat="49.032549" lon="12.606367">
        <ele>547.344168</ele>
        <time>2026-02-16T18:18:48.281Z</time>
      </trkpt>
      <trkpt lat="49.032607" lon="12.606324">
        <ele>547.688978</ele>
        <time>2026-02-16T18:18:50.735Z</time>
      </trkpt>
      <trkpt lat="49.032745" lon="12.606294">
        <ele>548.434297</ele>
        <time>2026-02-16T18:18:56.143Z</time>
      </trkpt>
      <trkpt lat="49.033482" lon="12.606373">
        <ele>552.959603</ele>
        <time>2026-02-16T18:19:27.953Z</time>
      </trkpt>
      <trkpt lat="49.033765" lon="12.606404">
        <ele>554.863565</ele>
        <time>2026-02-16T18:19:41.609Z</time>
      </trkpt>
      <trkpt lat="49.033889" lon="12.606417">
        <ele>555.697630</ele>
        <time>2026-02-16T18:19:47.617Z</time>
      </trkpt>
      <trkpt lat="49.034664" lon="12.606509">
        <ele>560.913992</ele>
        <time>2026-02-16T18:20:20.124Z</time>
      </trkpt>
      <trkpt lat="49.034990" lon="12.606494">
        <ele>562.961799</ele>
        <time>2026-02-16T18:20:31.941Z</time>
      </trkpt>
      <trkpt lat="49.035314" lon="12.606354">
        <ele>564.869029</ele>
        <time>2026-02-16T18:20:43.240Z</time>
      </trkpt>
      <trkpt lat="49.035613" lon="12.606098">
        <ele>566.810995</ele>
        <time>2026-02-16T18:20:54.520Z</time>
      </trkpt>
      <trkpt lat="49.035842" lon="12.605776">
        <ele>568.574965</ele>
        <time>2026-02-16T18:21:05.057Z</time>
      </trkpt>
      <trkpt lat="49.036281" lon="12.605116">
        <ele>572.065985</ele>
        <time>2026-02-16T18:21:28.604Z</time>
      </trkpt>
      <trkpt lat="49.036715" lon="12.604260">
        <ele>577.879948</ele>
        <time>2026-02-16T18:22:02.690Z</time>
      </trkpt>
      <trkpt lat="49.036832" lon="12.604080">
        <ele>579.278327</ele>
        <time>2026-02-16T18:22:11.158Z</time>
      </trkpt>
      <trkpt lat="49.036989" lon="12.603931">
        <ele>580.834343</ele>
        <time>2026-02-16T18:22:20.734Z</time>
      </trkpt>
      <trkpt lat="49.037594" lon="12.603598">
        <ele>586.246807</ele>
        <time>2026-02-16T18:22:54.578Z</time>
      </trkpt>
      <trkpt lat="49.038692" lon="12.602456">
        <ele>595.547508</ele>
        <time>2026-02-16T18:23:57.226Z</time>
      </trkpt>
      <trkpt lat="49.038839" lon="12.602211">
        <ele>597.031562</ele>
        <time>2026-02-16T18:24:05.496Z</time>
      </trkpt>
      <trkpt lat="49.039267" lon="12.601225">
        <ele>600.570142</ele>
        <time>2026-02-16T18:24:29.459Z</time>
      </trkpt>
      <trkpt lat="49.039379" lon="12.601053">
        <ele>600.906943</ele>
        <time>2026-02-16T18:24:33.279Z</time>
      </trkpt>
      <trkpt lat="49.039525" lon="12.600909">
        <ele>601.275393</ele>
        <time>2026-02-16T18:24:37.092Z</time>
      </trkpt>
      <trkpt lat="49.040837" lon="12.599960">
        <ele>604.652337</ele>
        <time>2026-02-16T18:25:04.874Z</time>
      </trkpt>
      <trkpt lat="49.041043" lon="12.599744">
        <ele>605.391519</ele>
        <time>2026-02-16T18:25:11.168Z</time>
      </trkpt>
      <trkpt lat="49.041421" lon="12.599258">
        <ele>606.853348</ele>
        <time>2026-02-16T18:25:25.614Z</time>
      </trkpt>
      <trkpt lat="49.041861" lon="12.598694">
        <ele>608.552802</ele>
        <time>2026-02-16T18:25:43.421Z</time>
      </trkpt>
      <trkpt lat="49.042308" lon="12.598043">
        <ele>609.996467</ele>
        <time>2026-02-16T18:26:01.498Z</time>
      </trkpt>
      <trkpt lat="49.042547" lon="12.597860">
        <ele>610.580380</ele>
        <time>2026-02-16T18:26:08.319Z</time>
      </trkpt>
      <trkpt lat="49.043689" lon="12.597254">
        <ele>613.328137</ele>
        <time>2026-02-16T18:26:31.187Z</time>
      </trkpt>
      <trkpt lat="49.044934" lon="12.596541">
        <ele>617.054075</ele>
        <time>2026-02-16T18:27:05.176Z</time>
      </trkpt>
      <trkpt lat="49.045824" lon="12.596490">
        <ele>621.027808</ele>
        <time>2026-02-16T18:27:34.891Z</time>
      </trkpt>
      <trkpt lat="49.046247" lon="12.596321">
        <ele>623.337848</ele>
        <time>2026-02-16T18:27:51.014Z</time>
      </trkpt>
      <trkpt lat="49.046736" lon="12.595997">
        <ele>626.154306</ele>
        <time>2026-02-16T18:28:11.368Z</time>
      </trkpt>
      <trkpt lat="49.047434" lon="12.595259">
        <ele>631.332001</ele>
        <time>2026-02-16T18:28:44.740Z</time>
      </trkpt>
      <trkpt lat="49.047543" lon="12.595190">
        <ele>632.087699</ele>
        <time>2026-02-16T18:28:49.700Z</time>
      </trkpt>
      <trkpt lat="49.047820" lon="12.595097">
        <ele>633.903962</ele>
        <time>2026-02-16T18:29:02.243Z</time>
      </trkpt>
      <trkpt lat="49.048252" lon="12.595026">
        <ele>636.686361</ele>
        <time>2026-02-16T18:29:20.784Z</time>
      </trkpt>
      <trkpt lat="49.048465" lon="12.594927">
        <ele>638.112233</ele>
        <time>2026-02-16T18:29:29.761Z</time>
      </trkpt>
      <trkpt lat="49.048998" lon="12.594459">
        <ele>641.112282</ele>
        <time>2026-02-16T18:29:52.793Z</time>
      </trkpt>
      <trkpt lat="49.049317" lon="12.594282">
        <ele>642.638729</ele>
        <time>2026-02-16T18:30:04.377Z</time>
      </trkpt>
      <trkpt lat="49.049804" lon="12.594131">
        <ele>644.873517</ele>
        <time>2026-02-16T18:30:20.091Z</time>
      </trkpt>
      <trkpt lat="49.050591" lon="12.594051">
        <ele>648.049192</ele>
        <time>2026-02-16T18:30:41.799Z</time>
      </trkpt>
      <trkpt lat="49.050969" lon="12.594013">
        <ele>649.311019</ele>
        <time>2026-02-16T18:30:51.442Z</time>
      </trkpt>
      <trkpt lat="49.051178" lon="12.593929">
        <ele>650.030933</ele>
        <time>2026-02-16T18:30:57.004Z</time>
      </trkpt>
      <trkpt lat="49.051781" lon="12.593498">
        <ele>652.248946</ele>
        <time>2026-02-16T18:31:15.118Z</time>
      </trkpt>
      <trkpt lat="49.052385" lon="12.593217">
        <ele>654.830865</ele>
        <time>2026-02-16T18:31:35.727Z</time>
      </trkpt>
      <trkpt lat="49.052568" lon="12.592911">
        <ele>656.050504</ele>
        <time>2026-02-16T18:31:45.331Z</time>
      </trkpt>
      <trkpt lat="49.052653" lon="12.592688">
        <ele>656.810025</ele>
        <time>2026-02-16T18:31:51.237Z</time>
      </trkpt>
      <trkpt lat="49.052763" lon="12.592255">
        <ele>658.177275</ele>
        <time>2026-02-16T18:32:01.721Z</time>
      </trkpt>
      <trkpt lat="49.052965" lon="12.591767">
        <ele>659.876610</ele>
        <time>2026-02-16T18:32:14.186Z</time>
      </trkpt>
      <trkpt lat="49.052852" lon="12.591641">
        <ele>660.505350</ele>
        <time>2026-02-16T18:32:18.584Z</time>
      </trkpt>
      <trkpt lat="49.051807" lon="12.590526">
        <ele>666.109974</ele>
        <time>2026-02-16T18:32:58.607Z</time>
      </trkpt>
      <trkpt lat="49.051182" lon="12.589873">
        <ele>669.271604</ele>
        <time>2026-02-16T18:33:24.323Z</time>
      </trkpt>
      <trkpt lat="49.051051" lon="12.589635">
        <ele>669.870238</ele>
        <time>2026-02-16T18:33:31.212Z</time>
      </trkpt>
      <trkpt lat="49.050958" lon="12.589401">
        <ele>670.397343</ele>
        <time>2026-02-16T18:33:37.135Z</time>
      </trkpt>
      <trkpt lat="49.050892" lon="12.589042">
        <ele>671.115507</ele>
        <time>2026-02-16T18:33:44.722Z</time>
      </trkpt>
      <trkpt lat="49.050878" lon="12.588762">
        <ele>671.656386</ele>
        <time>2026-02-16T18:33:49.919Z</time>
      </trkpt>
      <trkpt lat="49.050905" lon="12.588490">
        <ele>672.186263</ele>
        <time>2026-02-16T18:33:54.571Z</time>
      </trkpt>
      <trkpt lat="49.051252" lon="12.587059">
        <ele>674.273012</ele>
        <time>2026-02-16T18:34:14.850Z</time>
      </trkpt>
      <trkpt lat="49.051390" lon="12.586768">
        <ele>674.304201</ele>
        <time>2026-02-16T18:34:18.702Z</time>
      </trkpt>
      <trkpt lat="49.051596" lon="12.586441">
        <ele>674.343585</ele>
        <time>2026-02-16T18:34:23.319Z</time>
      </trkpt>
      <trkpt lat="49.051741" lon="12.586287">
        <ele>674.366992</ele>
        <time>2026-02-16T18:34:25.987Z</time>
      </trkpt>
      <trkpt lat="49.052062" lon="12.586082">
        <ele>674.413097</ele>
        <time>2026-02-16T18:34:31.030Z</time>
      </trkpt>
      <trkpt lat="49.054178" lon="12.585156">
        <ele>672.968281</ele>
        <time>2026-02-16T18:34:58.565Z</time>
      </trkpt>
      <trkpt lat="49.054353" lon="12.585033">
        <ele>672.802731</ele>
        <time>2026-02-16T18:35:00.911Z</time>
      </trkpt>
      <trkpt lat="49.054783" lon="12.584608">
        <ele>672.361717</ele>
        <time>2026-02-16T18:35:07.222Z</time>
      </trkpt>
      <trkpt lat="49.055196" lon="12.583991">
        <ele>671.864183</ele>
        <time>2026-02-16T18:35:14.391Z</time>
      </trkpt>
      <trkpt lat="49.055926" lon="12.582808">
        <ele>670.883584</ele>
        <time>2026-02-16T18:35:27.803Z</time>
      </trkpt>
      <trkpt lat="49.056383" lon="12.582069">
        <ele>670.227569</ele>
        <time>2026-02-16T18:35:36.238Z</time>
      </trkpt>
      <trkpt lat="49.056621" lon="12.581445">
        <ele>669.761434</ele>
        <time>2026-02-16T18:35:42.134Z</time>
      </trkpt>
      <trkpt lat="49.056870" lon="12.580037">
        <ele>667.931583</ele>
        <time>2026-02-16T18:35:52.754Z</time>
      </trkpt>
      <trkpt lat="49.056890" lon="12.579716">
        <ele>667.491733</ele>
        <time>2026-02-16T18:35:54.977Z</time>
      </trkpt>
      <trkpt lat="49.056885" lon="12.579302">
        <ele>666.926901</ele>
        <time>2026-02-16T18:35:57.841Z</time>
      </trkpt>
      <trkpt lat="49.056855" lon="12.579003">
        <ele>666.514283</ele>
        <time>2026-02-16T18:35:59.948Z</time>
      </trkpt>
      <trkpt lat="49.056738" lon="12.578360">
        <ele>665.590535</ele>
        <time>2026-02-16T18:36:04.575Z</time>
      </trkpt>
      <trkpt lat="49.056601" lon="12.577856">
        <ele>664.809167</ele>
        <time>2026-02-16T18:36:08.466Z</time>
      </trkpt>
      <trkpt lat="49.056468" lon="12.577564">
        <ele>664.299930</ele>
        <time>2026-02-16T18:36:11.109Z</time>
      </trkpt>
      <trkpt lat="49.056626" lon="12.577430">
        <ele>663.904919</ele>
        <time>2026-02-16T18:36:14.014Z</time>
      </trkpt>
      <trkpt lat="49.057148" lon="12.577594">
        <ele>662.740292</ele>
        <time>2026-02-16T18:36:22.546Z</time>
      </trkpt>
      <trkpt lat="49.057244" lon="12.577568">
        <ele>662.527229</ele>
        <time>2026-02-16T18:36:24.065Z</time>
      </trkpt>
      <trkpt lat="49.057411" lon="12.577387">
        <ele>662.079613</ele>
        <time>2026-02-16T18:36:27.232Z</time>
      </trkpt>
      <trkpt lat="49.058114" lon="12.575506">
        <ele>658.542224</ele>
        <time>2026-02-16T18:36:47.827Z</time>
      </trkpt>
      <trkpt lat="49.058233" lon="12.575349">
        <ele>658.147855</ele>
        <time>2026-02-16T18:36:50.177Z</time>
      </trkpt>
      <trkpt lat="49.058575" lon="12.575104">
        <ele>657.530409</ele>
        <time>2026-02-16T18:36:56.414Z</time>
      </trkpt>
      <trkpt lat="49.058722" lon="12.574398">
        <ele>658.030820</ele>
        <time>2026-02-16T18:37:07.131Z</time>
      </trkpt>
      <trkpt lat="49.058982" lon="12.573085">
        <ele>658.957382</ele>
        <time>2026-02-16T18:37:32.818Z</time>
      </trkpt>
      <trkpt lat="49.058958" lon="12.572704">
        <ele>659.215938</ele>
        <time>2026-02-16T18:37:40.418Z</time>
      </trkpt>
      <trkpt lat="49.058886" lon="12.572140">
        <ele>659.120952</ele>
        <time>2026-02-16T18:37:50.898Z</time>
      </trkpt>
      <trkpt lat="49.059035" lon="12.570389">
        <ele>658.487682</ele>
        <time>2026-02-16T18:38:11.297Z</time>
      </trkpt>
      <trkpt lat="49.059167" lon="12.569783">
        <ele>658.179247</ele>
        <time>2026-02-16T18:38:17.739Z</time>
      </trkpt>
      <trkpt lat="49.059681" lon="12.568450">
        <ele>656.654857</ele>
        <time>2026-02-16T18:38:33.516Z</time>
      </trkpt>
      <trkpt lat="49.059842" lon="12.567400">
        <ele>655.604357</ele>
        <time>2026-02-16T18:38:45.755Z</time>
      </trkpt>
      <trkpt lat="49.059989" lon="12.567001">
        <ele>655.982392</ele>
        <time>2026-02-16T18:38:51.711Z</time>
      </trkpt>
      <trkpt lat="49.060208" lon="12.566319">
        <ele>656.609629</ele>
        <time>2026-02-16T18:39:02.893Z</time>
      </trkpt>
      <trkpt lat="49.060356" lon="12.566036">
        <ele>656.908660</ele>
        <time>2026-02-16T18:39:08.862Z</time>
      </trkpt>
      <trkpt lat="49.060817" lon="12.565329">
        <ele>657.732375</ele>
        <time>2026-02-16T18:39:27.320Z</time>
      </trkpt>
      <trkpt lat="49.061297" lon="12.563845">
        <ele>660.104855</ele>
        <time>2026-02-16T18:40:05.147Z</time>
      </trkpt>
      <trkpt lat="49.061462" lon="12.563059">
        <ele>661.342241</ele>
        <time>2026-02-16T18:40:20.855Z</time>
      </trkpt>
      <trkpt lat="49.061776" lon="12.562221">
        <ele>661.521401</ele>
        <time>2026-02-16T18:40:34.026Z</time>
      </trkpt>
      <trkpt lat="49.062195" lon="12.561461">
        <ele>660.674967</ele>
        <time>2026-02-16T18:40:44.665Z</time>
      </trkpt>
      <trkpt lat="49.062786" lon="12.561528">
        <ele>659.904198</ele>
        <time>2026-02-16T18:40:53.763Z</time>
      </trkpt>
      <trkpt lat="49.063235" lon="12.561523">
        <ele>659.230317</ele>
        <time>2026-02-16T18:41:00.718Z</time>
      </trkpt>
      <trkpt lat="49.063746" lon="12.561593">
        <ele>658.376438</ele>
        <time>2026-02-16T18:41:09.014Z</time>
      </trkpt>
      <trkpt lat="49.063967" lon="12.561521">
        <ele>658.000340</ele>
        <time>2026-02-16T18:41:12.565Z</time>
      </trkpt>
      <trkpt lat="49.063975" lon="12.560781">
        <ele>657.193276</ele>
        <time>2026-02-16T18:41:20.494Z</time>
      </trkpt>
      <trkpt lat="49.063994" lon="12.560714">
        <ele>657.113664</ele>
        <time>2026-02-16T18:41:21.328Z</time>
      </trkpt>
      <trkpt lat="49.063981" lon="12.560356">
        <ele>656.722674</ele>
        <time>2026-02-16T18:41:25.214Z</time>
      </trkpt>
      <trkpt lat="49.064072" lon="12.559015">
        <ele>655.118300</ele>
        <time>2026-02-16T18:41:40.752Z</time>
      </trkpt>
      <trkpt lat="49.064535" lon="12.557003">
        <ele>651.337874</ele>
        <time>2026-02-16T18:42:02.195Z</time>
      </trkpt>
      <trkpt lat="49.064554" lon="12.556584">
        <ele>650.060715</ele>
        <time>2026-02-16T18:42:05.909Z</time>
      </trkpt>
      <trkpt lat="49.064526" lon="12.556169">
        <ele>648.792095</ele>
        <time>2026-02-16T18:42:09.554Z</time>
      </trkpt>
      <trkpt lat="49.064346" lon="12.555397">
        <ele>646.300354</ele>
        <time>2026-02-16T18:42:16.606Z</time>
      </trkpt>
      <trkpt lat="49.064342" lon="12.555247">
        <ele>645.843848</ele>
        <time>2026-02-16T18:42:17.889Z</time>
      </trkpt>
      <trkpt lat="49.064371" lon="12.555010">
        <ele>645.110707</ele>
        <time>2026-02-16T18:42:19.954Z</time>
      </trkpt>
      <trkpt lat="49.064777" lon="12.552698">
        <ele>638.195240</ele>
        <time>2026-02-16T18:42:41.383Z</time>
      </trkpt>
      <trkpt lat="49.064753" lon="12.551746">
        <ele>636.243925</ele>
        <time>2026-02-16T18:42:50.735Z</time>
      </trkpt>
      <trkpt lat="49.064901" lon="12.550827">
        <ele>634.836210</ele>
        <time>2026-02-16T18:43:00.500Z</time>
      </trkpt>
      <trkpt lat="49.064925" lon="12.550069">
        <ele>633.707359</ele>
        <time>2026-02-16T18:43:08.492Z</time>
      </trkpt>
      <trkpt lat="49.064979" lon="12.549797">
        <ele>633.284590</ele>
        <time>2026-02-16T18:43:11.474Z</time>
      </trkpt>
      <trkpt lat="49.065231" lon="12.548920">
        <ele>632.333015</ele>
        <time>2026-02-16T18:43:21.303Z</time>
      </trkpt>
      <trkpt lat="49.065315" lon="12.548351">
        <ele>631.822237</ele>
        <time>2026-02-16T18:43:27.292Z</time>
      </trkpt>
      <trkpt lat="49.065330" lon="12.548066">
        <ele>631.571853</ele>
        <time>2026-02-16T18:43:30.319Z</time>
      </trkpt>
      <trkpt lat="49.065317" lon="12.547861">
        <ele>631.391491</ele>
        <time>2026-02-16T18:43:32.561Z</time>
      </trkpt>
      <trkpt lat="49.065296" lon="12.547751">
        <ele>631.291156</ele>
        <time>2026-02-16T18:43:33.826Z</time>
      </trkpt>
      <trkpt lat="49.065169" lon="12.547464">
        <ele>630.987872</ele>
        <time>2026-02-16T18:43:37.755Z</time>
      </trkpt>
      <trkpt lat="49.064957" lon="12.547072">
        <ele>630.692208</ele>
        <time>2026-02-16T18:43:43.879Z</time>
      </trkpt>
      <trkpt lat="49.064813" lon="12.546711">
        <ele>631.197626</ele>
        <time>2026-02-16T18:43:49.444Z</time>
      </trkpt>
      <trkpt lat="49.064460" lon="12.545070">
        <ele>633.263105</ele>
        <time>2026-02-16T18:44:22.376Z</time>
      </trkpt>
      <trkpt lat="49.064420" lon="12.544580">
        <ele>633.853614</ele>
        <time>2026-02-16T18:44:33.106Z</time>
      </trkpt>
      <trkpt lat="49.064470" lon="12.543706">
        <ele>634.837189</ele>
        <time>2026-02-16T18:44:51.864Z</time>
      </trkpt>
      <trkpt lat="49.064485" lon="12.543599">
        <ele>634.959578</ele>
        <time>2026-02-16T18:44:54.273Z</time>
      </trkpt>
      <trkpt lat="49.064351" lon="12.543467">
        <ele>635.231840</ele>
        <time>2026-02-16T18:44:58.453Z</time>
      </trkpt>
      <trkpt lat="49.064227" lon="12.543261">
        <ele>635.544730</ele>
        <time>2026-02-16T18:45:03.016Z</time>
      </trkpt>
      <trkpt lat="49.063853" lon="12.542221">
        <ele>636.871687</ele>
        <time>2026-02-16T18:45:17.606Z</time>
      </trkpt>
      <trkpt lat="49.063589" lon="12.541803">
        <ele>636.125597</ele>
        <time>2026-02-16T18:45:22.286Z</time>
      </trkpt>
      <trkpt lat="49.063340" lon="12.541619">
        <ele>635.424821</ele>
        <time>2026-02-16T18:45:25.441Z</time>
      </trkpt>
      <trkpt lat="49.062669" lon="12.541514">
        <ele>633.716222</ele>
        <time>2026-02-16T18:45:32.422Z</time>
      </trkpt>
      <trkpt lat="49.061427" lon="12.541375">
        <ele>629.268299</ele>
        <time>2026-02-16T18:45:44.371Z</time>
      </trkpt>
      <trkpt lat="49.059624" lon="12.540905">
        <ele>622.729681</ele>
        <time>2026-02-16T18:46:02.050Z</time>
      </trkpt>
      <trkpt lat="49.058342" lon="12.540557">
        <ele>619.847872</ele>
        <time>2026-02-16T18:46:17.489Z</time>
      </trkpt>
      <trkpt lat="49.058123" lon="12.540471">
        <ele>619.634481</ele>
        <time>2026-02-16T18:46:20.112Z</time>
      </trkpt>
      <trkpt lat="49.057975" lon="12.540375">
        <ele>619.482729</ele>
        <time>2026-02-16T18:46:21.953Z</time>
      </trkpt>
      <trkpt lat="49.057199" lon="12.539602">
        <ele>618.608255</ele>
        <time>2026-02-16T18:46:32.815Z</time>
      </trkpt>
      <trkpt lat="49.057221" lon="12.536611">
        <ele>618.944998</ele>
        <time>2026-02-16T18:47:17.813Z</time>
      </trkpt>
      <trkpt lat="49.057186" lon="12.535952">
        <ele>618.255324</ele>
        <time>2026-02-16T18:47:25.908Z</time>
      </trkpt>
      <trkpt lat="49.057123" lon="12.535348">
        <ele>617.488277</ele>
        <time>2026-02-16T18:47:32.397Z</time>
      </trkpt>
      <trkpt lat="49.056806" lon="12.533604">
        <ele>615.161187</ele>
        <time>2026-02-16T18:47:49.917Z</time>
      </trkpt>
      <trkpt lat="49.056014" lon="12.529673">
        <ele>609.009725</ele>
        <time>2026-02-16T18:48:31.950Z</time>
      </trkpt>
      <trkpt lat="49.055941" lon="12.529476">
        <ele>608.669312</ele>
        <time>2026-02-16T18:48:34.228Z</time>
      </trkpt>
      <trkpt lat="49.055846" lon="12.529355">
        <ele>608.385282</ele>
        <time>2026-02-16T18:48:36.124Z</time>
      </trkpt>
      <trkpt lat="49.055448" lon="12.529172">
        <ele>607.431180</ele>
        <time>2026-02-16T18:48:42.371Z</time>
      </trkpt>
      <trkpt lat="49.054969" lon="12.528994">
        <ele>606.329216</ele>
        <time>2026-02-16T18:48:49.836Z</time>
      </trkpt>
      <trkpt lat="49.054809" lon="12.528905">
        <ele>605.949862</ele>
        <time>2026-02-16T18:48:52.410Z</time>
      </trkpt>
      <trkpt lat="49.054757" lon="12.528815">
        <ele>605.774708</ele>
        <time>2026-02-16T18:48:53.581Z</time>
      </trkpt>
      <trkpt lat="49.054739" lon="12.528615">
        <ele>605.480004</ele>
        <time>2026-02-16T18:48:55.591Z</time>
      </trkpt>
      <trkpt lat="49.054748" lon="12.528309">
        <ele>605.032851</ele>
        <time>2026-02-16T18:48:58.651Z</time>
      </trkpt>
      <trkpt lat="49.054950" lon="12.523328">
        <ele>599.630330</ele>
        <time>2026-02-16T18:49:50.977Z</time>
      </trkpt>
      <trkpt lat="49.055074" lon="12.522498">
        <ele>599.277276</ele>
        <time>2026-02-16T18:50:01.798Z</time>
      </trkpt>
      <trkpt lat="49.055244" lon="12.521731">
        <ele>598.941482</ele>
        <time>2026-02-16T18:50:13.298Z</time>
      </trkpt>
      <trkpt lat="49.055357" lon="12.521056">
        <ele>598.876025</ele>
        <time>2026-02-16T18:50:23.612Z</time>
      </trkpt>
      <trkpt lat="49.055352" lon="12.520705">
        <ele>598.847576</ele>
        <time>2026-02-16T18:50:28.544Z</time>
      </trkpt>
      <trkpt lat="49.055235" lon="12.520001">
        <ele>598.788722</ele>
        <time>2026-02-16T18:50:37.857Z</time>
      </trkpt>
      <trkpt lat="49.054561" lon="12.520250">
        <ele>598.695947</ele>
        <time>2026-02-16T18:50:47.167Z</time>
      </trkpt>
      <trkpt lat="49.054096" lon="12.520532">
        <ele>598.545600</ele>
        <time>2026-02-16T18:50:53.255Z</time>
      </trkpt>
      <trkpt lat="49.054022" lon="12.520582">
        <ele>598.521283</ele>
        <time>2026-02-16T18:50:54.284Z</time>
      </trkpt>
      <trkpt lat="49.053754" lon="12.520769">
        <ele>598.432738</ele>
        <time>2026-02-16T18:50:58.143Z</time>
      </trkpt>
      <trkpt lat="49.053566" lon="12.520199">
        <ele>598.307085</ele>
        <time>2026-02-16T18:51:04.035Z</time>
      </trkpt>
      <trkpt lat="49.053452" lon="12.520074">
        <ele>598.264906</ele>
        <time>2026-02-16T18:51:06.170Z</time>
      </trkpt>
      <trkpt lat="49.053286" lon="12.520041">
        <ele>598.214607</ele>
        <time>2026-02-16T18:51:08.883Z</time>
      </trkpt>
      <trkpt lat="49.053038" lon="12.520025">
        <ele>598.220016</ele>
        <time>2026-02-16T18:51:13.009Z</time>
      </trkpt>
      <trkpt lat="49.052892" lon="12.519967">
        <ele>598.306886</ele>
        <time>2026-02-16T18:51:15.335Z</time>
      </trkpt>
      <trkpt lat="49.052778" lon="12.519894">
        <ele>598.378074</ele>
        <time>2026-02-16T18:51:17.194Z</time>
      </trkpt>
      <trkpt lat="49.052699" lon="12.519786">
        <ele>598.439149</ele>
        <time>2026-02-16T18:51:18.861Z</time>
      </trkpt>
      <trkpt lat="49.052030" lon="12.518121">
        <ele>599.176147</ele>
        <time>2026-02-16T18:51:41.730Z</time>
      </trkpt>
      <trkpt lat="49.051275" lon="12.516626">
        <ele>600.733523</ele>
        <time>2026-02-16T18:52:03.287Z</time>
      </trkpt>
      <trkpt lat="49.051178" lon="12.516363">
        <ele>600.987866</ele>
        <time>2026-02-16T18:52:07.249Z</time>
      </trkpt>
      <trkpt lat="49.051064" lon="12.515913">
        <ele>601.394470</ele>
        <time>2026-02-16T18:52:14.199Z</time>
      </trkpt>
      <trkpt lat="49.051017" lon="12.515330">
        <ele>603.078476</ele>
        <time>2026-02-16T18:52:24.569Z</time>
      </trkpt>
      <trkpt lat="49.051035" lon="12.515023">
        <ele>604.165319</ele>
        <time>2026-02-16T18:52:30.841Z</time>
      </trkpt>
      <trkpt lat="49.051096" lon="12.514653">
        <ele>605.510631</ele>
        <time>2026-02-16T18:52:39.467Z</time>
      </trkpt>
      <trkpt lat="49.051197" lon="12.514283">
        <ele>606.923936</ele>
        <time>2026-02-16T18:52:49.533Z</time>
      </trkpt>
      <trkpt lat="49.051396" lon="12.513670">
        <ele>609.336075</ele>
        <time>2026-02-16T18:53:08.150Z</time>
      </trkpt>
      <trkpt lat="49.051856" lon="12.512259">
        <ele>615.635389</ele>
        <time>2026-02-16T18:53:54.673Z</time>
      </trkpt>
      <trkpt lat="49.051933" lon="12.511635">
        <ele>618.323610</ele>
        <time>2026-02-16T18:54:12.363Z</time>
      </trkpt>
      <trkpt lat="49.051896" lon="12.510986">
        <ele>621.081627</ele>
        <time>2026-02-16T18:54:29.508Z</time>
      </trkpt>
      <trkpt lat="49.051807" lon="12.510564">
        <ele>622.853456</ele>
        <time>2026-02-16T18:54:40.426Z</time>
      </trkpt>
      <trkpt lat="49.051719" lon="12.510306">
        <ele>623.200583</ele>
        <time>2026-02-16T18:54:46.762Z</time>
      </trkpt>
      <trkpt lat="49.051243" lon="12.509452">
        <ele>624.538595</ele>
        <time>2026-02-16T18:55:04.983Z</time>
      </trkpt>
      <trkpt lat="49.051161" lon="12.509216">
        <ele>624.857400</ele>
        <time>2026-02-16T18:55:07.992Z</time>
      </trkpt>
      <trkpt lat="49.051050" lon="12.508886">
        <ele>625.300102</ele>
        <time>2026-02-16T18:55:11.549Z</time>
      </trkpt>
      <trkpt lat="49.050680" lon="12.508562">
        <ele>626.076983</ele>
        <time>2026-02-16T18:55:17.154Z</time>
      </trkpt>
      <trkpt lat="49.050584" lon="12.508423">
        <ele>626.344123</ele>
        <time>2026-02-16T18:55:18.863Z</time>
      </trkpt>
      <trkpt lat="49.050484" lon="12.508054">
        <ele>626.874777</ele>
        <time>2026-02-16T18:55:22.251Z</time>
      </trkpt>
      <trkpt lat="49.050409" lon="12.507650">
        <ele>627.432799</ele>
        <time>2026-02-16T18:55:26.121Z</time>
      </trkpt>
      <trkpt lat="49.050294" lon="12.507324">
        <ele>627.924809</ele>
        <time>2026-02-16T18:55:30.423Z</time>
      </trkpt>
      <trkpt lat="49.050089" lon="12.506749">
        <ele>628.794708</ele>
        <time>2026-02-16T18:55:41.133Z</time>
      </trkpt>
      <trkpt lat="49.050072" lon="12.506500">
        <ele>629.127412</ele>
        <time>2026-02-16T18:55:46.266Z</time>
      </trkpt>
      <trkpt lat="49.050098" lon="12.505992">
        <ele>629.908472</ele>
        <time>2026-02-16T18:55:58.463Z</time>
      </trkpt>
      <trkpt lat="49.050041" lon="12.505712">
        <ele>630.878714</ele>
        <time>2026-02-16T18:56:06.114Z</time>
      </trkpt>
      <trkpt lat="49.049860" lon="12.505325">
        <ele>632.452021</ele>
        <time>2026-02-16T18:56:18.589Z</time>
      </trkpt>
      <trkpt lat="49.049480" lon="12.504642">
        <ele>635.416779</ele>
        <time>2026-02-16T18:56:41.614Z</time>
      </trkpt>
      <trkpt lat="49.049094" lon="12.503640">
        <ele>638.805584</ele>
        <time>2026-02-16T18:57:07.867Z</time>
      </trkpt>
      <trkpt lat="49.048798" lon="12.502437">
        <ele>638.702186</ele>
        <time>2026-02-16T18:57:23.042Z</time>
      </trkpt>
      <trkpt lat="49.048262" lon="12.499137">
        <ele>635.063570</ele>
        <time>2026-02-16T18:57:46.760Z</time>
      </trkpt>
      <trkpt lat="49.048209" lon="12.498697">
        <ele>634.302230</ele>
        <time>2026-02-16T18:57:49.868Z</time>
      </trkpt>
      <trkpt lat="49.048174" lon="12.497936">
        <ele>631.765402</ele>
        <time>2026-02-16T18:57:54.983Z</time>
      </trkpt>
      <trkpt lat="49.048204" lon="12.496942">
        <ele>627.795836</ele>
        <time>2026-02-16T18:58:01.190Z</time>
      </trkpt>
      <trkpt lat="49.048520" lon="12.493756">
        <ele>611.387566</ele>
        <time>2026-02-16T18:58:19.605Z</time>
      </trkpt>
      <trkpt lat="49.048534" lon="12.493141">
        <ele>607.847153</ele>
        <time>2026-02-16T18:58:23.095Z</time>
      </trkpt>
      <trkpt lat="49.048473" lon="12.492704">
        <ele>606.523642</ele>
        <time>2026-02-16T18:58:25.658Z</time>
      </trkpt>
      <trkpt lat="49.048326" lon="12.492164">
        <ele>605.352955</ele>
        <time>2026-02-16T18:58:29.095Z</time>
      </trkpt>
      <trkpt lat="49.048246" lon="12.491961">
        <ele>604.878713</ele>
        <time>2026-02-16T18:58:30.561Z</time>
      </trkpt>
      <trkpt lat="49.047889" lon="12.491313">
        <ele>603.183882</ele>
        <time>2026-02-16T18:58:36.516Z</time>
      </trkpt>
      <trkpt lat="49.047707" lon="12.490889">
        <ele>602.169125</ele>
        <time>2026-02-16T18:58:42.691Z</time>
      </trkpt>
      <trkpt lat="49.047658" lon="12.490715">
        <ele>601.789957</ele>
        <time>2026-02-16T18:58:45.783Z</time>
      </trkpt>
      <trkpt lat="49.047570" lon="12.490228">
        <ele>603.226264</ele>
        <time>2026-02-16T18:58:55.711Z</time>
      </trkpt>
      <trkpt lat="49.047548" lon="12.489981">
        <ele>604.060260</ele>
        <time>2026-02-16T18:59:01.353Z</time>
      </trkpt>
      <trkpt lat="49.047601" lon="12.486072">
        <ele>617.879829</ele>
        <time>2026-02-16T19:00:41.444Z</time>
      </trkpt>
      <trkpt lat="49.047602" lon="12.485982">
        <ele>618.216476</ele>
        <time>2026-02-16T19:00:43.509Z</time>
      </trkpt>
      <trkpt lat="49.047624" lon="12.485080">
        <ele>621.523569</ele>
        <time>2026-02-16T19:01:04.153Z</time>
      </trkpt>
      <trkpt lat="49.047722" lon="12.484491">
        <ele>623.451314</ele>
        <time>2026-02-16T19:01:18.008Z</time>
      </trkpt>
      <trkpt lat="49.047880" lon="12.484035">
        <ele>625.087571</ele>
        <time>2026-02-16T19:01:29.976Z</time>
      </trkpt>
      <trkpt lat="49.048003" lon="12.483785">
        <ele>626.079219</ele>
        <time>2026-02-16T19:01:37.570Z</time>
      </trkpt>
      <trkpt lat="49.048193" lon="12.483497">
        <ele>627.375505</ele>
        <time>2026-02-16T19:01:47.354Z</time>
      </trkpt>
      <trkpt lat="49.048397" lon="12.483279">
        <ele>628.580962</ele>
        <time>2026-02-16T19:01:56.098Z</time>
      </trkpt>
      <trkpt lat="49.048868" lon="12.482893">
        <ele>630.255369</ele>
        <time>2026-02-16T19:02:12.575Z</time>
      </trkpt>
      <trkpt lat="49.049156" lon="12.482576">
        <ele>630.788151</ele>
        <time>2026-02-16T19:02:21.363Z</time>
      </trkpt>
      <trkpt lat="49.049411" lon="12.482107">
        <ele>631.387350</ele>
        <time>2026-02-16T19:02:29.475Z</time>
      </trkpt>
      <trkpt lat="49.049630" lon="12.481445">
        <ele>632.116513</ele>
        <time>2026-02-16T19:02:36.817Z</time>
      </trkpt>
      <trkpt lat="49.050030" lon="12.479991">
        <ele>632.359384</ele>
        <time>2026-02-16T19:02:50.694Z</time>
      </trkpt>
      <trkpt lat="49.050219" lon="12.479187">
        <ele>632.221686</ele>
        <time>2026-02-16T19:02:58.606Z</time>
      </trkpt>
      <trkpt lat="49.050458" lon="12.477801">
        <ele>631.289645</ele>
        <time>2026-02-16T19:03:12.095Z</time>
      </trkpt>
      <trkpt lat="49.050566" lon="12.476896">
        <ele>630.200740</ele>
        <time>2026-02-16T19:03:19.557Z</time>
      </trkpt>
      <trkpt lat="49.050624" lon="12.475824">
        <ele>628.927449</ele>
        <time>2026-02-16T19:03:26.931Z</time>
      </trkpt>
      <trkpt lat="49.050617" lon="12.474104">
        <ele>623.724049</ele>
        <time>2026-02-16T19:03:37.479Z</time>
      </trkpt>
      <trkpt lat="49.050565" lon="12.472857">
        <ele>620.131029</ele>
        <time>2026-02-16T19:03:45.143Z</time>
      </trkpt>
      <trkpt lat="49.050537" lon="12.472530">
        <ele>619.670231</ele>
        <time>2026-02-16T19:03:47.255Z</time>
      </trkpt>
      <trkpt lat="49.050337" lon="12.470457">
        <ele>616.742424</ele>
        <time>2026-02-16T19:04:02.444Z</time>
      </trkpt>
      <trkpt lat="49.050115" lon="12.468270">
        <ele>619.225960</ele>
        <time>2026-02-16T19:04:29.747Z</time>
      </trkpt>
      <trkpt lat="49.049699" lon="12.464298">
        <ele>632.417321</ele>
        <time>2026-02-16T19:06:07.021Z</time>
      </trkpt>
      <trkpt lat="49.049682" lon="12.464189">
        <ele>632.892877</ele>
        <time>2026-02-16T19:06:10.320Z</time>
      </trkpt>
      <trkpt lat="49.049503" lon="12.463187">
        <ele>637.300904</ele>
        <time>2026-02-16T19:06:41.300Z</time>
      </trkpt>
      <trkpt lat="49.049298" lon="12.462297">
        <ele>641.304915</ele>
        <time>2026-02-16T19:07:07.643Z</time>
      </trkpt>
      <trkpt lat="49.049032" lon="12.461428">
        <ele>643.718820</ele>
        <time>2026-02-16T19:07:28.864Z</time>
      </trkpt>
      <trkpt lat="49.048650" lon="12.460349">
        <ele>646.661600</ele>
        <time>2026-02-16T19:07:48.219Z</time>
      </trkpt>
      <trkpt lat="49.048449" lon="12.459592">
        <ele>648.632935</ele>
        <time>2026-02-16T19:08:01.908Z</time>
      </trkpt>
      <trkpt lat="49.048314" lon="12.458888">
        <ele>650.435584</ele>
        <time>2026-02-16T19:08:17.503Z</time>
      </trkpt>
      <trkpt lat="49.048121" lon="12.457261">
        <ele>654.499000</ele>
        <time>2026-02-16T19:08:55.405Z</time>
      </trkpt>
      <trkpt lat="49.047974" lon="12.454709">
        <ele>654.350577</ele>
        <time>2026-02-16T19:09:21.736Z</time>
      </trkpt>
      <trkpt lat="49.047966" lon="12.454270">
        <ele>654.043595</ele>
        <time>2026-02-16T19:09:24.481Z</time>
      </trkpt>
      <trkpt lat="49.047979" lon="12.453472">
        <ele>652.143630</ele>
        <time>2026-02-16T19:09:29.342Z</time>
      </trkpt>
      <trkpt lat="49.048027" lon="12.452681">
        <ele>650.252862</ele>
        <time>2026-02-16T19:09:34.135Z</time>
      </trkpt>
      <trkpt lat="49.048117" lon="12.451856">
        <ele>648.262209</ele>
        <time>2026-02-16T19:09:39.752Z</time>
      </trkpt>
      <trkpt lat="49.048190" lon="12.451386">
        <ele>647.895752</ele>
        <time>2026-02-16T19:09:43.879Z</time>
      </trkpt>
      <trkpt lat="49.048216" lon="12.451253">
        <ele>647.976820</ele>
        <time>2026-02-16T19:09:45.335Z</time>
      </trkpt>
      <trkpt lat="49.048263" lon="12.451026">
        <ele>648.115870</ele>
        <time>2026-02-16T19:09:48.113Z</time>
      </trkpt>
      <trkpt lat="49.048307" lon="12.450802">
        <ele>648.252459</ele>
        <time>2026-02-16T19:09:51.187Z</time>
      </trkpt>
      <trkpt lat="49.048414" lon="12.450337">
        <ele>648.540321</ele>
        <time>2026-02-16T19:09:58.535Z</time>
      </trkpt>
      <trkpt lat="49.048731" lon="12.449338">
        <ele>649.188629</ele>
        <time>2026-02-16T19:10:16.358Z</time>
      </trkpt>
      <trkpt lat="49.048978" lon="12.448719">
        <ele>648.521882</ele>
        <time>2026-02-16T19:10:24.923Z</time>
      </trkpt>
      <trkpt lat="49.049408" lon="12.447789">
        <ele>646.478461</ele>
        <time>2026-02-16T19:10:33.127Z</time>
      </trkpt>
      <trkpt lat="49.050440" lon="12.445694">
        <ele>638.446978</ele>
        <time>2026-02-16T19:10:49.063Z</time>
      </trkpt>
      <trkpt lat="49.051738" lon="12.442464">
        <ele>622.603143</ele>
        <time>2026-02-16T19:11:11.375Z</time>
      </trkpt>
      <trkpt lat="49.052206" lon="12.441465">
        <ele>619.915800</ele>
        <time>2026-02-16T19:11:19.190Z</time>
      </trkpt>
      <trkpt lat="49.052230" lon="12.441426">
        <ele>619.823724</ele>
        <time>2026-02-16T19:11:19.564Z</time>
      </trkpt>
      <trkpt lat="49.052147" lon="12.441163">
        <ele>619.321327</ele>
        <time>2026-02-16T19:11:22.536Z</time>
      </trkpt>
      <trkpt lat="49.052127" lon="12.440964">
        <ele>618.974824</ele>
        <time>2026-02-16T19:11:24.660Z</time>
      </trkpt>
      <trkpt lat="49.052249" lon="12.440200">
        <ele>617.621432</ele>
        <time>2026-02-16T19:11:33.355Z</time>
      </trkpt>
      <trkpt lat="49.052270" lon="12.439721">
        <ele>616.817239</ele>
        <time>2026-02-16T19:11:39.165Z</time>
      </trkpt>
      <trkpt lat="49.052205" lon="12.438827">
        <ele>615.554960</ele>
        <time>2026-02-16T19:11:49.560Z</time>
      </trkpt>
      <trkpt lat="49.052158" lon="12.438016">
        <ele>614.412413</ele>
        <time>2026-02-16T19:11:57.700Z</time>
      </trkpt>
      <trkpt lat="49.052126" lon="12.436362">
        <ele>611.330768</ele>
        <time>2026-02-16T19:12:13.589Z</time>
      </trkpt>
      <trkpt lat="49.051753" lon="12.435976">
        <ele>609.612350</ele>
        <time>2026-02-16T19:12:17.995Z</time>
      </trkpt>
      <trkpt lat="49.050718" lon="12.435116">
        <ele>604.299910</ele>
        <time>2026-02-16T19:12:29.584Z</time>
      </trkpt>
      <trkpt lat="49.050106" lon="12.435037">
        <ele>600.192916</ele>
        <time>2026-02-16T19:12:35.161Z</time>
      </trkpt>
      <trkpt lat="49.050006" lon="12.434966">
        <ele>599.455375</ele>
        <time>2026-02-16T19:12:36.142Z</time>
      </trkpt>
      <trkpt lat="49.049880" lon="12.434680">
        <ele>597.945093</ele>
        <time>2026-02-16T19:12:39.008Z</time>
      </trkpt>
      <trkpt lat="49.049786" lon="12.434366">
        <ele>596.432199</ele>
        <time>2026-02-16T19:12:41.860Z</time>
      </trkpt>
      <trkpt lat="49.049502" lon="12.434026">
        <ele>594.006640</ele>
        <time>2026-02-16T19:12:46.364Z</time>
      </trkpt>
      <trkpt lat="49.049275" lon="12.433482">
        <ele>590.973724</ele>
        <time>2026-02-16T19:12:50.054Z</time>
      </trkpt>
      <trkpt lat="49.049249" lon="12.433382">
        <ele>590.467776</ele>
        <time>2026-02-16T19:12:50.668Z</time>
      </trkpt>
      <trkpt lat="49.049233" lon="12.433117">
        <ele>589.216216</ele>
        <time>2026-02-16T19:12:52.200Z</time>
      </trkpt>
      <trkpt lat="49.049272" lon="12.432791">
        <ele>587.657724</ele>
        <time>2026-02-16T19:12:54.127Z</time>
      </trkpt>
      <trkpt lat="49.049604" lon="12.431343">
        <ele>580.725635</ele>
        <time>2026-02-16T19:13:03.304Z</time>
      </trkpt>
      <trkpt lat="49.049849" lon="12.430085">
        <ele>576.657741</ele>
        <time>2026-02-16T19:13:11.354Z</time>
      </trkpt>
      <trkpt lat="49.050066" lon="12.428917">
        <ele>572.894697</ele>
        <time>2026-02-16T19:13:19.085Z</time>
      </trkpt>
      <trkpt lat="49.050346" lon="12.427960">
        <ele>571.413664</ele>
        <time>2026-02-16T19:13:26.145Z</time>
      </trkpt>
      <trkpt lat="49.050113" lon="12.427675">
        <ele>570.801675</ele>
        <time>2026-02-16T19:13:29.385Z</time>
      </trkpt>
      <trkpt lat="49.049678" lon="12.427016">
        <ele>569.545430</ele>
        <time>2026-02-16T19:13:36.592Z</time>
      </trkpt>
      <trkpt lat="49.049348" lon="12.426422">
        <ele>568.987409</ele>
        <time>2026-02-16T19:13:43.355Z</time>
      </trkpt>
      <trkpt lat="49.049031" lon="12.425781">
        <ele>568.816674</ele>
        <time>2026-02-16T19:13:50.301Z</time>
      </trkpt>
      <trkpt lat="49.048828" lon="12.425261">
        <ele>568.687985</ele>
        <time>2026-02-16T19:13:55.832Z</time>
      </trkpt>
      <trkpt lat="49.048604" lon="12.424478">
        <ele>568.506335</ele>
        <time>2026-02-16T19:14:05.007Z</time>
      </trkpt>
      <trkpt lat="49.048443" lon="12.423692">
        <ele>567.676182</ele>
        <time>2026-02-16T19:14:12.360Z</time>
      </trkpt>
      <trkpt lat="49.048363" lon="12.422977">
        <ele>566.907547</ele>
        <time>2026-02-16T19:14:17.749Z</time>
      </trkpt>
      <trkpt lat="49.048341" lon="12.421854">
        <ele>565.716990</ele>
        <time>2026-02-16T19:14:25.533Z</time>
      </trkpt>
      <trkpt lat="49.048322" lon="12.420780">
        <ele>564.975138</ele>
        <time>2026-02-16T19:14:32.768Z</time>
      </trkpt>
      <trkpt lat="49.048268" lon="12.420325">
        <ele>564.677742</ele>
        <time>2026-02-16T19:14:36.195Z</time>
      </trkpt>
      <trkpt lat="49.048181" lon="12.419923">
        <ele>564.405461</ele>
        <time>2026-02-16T19:14:39.824Z</time>
      </trkpt>
      <trkpt lat="49.048068" lon="12.419550">
        <ele>564.141175</ele>
        <time>2026-02-16T19:14:44.386Z</time>
      </trkpt>
      <trkpt lat="49.047901" lon="12.419148">
        <ele>563.835063</ele>
        <time>2026-02-16T19:14:51.402Z</time>
      </trkpt>
      <trkpt lat="49.047727" lon="12.418836">
        <ele>563.140523</ele>
        <time>2026-02-16T19:14:57.316Z</time>
      </trkpt>
      <trkpt lat="49.047421" lon="12.418424">
        <ele>562.052424</ele>
        <time>2026-02-16T19:15:04.186Z</time>
      </trkpt>
      <trkpt lat="49.047114" lon="12.418126">
        <ele>561.082294</ele>
        <time>2026-02-16T19:15:08.306Z</time>
      </trkpt>
      <trkpt lat="49.046706" lon="12.417890">
        <ele>559.918943</ele>
        <time>2026-02-16T19:15:12.488Z</time>
      </trkpt>
      <trkpt lat="49.046365" lon="12.417792">
        <ele>558.932790</ele>
        <time>2026-02-16T19:15:15.612Z</time>
      </trkpt>
      <trkpt lat="49.045912" lon="12.417791">
        <ele>555.516718</ele>
        <time>2026-02-16T19:15:19.571Z</time>
      </trkpt>
      <trkpt lat="49.045632" lon="12.417841">
        <ele>553.390827</ele>
        <time>2026-02-16T19:15:22.015Z</time>
      </trkpt>
      <trkpt lat="49.045392" lon="12.417951">
        <ele>551.501083</ele>
        <time>2026-02-16T19:15:24.207Z</time>
      </trkpt>
      <trkpt lat="49.044515" lon="12.418551">
        <ele>544.275214</ele>
        <time>2026-02-16T19:15:32.852Z</time>
      </trkpt>
      <trkpt lat="49.044173" lon="12.418670">
        <ele>541.678284</ele>
        <time>2026-02-16T19:15:36.085Z</time>
      </trkpt>
      <trkpt lat="49.043570" lon="12.418660">
        <ele>537.213858</ele>
        <time>2026-02-16T19:15:41.521Z</time>
      </trkpt>
      <trkpt lat="49.043283" lon="12.418595">
        <ele>535.065838</ele>
        <time>2026-02-16T19:15:44.078Z</time>
      </trkpt>
      <trkpt lat="49.042993" lon="12.418444">
        <ele>532.797289</ele>
        <time>2026-02-16T19:15:46.755Z</time>
      </trkpt>
      <trkpt lat="49.042178" lon="12.417840">
        <ele>525.655390</ele>
        <time>2026-02-16T19:15:54.662Z</time>
      </trkpt>
      <trkpt lat="49.041985" lon="12.417698">
        <ele>523.955439</ele>
        <time>2026-02-16T19:15:56.536Z</time>
      </trkpt>
      <trkpt lat="49.042068" lon="12.417365">
        <ele>522.102711</ele>
        <time>2026-02-16T19:15:59.479Z</time>
      </trkpt>
      <trkpt lat="49.042235" lon="12.417110">
        <ele>520.228153</ele>
        <time>2026-02-16T19:16:02.495Z</time>
      </trkpt>
      <trkpt lat="49.042700" lon="12.416636">
        <ele>516.638000</ele>
        <time>2026-02-16T19:16:09.753Z</time>
      </trkpt>
      <trkpt lat="49.043000" lon="12.416435">
        <ele>515.093210</ele>
        <time>2026-02-16T19:16:14.039Z</time>
      </trkpt>
      <trkpt lat="49.043384" lon="12.416227">
        <ele>513.172053</ele>
        <time>2026-02-16T19:16:17.789Z</time>
      </trkpt>
      <trkpt lat="49.043753" lon="12.415909">
        <ele>511.173963</ele>
        <time>2026-02-16T19:16:21.871Z</time>
      </trkpt>
      <trkpt lat="49.044009" lon="12.415441">
        <ele>509.448040</ele>
        <time>2026-02-16T19:16:25.927Z</time>
      </trkpt>
      <trkpt lat="49.044439" lon="12.414429">
        <ele>511.169472</ele>
        <time>2026-02-16T19:16:37.735Z</time>
      </trkpt>
      <trkpt lat="49.044581" lon="12.414177">
        <ele>511.643808</ele>
        <time>2026-02-16T19:16:43.591Z</time>
      </trkpt>
      <trkpt lat="49.044863" lon="12.413805">
        <ele>512.455614</ele>
        <time>2026-02-16T19:16:55.719Z</time>
      </trkpt>
      <trkpt lat="49.045334" lon="12.413289">
        <ele>514.320477</ele>
        <time>2026-02-16T19:17:17.663Z</time>
      </trkpt>
      <trkpt lat="49.045769" lon="12.412756">
        <ele>517.348906</ele>
        <time>2026-02-16T19:17:40.024Z</time>
      </trkpt>
      <trkpt lat="49.045980" lon="12.412391">
        <ele>519.080421</ele>
        <time>2026-02-16T19:17:52.162Z</time>
      </trkpt>
      <trkpt lat="49.046064" lon="12.412156">
        <ele>520.032757</ele>
        <time>2026-02-16T19:17:58.678Z</time>
      </trkpt>
      <trkpt lat="49.046138" lon="12.411799">
        <ele>521.364900</ele>
        <time>2026-02-16T19:18:07.524Z</time>
      </trkpt>
      <trkpt lat="49.046126" lon="12.411284">
        <ele>523.109607</ele>
        <time>2026-02-16T19:18:19.122Z</time>
      </trkpt>
      <trkpt lat="49.046051" lon="12.410717">
        <ele>523.649961</ele>
        <time>2026-02-16T19:18:31.337Z</time>
      </trkpt>
      <trkpt lat="49.046031" lon="12.410389">
        <ele>523.957692</ele>
        <time>2026-02-16T19:18:37.403Z</time>
      </trkpt>
      <trkpt lat="49.046080" lon="12.409083">
        <ele>525.179718</ele>
        <time>2026-02-16T19:18:54.385Z</time>
      </trkpt>
      <trkpt lat="49.046123" lon="12.407349">
        <ele>521.775138</ele>
        <time>2026-02-16T19:19:06.256Z</time>
      </trkpt>
      <trkpt lat="49.046209" lon="12.406327">
        <ele>518.564732</ele>
        <time>2026-02-16T19:19:12.453Z</time>
      </trkpt>
      <trkpt lat="49.046294" lon="12.405700">
        <ele>516.135199</ele>
        <time>2026-02-16T19:19:16.199Z</time>
      </trkpt>
      <trkpt lat="49.046399" lon="12.404863">
        <ele>511.268017</ele>
        <time>2026-02-16T19:19:21.067Z</time>
      </trkpt>
      <trkpt lat="49.046400" lon="12.404587">
        <ele>509.691658</ele>
        <time>2026-02-16T19:19:22.633Z</time>
      </trkpt>
      <trkpt lat="49.046330" lon="12.404163">
        <ele>507.194403</ele>
        <time>2026-02-16T19:19:25.122Z</time>
      </trkpt>
      <trkpt lat="49.046241" lon="12.403918">
        <ele>505.594582</ele>
        <time>2026-02-16T19:19:26.716Z</time>
      </trkpt>
      <trkpt lat="49.046147" lon="12.403750">
        <ele>504.333009</ele>
        <time>2026-02-16T19:19:27.968Z</time>
      </trkpt>
      <trkpt lat="49.045993" lon="12.403564">
        <ele>502.621508</ele>
        <time>2026-02-16T19:19:29.675Z</time>
      </trkpt>
      <trkpt lat="49.045762" lon="12.403395">
        <ele>500.508665</ele>
        <time>2026-02-16T19:19:31.901Z</time>
      </trkpt>
      <trkpt lat="49.044979" lon="12.403051">
        <ele>494.232561</ele>
        <time>2026-02-16T19:19:39.085Z</time>
      </trkpt>
      <trkpt lat="49.044529" lon="12.402823">
        <ele>490.580311</ele>
        <time>2026-02-16T19:19:43.344Z</time>
      </trkpt>
      <trkpt lat="49.043864" lon="12.402300">
        <ele>485.503852</ele>
        <time>2026-02-16T19:19:50.077Z</time>
      </trkpt>
      <trkpt lat="49.043233" lon="12.401803">
        <ele>481.400398</ele>
        <time>2026-02-16T19:19:56.586Z</time>
      </trkpt>
      <trkpt lat="49.042802" lon="12.401427">
        <ele>478.531450</ele>
        <time>2026-02-16T19:20:01.193Z</time>
      </trkpt>
      <trkpt lat="49.041872" lon="12.400516">
        <ele>473.932991</ele>
        <time>2026-02-16T19:20:11.885Z</time>
      </trkpt>
      <trkpt lat="49.041604" lon="12.400322">
        <ele>472.828601</ele>
        <time>2026-02-16T19:20:14.862Z</time>
      </trkpt>
      <trkpt lat="49.041406" lon="12.400234">
        <ele>472.060803</ele>
        <time>2026-02-16T19:20:16.971Z</time>
      </trkpt>
      <trkpt lat="49.040521" lon="12.400018">
        <ele>468.944376</ele>
        <time>2026-02-16T19:20:26.210Z</time>
      </trkpt>
      <trkpt lat="49.040347" lon="12.400019">
        <ele>468.378078</ele>
        <time>2026-02-16T19:20:28.011Z</time>
      </trkpt>
      <trkpt lat="49.040284" lon="12.400057">
        <ele>468.157594</ele>
        <time>2026-02-16T19:20:28.721Z</time>
      </trkpt>
      <trkpt lat="49.040227" lon="12.400116">
        <ele>467.933410</ele>
        <time>2026-02-16T19:20:29.424Z</time>
      </trkpt>
      <trkpt lat="49.039988" lon="12.400531">
        <ele>466.754873</ele>
        <time>2026-02-16T19:20:33.197Z</time>
      </trkpt>
      <trkpt lat="49.039951" lon="12.400586">
        <ele>466.586737</ele>
        <time>2026-02-16T19:20:33.736Z</time>
      </trkpt>
      <trkpt lat="49.039876" lon="12.400658">
        <ele>466.298332</ele>
        <time>2026-02-16T19:20:34.643Z</time>
      </trkpt>
      <trkpt lat="49.039583" lon="12.400650">
        <ele>465.344591</ele>
        <time>2026-02-16T19:20:37.615Z</time>
      </trkpt>
      <trkpt lat="49.039309" lon="12.400602">
        <ele>464.274662</ele>
        <time>2026-02-16T19:20:40.300Z</time>
      </trkpt>
      <trkpt lat="49.039119" lon="12.400515">
        <ele>462.990981</ele>
        <time>2026-02-16T19:20:42.186Z</time>
      </trkpt>
      <trkpt lat="49.038968" lon="12.400354">
        <ele>461.798840</ele>
        <time>2026-02-16T19:20:43.918Z</time>
      </trkpt>
      <trkpt lat="49.038819" lon="12.400142">
        <ele>460.480358</ele>
        <time>2026-02-16T19:20:45.811Z</time>
      </trkpt>
      <trkpt lat="49.038548" lon="12.399769">
        <ele>458.118398</ele>
        <time>2026-02-16T19:20:49.139Z</time>
      </trkpt>
      <trkpt lat="49.038472" lon="12.399656">
        <ele>457.431637</ele>
        <time>2026-02-16T19:20:50.101Z</time>
      </trkpt>
      <trkpt lat="49.037831" lon="12.398750">
        <ele>451.399360</ele>
        <time>2026-02-16T19:20:57.780Z</time>
      </trkpt>
      <trkpt lat="49.037461" lon="12.398313">
        <ele>447.423010</ele>
        <time>2026-02-16T19:21:01.870Z</time>
      </trkpt>
      <trkpt lat="49.036972" lon="12.397811">
        <ele>442.414352</ele>
        <time>2026-02-16T19:21:07.037Z</time>
      </trkpt>
      <trkpt lat="49.036882" lon="12.397673">
        <ele>441.329976</ele>
        <time>2026-02-16T19:21:08.165Z</time>
      </trkpt>
      <trkpt lat="49.036812" lon="12.397507">
        <ele>440.230447</ele>
        <time>2026-02-16T19:21:09.297Z</time>
      </trkpt>
      <trkpt lat="49.036741" lon="12.397206">
        <ele>438.448416</ele>
        <time>2026-02-16T19:21:11.139Z</time>
      </trkpt>
      <trkpt lat="49.036737" lon="12.396778">
        <ele>435.827605</ele>
        <time>2026-02-16T19:21:13.599Z</time>
      </trkpt>
      <trkpt lat="49.036734" lon="12.396305">
        <ele>432.811581</ele>
        <time>2026-02-16T19:21:16.300Z</time>
      </trkpt>
      <trkpt lat="49.036706" lon="12.395965">
        <ele>430.626677</ele>
        <time>2026-02-16T19:21:18.247Z</time>
      </trkpt>
      <trkpt lat="49.036632" lon="12.395617">
        <ele>428.293994</ele>
        <time>2026-02-16T19:21:20.318Z</time>
      </trkpt>
      <trkpt lat="49.036398" lon="12.394765">
        <ele>422.404090</ele>
        <time>2026-02-16T19:21:25.513Z</time>
      </trkpt>
      <trkpt lat="49.036358" lon="12.394340">
        <ele>419.673666</ele>
        <time>2026-02-16T19:21:27.912Z</time>
      </trkpt>
      <trkpt lat="49.036344" lon="12.393752">
        <ele>415.972269</ele>
        <time>2026-02-16T19:21:31.202Z</time>
      </trkpt>
      <trkpt lat="49.036290" lon="12.393392">
        <ele>413.649077</ele>
        <time>2026-02-16T19:21:33.287Z</time>
      </trkpt>
      <trkpt lat="49.036214" lon="12.393111">
        <ele>411.736850</ele>
        <time>2026-02-16T19:21:35.017Z</time>
      </trkpt>
      <trkpt lat="49.036071" lon="12.392781">
        <ele>409.248381</ele>
        <time>2026-02-16T19:21:37.290Z</time>
      </trkpt>
      <trkpt lat="49.035825" lon="12.392390">
        <ele>405.839235</ele>
        <time>2026-02-16T19:21:40.403Z</time>
      </trkpt>
      <trkpt lat="49.035739" lon="12.392145">
        <ele>404.090963</ele>
        <time>2026-02-16T19:21:41.997Z</time>
      </trkpt>
      <trkpt lat="49.035677" lon="12.391865">
        <ele>402.099489</ele>
        <time>2026-02-16T19:21:43.680Z</time>
      </trkpt>
      <trkpt lat="49.035636" lon="12.391472">
        <ele>399.132220</ele>
        <time>2026-02-16T19:21:45.927Z</time>
      </trkpt>
      <trkpt lat="49.035623" lon="12.390884">
        <ele>394.745315</ele>
        <time>2026-02-16T19:21:49.232Z</time>
      </trkpt>
      <trkpt lat="49.035583" lon="12.390681">
        <ele>393.164756</ele>
        <time>2026-02-16T19:21:50.418Z</time>
      </trkpt>
      <trkpt lat="49.035289" lon="12.390141">
        <ele>387.930799</ele>
        <time>2026-02-16T19:21:54.306Z</time>
      </trkpt>
      <trkpt lat="49.035184" lon="12.390007">
        <ele>386.373699</ele>
        <time>2026-02-16T19:21:55.456Z</time>
      </trkpt>
      <trkpt lat="49.035056" lon="12.389898">
        <ele>384.706353</ele>
        <time>2026-02-16T19:21:56.680Z</time>
      </trkpt>
      <trkpt lat="49.034915" lon="12.389881">
        <ele>383.097659</ele>
        <time>2026-02-16T19:21:57.864Z</time>
      </trkpt>
      <trkpt lat="49.034762" lon="12.389932">
        <ele>381.244014</ele>
        <time>2026-02-16T19:21:59.169Z</time>
      </trkpt>
      <trkpt lat="49.033662" lon="12.390503">
        <ele>367.211915</ele>
        <time>2026-02-16T19:22:08.956Z</time>
      </trkpt>
      <trkpt lat="49.033545" lon="12.390522">
        <ele>365.791004</ele>
        <time>2026-02-16T19:22:09.955Z</time>
      </trkpt>
      <trkpt lat="49.033409" lon="12.390536">
        <ele>364.144893</ele>
        <time>2026-02-16T19:22:11.111Z</time>
      </trkpt>
      <trkpt lat="49.032479" lon="12.390457">
        <ele>355.139556</ele>
        <time>2026-02-16T19:22:19.079Z</time>
      </trkpt>
      <trkpt lat="49.032284" lon="12.390383">
        <ele>353.404420</ele>
        <time>2026-02-16T19:22:20.820Z</time>
      </trkpt>
      <trkpt lat="49.032130" lon="12.390244">
        <ele>351.859252</ele>
        <time>2026-02-16T19:22:22.384Z</time>
      </trkpt>
      <trkpt lat="49.031989" lon="12.390029">
        <ele>350.137654</ele>
        <time>2026-02-16T19:22:24.133Z</time>
      </trkpt>
      <trkpt lat="49.031903" lon="12.389847">
        <ele>348.867571</ele>
        <time>2026-02-16T19:22:25.434Z</time>
      </trkpt>
      <trkpt lat="49.031835" lon="12.389488">
        <ele>346.752022</ele>
        <time>2026-02-16T19:22:27.637Z</time>
      </trkpt>
      <trkpt lat="49.031824" lon="12.388538">
        <ele>344.134808</ele>
        <time>2026-02-16T19:22:33.495Z</time>
      </trkpt>
      <trkpt lat="49.031826" lon="12.388457">
        <ele>344.003959</ele>
        <time>2026-02-16T19:22:34.250Z</time>
      </trkpt>
      <trkpt lat="49.031771" lon="12.388132">
        <ele>343.462126</ele>
        <time>2026-02-16T19:22:36.440Z</time>
      </trkpt>
      <trkpt lat="49.031511" lon="12.386475">
        <ele>340.825405</ele>
        <time>2026-02-16T19:22:50.002Z</time>
      </trkpt>
      <trkpt lat="49.031404" lon="12.386117">
        <ele>340.940506</ele>
        <time>2026-02-16T19:22:54.685Z</time>
      </trkpt>
      <trkpt lat="49.031216" lon="12.385899">
        <ele>341.045882</ele>
        <time>2026-02-16T19:22:58.983Z</time>
      </trkpt>
      <trkpt lat="49.030413" lon="12.385636">
        <ele>341.412350</ele>
        <time>2026-02-16T19:23:14.033Z</time>
      </trkpt>
      <trkpt lat="49.029945" lon="12.385382">
        <ele>341.590094</ele>
        <time>2026-02-16T19:23:22.763Z</time>
      </trkpt>
      <trkpt lat="49.029087" lon="12.385214">
        <ele>341.254283</ele>
        <time>2026-02-16T19:23:35.069Z</time>
      </trkpt>
      <trkpt lat="49.028617" lon="12.385231">
        <ele>341.071776</ele>
        <time>2026-02-16T19:23:41.207Z</time>
      </trkpt>
      <trkpt lat="49.026007" lon="12.385120">
        <ele>338.989654</ele>
        <time>2026-02-16T19:24:12.573Z</time>
      </trkpt>
      <trkpt lat="49.023902" lon="12.385039">
        <ele>338.282706</ele>
        <time>2026-02-16T19:24:46.167Z</time>
      </trkpt>
      <trkpt lat="49.023529" lon="12.384988">
        <ele>337.999494</ele>
        <time>2026-02-16T19:24:50.598Z</time>
      </trkpt>
      <trkpt lat="49.023400" lon="12.384980">
        <ele>337.901857</ele>
        <time>2026-02-16T19:24:52.065Z</time>
      </trkpt>
      <trkpt lat="49.022926" lon="12.384864">
        <ele>337.538809</ele>
        <time>2026-02-16T19:24:57.439Z</time>
      </trkpt>
      <trkpt lat="49.022464" lon="12.384621">
        <ele>337.088283</ele>
        <time>2026-02-16T19:25:03.141Z</time>
      </trkpt>
      <trkpt lat="49.022133" lon="12.384395">
        <ele>336.737231</ele>
        <time>2026-02-16T19:25:07.586Z</time>
      </trkpt>
      <trkpt lat="49.021431" lon="12.384089">
        <ele>336.030492</ele>
        <time>2026-02-16T19:25:17.263Z</time>
      </trkpt>
      <trkpt lat="49.020039" lon="12.383530">
        <ele>334.569846</ele>
        <time>2026-02-16T19:25:34.801Z</time>
      </trkpt>
      <trkpt lat="49.019821" lon="12.383359">
        <ele>334.317763</ele>
        <time>2026-02-16T19:25:37.559Z</time>
      </trkpt>
      <trkpt lat="49.019539" lon="12.383063">
        <ele>333.965732</ele>
        <time>2026-02-16T19:25:41.534Z</time>
      </trkpt>
      <trkpt lat="49.019309" lon="12.382770">
        <ele>334.036872</ele>
        <time>2026-02-16T19:25:45.257Z</time>
      </trkpt>
      <trkpt lat="49.019023" lon="12.382311">
        <ele>334.380293</ele>
        <time>2026-02-16T19:25:51.259Z</time>
      </trkpt>
      <trkpt lat="49.018790" lon="12.382093">
        <ele>334.606389</ele>
        <time>2026-02-16T19:25:56.297Z</time>
      </trkpt>
      <trkpt lat="49.018636" lon="12.382004">
        <ele>334.742601</ele>
        <time>2026-02-16T19:25:59.744Z</time>
      </trkpt>
      <trkpt lat="49.018465" lon="12.381928">
        <ele>334.889918</ele>
        <time>2026-02-16T19:26:03.720Z</time>
      </trkpt>
      <trkpt lat="49.018206" lon="12.381886">
        <ele>335.105341</ele>
        <time>2026-02-16T19:26:09.862Z</time>
      </trkpt>
      <trkpt lat="49.017713" lon="12.381985">
        <ele>335.276109</ele>
        <time>2026-02-16T19:26:22.053Z</time>
      </trkpt>
      <trkpt lat="49.016984" lon="12.381860">
        <ele>334.977631</ele>
        <time>2026-02-16T19:26:35.298Z</time>
      </trkpt>
      <trkpt lat="49.016755" lon="12.381851">
        <ele>334.884427</ele>
        <time>2026-02-16T19:26:38.115Z</time>
      </trkpt>
      <trkpt lat="49.016586" lon="12.381804">
        <ele>334.814532</ele>
        <time>2026-02-16T19:26:40.051Z</time>
      </trkpt>
      <trkpt lat="49.016128" lon="12.381571">
        <ele>334.603794</ele>
        <time>2026-02-16T19:26:45.046Z</time>
      </trkpt>
      <trkpt lat="49.016128" lon="12.381571">
        <ele>334.603794</ele>
        <time>2026-02-16T19:26:45.047Z</time>
      </trkpt>
      <trkpt lat="49.015996" lon="12.381476">
        <ele>334.390346</ele>
        <time>2026-02-16T19:26:46.502Z</time>
      </trkpt>
      <trkpt lat="49.015649" lon="12.381028">
        <ele>333.725453</ele>
        <time>2026-02-16T19:26:51.129Z</time>
      </trkpt>
      <trkpt lat="49.015525" lon="12.380827">
        <ele>333.460802</ele>
        <time>2026-02-16T19:26:53.088Z</time>
      </trkpt>
      <trkpt lat="49.015285" lon="12.380569">
        <ele>333.031389</ele>
        <time>2026-02-16T19:26:56.548Z</time>
      </trkpt>
      <trkpt lat="49.014442" lon="12.379700">
        <ele>331.784325</ele>
        <time>2026-02-16T19:27:11.044Z</time>
      </trkpt>
      <trkpt lat="49.014268" lon="12.379571">
        <ele>331.652880</ele>
        <time>2026-02-16T19:27:14.457Z</time>
      </trkpt>
      <trkpt lat="49.014164" lon="12.379548">
        <ele>331.581486</ele>
        <time>2026-02-16T19:27:16.235Z</time>
      </trkpt>
      <trkpt lat="49.013748" lon="12.379591">
        <ele>331.298217</ele>
        <time>2026-02-16T19:27:22.122Z</time>
      </trkpt>
      <trkpt lat="49.013200" lon="12.379735">
        <ele>330.920430</ele>
        <time>2026-02-16T19:27:28.541Z</time>
      </trkpt>
      <trkpt lat="49.012646" lon="12.379805">
        <ele>330.404243</ele>
        <time>2026-02-16T19:27:34.771Z</time>
      </trkpt>
      <trkpt lat="49.012264" lon="12.379796">
        <ele>329.987481</ele>
        <time>2026-02-16T19:27:39.154Z</time>
      </trkpt>
      <trkpt lat="49.012108" lon="12.379845">
        <ele>329.813731</ele>
        <time>2026-02-16T19:27:40.995Z</time>
      </trkpt>
      <trkpt lat="49.011804" lon="12.379913">
        <ele>329.478556</ele>
        <time>2026-02-16T19:27:44.605Z</time>
      </trkpt>
      <trkpt lat="49.011709" lon="12.379886">
        <ele>329.373139</ele>
        <time>2026-02-16T19:27:45.757Z</time>
      </trkpt>
      <trkpt lat="49.010892" lon="12.379337">
        <ele>328.999812</ele>
        <time>2026-02-16T19:27:58.505Z</time>
      </trkpt>
      <trkpt lat="49.010685" lon="12.379267">
        <ele>329.107188</ele>
        <time>2026-02-16T19:28:01.827Z</time>
      </trkpt>
      <trkpt lat="49.010682" lon="12.379148">
        <ele>329.146745</ele>
        <time>2026-02-16T19:28:03.026Z</time>
      </trkpt>
      <trkpt lat="49.010465" lon="12.378813">
        <ele>329.303138</ele>
        <time>2026-02-16T19:28:07.786Z</time>
      </trkpt>
      <trkpt lat="49.010362" lon="12.378506">
        <ele>329.417679</ele>
        <time>2026-02-16T19:28:11.588Z</time>
      </trkpt>
      <trkpt lat="49.010021" lon="12.378430">
        <ele>329.592203</ele>
        <time>2026-02-16T19:28:18.152Z</time>
      </trkpt>
      <trkpt lat="49.009504" lon="12.378213">
        <ele>330.184076</ele>
        <time>2026-02-16T19:28:29.216Z</time>
      </trkpt>
      <trkpt lat="49.009535" lon="12.377928">
        <ele>330.494213</ele>
        <time>2026-02-16T19:28:33.023Z</time>
      </trkpt>
      <trkpt lat="49.009537" lon="12.377855">
        <ele>330.572650</ele>
        <time>2026-02-16T19:28:33.992Z</time>
      </trkpt>
      <trkpt lat="49.009537" lon="12.377702">
        <ele>330.736901</ele>
        <time>2026-02-16T19:28:36.073Z</time>
      </trkpt>
      <trkpt lat="49.009538" lon="12.377259">
        <ele>331.212482</ele>
        <time>2026-02-16T19:28:42.536Z</time>
      </trkpt>
      <trkpt lat="49.009597" lon="12.376979">
        <ele>331.528202</ele>
        <time>2026-02-16T19:28:46.906Z</time>
      </trkpt>
      <trkpt lat="49.009637" lon="12.376918">
        <ele>331.620799</ele>
        <time>2026-02-16T19:28:48.170Z</time>
      </trkpt>
      <trkpt lat="49.009611" lon="12.376817">
        <ele>331.737278</ele>
        <time>2026-02-16T19:28:50.155Z</time>
      </trkpt>
      <trkpt lat="49.009615" lon="12.376706">
        <ele>331.856620</ele>
        <time>2026-02-16T19:28:52.182Z</time>
      </trkpt>
      <trkpt lat="49.009908" lon="12.375784">
        <ele>332.972985</ele>
        <time>2026-02-16T19:29:10.515Z</time>
      </trkpt>
      <trkpt lat="49.010140" lon="12.374952">
        <ele>333.998340</ele>
        <time>2026-02-16T19:29:26.517Z</time>
      </trkpt>
      <trkpt lat="49.010094" lon="12.374907">
        <ele>334.092845</ele>
        <time>2026-02-16T19:29:28.015Z</time>
      </trkpt>
      <trkpt lat="49.009940" lon="12.374236">
        <ele>334.899111</ele>
        <time>2026-02-16T19:29:40.674Z</time>
      </trkpt>
      <trkpt lat="49.009714" lon="12.373637">
        <ele>335.682850</ele>
        <time>2026-02-16T19:29:52.932Z</time>
      </trkpt>
      <trkpt lat="49.009615" lon="12.373150">
        <ele>336.034311</ele>
        <time>2026-02-16T19:30:02.238Z</time>
      </trkpt>
      <trkpt lat="49.009444" lon="12.372521">
        <ele>336.446965</ele>
        <time>2026-02-16T19:30:14.060Z</time>
      </trkpt>
      <trkpt lat="49.009206" lon="12.372785">
        <ele>336.718915</ele>
        <time>2026-02-16T19:30:21.337Z</time>
      </trkpt>
      <trkpt lat="49.009122" lon="12.372765">
        <ele>336.797468</ele>
        <time>2026-02-16T19:30:23.352Z</time>
      </trkpt>
      <trkpt lat="49.009178" lon="12.372436">
        <ele>337.003465</ele>
        <time>2026-02-16T19:30:27.267Z</time>
      </trkpt>
      <trkpt lat="49.009504" lon="12.370429">
        <ele>336.471889</ele>
        <time>2026-02-16T19:30:46.463Z</time>
      </trkpt>
      <trkpt lat="49.009547" lon="12.369834">
        <ele>336.045720</ele>
        <time>2026-02-16T19:30:51.153Z</time>
      </trkpt>
      <trkpt lat="49.009559" lon="12.369246">
        <ele>335.626896</ele>
        <time>2026-02-16T19:30:55.575Z</time>
      </trkpt>
      <trkpt lat="49.009509" lon="12.368236">
        <ele>333.605952</ele>
        <time>2026-02-16T19:31:02.244Z</time>
      </trkpt>
      <trkpt lat="49.009571" lon="12.368193">
        <ele>333.365735</ele>
        <time>2026-02-16T19:31:02.910Z</time>
      </trkpt>
      <trkpt lat="49.009616" lon="12.368056">
        <ele>333.011302</ele>
        <time>2026-02-16T19:31:03.886Z</time>
      </trkpt>
      <trkpt lat="49.009595" lon="12.367935">
        <ele>332.721765</ele>
        <time>2026-02-16T19:31:04.682Z</time>
      </trkpt>
      <trkpt lat="49.009529" lon="12.367860">
        <ele>332.431458</ele>
        <time>2026-02-16T19:31:05.470Z</time>
      </trkpt>
      <trkpt lat="49.009488" lon="12.367850">
        <ele>332.285025</ele>
        <time>2026-02-16T19:31:05.873Z</time>
      </trkpt>
      <trkpt lat="49.009418" lon="12.367883">
        <ele>332.026624</ele>
        <time>2026-02-16T19:31:06.585Z</time>
      </trkpt>
      <trkpt lat="49.009362" lon="12.368025">
        <ele>331.643340</ele>
        <time>2026-02-16T19:31:07.647Z</time>
      </trkpt>
      <trkpt lat="49.009208" lon="12.367990">
        <ele>331.094229</ele>
        <time>2026-02-16T19:31:09.163Z</time>
      </trkpt>
      <trkpt lat="49.008968" lon="12.367832">
        <ele>330.172280</ele>
        <time>2026-02-16T19:31:11.717Z</time>
      </trkpt>
      <trkpt lat="49.007779" lon="12.366885">
        <ele>326.487975</ele>
        <time>2026-02-16T19:31:25.326Z</time>
      </trkpt>
      <trkpt lat="49.007136" lon="12.366420">
        <ele>324.688287</ele>
        <time>2026-02-16T19:31:33.413Z</time>
      </trkpt>
      <trkpt lat="49.006489" lon="12.365999">
        <ele>324.171132</ele>
        <time>2026-02-16T19:31:41.677Z</time>
      </trkpt>
      <trkpt lat="49.006444" lon="12.365971">
        <ele>324.140387</ele>
        <time>2026-02-16T19:31:42.268Z</time>
      </trkpt>
      <trkpt lat="49.006396" lon="12.365944">
        <ele>324.108023</ele>
        <time>2026-02-16T19:31:42.892Z</time>
      </trkpt>
      <trkpt lat="49.006211" lon="12.365831">
        <ele>323.981954</ele>
        <time>2026-02-16T19:31:45.400Z</time>
      </trkpt>
      <trkpt lat="49.005347" lon="12.365336">
        <ele>323.500998</ele>
        <time>2026-02-16T19:31:59.102Z</time>
      </trkpt>
      <trkpt lat="49.004677" lon="12.365000">
        <ele>323.871784</ele>
        <time>2026-02-16T19:32:10.559Z</time>
      </trkpt>
      <trkpt lat="49.004572" lon="12.364950">
        <ele>323.929612</ele>
        <time>2026-02-16T19:32:12.474Z</time>
      </trkpt>
      <trkpt lat="49.003755" lon="12.364590">
        <ele>324.376689</ele>
        <time>2026-02-16T19:32:27.982Z</time>
      </trkpt>
      <trkpt lat="49.003318" lon="12.364428">
        <ele>324.692579</ele>
        <time>2026-02-16T19:32:35.724Z</time>
      </trkpt>
      <trkpt lat="49.002625" lon="12.364161">
        <ele>325.208346</ele>
        <time>2026-02-16T19:32:48.458Z</time>
      </trkpt>
      <trkpt lat="49.002368" lon="12.364045">
        <ele>325.401746</ele>
        <time>2026-02-16T19:32:53.382Z</time>
      </trkpt>
      <trkpt lat="49.001165" lon="12.363529">
        <ele>325.883244</ele>
        <time>2026-02-16T19:33:14.750Z</time>
      </trkpt>
      <trkpt lat="49.000984" lon="12.363456">
        <ele>325.924627</ele>
        <time>2026-02-16T19:33:17.649Z</time>
      </trkpt>
      <trkpt lat="49.000778" lon="12.363380">
        <ele>325.971474</ele>
        <time>2026-02-16T19:33:20.870Z</time>
      </trkpt>
      <trkpt lat="49.000695" lon="12.363345">
        <ele>325.990508</ele>
        <time>2026-02-16T19:33:22.244Z</time>
      </trkpt>
      <trkpt lat="49.000200" lon="12.363138">
        <ele>326.080556</ele>
        <time>2026-02-16T19:33:29.630Z</time>
      </trkpt>
      <trkpt lat="48.999652" lon="12.362880">
        <ele>325.867955</ele>
        <time>2026-02-16T19:33:37.306Z</time>
      </trkpt>
      <trkpt lat="48.998944" lon="12.362543">
        <ele>325.593016</ele>
        <time>2026-02-16T19:33:47.146Z</time>
      </trkpt>
      <trkpt lat="48.998715" lon="12.362432">
        <ele>325.503942</ele>
        <time>2026-02-16T19:33:50.411Z</time>
      </trkpt>
      <trkpt lat="48.998641" lon="12.362394">
        <ele>325.474997</ele>
        <time>2026-02-16T19:33:51.460Z</time>
      </trkpt>
      <trkpt lat="48.997881" lon="12.362002">
        <ele>325.380751</ele>
        <time>2026-02-16T19:34:02.669Z</time>
      </trkpt>
      <trkpt lat="48.997094" lon="12.361589">
        <ele>325.322037</ele>
        <time>2026-02-16T19:34:15.347Z</time>
      </trkpt>
      <trkpt lat="48.994451" lon="12.360196">
        <ele>325.425879</ele>
        <time>2026-02-16T19:34:57.128Z</time>
      </trkpt>
      <trkpt lat="48.994495" lon="12.360039">
        <ele>325.434034</ele>
        <time>2026-02-16T19:34:58.821Z</time>
      </trkpt>
      <trkpt lat="48.994397" lon="12.359900">
        <ele>325.443779</ele>
        <time>2026-02-16T19:35:00.844Z</time>
      </trkpt>
      <trkpt lat="48.994345" lon="12.359746">
        <ele>325.452051</ele>
        <time>2026-02-16T19:35:02.549Z</time>
      </trkpt>
      <trkpt lat="48.994302" lon="12.359352">
        <ele>325.471128</ele>
        <time>2026-02-16T19:35:06.465Z</time>
      </trkpt>
      <trkpt lat="48.994298" lon="12.358892">
        <ele>325.493101</ele>
        <time>2026-02-16T19:35:10.993Z</time>
      </trkpt>
      <trkpt lat="48.994251" lon="12.358861">
        <ele>325.496829</ele>
        <time>2026-02-16T19:35:11.764Z</time>
      </trkpt>
      <trkpt lat="48.994318" lon="12.357833">
        <ele>325.554509</ele>
        <time>2026-02-16T19:35:22.258Z</time>
      </trkpt>
      <trkpt lat="48.994329" lon="12.357242">
        <ele>325.588499</ele>
        <time>2026-02-16T19:35:28.112Z</time>
      </trkpt>
      <trkpt lat="48.994255" lon="12.356386">
        <ele>325.638136</ele>
        <time>2026-02-16T19:35:36.455Z</time>
      </trkpt>
      <trkpt lat="48.993960" lon="12.354559">
        <ele>325.825740</ele>
        <time>2026-02-16T19:35:55.615Z</time>
      </trkpt>
      <trkpt lat="48.993909" lon="12.354327">
        <ele>325.853193</ele>
        <time>2026-02-16T19:35:58.966Z</time>
      </trkpt>
      <trkpt lat="48.993881" lon="12.354198">
        <ele>325.868438</ele>
        <time>2026-02-16T19:36:00.796Z</time>
      </trkpt>
      <trkpt lat="48.993623" lon="12.353246">
        <ele>325.974006</ele>
        <time>2026-02-16T19:36:15.037Z</time>
      </trkpt>
      <trkpt lat="48.993487" lon="12.352598">
        <ele>325.994234</ele>
        <time>2026-02-16T19:36:24.609Z</time>
      </trkpt>
      <trkpt lat="48.993462" lon="12.351915">
        <ele>326.014574</ele>
        <time>2026-02-16T19:36:33.944Z</time>
      </trkpt>
      <trkpt lat="48.993462" lon="12.351890">
        <ele>326.015317</ele>
        <time>2026-02-16T19:36:34.274Z</time>
      </trkpt>
      <trkpt lat="48.994218" lon="12.351915">
        <ele>326.049584</ele>
        <time>2026-02-16T19:36:49.073Z</time>
      </trkpt>
      <trkpt lat="48.995394" lon="12.351960">
        <ele>326.051906</ele>
        <time>2026-02-16T19:37:12.613Z</time>
      </trkpt>
      <trkpt lat="48.996056" lon="12.351991">
        <ele>326.051906</ele>
        <time>2026-02-16T19:37:26.181Z</time>
      </trkpt>
    </trkseg>
  </trk>
</gpx>