<?xml version='1.0' encoding='UTF-8'?>
<gpx version="1.1" creator="https://www.komoot.de" xmlns="http://www.topografix.com/GPX/1/1" xmlns:xsi="http://www.w3.org/2001/XMLSchema-instance" xsi:schemaLocation="http://www.topografix.com/GPX/1/1 http://www.topografix.com/GPX/1/1/gpx.xsd">
  <metadata>
    <name>29 Laktat-Massaker</name>
    <author>
      <link href="https://www.komoot.de">
        <text>komoot</text>
        <type>text/html</type>
      </link>
    </author>
  </metadata>
  <trk>
    <name>29 Laktat-Massaker</name>
    <trkseg>
      <trkpt lat="49.017460" lon="12.302380">
        <ele>325.787697</ele>
        <time>2026-02-16T16:26:34.947Z</time>
      </trkpt>
      <trkpt lat="49.017319" lon="12.302352">
        <ele>325.787697</ele>
        <time>2026-02-16T16:26:38.127Z</time>
      </trkpt>
      <trkpt lat="49.017185" lon="12.302323">
        <ele>325.787697</ele>
        <time>2026-02-16T16:26:41.162Z</time>
      </trkpt>
      <trkpt lat="49.016784" lon="12.302229">
        <ele>325.787697</ele>
        <time>2026-02-16T16:26:50.141Z</time>
      </trkpt>
      <trkpt lat="49.016602" lon="12.302230">
        <ele>325.787697</ele>
        <time>2026-02-16T16:26:54.123Z</time>
      </trkpt>
      <trkpt lat="49.016554" lon="12.306497">
        <ele>325.577638</ele>
        <time>2026-02-16T16:27:33.629Z</time>
      </trkpt>
      <trkpt lat="49.016510" lon="12.308536">
        <ele>325.618805</ele>
        <time>2026-02-16T16:27:54.721Z</time>
      </trkpt>
      <trkpt lat="49.016440" lon="12.309996">
        <ele>325.688742</ele>
        <time>2026-02-16T16:28:09.501Z</time>
      </trkpt>
      <trkpt lat="49.016295" lon="12.311644">
        <ele>325.652930</ele>
        <time>2026-02-16T16:28:24.691Z</time>
      </trkpt>
      <trkpt lat="49.016123" lon="12.312922">
        <ele>325.585071</ele>
        <time>2026-02-16T16:28:36.724Z</time>
      </trkpt>
      <trkpt lat="49.015816" lon="12.314678">
        <ele>325.879965</ele>
        <time>2026-02-16T16:28:56.401Z</time>
      </trkpt>
      <trkpt lat="49.015653" lon="12.315442">
        <ele>326.042076</ele>
        <time>2026-02-16T16:29:05.147Z</time>
      </trkpt>
      <trkpt lat="49.015625" lon="12.315807">
        <ele>326.116227</ele>
        <time>2026-02-16T16:29:08.944Z</time>
      </trkpt>
      <trkpt lat="49.015582" lon="12.316384">
        <ele>326.078369</ele>
        <time>2026-02-16T16:29:14.861Z</time>
      </trkpt>
      <trkpt lat="49.015525" lon="12.316471">
        <ele>326.068108</ele>
        <time>2026-02-16T16:29:16.076Z</time>
      </trkpt>
      <trkpt lat="49.015301" lon="12.316814">
        <ele>326.027719</ele>
        <time>2026-02-16T16:29:20.690Z</time>
      </trkpt>
      <trkpt lat="49.015104" lon="12.317693">
        <ele>325.950208</ele>
        <time>2026-02-16T16:29:28.814Z</time>
      </trkpt>
      <trkpt lat="49.014603" lon="12.319732">
        <ele>325.902824</ele>
        <time>2026-02-16T16:29:49.395Z</time>
      </trkpt>
      <trkpt lat="49.014515" lon="12.320083">
        <ele>325.904793</ele>
        <time>2026-02-16T16:29:53.277Z</time>
      </trkpt>
      <trkpt lat="49.014401" lon="12.320595">
        <ele>325.907625</ele>
        <time>2026-02-16T16:29:58.728Z</time>
      </trkpt>
      <trkpt lat="49.014318" lon="12.320876">
        <ele>325.909240</ele>
        <time>2026-02-16T16:30:01.857Z</time>
      </trkpt>
      <trkpt lat="49.014261" lon="12.321055">
        <ele>325.905512</ele>
        <time>2026-02-16T16:30:03.844Z</time>
      </trkpt>
      <trkpt lat="49.014186" lon="12.321304">
        <ele>325.900267</ele>
        <time>2026-02-16T16:30:06.595Z</time>
      </trkpt>
      <trkpt lat="49.014097" lon="12.321579">
        <ele>325.894397</ele>
        <time>2026-02-16T16:30:09.673Z</time>
      </trkpt>
      <trkpt lat="49.013988" lon="12.321920">
        <ele>325.887137</ele>
        <time>2026-02-16T16:30:13.469Z</time>
      </trkpt>
      <trkpt lat="49.013907" lon="12.322207">
        <ele>325.881156</ele>
        <time>2026-02-16T16:30:16.639Z</time>
      </trkpt>
      <trkpt lat="49.013827" lon="12.322575">
        <ele>325.873735</ele>
        <time>2026-02-16T16:30:20.391Z</time>
      </trkpt>
      <trkpt lat="49.013806" lon="12.322778">
        <ele>325.869802</ele>
        <time>2026-02-16T16:30:22.333Z</time>
      </trkpt>
      <trkpt lat="49.013787" lon="12.323046">
        <ele>325.864642</ele>
        <time>2026-02-16T16:30:24.831Z</time>
      </trkpt>
      <trkpt lat="49.013773" lon="12.323174">
        <ele>325.862158</ele>
        <time>2026-02-16T16:30:26.039Z</time>
      </trkpt>
      <trkpt lat="49.013752" lon="12.323264">
        <ele>325.860330</ele>
        <time>2026-02-16T16:30:26.900Z</time>
      </trkpt>
      <trkpt lat="49.013843" lon="12.323359">
        <ele>325.857111</ele>
        <time>2026-02-16T16:30:29.026Z</time>
      </trkpt>
      <trkpt lat="49.014000" lon="12.323696">
        <ele>325.731235</ele>
        <time>2026-02-16T16:30:34.183Z</time>
      </trkpt>
      <trkpt lat="49.014652" lon="12.324218">
        <ele>325.374708</ele>
        <time>2026-02-16T16:30:47.940Z</time>
      </trkpt>
      <trkpt lat="49.015025" lon="12.324518">
        <ele>325.170541</ele>
        <time>2026-02-16T16:30:55.550Z</time>
      </trkpt>
      <trkpt lat="49.016128" lon="12.325209">
        <ele>324.959929</ele>
        <time>2026-02-16T16:31:11.059Z</time>
      </trkpt>
      <trkpt lat="49.016177" lon="12.325243">
        <ele>324.958200</ele>
        <time>2026-02-16T16:31:11.826Z</time>
      </trkpt>
      <trkpt lat="49.016230" lon="12.325280">
        <ele>324.956328</ele>
        <time>2026-02-16T16:31:12.682Z</time>
      </trkpt>
      <trkpt lat="49.016277" lon="12.325312">
        <ele>324.954675</ele>
        <time>2026-02-16T16:31:14.552Z</time>
      </trkpt>
      <trkpt lat="49.017132" lon="12.325836">
        <ele>325.004619</ele>
        <time>2026-02-16T16:31:50.434Z</time>
      </trkpt>
      <trkpt lat="49.017181" lon="12.325993">
        <ele>325.093792</ele>
        <time>2026-02-16T16:31:54.990Z</time>
      </trkpt>
      <trkpt lat="49.017073" lon="12.326385">
        <ele>325.311857</ele>
        <time>2026-02-16T16:32:06.144Z</time>
      </trkpt>
      <trkpt lat="49.017108" lon="12.326554">
        <ele>325.402750</ele>
        <time>2026-02-16T16:32:10.796Z</time>
      </trkpt>
      <trkpt lat="49.017185" lon="12.326615">
        <ele>325.470607</ele>
        <time>2026-02-16T16:32:14.357Z</time>
      </trkpt>
      <trkpt lat="49.016856" lon="12.327890">
        <ele>326.173310</ele>
        <time>2026-02-16T16:32:31.315Z</time>
      </trkpt>
      <trkpt lat="49.016590" lon="12.329042">
        <ele>326.766395</ele>
        <time>2026-02-16T16:32:44.986Z</time>
      </trkpt>
      <trkpt lat="49.016340" lon="12.330348">
        <ele>327.414188</ele>
        <time>2026-02-16T16:32:59.591Z</time>
      </trkpt>
      <trkpt lat="49.016290" lon="12.330704">
        <ele>327.587540</ele>
        <time>2026-02-16T16:33:03.826Z</time>
      </trkpt>
      <trkpt lat="49.016246" lon="12.331583">
        <ele>328.152623</ele>
        <time>2026-02-16T16:33:16.969Z</time>
      </trkpt>
      <trkpt lat="49.016235" lon="12.332068">
        <ele>328.475276</ele>
        <time>2026-02-16T16:33:23.763Z</time>
      </trkpt>
      <trkpt lat="49.016233" lon="12.332216">
        <ele>328.573697</ele>
        <time>2026-02-16T16:33:25.636Z</time>
      </trkpt>
      <trkpt lat="49.016151" lon="12.333052">
        <ele>329.135707</ele>
        <time>2026-02-16T16:33:36.277Z</time>
      </trkpt>
      <trkpt lat="49.016021" lon="12.333704">
        <ele>329.375803</ele>
        <time>2026-02-16T16:33:43.973Z</time>
      </trkpt>
      <trkpt lat="49.015630" lon="12.334811">
        <ele>328.785079</ele>
        <time>2026-02-16T16:33:53.788Z</time>
      </trkpt>
      <trkpt lat="49.015230" lon="12.335934">
        <ele>328.184671</ele>
        <time>2026-02-16T16:34:04.044Z</time>
      </trkpt>
      <trkpt lat="49.015018" lon="12.336547">
        <ele>328.023189</ele>
        <time>2026-02-16T16:34:10.203Z</time>
      </trkpt>
      <trkpt lat="49.014902" lon="12.336941">
        <ele>327.925513</ele>
        <time>2026-02-16T16:34:14.025Z</time>
      </trkpt>
      <trkpt lat="49.014769" lon="12.337639">
        <ele>327.761122</ele>
        <time>2026-02-16T16:34:20.611Z</time>
      </trkpt>
      <trkpt lat="49.014727" lon="12.337892">
        <ele>327.702097</ele>
        <time>2026-02-16T16:34:23.060Z</time>
      </trkpt>
      <trkpt lat="49.014587" lon="12.338721">
        <ele>327.634833</ele>
        <time>2026-02-16T16:34:30.895Z</time>
      </trkpt>
      <trkpt lat="49.014432" lon="12.339678">
        <ele>328.013952</ele>
        <time>2026-02-16T16:34:40.590Z</time>
      </trkpt>
      <trkpt lat="49.014375" lon="12.340104">
        <ele>328.181166</ele>
        <time>2026-02-16T16:34:45.533Z</time>
      </trkpt>
      <trkpt lat="49.014422" lon="12.341206">
        <ele>328.605891</ele>
        <time>2026-02-16T16:34:59.767Z</time>
      </trkpt>
      <trkpt lat="49.014402" lon="12.341929">
        <ele>329.325790</ele>
        <time>2026-02-16T16:35:09.582Z</time>
      </trkpt>
      <trkpt lat="49.014354" lon="12.342620">
        <ele>330.023406</ele>
        <time>2026-02-16T16:35:19.416Z</time>
      </trkpt>
      <trkpt lat="49.014341" lon="12.343256">
        <ele>330.662234</ele>
        <time>2026-02-16T16:35:28.444Z</time>
      </trkpt>
      <trkpt lat="49.014502" lon="12.344164">
        <ele>331.484517</ele>
        <time>2026-02-16T16:35:41.468Z</time>
      </trkpt>
      <trkpt lat="49.014512" lon="12.344209">
        <ele>331.508294</ele>
        <time>2026-02-16T16:35:42.111Z</time>
      </trkpt>
      <trkpt lat="49.014591" lon="12.344629">
        <ele>331.726945</ele>
        <time>2026-02-16T16:35:47.848Z</time>
      </trkpt>
      <trkpt lat="49.014657" lon="12.345119">
        <ele>331.977270</ele>
        <time>2026-02-16T16:35:54.126Z</time>
      </trkpt>
      <trkpt lat="49.014626" lon="12.345692">
        <ele>332.264987</ele>
        <time>2026-02-16T16:36:00.684Z</time>
      </trkpt>
      <trkpt lat="49.014522" lon="12.346365">
        <ele>332.610994</ele>
        <time>2026-02-16T16:36:07.615Z</time>
      </trkpt>
      <trkpt lat="49.014499" lon="12.346683">
        <ele>332.738256</ele>
        <time>2026-02-16T16:36:10.838Z</time>
      </trkpt>
      <trkpt lat="49.014540" lon="12.347815">
        <ele>332.780835</ele>
        <time>2026-02-16T16:36:22.065Z</time>
      </trkpt>
      <trkpt lat="49.014541" lon="12.348315">
        <ele>332.799613</ele>
        <time>2026-02-16T16:36:26.886Z</time>
      </trkpt>
      <trkpt lat="49.014524" lon="12.348809">
        <ele>332.818192</ele>
        <time>2026-02-16T16:36:31.577Z</time>
      </trkpt>
      <trkpt lat="49.014523" lon="12.348870">
        <ele>332.820484</ele>
        <time>2026-02-16T16:36:32.155Z</time>
      </trkpt>
      <trkpt lat="49.014453" lon="12.350487">
        <ele>332.882286</ele>
        <time>2026-02-16T16:36:48.476Z</time>
      </trkpt>
      <trkpt lat="49.014275" lon="12.352242">
        <ele>332.896683</ele>
        <time>2026-02-16T16:37:05.951Z</time>
      </trkpt>
      <trkpt lat="49.014264" lon="12.352331">
        <ele>332.871844</ele>
        <time>2026-02-16T16:37:06.769Z</time>
      </trkpt>
      <trkpt lat="49.014145" lon="12.353127">
        <ele>332.647936</ele>
        <time>2026-02-16T16:37:14.440Z</time>
      </trkpt>
      <trkpt lat="49.013904" lon="12.354336">
        <ele>332.301383</ele>
        <time>2026-02-16T16:37:25.163Z</time>
      </trkpt>
      <trkpt lat="49.013658" lon="12.355296">
        <ele>331.894193</ele>
        <time>2026-02-16T16:37:33.820Z</time>
      </trkpt>
      <trkpt lat="49.012804" lon="12.358407">
        <ele>330.331365</ele>
        <time>2026-02-16T16:38:01.961Z</time>
      </trkpt>
      <trkpt lat="49.012284" lon="12.359788">
        <ele>329.683977</ele>
        <time>2026-02-16T16:38:15.445Z</time>
      </trkpt>
      <trkpt lat="49.011753" lon="12.360814">
        <ele>329.902907</ele>
        <time>2026-02-16T16:38:26.588Z</time>
      </trkpt>
      <trkpt lat="49.010978" lon="12.362073">
        <ele>330.931156</ele>
        <time>2026-02-16T16:38:47.301Z</time>
      </trkpt>
      <trkpt lat="49.012208" lon="12.363411">
        <ele>335.547230</ele>
        <time>2026-02-16T16:39:40.571Z</time>
      </trkpt>
      <trkpt lat="49.012230" lon="12.363435">
        <ele>335.626052</ele>
        <time>2026-02-16T16:39:41.571Z</time>
      </trkpt>
      <trkpt lat="49.012345" lon="12.363608">
        <ele>335.936280</ele>
        <time>2026-02-16T16:39:47.165Z</time>
      </trkpt>
      <trkpt lat="49.012418" lon="12.363780">
        <ele>336.194309</ele>
        <time>2026-02-16T16:39:51.684Z</time>
      </trkpt>
      <trkpt lat="49.012459" lon="12.364104">
        <ele>336.609906</ele>
        <time>2026-02-16T16:39:58.669Z</time>
      </trkpt>
      <trkpt lat="49.012275" lon="12.366869">
        <ele>339.131237</ele>
        <time>2026-02-16T16:40:44.669Z</time>
      </trkpt>
      <trkpt lat="49.012300" lon="12.367045">
        <ele>339.143884</ele>
        <time>2026-02-16T16:40:47.161Z</time>
      </trkpt>
      <trkpt lat="49.012069" lon="12.367446">
        <ele>339.181365</ele>
        <time>2026-02-16T16:40:54.228Z</time>
      </trkpt>
      <trkpt lat="49.011647" lon="12.368410">
        <ele>339.262761</ele>
        <time>2026-02-16T16:41:08.245Z</time>
      </trkpt>
      <trkpt lat="49.011511" lon="12.368745">
        <ele>339.230010</ele>
        <time>2026-02-16T16:41:12.684Z</time>
      </trkpt>
      <trkpt lat="49.011897" lon="12.369006">
        <ele>339.163355</ele>
        <time>2026-02-16T16:41:17.822Z</time>
      </trkpt>
      <trkpt lat="49.012322" lon="12.369412">
        <ele>339.084187</ele>
        <time>2026-02-16T16:41:24.513Z</time>
      </trkpt>
      <trkpt lat="49.012528" lon="12.369651">
        <ele>339.043325</ele>
        <time>2026-02-16T16:41:28.409Z</time>
      </trkpt>
      <trkpt lat="49.012859" lon="12.370090">
        <ele>339.119944</ele>
        <time>2026-02-16T16:41:36.010Z</time>
      </trkpt>
      <trkpt lat="49.013245" lon="12.370728">
        <ele>340.665166</ele>
        <time>2026-02-16T16:41:47.842Z</time>
      </trkpt>
      <trkpt lat="49.014031" lon="12.372447">
        <ele>344.970293</ele>
        <time>2026-02-16T16:42:26.935Z</time>
      </trkpt>
      <trkpt lat="49.014316" lon="12.372849">
        <ele>347.163438</ele>
        <time>2026-02-16T16:42:40.512Z</time>
      </trkpt>
      <trkpt lat="49.014389" lon="12.372933">
        <ele>347.680049</ele>
        <time>2026-02-16T16:42:43.937Z</time>
      </trkpt>
      <trkpt lat="49.014408" lon="12.372955">
        <ele>347.814816</ele>
        <time>2026-02-16T16:42:44.853Z</time>
      </trkpt>
      <trkpt lat="49.014808" lon="12.373300">
        <ele>350.410771</ele>
        <time>2026-02-16T16:43:02.785Z</time>
      </trkpt>
      <trkpt lat="49.015123" lon="12.373442">
        <ele>352.266260</ele>
        <time>2026-02-16T16:43:16.352Z</time>
      </trkpt>
      <trkpt lat="49.015283" lon="12.373484">
        <ele>353.183352</ele>
        <time>2026-02-16T16:43:23.215Z</time>
      </trkpt>
      <trkpt lat="49.015785" lon="12.373449">
        <ele>356.885561</ele>
        <time>2026-02-16T16:43:44.468Z</time>
      </trkpt>
      <trkpt lat="49.016228" lon="12.373328">
        <ele>360.526661</ele>
        <time>2026-02-16T16:44:04.066Z</time>
      </trkpt>
      <trkpt lat="49.016884" lon="12.373082">
        <ele>365.992120</ele>
        <time>2026-02-16T16:44:37.105Z</time>
      </trkpt>
      <trkpt lat="49.017288" lon="12.372894">
        <ele>369.656500</ele>
        <time>2026-02-16T16:44:59.807Z</time>
      </trkpt>
      <trkpt lat="49.017968" lon="12.372497">
        <ele>377.293136</ele>
        <time>2026-02-16T16:45:39.947Z</time>
      </trkpt>
      <trkpt lat="49.018416" lon="12.372173">
        <ele>382.493400</ele>
        <time>2026-02-16T16:46:08.805Z</time>
      </trkpt>
      <trkpt lat="49.018720" lon="12.371902">
        <ele>386.186591</ele>
        <time>2026-02-16T16:46:29.921Z</time>
      </trkpt>
      <trkpt lat="49.019064" lon="12.371533">
        <ele>390.888105</ele>
        <time>2026-02-16T16:46:55.423Z</time>
      </trkpt>
      <trkpt lat="49.019274" lon="12.371362">
        <ele>393.614535</ele>
        <time>2026-02-16T16:47:09.999Z</time>
      </trkpt>
      <trkpt lat="49.019535" lon="12.371210">
        <ele>396.814182</ele>
        <time>2026-02-16T16:47:27.264Z</time>
      </trkpt>
      <trkpt lat="49.019807" lon="12.371171">
        <ele>399.942961</ele>
        <time>2026-02-16T16:47:44.400Z</time>
      </trkpt>
      <trkpt lat="49.020162" lon="12.371205">
        <ele>404.016557</ele>
        <time>2026-02-16T16:48:06.535Z</time>
      </trkpt>
      <trkpt lat="49.020665" lon="12.371411">
        <ele>409.681047</ele>
        <time>2026-02-16T16:48:38.028Z</time>
      </trkpt>
      <trkpt lat="49.020829" lon="12.371535">
        <ele>411.453520</ele>
        <time>2026-02-16T16:48:48.724Z</time>
      </trkpt>
      <trkpt lat="49.020950" lon="12.371650">
        <ele>412.834075</ele>
        <time>2026-02-16T16:48:56.894Z</time>
      </trkpt>
      <trkpt lat="49.021202" lon="12.371991">
        <ele>416.096346</ele>
        <time>2026-02-16T16:49:15.809Z</time>
      </trkpt>
      <trkpt lat="49.021540" lon="12.372666">
        <ele>421.489101</ele>
        <time>2026-02-16T16:49:44.901Z</time>
      </trkpt>
      <trkpt lat="49.021784" lon="12.373150">
        <ele>425.365559</ele>
        <time>2026-02-16T16:50:04.469Z</time>
      </trkpt>
      <trkpt lat="49.022060" lon="12.373541">
        <ele>427.736885</ele>
        <time>2026-02-16T16:50:21.939Z</time>
      </trkpt>
      <trkpt lat="49.022205" lon="12.373683">
        <ele>428.807036</ele>
        <time>2026-02-16T16:50:29.621Z</time>
      </trkpt>
      <trkpt lat="49.022535" lon="12.373920">
        <ele>431.072250</ele>
        <time>2026-02-16T16:50:45.008Z</time>
      </trkpt>
      <trkpt lat="49.023015" lon="12.374081">
        <ele>434.124326</ele>
        <time>2026-02-16T16:51:03.257Z</time>
      </trkpt>
      <trkpt lat="49.023452" lon="12.374097">
        <ele>436.719168</ele>
        <time>2026-02-16T16:51:18.303Z</time>
      </trkpt>
      <trkpt lat="49.024693" lon="12.374038">
        <ele>440.132736</ele>
        <time>2026-02-16T16:51:51.893Z</time>
      </trkpt>
      <trkpt lat="49.027054" lon="12.373938">
        <ele>444.060150</ele>
        <time>2026-02-16T16:52:38.285Z</time>
      </trkpt>
      <trkpt lat="49.027909" lon="12.373721">
        <ele>445.333856</ele>
        <time>2026-02-16T16:52:58.058Z</time>
      </trkpt>
      <trkpt lat="49.028615" lon="12.373356">
        <ele>446.429316</ele>
        <time>2026-02-16T16:53:13.716Z</time>
      </trkpt>
      <trkpt lat="49.029436" lon="12.372737">
        <ele>446.806620</ele>
        <time>2026-02-16T16:53:28.675Z</time>
      </trkpt>
      <trkpt lat="49.030410" lon="12.371856">
        <ele>447.014732</ele>
        <time>2026-02-16T16:53:45.158Z</time>
      </trkpt>
      <trkpt lat="49.030825" lon="12.371610">
        <ele>446.972010</ele>
        <time>2026-02-16T16:53:51.832Z</time>
      </trkpt>
      <trkpt lat="49.031463" lon="12.371319">
        <ele>446.908113</ele>
        <time>2026-02-16T16:54:01.740Z</time>
      </trkpt>
      <trkpt lat="49.032203" lon="12.371137">
        <ele>446.912416</ele>
        <time>2026-02-16T16:54:12.116Z</time>
      </trkpt>
      <trkpt lat="49.032782" lon="12.371118">
        <ele>447.122648</ele>
        <time>2026-02-16T16:54:20.179Z</time>
      </trkpt>
      <trkpt lat="49.033246" lon="12.371238">
        <ele>447.293490</ele>
        <time>2026-02-16T16:54:27.395Z</time>
      </trkpt>
      <trkpt lat="49.034864" lon="12.371861">
        <ele>449.723759</ele>
        <time>2026-02-16T16:55:00.630Z</time>
      </trkpt>
      <trkpt lat="49.035501" lon="12.372076">
        <ele>451.056693</ele>
        <time>2026-02-16T16:55:17.181Z</time>
      </trkpt>
      <trkpt lat="49.036179" lon="12.372237">
        <ele>454.476296</ele>
        <time>2026-02-16T16:55:38.819Z</time>
      </trkpt>
      <trkpt lat="49.036727" lon="12.372243">
        <ele>457.362608</ele>
        <time>2026-02-16T16:55:59.355Z</time>
      </trkpt>
      <trkpt lat="49.036781" lon="12.372232">
        <ele>457.649543</ele>
        <time>2026-02-16T16:56:01.479Z</time>
      </trkpt>
      <trkpt lat="49.037174" lon="12.372000">
        <ele>459.869016</ele>
        <time>2026-02-16T16:56:18.592Z</time>
      </trkpt>
      <trkpt lat="49.037378" lon="12.371820">
        <ele>461.208249</ele>
        <time>2026-02-16T16:56:28.498Z</time>
      </trkpt>
      <trkpt lat="49.038118" lon="12.370995">
        <ele>467.070351</ele>
        <time>2026-02-16T16:57:06.736Z</time>
      </trkpt>
      <trkpt lat="49.038330" lon="12.370814">
        <ele>468.624159</ele>
        <time>2026-02-16T16:57:16.298Z</time>
      </trkpt>
      <trkpt lat="49.038944" lon="12.370463">
        <ele>472.915783</ele>
        <time>2026-02-16T16:57:41.434Z</time>
      </trkpt>
      <trkpt lat="49.039789" lon="12.370230">
        <ele>479.221582</ele>
        <time>2026-02-16T16:58:16.567Z</time>
      </trkpt>
      <trkpt lat="49.040241" lon="12.370061">
        <ele>482.639080</ele>
        <time>2026-02-16T16:58:38.337Z</time>
      </trkpt>
      <trkpt lat="49.040988" lon="12.369497">
        <ele>488.519658</ele>
        <time>2026-02-16T16:59:21.223Z</time>
      </trkpt>
      <trkpt lat="49.041131" lon="12.369343">
        <ele>489.714165</ele>
        <time>2026-02-16T16:59:30.282Z</time>
      </trkpt>
      <trkpt lat="49.041823" lon="12.368709">
        <ele>495.222626</ele>
        <time>2026-02-16T17:00:06.413Z</time>
      </trkpt>
      <trkpt lat="49.042300" lon="12.368449">
        <ele>497.321688</ele>
        <time>2026-02-16T17:00:21.170Z</time>
      </trkpt>
      <trkpt lat="49.042712" lon="12.368406">
        <ele>496.462055</ele>
        <time>2026-02-16T17:00:28.620Z</time>
      </trkpt>
      <trkpt lat="49.042982" lon="12.368467">
        <ele>495.893888</ele>
        <time>2026-02-16T17:00:31.842Z</time>
      </trkpt>
      <trkpt lat="49.043926" lon="12.368870">
        <ele>493.768670</ele>
        <time>2026-02-16T17:00:41.204Z</time>
      </trkpt>
      <trkpt lat="49.044290" lon="12.368957">
        <ele>491.439116</ele>
        <time>2026-02-16T17:00:44.483Z</time>
      </trkpt>
      <trkpt lat="49.044694" lon="12.369076">
        <ele>488.837550</ele>
        <time>2026-02-16T17:00:48.128Z</time>
      </trkpt>
      <trkpt lat="49.045045" lon="12.369129">
        <ele>486.607420</ele>
        <time>2026-02-16T17:00:51.259Z</time>
      </trkpt>
      <trkpt lat="49.045681" lon="12.369139">
        <ele>482.585937</ele>
        <time>2026-02-16T17:00:57.024Z</time>
      </trkpt>
      <trkpt lat="49.046276" lon="12.368997">
        <ele>483.041746</ele>
        <time>2026-02-16T17:01:03.271Z</time>
      </trkpt>
      <trkpt lat="49.046845" lon="12.368796">
        <ele>483.553804</ele>
        <time>2026-02-16T17:01:14.153Z</time>
      </trkpt>
      <trkpt lat="49.047453" lon="12.368558">
        <ele>484.136275</ele>
        <time>2026-02-16T17:01:35.122Z</time>
      </trkpt>
      <trkpt lat="49.049505" lon="12.367723">
        <ele>498.082358</ele>
        <time>2026-02-16T17:03:10.759Z</time>
      </trkpt>
      <trkpt lat="49.049550" lon="12.367709">
        <ele>498.293217</ele>
        <time>2026-02-16T17:03:12.458Z</time>
      </trkpt>
      <trkpt lat="49.051440" lon="12.367109">
        <ele>508.003107</ele>
        <time>2026-02-16T17:04:08.693Z</time>
      </trkpt>
      <trkpt lat="49.052528" lon="12.366944">
        <ele>514.844515</ele>
        <time>2026-02-16T17:04:54.654Z</time>
      </trkpt>
      <trkpt lat="49.053404" lon="12.366951">
        <ele>521.891124</ele>
        <time>2026-02-16T17:05:39.625Z</time>
      </trkpt>
      <trkpt lat="49.054012" lon="12.367028">
        <ele>527.115200</ele>
        <time>2026-02-16T17:06:11.625Z</time>
      </trkpt>
      <trkpt lat="49.055299" lon="12.367304">
        <ele>535.425277</ele>
        <time>2026-02-16T17:07:11.374Z</time>
      </trkpt>
      <trkpt lat="49.056243" lon="12.367567">
        <ele>540.218427</ele>
        <time>2026-02-16T17:07:37.775Z</time>
      </trkpt>
      <trkpt lat="49.056680" lon="12.367719">
        <ele>541.794072</ele>
        <time>2026-02-16T17:07:46.063Z</time>
      </trkpt>
      <trkpt lat="49.057257" lon="12.367948">
        <ele>543.781535</ele>
        <time>2026-02-16T17:08:00.261Z</time>
      </trkpt>
      <trkpt lat="49.057308" lon="12.367969">
        <ele>543.957627</ele>
        <time>2026-02-16T17:08:01.732Z</time>
      </trkpt>
      <trkpt lat="49.057766" lon="12.368186">
        <ele>545.556302</ele>
        <time>2026-02-16T17:08:17.213Z</time>
      </trkpt>
      <trkpt lat="49.058186" lon="12.368434">
        <ele>546.716973</ele>
        <time>2026-02-16T17:08:34.423Z</time>
      </trkpt>
      <trkpt lat="49.058480" lon="12.368670">
        <ele>547.193822</ele>
        <time>2026-02-16T17:08:47.046Z</time>
      </trkpt>
      <trkpt lat="49.058791" lon="12.369034">
        <ele>547.756431</ele>
        <time>2026-02-16T17:08:59.572Z</time>
      </trkpt>
      <trkpt lat="49.059002" lon="12.369326">
        <ele>548.165305</ele>
        <time>2026-02-16T17:09:05.631Z</time>
      </trkpt>
      <trkpt lat="49.059325" lon="12.369896">
        <ele>548.874134</ele>
        <time>2026-02-16T17:09:11.124Z</time>
      </trkpt>
      <trkpt lat="49.059544" lon="12.370384">
        <ele>547.317710</ele>
        <time>2026-02-16T17:09:14.765Z</time>
      </trkpt>
      <trkpt lat="49.059684" lon="12.370841">
        <ele>545.216346</ele>
        <time>2026-02-16T17:09:17.741Z</time>
      </trkpt>
      <trkpt lat="49.059811" lon="12.371491">
        <ele>542.391020</ele>
        <time>2026-02-16T17:09:21.674Z</time>
      </trkpt>
      <trkpt lat="49.059886" lon="12.372104">
        <ele>539.793490</ele>
        <time>2026-02-16T17:09:25.298Z</time>
      </trkpt>
      <trkpt lat="49.060176" lon="12.374225">
        <ele>531.137280</ele>
        <time>2026-02-16T17:09:38.267Z</time>
      </trkpt>
      <trkpt lat="49.060389" lon="12.374164">
        <ele>529.833954</ele>
        <time>2026-02-16T17:09:40.271Z</time>
      </trkpt>
      <trkpt lat="49.060606" lon="12.374024">
        <ele>528.417108</ele>
        <time>2026-02-16T17:09:42.442Z</time>
      </trkpt>
      <trkpt lat="49.060827" lon="12.373810">
        <ele>526.843065</ele>
        <time>2026-02-16T17:09:44.865Z</time>
      </trkpt>
      <trkpt lat="49.061021" lon="12.373484">
        <ele>526.041383</ele>
        <time>2026-02-16T17:09:47.536Z</time>
      </trkpt>
      <trkpt lat="49.061088" lon="12.373313">
        <ele>525.691807</ele>
        <time>2026-02-16T17:09:48.755Z</time>
      </trkpt>
      <trkpt lat="49.061300" lon="12.372499">
        <ele>524.154925</ele>
        <time>2026-02-16T17:09:54.263Z</time>
      </trkpt>
      <trkpt lat="49.061597" lon="12.372475">
        <ele>523.358543</ele>
        <time>2026-02-16T17:09:57.399Z</time>
      </trkpt>
      <trkpt lat="49.062249" lon="12.372335">
        <ele>522.741173</ele>
        <time>2026-02-16T17:10:07.769Z</time>
      </trkpt>
      <trkpt lat="49.062711" lon="12.372463">
        <ele>525.283675</ele>
        <time>2026-02-16T17:10:21.535Z</time>
      </trkpt>
      <trkpt lat="49.063302" lon="12.372716">
        <ele>528.607299</ele>
        <time>2026-02-16T17:10:46.324Z</time>
      </trkpt>
      <trkpt lat="49.063963" lon="12.372860">
        <ele>532.569047</ele>
        <time>2026-02-16T17:11:18.091Z</time>
      </trkpt>
      <trkpt lat="49.064156" lon="12.372949">
        <ele>534.403644</ele>
        <time>2026-02-16T17:11:28.031Z</time>
      </trkpt>
      <trkpt lat="49.064370" lon="12.373121">
        <ele>536.604429</ele>
        <time>2026-02-16T17:11:40.118Z</time>
      </trkpt>
      <trkpt lat="49.064671" lon="12.373557">
        <ele>540.380505</ele>
        <time>2026-02-16T17:12:01.286Z</time>
      </trkpt>
      <trkpt lat="49.065382" lon="12.374117">
        <ele>547.660857</ele>
        <time>2026-02-16T17:12:44.313Z</time>
      </trkpt>
      <trkpt lat="49.065714" lon="12.374320">
        <ele>550.477818</ele>
        <time>2026-02-16T17:13:04.053Z</time>
      </trkpt>
      <trkpt lat="49.066152" lon="12.374458">
        <ele>553.919417</ele>
        <time>2026-02-16T17:13:27.359Z</time>
      </trkpt>
      <trkpt lat="49.066422" lon="12.374459">
        <ele>555.997149</ele>
        <time>2026-02-16T17:13:39.974Z</time>
      </trkpt>
      <trkpt lat="49.066849" lon="12.374340">
        <ele>559.337361</ele>
        <time>2026-02-16T17:13:57.787Z</time>
      </trkpt>
      <trkpt lat="49.067333" lon="12.375633">
        <ele>566.073828</ele>
        <time>2026-02-16T17:14:31.790Z</time>
      </trkpt>
      <trkpt lat="49.067528" lon="12.376243">
        <ele>568.959670</ele>
        <time>2026-02-16T17:14:49.656Z</time>
      </trkpt>
      <trkpt lat="49.067702" lon="12.376609">
        <ele>570.882337</ele>
        <time>2026-02-16T17:15:02.684Z</time>
      </trkpt>
      <trkpt lat="49.067952" lon="12.376971">
        <ele>573.118648</ele>
        <time>2026-02-16T17:15:18.869Z</time>
      </trkpt>
      <trkpt lat="49.068363" lon="12.377061">
        <ele>575.124652</ele>
        <time>2026-02-16T17:15:39.098Z</time>
      </trkpt>
      <trkpt lat="49.068475" lon="12.377125">
        <ele>575.659973</ele>
        <time>2026-02-16T17:15:45.067Z</time>
      </trkpt>
      <trkpt lat="49.069082" lon="12.377649">
        <ele>578.781499</ele>
        <time>2026-02-16T17:16:11.135Z</time>
      </trkpt>
      <trkpt lat="49.069323" lon="12.377936">
        <ele>580.149759</ele>
        <time>2026-02-16T17:16:17.629Z</time>
      </trkpt>
      <trkpt lat="49.069441" lon="12.378132">
        <ele>580.930381</ele>
        <time>2026-02-16T17:16:20.451Z</time>
      </trkpt>
      <trkpt lat="49.069559" lon="12.378366">
        <ele>581.659185</ele>
        <time>2026-02-16T17:16:23.217Z</time>
      </trkpt>
      <trkpt lat="49.069685" lon="12.378709">
        <ele>581.767087</ele>
        <time>2026-02-16T17:16:26.713Z</time>
      </trkpt>
      <trkpt lat="49.070013" lon="12.379661">
        <ele>582.062226</ele>
        <time>2026-02-16T17:16:36.026Z</time>
      </trkpt>
      <trkpt lat="49.070467" lon="12.380967">
        <ele>582.217464</ele>
        <time>2026-02-16T17:16:54.593Z</time>
      </trkpt>
      <trkpt lat="49.070629" lon="12.381252">
        <ele>581.948213</ele>
        <time>2026-02-16T17:17:00.465Z</time>
      </trkpt>
      <trkpt lat="49.071211" lon="12.382074">
        <ele>581.084544</ele>
        <time>2026-02-16T17:17:13.063Z</time>
      </trkpt>
      <trkpt lat="49.071491" lon="12.382343">
        <ele>580.724183</ele>
        <time>2026-02-16T17:17:16.515Z</time>
      </trkpt>
      <trkpt lat="49.071617" lon="12.382404">
        <ele>580.580203</ele>
        <time>2026-02-16T17:17:17.802Z</time>
      </trkpt>
      <trkpt lat="49.071974" lon="12.382433">
        <ele>578.573337</ele>
        <time>2026-02-16T17:17:21.132Z</time>
      </trkpt>
      <trkpt lat="49.072233" lon="12.382601">
        <ele>576.271006</ele>
        <time>2026-02-16T17:17:23.659Z</time>
      </trkpt>
      <trkpt lat="49.072566" lon="12.382964">
        <ele>572.923273</ele>
        <time>2026-02-16T17:17:27.243Z</time>
      </trkpt>
      <trkpt lat="49.073194" lon="12.383827">
        <ele>566.010176</ele>
        <time>2026-02-16T17:17:34.519Z</time>
      </trkpt>
      <trkpt lat="49.073404" lon="12.383987">
        <ele>564.266810</ele>
        <time>2026-02-16T17:17:36.530Z</time>
      </trkpt>
      <trkpt lat="49.073904" lon="12.384116">
        <ele>560.567091</ele>
        <time>2026-02-16T17:17:40.925Z</time>
      </trkpt>
      <trkpt lat="49.074190" lon="12.384277">
        <ele>558.343083</ele>
        <time>2026-02-16T17:17:43.597Z</time>
      </trkpt>
      <trkpt lat="49.074314" lon="12.384403">
        <ele>557.256281</ele>
        <time>2026-02-16T17:17:44.925Z</time>
      </trkpt>
      <trkpt lat="49.075072" lon="12.385594">
        <ele>552.589784</ele>
        <time>2026-02-16T17:17:55.328Z</time>
      </trkpt>
      <trkpt lat="49.074551" lon="12.386616">
        <ele>552.568360</ele>
        <time>2026-02-16T17:18:13.588Z</time>
      </trkpt>
      <trkpt lat="49.074261" lon="12.387328">
        <ele>552.844363</ele>
        <time>2026-02-16T17:18:31.430Z</time>
      </trkpt>
      <trkpt lat="49.074197" lon="12.387525">
        <ele>553.699236</ele>
        <time>2026-02-16T17:18:36.785Z</time>
      </trkpt>
      <trkpt lat="49.074182" lon="12.387685">
        <ele>554.327596</ele>
        <time>2026-02-16T17:18:40.899Z</time>
      </trkpt>
      <trkpt lat="49.074182" lon="12.387835">
        <ele>554.910742</ele>
        <time>2026-02-16T17:18:44.961Z</time>
      </trkpt>
      <trkpt lat="49.074211" lon="12.387983">
        <ele>555.511300</ele>
        <time>2026-02-16T17:18:49.250Z</time>
      </trkpt>
      <trkpt lat="49.074306" lon="12.388140">
        <ele>556.342199</ele>
        <time>2026-02-16T17:18:55.345Z</time>
      </trkpt>
      <trkpt lat="49.074494" lon="12.388550">
        <ele>558.287808</ele>
        <time>2026-02-16T17:19:10.445Z</time>
      </trkpt>
      <trkpt lat="49.074548" lon="12.388670">
        <ele>558.853789</ele>
        <time>2026-02-16T17:19:14.939Z</time>
      </trkpt>
      <trkpt lat="49.074847" lon="12.389254">
        <ele>561.735312</ele>
        <time>2026-02-16T17:19:38.163Z</time>
      </trkpt>
      <trkpt lat="49.074987" lon="12.389532">
        <ele>563.098513</ele>
        <time>2026-02-16T17:19:49.557Z</time>
      </trkpt>
      <trkpt lat="49.075100" lon="12.389923">
        <ele>564.860176</ele>
        <time>2026-02-16T17:20:04.312Z</time>
      </trkpt>
      <trkpt lat="49.075328" lon="12.390674">
        <ele>568.288922</ele>
        <time>2026-02-16T17:20:31.071Z</time>
      </trkpt>
      <trkpt lat="49.075432" lon="12.391072">
        <ele>570.063890</ele>
        <time>2026-02-16T17:20:43.605Z</time>
      </trkpt>
      <trkpt lat="49.075439" lon="12.391475">
        <ele>571.733828</ele>
        <time>2026-02-16T17:20:55.223Z</time>
      </trkpt>
      <trkpt lat="49.075676" lon="12.391447">
        <ele>573.236981</ele>
        <time>2026-02-16T17:21:03.906Z</time>
      </trkpt>
      <trkpt lat="49.075860" lon="12.391485">
        <ele>574.411106</ele>
        <time>2026-02-16T17:21:10.784Z</time>
      </trkpt>
      <trkpt lat="49.075950" lon="12.391549">
        <ele>574.792530</ele>
        <time>2026-02-16T17:21:14.370Z</time>
      </trkpt>
      <trkpt lat="49.075996" lon="12.392253">
        <ele>576.064103</ele>
        <time>2026-02-16T17:21:29.771Z</time>
      </trkpt>
      <trkpt lat="49.076102" lon="12.392769">
        <ele>577.036038</ele>
        <time>2026-02-16T17:21:38.374Z</time>
      </trkpt>
      <trkpt lat="49.076333" lon="12.393344">
        <ele>578.248347</ele>
        <time>2026-02-16T17:21:48.118Z</time>
      </trkpt>
      <trkpt lat="49.076470" lon="12.393565">
        <ele>578.795210</ele>
        <time>2026-02-16T17:21:52.301Z</time>
      </trkpt>
      <trkpt lat="49.076625" lon="12.393798">
        <ele>579.392054</ele>
        <time>2026-02-16T17:21:56.630Z</time>
      </trkpt>
      <trkpt lat="49.077035" lon="12.394279">
        <ele>580.177798</ele>
        <time>2026-02-16T17:22:06.207Z</time>
      </trkpt>
      <trkpt lat="49.077925" lon="12.395178">
        <ele>581.648933</ele>
        <time>2026-02-16T17:22:25.922Z</time>
      </trkpt>
      <trkpt lat="49.078257" lon="12.395488">
        <ele>582.298845</ele>
        <time>2026-02-16T17:22:35.740Z</time>
      </trkpt>
      <trkpt lat="49.078580" lon="12.395784">
        <ele>583.170231</ele>
        <time>2026-02-16T17:22:45.704Z</time>
      </trkpt>
      <trkpt lat="49.079589" lon="12.396624">
        <ele>585.828557</ele>
        <time>2026-02-16T17:23:15.481Z</time>
      </trkpt>
      <trkpt lat="49.080123" lon="12.397010">
        <ele>585.975715</ele>
        <time>2026-02-16T17:23:27.253Z</time>
      </trkpt>
      <trkpt lat="49.080558" lon="12.397265">
        <ele>585.760770</ele>
        <time>2026-02-16T17:23:33.288Z</time>
      </trkpt>
      <trkpt lat="49.081471" lon="12.397605">
        <ele>585.372952</ele>
        <time>2026-02-16T17:23:43.654Z</time>
      </trkpt>
      <trkpt lat="49.081785" lon="12.397704">
        <ele>585.539142</ele>
        <time>2026-02-16T17:23:47.291Z</time>
      </trkpt>
      <trkpt lat="49.084019" lon="12.398440">
        <ele>589.332491</ele>
        <time>2026-02-16T17:24:33.125Z</time>
      </trkpt>
      <trkpt lat="49.084322" lon="12.398576">
        <ele>590.460899</ele>
        <time>2026-02-16T17:24:44.211Z</time>
      </trkpt>
      <trkpt lat="49.084882" lon="12.398951">
        <ele>592.645715</ele>
        <time>2026-02-16T17:25:07.290Z</time>
      </trkpt>
      <trkpt lat="49.085354" lon="12.399404">
        <ele>595.479692</ele>
        <time>2026-02-16T17:25:29.399Z</time>
      </trkpt>
      <trkpt lat="49.085688" lon="12.399823">
        <ele>597.697995</ele>
        <time>2026-02-16T17:25:45.068Z</time>
      </trkpt>
      <trkpt lat="49.085905" lon="12.400136">
        <ele>599.229885</ele>
        <time>2026-02-16T17:25:55.082Z</time>
      </trkpt>
      <trkpt lat="49.087023" lon="12.402013">
        <ele>605.724568</ele>
        <time>2026-02-16T17:26:48.085Z</time>
      </trkpt>
      <trkpt lat="49.087404" lon="12.402539">
        <ele>607.439863</ele>
        <time>2026-02-16T17:27:01.178Z</time>
      </trkpt>
      <trkpt lat="49.087820" lon="12.403044">
        <ele>607.773736</ele>
        <time>2026-02-16T17:27:11.953Z</time>
      </trkpt>
      <trkpt lat="49.089066" lon="12.404350">
        <ele>606.888348</ele>
        <time>2026-02-16T17:27:30.168Z</time>
      </trkpt>
      <trkpt lat="49.089417" lon="12.404873">
        <ele>605.570488</ele>
        <time>2026-02-16T17:27:35.589Z</time>
      </trkpt>
      <trkpt lat="49.089545" lon="12.405106">
        <ele>605.035288</ele>
        <time>2026-02-16T17:27:37.759Z</time>
      </trkpt>
      <trkpt lat="49.089802" lon="12.405652">
        <ele>603.851997</ele>
        <time>2026-02-16T17:27:42.403Z</time>
      </trkpt>
      <trkpt lat="49.090021" lon="12.406367">
        <ele>602.462924</ele>
        <time>2026-02-16T17:27:47.582Z</time>
      </trkpt>
      <trkpt lat="49.090118" lon="12.406795">
        <ele>601.117940</ele>
        <time>2026-02-16T17:27:50.429Z</time>
      </trkpt>
      <trkpt lat="49.090212" lon="12.407515">
        <ele>598.718543</ele>
        <time>2026-02-16T17:27:54.890Z</time>
      </trkpt>
      <trkpt lat="49.090245" lon="12.407930">
        <ele>597.352287</ele>
        <time>2026-02-16T17:27:57.413Z</time>
      </trkpt>
      <trkpt lat="49.090316" lon="12.408830">
        <ele>594.389665</ele>
        <time>2026-02-16T17:28:02.957Z</time>
      </trkpt>
      <trkpt lat="49.090404" lon="12.409446">
        <ele>592.585495</ele>
        <time>2026-02-16T17:28:06.880Z</time>
      </trkpt>
      <trkpt lat="49.090643" lon="12.410434">
        <ele>590.025943</ele>
        <time>2026-02-16T17:28:13.596Z</time>
      </trkpt>
      <trkpt lat="49.090643" lon="12.410434">
        <ele>590.025943</ele>
        <time>2026-02-16T17:28:13.597Z</time>
      </trkpt>
      <trkpt lat="49.090934" lon="12.411151">
        <ele>587.976044</ele>
        <time>2026-02-16T17:28:19.079Z</time>
      </trkpt>
      <trkpt lat="49.091207" lon="12.411619">
        <ele>586.694666</ele>
        <time>2026-02-16T17:28:23.250Z</time>
      </trkpt>
      <trkpt lat="49.091426" lon="12.411920">
        <ele>586.913605</ele>
        <time>2026-02-16T17:28:26.408Z</time>
      </trkpt>
      <trkpt lat="49.091950" lon="12.412543">
        <ele>587.407070</ele>
        <time>2026-02-16T17:28:35.252Z</time>
      </trkpt>
      <trkpt lat="49.092184" lon="12.412846">
        <ele>587.635042</ele>
        <time>2026-02-16T17:28:41.970Z</time>
      </trkpt>
      <trkpt lat="49.092486" lon="12.413332">
        <ele>587.961052</ele>
        <time>2026-02-16T17:28:55.238Z</time>
      </trkpt>
      <trkpt lat="49.092570" lon="12.413502">
        <ele>588.399502</ele>
        <time>2026-02-16T17:28:59.961Z</time>
      </trkpt>
      <trkpt lat="49.092743" lon="12.413874">
        <ele>589.628453</ele>
        <time>2026-02-16T17:29:11.041Z</time>
      </trkpt>
      <trkpt lat="49.093027" lon="12.414602">
        <ele>591.910895</ele>
        <time>2026-02-16T17:29:31.234Z</time>
      </trkpt>
      <trkpt lat="49.093334" lon="12.415423">
        <ele>594.457376</ele>
        <time>2026-02-16T17:29:51.043Z</time>
      </trkpt>
      <trkpt lat="49.093783" lon="12.416284">
        <ele>595.941720</ele>
        <time>2026-02-16T17:30:07.225Z</time>
      </trkpt>
      <trkpt lat="49.094077" lon="12.416702">
        <ele>596.390884</ele>
        <time>2026-02-16T17:30:13.876Z</time>
      </trkpt>
      <trkpt lat="49.094395" lon="12.417089">
        <ele>596.845562</ele>
        <time>2026-02-16T17:30:19.790Z</time>
      </trkpt>
      <trkpt lat="49.094877" lon="12.417540">
        <ele>597.569440</ele>
        <time>2026-02-16T17:30:29.175Z</time>
      </trkpt>
      <trkpt lat="49.095277" lon="12.417935">
        <ele>598.734118</ele>
        <time>2026-02-16T17:30:39.729Z</time>
      </trkpt>
      <trkpt lat="49.095745" lon="12.418467">
        <ele>600.160606</ele>
        <time>2026-02-16T17:30:55.530Z</time>
      </trkpt>
      <trkpt lat="49.096062" lon="12.418891">
        <ele>601.190929</ele>
        <time>2026-02-16T17:31:07.277Z</time>
      </trkpt>
      <trkpt lat="49.096235" lon="12.419180">
        <ele>601.810960</ele>
        <time>2026-02-16T17:31:14.342Z</time>
      </trkpt>
      <trkpt lat="49.096603" lon="12.419842">
        <ele>602.717583</ele>
        <time>2026-02-16T17:31:29.019Z</time>
      </trkpt>
      <trkpt lat="49.096795" lon="12.419593">
        <ele>603.119202</ele>
        <time>2026-02-16T17:31:36.458Z</time>
      </trkpt>
      <trkpt lat="49.097027" lon="12.419388">
        <ele>603.546567</ele>
        <time>2026-02-16T17:31:43.872Z</time>
      </trkpt>
      <trkpt lat="49.097282" lon="12.419307">
        <ele>603.961852</ele>
        <time>2026-02-16T17:31:50.292Z</time>
      </trkpt>
      <trkpt lat="49.097507" lon="12.419299">
        <ele>604.320700</ele>
        <time>2026-02-16T17:31:55.236Z</time>
      </trkpt>
      <trkpt lat="49.097832" lon="12.419377">
        <ele>604.538971</ele>
        <time>2026-02-16T17:32:01.564Z</time>
      </trkpt>
      <trkpt lat="49.098195" lon="12.419759">
        <ele>604.041403</ele>
        <time>2026-02-16T17:32:09.330Z</time>
      </trkpt>
      <trkpt lat="49.099231" lon="12.421276">
        <ele>602.218109</ele>
        <time>2026-02-16T17:32:33.070Z</time>
      </trkpt>
      <trkpt lat="49.099834" lon="12.420241">
        <ele>600.222902</ele>
        <time>2026-02-16T17:32:43.242Z</time>
      </trkpt>
      <trkpt lat="49.100136" lon="12.419767">
        <ele>599.270425</ele>
        <time>2026-02-16T17:32:47.851Z</time>
      </trkpt>
      <trkpt lat="49.100466" lon="12.419352">
        <ele>598.012532</ele>
        <time>2026-02-16T17:32:52.199Z</time>
      </trkpt>
      <trkpt lat="49.100631" lon="12.419030">
        <ele>596.888315</ele>
        <time>2026-02-16T17:32:54.832Z</time>
      </trkpt>
      <trkpt lat="49.101243" lon="12.417082">
        <ele>591.000329</ele>
        <time>2026-02-16T17:33:08.305Z</time>
      </trkpt>
      <trkpt lat="49.101341" lon="12.416697">
        <ele>590.198281</ele>
        <time>2026-02-16T17:33:10.919Z</time>
      </trkpt>
      <trkpt lat="49.101447" lon="12.416102">
        <ele>589.000991</ele>
        <time>2026-02-16T17:33:14.907Z</time>
      </trkpt>
      <trkpt lat="49.101596" lon="12.414772">
        <ele>586.381062</ele>
        <time>2026-02-16T17:33:24.326Z</time>
      </trkpt>
      <trkpt lat="49.101693" lon="12.414355">
        <ele>585.591964</ele>
        <time>2026-02-16T17:33:27.651Z</time>
      </trkpt>
      <trkpt lat="49.101810" lon="12.413961">
        <ele>584.969667</ele>
        <time>2026-02-16T17:33:30.877Z</time>
      </trkpt>
      <trkpt lat="49.102062" lon="12.413380">
        <ele>583.967211</ele>
        <time>2026-02-16T17:33:35.944Z</time>
      </trkpt>
      <trkpt lat="49.102110" lon="12.413268">
        <ele>583.774666</ele>
        <time>2026-02-16T17:33:36.908Z</time>
      </trkpt>
      <trkpt lat="49.102295" lon="12.412837">
        <ele>583.033367</ele>
        <time>2026-02-16T17:33:40.581Z</time>
      </trkpt>
      <trkpt lat="49.102517" lon="12.412215">
        <ele>582.014389</ele>
        <time>2026-02-16T17:33:45.461Z</time>
      </trkpt>
      <trkpt lat="49.102712" lon="12.411684">
        <ele>580.919833</ele>
        <time>2026-02-16T17:33:49.511Z</time>
      </trkpt>
      <trkpt lat="49.103182" lon="12.410590">
        <ele>578.451212</ele>
        <time>2026-02-16T17:33:58.211Z</time>
      </trkpt>
      <trkpt lat="49.103538" lon="12.408924">
        <ele>575.709118</ele>
        <time>2026-02-16T17:34:10.266Z</time>
      </trkpt>
      <trkpt lat="49.103690" lon="12.408484">
        <ele>575.120515</ele>
        <time>2026-02-16T17:34:13.851Z</time>
      </trkpt>
      <trkpt lat="49.103813" lon="12.408274">
        <ele>574.787140</ele>
        <time>2026-02-16T17:34:15.918Z</time>
      </trkpt>
      <trkpt lat="49.104078" lon="12.407939">
        <ele>574.165505</ele>
        <time>2026-02-16T17:34:19.856Z</time>
      </trkpt>
      <trkpt lat="49.104872" lon="12.407088">
        <ele>573.250386</ele>
        <time>2026-02-16T17:34:31.734Z</time>
      </trkpt>
      <trkpt lat="49.104981" lon="12.406938">
        <ele>573.208514</ele>
        <time>2026-02-16T17:34:33.589Z</time>
      </trkpt>
      <trkpt lat="49.105174" lon="12.406586">
        <ele>573.122725</ele>
        <time>2026-02-16T17:34:37.521Z</time>
      </trkpt>
      <trkpt lat="49.105336" lon="12.406039">
        <ele>573.010549</ele>
        <time>2026-02-16T17:34:42.938Z</time>
      </trkpt>
      <trkpt lat="49.105426" lon="12.405442">
        <ele>572.896083</ele>
        <time>2026-02-16T17:34:49.205Z</time>
      </trkpt>
      <trkpt lat="49.105457" lon="12.404546">
        <ele>575.201115</ele>
        <time>2026-02-16T17:35:01.699Z</time>
      </trkpt>
      <trkpt lat="49.105509" lon="12.404113">
        <ele>576.346066</ele>
        <time>2026-02-16T17:35:10.170Z</time>
      </trkpt>
      <trkpt lat="49.105710" lon="12.403601">
        <ele>577.898759</ele>
        <time>2026-02-16T17:35:24.220Z</time>
      </trkpt>
      <trkpt lat="49.106553" lon="12.404428">
        <ele>580.781326</ele>
        <time>2026-02-16T17:36:05.957Z</time>
      </trkpt>
      <trkpt lat="49.106697" lon="12.404611">
        <ele>581.081381</ele>
        <time>2026-02-16T17:36:12.288Z</time>
      </trkpt>
      <trkpt lat="49.106793" lon="12.404708">
        <ele>581.265756</ele>
        <time>2026-02-16T17:36:15.851Z</time>
      </trkpt>
      <trkpt lat="49.107128" lon="12.405090">
        <ele>581.935400</ele>
        <time>2026-02-16T17:36:25.042Z</time>
      </trkpt>
      <trkpt lat="49.107347" lon="12.405510">
        <ele>582.498463</ele>
        <time>2026-02-16T17:36:29.223Z</time>
      </trkpt>
      <trkpt lat="49.107505" lon="12.406006">
        <ele>582.309272</ele>
        <time>2026-02-16T17:36:32.713Z</time>
      </trkpt>
      <trkpt lat="49.107718" lon="12.407119">
        <ele>577.543015</ele>
        <time>2026-02-16T17:36:39.563Z</time>
      </trkpt>
      <trkpt lat="49.107801" lon="12.407386">
        <ele>576.328115</ele>
        <time>2026-02-16T17:36:41.297Z</time>
      </trkpt>
      <trkpt lat="49.107882" lon="12.407582">
        <ele>575.375397</ele>
        <time>2026-02-16T17:36:42.660Z</time>
      </trkpt>
      <trkpt lat="49.108179" lon="12.408002">
        <ele>572.834215</ele>
        <time>2026-02-16T17:36:46.295Z</time>
      </trkpt>
      <trkpt lat="49.108390" lon="12.408204">
        <ele>571.186176</ele>
        <time>2026-02-16T17:36:48.533Z</time>
      </trkpt>
      <trkpt lat="49.109661" lon="12.408542">
        <ele>561.166914</ele>
        <time>2026-02-16T17:37:00.108Z</time>
      </trkpt>
      <trkpt lat="49.111086" lon="12.408928">
        <ele>547.861731</ele>
        <time>2026-02-16T17:37:12.625Z</time>
      </trkpt>
      <trkpt lat="49.111678" lon="12.409358">
        <ele>541.410760</ele>
        <time>2026-02-16T17:37:18.224Z</time>
      </trkpt>
      <trkpt lat="49.111917" lon="12.409569">
        <ele>538.947973</ele>
        <time>2026-02-16T17:37:20.596Z</time>
      </trkpt>
      <trkpt lat="49.112166" lon="12.409893">
        <ele>536.375283</ele>
        <time>2026-02-16T17:37:23.426Z</time>
      </trkpt>
      <trkpt lat="49.112487" lon="12.410392">
        <ele>532.773099</ele>
        <time>2026-02-16T17:37:27.423Z</time>
      </trkpt>
      <trkpt lat="49.112663" lon="12.410764">
        <ele>530.409879</ele>
        <time>2026-02-16T17:37:30.093Z</time>
      </trkpt>
      <trkpt lat="49.113359" lon="12.412266">
        <ele>522.521882</ele>
        <time>2026-02-16T17:37:41.262Z</time>
      </trkpt>
      <trkpt lat="49.113653" lon="12.412863">
        <ele>519.927270</ele>
        <time>2026-02-16T17:37:45.847Z</time>
      </trkpt>
      <trkpt lat="49.113795" lon="12.413084">
        <ele>518.851762</ele>
        <time>2026-02-16T17:37:47.741Z</time>
      </trkpt>
      <trkpt lat="49.113940" lon="12.413256">
        <ele>517.877755</ele>
        <time>2026-02-16T17:37:49.462Z</time>
      </trkpt>
      <trkpt lat="49.114113" lon="12.413400">
        <ele>516.832467</ele>
        <time>2026-02-16T17:37:51.298Z</time>
      </trkpt>
      <trkpt lat="49.114289" lon="12.413499">
        <ele>515.997047</ele>
        <time>2026-02-16T17:37:53.079Z</time>
      </trkpt>
      <trkpt lat="49.114506" lon="12.413573">
        <ele>515.255101</ele>
        <time>2026-02-16T17:37:55.187Z</time>
      </trkpt>
      <trkpt lat="49.115198" lon="12.413684">
        <ele>512.933213</ele>
        <time>2026-02-16T17:38:01.925Z</time>
      </trkpt>
      <trkpt lat="49.115745" lon="12.413625">
        <ele>511.103337</ele>
        <time>2026-02-16T17:38:07.734Z</time>
      </trkpt>
      <trkpt lat="49.116287" lon="12.413489">
        <ele>509.742015</ele>
        <time>2026-02-16T17:38:14.322Z</time>
      </trkpt>
      <trkpt lat="49.116721" lon="12.413471">
        <ele>508.979720</ele>
        <time>2026-02-16T17:38:19.787Z</time>
      </trkpt>
      <trkpt lat="49.117243" lon="12.413517">
        <ele>508.061673</ele>
        <time>2026-02-16T17:38:25.753Z</time>
      </trkpt>
      <trkpt lat="49.117809" lon="12.413968">
        <ele>506.819515</ele>
        <time>2026-02-16T17:38:32.518Z</time>
      </trkpt>
      <trkpt lat="49.118849" lon="12.415577">
        <ele>502.329475</ele>
        <time>2026-02-16T17:38:47.639Z</time>
      </trkpt>
      <trkpt lat="49.119707" lon="12.416964">
        <ele>498.912125</ele>
        <time>2026-02-16T17:39:00.121Z</time>
      </trkpt>
      <trkpt lat="49.119906" lon="12.417271">
        <ele>498.156801</ele>
        <time>2026-02-16T17:39:03.127Z</time>
      </trkpt>
      <trkpt lat="49.120238" lon="12.417580">
        <ele>497.118487</ele>
        <time>2026-02-16T17:39:07.466Z</time>
      </trkpt>
      <trkpt lat="49.120418" lon="12.417676">
        <ele>496.781870</ele>
        <time>2026-02-16T17:39:09.720Z</time>
      </trkpt>
      <trkpt lat="49.120530" lon="12.417737">
        <ele>496.694841</ele>
        <time>2026-02-16T17:39:11.194Z</time>
      </trkpt>
      <trkpt lat="49.120659" lon="12.417748">
        <ele>496.600274</ele>
        <time>2026-02-16T17:39:12.850Z</time>
      </trkpt>
      <trkpt lat="49.121241" lon="12.417768">
        <ele>496.174181</ele>
        <time>2026-02-16T17:39:20.843Z</time>
      </trkpt>
      <trkpt lat="49.121650" lon="12.417886">
        <ele>495.869529</ele>
        <time>2026-02-16T17:39:26.349Z</time>
      </trkpt>
      <trkpt lat="49.121792" lon="12.417981">
        <ele>495.756069</ele>
        <time>2026-02-16T17:39:28.354Z</time>
      </trkpt>
      <trkpt lat="49.121957" lon="12.418141">
        <ele>495.613033</ele>
        <time>2026-02-16T17:39:30.920Z</time>
      </trkpt>
      <trkpt lat="49.122455" lon="12.418884">
        <ele>494.825787</ele>
        <time>2026-02-16T17:39:39.568Z</time>
      </trkpt>
      <trkpt lat="49.122745" lon="12.419170">
        <ele>494.408772</ele>
        <time>2026-02-16T17:39:43.651Z</time>
      </trkpt>
      <trkpt lat="49.122958" lon="12.419321">
        <ele>494.125081</ele>
        <time>2026-02-16T17:39:46.354Z</time>
      </trkpt>
      <trkpt lat="49.123566" lon="12.419492">
        <ele>493.378162</ele>
        <time>2026-02-16T17:39:53.535Z</time>
      </trkpt>
      <trkpt lat="49.124287" lon="12.419617">
        <ele>492.250229</ele>
        <time>2026-02-16T17:40:01.824Z</time>
      </trkpt>
      <trkpt lat="49.124940" lon="12.419571">
        <ele>491.228627</ele>
        <time>2026-02-16T17:40:09.330Z</time>
      </trkpt>
      <trkpt lat="49.127865" lon="12.418586">
        <ele>486.238621</ele>
        <time>2026-02-16T17:40:43.170Z</time>
      </trkpt>
      <trkpt lat="49.128396" lon="12.418409">
        <ele>485.342064</ele>
        <time>2026-02-16T17:40:49.131Z</time>
      </trkpt>
      <trkpt lat="49.128677" lon="12.418329">
        <ele>484.870539</ele>
        <time>2026-02-16T17:40:52.415Z</time>
      </trkpt>
      <trkpt lat="49.129060" lon="12.418123">
        <ele>484.756344</ele>
        <time>2026-02-16T17:40:57.088Z</time>
      </trkpt>
      <trkpt lat="49.129274" lon="12.417968">
        <ele>485.034407</ele>
        <time>2026-02-16T17:40:59.899Z</time>
      </trkpt>
      <trkpt lat="49.129716" lon="12.417502">
        <ele>485.664903</ele>
        <time>2026-02-16T17:41:08.143Z</time>
      </trkpt>
      <trkpt lat="49.129907" lon="12.417802">
        <ele>485.986494</ele>
        <time>2026-02-16T17:41:14.028Z</time>
      </trkpt>
      <trkpt lat="49.130266" lon="12.418269">
        <ele>486.540043</ele>
        <time>2026-02-16T17:41:27.072Z</time>
      </trkpt>
      <trkpt lat="49.130563" lon="12.418509">
        <ele>488.384830</ele>
        <time>2026-02-16T17:41:38.020Z</time>
      </trkpt>
      <trkpt lat="49.130784" lon="12.418612">
        <ele>489.979496</ele>
        <time>2026-02-16T17:41:46.318Z</time>
      </trkpt>
      <trkpt lat="49.131184" lon="12.418603">
        <ele>492.740543</ele>
        <time>2026-02-16T17:42:03.158Z</time>
      </trkpt>
      <trkpt lat="49.131537" lon="12.418450">
        <ele>495.272988</ele>
        <time>2026-02-16T17:42:20.308Z</time>
      </trkpt>
      <trkpt lat="49.131958" lon="12.418211">
        <ele>498.372663</ele>
        <time>2026-02-16T17:42:42.612Z</time>
      </trkpt>
      <trkpt lat="49.132235" lon="12.418127">
        <ele>500.508245</ele>
        <time>2026-02-16T17:42:57.106Z</time>
      </trkpt>
      <trkpt lat="49.132622" lon="12.418150">
        <ele>503.573643</ele>
        <time>2026-02-16T17:43:16.905Z</time>
      </trkpt>
      <trkpt lat="49.132907" lon="12.418299">
        <ele>505.957732</ele>
        <time>2026-02-16T17:43:31.908Z</time>
      </trkpt>
      <trkpt lat="49.133084" lon="12.418454">
        <ele>507.572351</ele>
        <time>2026-02-16T17:43:41.905Z</time>
      </trkpt>
      <trkpt lat="49.133334" lon="12.418737">
        <ele>510.034739</ele>
        <time>2026-02-16T17:43:56.736Z</time>
      </trkpt>
      <trkpt lat="49.134107" lon="12.419772">
        <ele>515.733715</ele>
        <time>2026-02-16T17:44:36.702Z</time>
      </trkpt>
      <trkpt lat="49.134374" lon="12.420230">
        <ele>517.325754</ele>
        <time>2026-02-16T17:44:48.381Z</time>
      </trkpt>
      <trkpt lat="49.134855" lon="12.421237">
        <ele>520.475358</ele>
        <time>2026-02-16T17:45:08.774Z</time>
      </trkpt>
      <trkpt lat="49.135161" lon="12.421727">
        <ele>521.147951</ele>
        <time>2026-02-16T17:45:18.405Z</time>
      </trkpt>
      <trkpt lat="49.135325" lon="12.421937">
        <ele>521.472643</ele>
        <time>2026-02-16T17:45:22.818Z</time>
      </trkpt>
      <trkpt lat="49.135737" lon="12.422320">
        <ele>522.204469</ele>
        <time>2026-02-16T17:45:32.041Z</time>
      </trkpt>
      <trkpt lat="49.136165" lon="12.422550">
        <ele>522.892985</ele>
        <time>2026-02-16T17:45:40.709Z</time>
      </trkpt>
      <trkpt lat="49.136538" lon="12.422645">
        <ele>523.694205</ele>
        <time>2026-02-16T17:45:48.234Z</time>
      </trkpt>
      <trkpt lat="49.137006" lon="12.422615">
        <ele>524.917666</ele>
        <time>2026-02-16T17:45:58.759Z</time>
      </trkpt>
      <trkpt lat="49.137562" lon="12.422477">
        <ele>526.388926</ele>
        <time>2026-02-16T17:46:13.630Z</time>
      </trkpt>
      <trkpt lat="49.138886" lon="12.422091">
        <ele>528.917218</ele>
        <time>2026-02-16T17:46:53.385Z</time>
      </trkpt>
      <trkpt lat="49.139577" lon="12.422182">
        <ele>529.856156</ele>
        <time>2026-02-16T17:47:06.321Z</time>
      </trkpt>
      <trkpt lat="49.139870" lon="12.422313">
        <ele>530.269438</ele>
        <time>2026-02-16T17:47:09.876Z</time>
      </trkpt>
      <trkpt lat="49.139992" lon="12.422441">
        <ele>529.791035</ele>
        <time>2026-02-16T17:47:11.440Z</time>
      </trkpt>
      <trkpt lat="49.140102" lon="12.422612">
        <ele>529.225224</ele>
        <time>2026-02-16T17:47:13.038Z</time>
      </trkpt>
      <trkpt lat="49.140373" lon="12.423302">
        <ele>527.326448</ele>
        <time>2026-02-16T17:47:18.175Z</time>
      </trkpt>
      <trkpt lat="49.140540" lon="12.423618">
        <ele>526.368033</ele>
        <time>2026-02-16T17:47:20.714Z</time>
      </trkpt>
      <trkpt lat="49.140746" lon="12.423858">
        <ele>525.433933</ele>
        <time>2026-02-16T17:47:23.190Z</time>
      </trkpt>
      <trkpt lat="49.140977" lon="12.424002">
        <ele>524.534247</ele>
        <time>2026-02-16T17:47:25.584Z</time>
      </trkpt>
      <trkpt lat="49.141950" lon="12.424420">
        <ele>520.757872</ele>
        <time>2026-02-16T17:47:35.514Z</time>
      </trkpt>
      <trkpt lat="49.143824" lon="12.424994">
        <ele>513.941135</ele>
        <time>2026-02-16T17:47:54.498Z</time>
      </trkpt>
      <trkpt lat="49.144016" lon="12.425016">
        <ele>513.296544</ele>
        <time>2026-02-16T17:47:56.414Z</time>
      </trkpt>
      <trkpt lat="49.144198" lon="12.424994">
        <ele>512.685333</ele>
        <time>2026-02-16T17:47:58.231Z</time>
      </trkpt>
      <trkpt lat="49.144325" lon="12.424928">
        <ele>512.236258</ele>
        <time>2026-02-16T17:47:59.572Z</time>
      </trkpt>
      <trkpt lat="49.144490" lon="12.424776">
        <ele>511.591315</ele>
        <time>2026-02-16T17:48:01.526Z</time>
      </trkpt>
      <trkpt lat="49.144810" lon="12.425047">
        <ele>510.498116</ele>
        <time>2026-02-16T17:48:05.337Z</time>
      </trkpt>
      <trkpt lat="49.145272" lon="12.425291">
        <ele>509.203296</ele>
        <time>2026-02-16T17:48:10.735Z</time>
      </trkpt>
      <trkpt lat="49.145517" lon="12.425375">
        <ele>508.538167</ele>
        <time>2026-02-16T17:48:13.547Z</time>
      </trkpt>
      <trkpt lat="49.145891" lon="12.425454">
        <ele>507.538026</ele>
        <time>2026-02-16T17:48:17.527Z</time>
      </trkpt>
      <trkpt lat="49.146244" lon="12.425606">
        <ele>506.566541</ele>
        <time>2026-02-16T17:48:21.280Z</time>
      </trkpt>
      <trkpt lat="49.146384" lon="12.425767">
        <ele>506.115165</ele>
        <time>2026-02-16T17:48:23.051Z</time>
      </trkpt>
      <trkpt lat="49.146473" lon="12.425925">
        <ele>505.789279</ele>
        <time>2026-02-16T17:48:24.410Z</time>
      </trkpt>
      <trkpt lat="49.146556" lon="12.426192">
        <ele>505.327250</ele>
        <time>2026-02-16T17:48:26.311Z</time>
      </trkpt>
      <trkpt lat="49.146586" lon="12.426437">
        <ele>504.937681</ele>
        <time>2026-02-16T17:48:27.909Z</time>
      </trkpt>
      <trkpt lat="49.146535" lon="12.427083">
        <ele>503.920700</ele>
        <time>2026-02-16T17:48:32.087Z</time>
      </trkpt>
      <trkpt lat="49.146437" lon="12.427839">
        <ele>502.716144</ele>
        <time>2026-02-16T17:48:37.276Z</time>
      </trkpt>
      <trkpt lat="49.146624" lon="12.428016">
        <ele>502.190629</ele>
        <time>2026-02-16T17:48:40.058Z</time>
      </trkpt>
      <trkpt lat="49.146759" lon="12.428191">
        <ele>502.103666</ele>
        <time>2026-02-16T17:48:42.989Z</time>
      </trkpt>
      <trkpt lat="49.147071" lon="12.428810">
        <ele>503.343012</ele>
        <time>2026-02-16T17:48:54.941Z</time>
      </trkpt>
      <trkpt lat="49.147333" lon="12.429352">
        <ele>504.411845</ele>
        <time>2026-02-16T17:49:07.872Z</time>
      </trkpt>
      <trkpt lat="49.147510" lon="12.429606">
        <ele>505.000434</ele>
        <time>2026-02-16T17:49:15.481Z</time>
      </trkpt>
      <trkpt lat="49.147779" lon="12.429821">
        <ele>505.736393</ele>
        <time>2026-02-16T17:49:25.100Z</time>
      </trkpt>
      <trkpt lat="49.149154" lon="12.430696">
        <ele>507.420070</ele>
        <time>2026-02-16T17:49:58.806Z</time>
      </trkpt>
      <trkpt lat="49.149356" lon="12.430854">
        <ele>507.622798</ele>
        <time>2026-02-16T17:50:01.548Z</time>
      </trkpt>
      <trkpt lat="49.149994" lon="12.431441">
        <ele>507.851771</ele>
        <time>2026-02-16T17:50:09.650Z</time>
      </trkpt>
      <trkpt lat="49.150185" lon="12.431693">
        <ele>507.822190</ele>
        <time>2026-02-16T17:50:12.319Z</time>
      </trkpt>
      <trkpt lat="49.150506" lon="12.432220">
        <ele>507.766963</ele>
        <time>2026-02-16T17:50:17.800Z</time>
      </trkpt>
      <trkpt lat="49.150624" lon="12.432318">
        <ele>507.751217</ele>
        <time>2026-02-16T17:50:19.855Z</time>
      </trkpt>
      <trkpt lat="49.150739" lon="12.432420">
        <ele>507.735629</ele>
        <time>2026-02-16T17:50:22.288Z</time>
      </trkpt>
      <trkpt lat="49.151130" lon="12.432603">
        <ele>507.884355</ele>
        <time>2026-02-16T17:50:32.325Z</time>
      </trkpt>
      <trkpt lat="49.151288" lon="12.432682">
        <ele>508.870774</ele>
        <time>2026-02-16T17:50:37.395Z</time>
      </trkpt>
      <trkpt lat="49.151650" lon="12.432988">
        <ele>511.325294</ele>
        <time>2026-02-16T17:50:52.355Z</time>
      </trkpt>
      <trkpt lat="49.152532" lon="12.434033">
        <ele>517.946517</ele>
        <time>2026-02-16T17:51:42.253Z</time>
      </trkpt>
      <trkpt lat="49.152677" lon="12.434183">
        <ele>518.670661</ele>
        <time>2026-02-16T17:51:49.941Z</time>
      </trkpt>
      <trkpt lat="49.152764" lon="12.434225">
        <ele>518.937635</ele>
        <time>2026-02-16T17:51:53.753Z</time>
      </trkpt>
      <trkpt lat="49.152990" lon="12.434240">
        <ele>519.599596</ele>
        <time>2026-02-16T17:52:02.675Z</time>
      </trkpt>
      <trkpt lat="49.153749" lon="12.433865">
        <ele>521.933717</ele>
        <time>2026-02-16T17:52:26.769Z</time>
      </trkpt>
      <trkpt lat="49.154077" lon="12.433790">
        <ele>522.904207</ele>
        <time>2026-02-16T17:52:32.453Z</time>
      </trkpt>
      <trkpt lat="49.154359" lon="12.433847">
        <ele>523.485074</ele>
        <time>2026-02-16T17:52:35.844Z</time>
      </trkpt>
      <trkpt lat="49.154674" lon="12.434156">
        <ele>522.048828</ele>
        <time>2026-02-16T17:52:39.718Z</time>
      </trkpt>
      <trkpt lat="49.155362" lon="12.435182">
        <ele>518.360700</ele>
        <time>2026-02-16T17:52:48.770Z</time>
      </trkpt>
      <trkpt lat="49.155663" lon="12.435435">
        <ele>517.042550</ele>
        <time>2026-02-16T17:52:51.976Z</time>
      </trkpt>
      <trkpt lat="49.156212" lon="12.435673">
        <ele>516.064080</ele>
        <time>2026-02-16T17:52:57.593Z</time>
      </trkpt>
      <trkpt lat="49.156626" lon="12.435758">
        <ele>515.498072</ele>
        <time>2026-02-16T17:53:02.309Z</time>
      </trkpt>
      <trkpt lat="49.156825" lon="12.435764">
        <ele>515.228373</ele>
        <time>2026-02-16T17:53:04.958Z</time>
      </trkpt>
      <trkpt lat="49.157637" lon="12.435606">
        <ele>514.353820</ele>
        <time>2026-02-16T17:53:19.411Z</time>
      </trkpt>
      <trkpt lat="49.157704" lon="12.435579">
        <ele>514.390359</ele>
        <time>2026-02-16T17:53:20.815Z</time>
      </trkpt>
      <trkpt lat="49.157947" lon="12.435443">
        <ele>514.526822</ele>
        <time>2026-02-16T17:53:26.393Z</time>
      </trkpt>
      <trkpt lat="49.160001" lon="12.433356">
        <ele>514.191448</ele>
        <time>2026-02-16T17:54:06.118Z</time>
      </trkpt>
      <trkpt lat="49.160751" lon="12.432714">
        <ele>512.846121</ele>
        <time>2026-02-16T17:54:15.166Z</time>
      </trkpt>
      <trkpt lat="49.161039" lon="12.432415">
        <ele>511.476380</ele>
        <time>2026-02-16T17:54:18.543Z</time>
      </trkpt>
      <trkpt lat="49.161619" lon="12.431701">
        <ele>508.546533</ele>
        <time>2026-02-16T17:54:25.613Z</time>
      </trkpt>
      <trkpt lat="49.161994" lon="12.431323">
        <ele>506.779226</ele>
        <time>2026-02-16T17:54:29.949Z</time>
      </trkpt>
      <trkpt lat="49.162411" lon="12.431012">
        <ele>505.740336</ele>
        <time>2026-02-16T17:54:34.642Z</time>
      </trkpt>
      <trkpt lat="49.162857" lon="12.430706">
        <ele>504.807654</ele>
        <time>2026-02-16T17:54:39.978Z</time>
      </trkpt>
      <trkpt lat="49.163200" lon="12.430389">
        <ele>504.042986</ele>
        <time>2026-02-16T17:54:44.853Z</time>
      </trkpt>
      <trkpt lat="49.163508" lon="12.430113">
        <ele>503.361869</ele>
        <time>2026-02-16T17:54:49.611Z</time>
      </trkpt>
      <trkpt lat="49.164342" lon="12.429538">
        <ele>501.099772</ele>
        <time>2026-02-16T17:55:00.546Z</time>
      </trkpt>
      <trkpt lat="49.164479" lon="12.429425">
        <ele>500.695696</ele>
        <time>2026-02-16T17:55:02.198Z</time>
      </trkpt>
      <trkpt lat="49.164780" lon="12.429082">
        <ele>499.721246</ele>
        <time>2026-02-16T17:55:06.031Z</time>
      </trkpt>
      <trkpt lat="49.164915" lon="12.428739">
        <ele>499.041681</ele>
        <time>2026-02-16T17:55:08.618Z</time>
      </trkpt>
      <trkpt lat="49.165077" lon="12.428834">
        <ele>498.591278</ele>
        <time>2026-02-16T17:55:10.282Z</time>
      </trkpt>
      <trkpt lat="49.165410" lon="12.428977">
        <ele>497.123759</ele>
        <time>2026-02-16T17:55:13.548Z</time>
      </trkpt>
      <trkpt lat="49.166628" lon="12.429139">
        <ele>491.316404</ele>
        <time>2026-02-16T17:55:25.006Z</time>
      </trkpt>
      <trkpt lat="49.168093" lon="12.430074">
        <ele>485.957678</ele>
        <time>2026-02-16T17:55:40.597Z</time>
      </trkpt>
      <trkpt lat="49.168749" lon="12.430200">
        <ele>484.392279</ele>
        <time>2026-02-16T17:55:48.270Z</time>
      </trkpt>
      <trkpt lat="49.169050" lon="12.430281">
        <ele>484.445155</ele>
        <time>2026-02-16T17:55:52.633Z</time>
      </trkpt>
      <trkpt lat="49.169150" lon="12.430341">
        <ele>484.463740</ele>
        <time>2026-02-16T17:55:54.348Z</time>
      </trkpt>
      <trkpt lat="49.169266" lon="12.430528">
        <ele>484.492899</ele>
        <time>2026-02-16T17:55:57.249Z</time>
      </trkpt>
      <trkpt lat="49.169349" lon="12.430800">
        <ele>484.526853</ele>
        <time>2026-02-16T17:56:00.838Z</time>
      </trkpt>
      <trkpt lat="49.169397" lon="12.431273">
        <ele>484.580999</ele>
        <time>2026-02-16T17:56:07.001Z</time>
      </trkpt>
      <trkpt lat="49.169542" lon="12.433786">
        <ele>483.051357</ele>
        <time>2026-02-16T17:56:33.882Z</time>
      </trkpt>
      <trkpt lat="49.169543" lon="12.434123">
        <ele>482.719165</ele>
        <time>2026-02-16T17:56:36.212Z</time>
      </trkpt>
      <trkpt lat="49.169497" lon="12.434522">
        <ele>482.319794</ele>
        <time>2026-02-16T17:56:38.862Z</time>
      </trkpt>
      <trkpt lat="49.169367" lon="12.434961">
        <ele>481.367658</ele>
        <time>2026-02-16T17:56:41.867Z</time>
      </trkpt>
      <trkpt lat="49.169188" lon="12.435365">
        <ele>479.022108</ele>
        <time>2026-02-16T17:56:44.809Z</time>
      </trkpt>
      <trkpt lat="49.168598" lon="12.436478">
        <ele>472.135490</ele>
        <time>2026-02-16T17:56:53.110Z</time>
      </trkpt>
      <trkpt lat="49.168457" lon="12.436932">
        <ele>469.719781</ele>
        <time>2026-02-16T17:56:55.977Z</time>
      </trkpt>
      <trkpt lat="49.168215" lon="12.437709">
        <ele>464.796588</ele>
        <time>2026-02-16T17:57:00.861Z</time>
      </trkpt>
      <trkpt lat="49.167703" lon="12.439562">
        <ele>452.723171</ele>
        <time>2026-02-16T17:57:12.262Z</time>
      </trkpt>
      <trkpt lat="49.167581" lon="12.440086">
        <ele>449.999232</ele>
        <time>2026-02-16T17:57:15.431Z</time>
      </trkpt>
      <trkpt lat="49.167585" lon="12.440606">
        <ele>447.550629</ele>
        <time>2026-02-16T17:57:18.402Z</time>
      </trkpt>
      <trkpt lat="49.167695" lon="12.441552">
        <ele>443.026480</ele>
        <time>2026-02-16T17:57:23.958Z</time>
      </trkpt>
      <trkpt lat="49.167895" lon="12.442460">
        <ele>439.119808</ele>
        <time>2026-02-16T17:57:29.848Z</time>
      </trkpt>
      <trkpt lat="49.168077" lon="12.442911">
        <ele>438.587546</ele>
        <time>2026-02-16T17:57:33.375Z</time>
      </trkpt>
      <trkpt lat="49.168223" lon="12.443111">
        <ele>438.286490</ele>
        <time>2026-02-16T17:57:35.504Z</time>
      </trkpt>
      <trkpt lat="49.168791" lon="12.442790">
        <ele>437.356391</ele>
        <time>2026-02-16T17:57:46.297Z</time>
      </trkpt>
      <trkpt lat="49.169202" lon="12.442809">
        <ele>436.724809</ele>
        <time>2026-02-16T17:57:55.825Z</time>
      </trkpt>
      <trkpt lat="49.169762" lon="12.443075">
        <ele>435.550845</ele>
        <time>2026-02-16T17:58:08.645Z</time>
      </trkpt>
      <trkpt lat="49.170620" lon="12.443551">
        <ele>433.599235</ele>
        <time>2026-02-16T17:58:23.434Z</time>
      </trkpt>
      <trkpt lat="49.171111" lon="12.443696">
        <ele>432.272269</ele>
        <time>2026-02-16T17:58:30.274Z</time>
      </trkpt>
      <trkpt lat="49.171562" lon="12.443898">
        <ele>429.482935</ele>
        <time>2026-02-16T17:58:36.334Z</time>
      </trkpt>
      <trkpt lat="49.172341" lon="12.444342">
        <ele>424.548574</ele>
        <time>2026-02-16T17:58:46.987Z</time>
      </trkpt>
      <trkpt lat="49.172560" lon="12.445062">
        <ele>421.578903</ele>
        <time>2026-02-16T17:58:53.921Z</time>
      </trkpt>
      <trkpt lat="49.172682" lon="12.445709">
        <ele>419.515327</ele>
        <time>2026-02-16T17:59:00.046Z</time>
      </trkpt>
      <trkpt lat="49.172748" lon="12.445826">
        <ele>419.041759</ele>
        <time>2026-02-16T17:59:01.474Z</time>
      </trkpt>
      <trkpt lat="49.172871" lon="12.446357">
        <ele>417.315377</ele>
        <time>2026-02-16T17:59:06.720Z</time>
      </trkpt>
      <trkpt lat="49.173023" lon="12.446673">
        <ele>416.113126</ele>
        <time>2026-02-16T17:59:10.283Z</time>
      </trkpt>
      <trkpt lat="49.173388" lon="12.447245">
        <ele>413.663673</ele>
        <time>2026-02-16T17:59:17.332Z</time>
      </trkpt>
      <trkpt lat="49.173932" lon="12.447679">
        <ele>410.302756</ele>
        <time>2026-02-16T17:59:25.454Z</time>
      </trkpt>
      <trkpt lat="49.174057" lon="12.447909">
        <ele>409.226328</ele>
        <time>2026-02-16T17:59:28.023Z</time>
      </trkpt>
      <trkpt lat="49.174188" lon="12.448479">
        <ele>407.051864</ele>
        <time>2026-02-16T17:59:33.231Z</time>
      </trkpt>
      <trkpt lat="49.174343" lon="12.449005">
        <ele>404.975408</ele>
        <time>2026-02-16T17:59:38.231Z</time>
      </trkpt>
      <trkpt lat="49.174507" lon="12.450035">
        <ele>401.281561</ele>
        <time>2026-02-16T17:59:47.610Z</time>
      </trkpt>
      <trkpt lat="49.174598" lon="12.450371">
        <ele>400.036061</ele>
        <time>2026-02-16T17:59:50.819Z</time>
      </trkpt>
      <trkpt lat="49.174735" lon="12.450579">
        <ele>399.024912</ele>
        <time>2026-02-16T17:59:53.404Z</time>
      </trkpt>
      <trkpt lat="49.175039" lon="12.450889">
        <ele>397.111024</ele>
        <time>2026-02-16T17:59:58.289Z</time>
      </trkpt>
      <trkpt lat="49.175260" lon="12.451071">
        <ele>395.796232</ele>
        <time>2026-02-16T18:00:01.634Z</time>
      </trkpt>
      <trkpt lat="49.175806" lon="12.450873">
        <ele>392.658696</ele>
        <time>2026-02-16T18:00:09.174Z</time>
      </trkpt>
      <trkpt lat="49.175986" lon="12.450836">
        <ele>391.571518</ele>
        <time>2026-02-16T18:00:11.599Z</time>
      </trkpt>
      <trkpt lat="49.176150" lon="12.450928">
        <ele>390.525869</ele>
        <time>2026-02-16T18:00:13.918Z</time>
      </trkpt>
      <trkpt lat="49.176756" lon="12.452027">
        <ele>384.899575</ele>
        <time>2026-02-16T18:00:26.302Z</time>
      </trkpt>
      <trkpt lat="49.177192" lon="12.452405">
        <ele>382.293243</ele>
        <time>2026-02-16T18:00:32.679Z</time>
      </trkpt>
      <trkpt lat="49.177444" lon="12.452658">
        <ele>380.938864</ele>
        <time>2026-02-16T18:00:36.454Z</time>
      </trkpt>
      <trkpt lat="49.177948" lon="12.453241">
        <ele>378.099711</ele>
        <time>2026-02-16T18:00:44.768Z</time>
      </trkpt>
      <trkpt lat="49.178097" lon="12.453450">
        <ele>377.191374</ele>
        <time>2026-02-16T18:00:47.654Z</time>
      </trkpt>
      <trkpt lat="49.178139" lon="12.453556">
        <ele>376.827296</ele>
        <time>2026-02-16T18:00:48.856Z</time>
      </trkpt>
      <trkpt lat="49.178139" lon="12.453680">
        <ele>376.463076</ele>
        <time>2026-02-16T18:00:50.119Z</time>
      </trkpt>
      <trkpt lat="49.178069" lon="12.453958">
        <ele>375.588036</ele>
        <time>2026-02-16T18:00:53.464Z</time>
      </trkpt>
      <trkpt lat="49.177233" lon="12.455975">
        <ele>377.905615</ele>
        <time>2026-02-16T18:01:42.204Z</time>
      </trkpt>
      <trkpt lat="49.176812" lon="12.457683">
        <ele>378.933654</ele>
        <time>2026-02-16T18:02:08.413Z</time>
      </trkpt>
      <trkpt lat="49.176622" lon="12.458018">
        <ele>379.113105</ele>
        <time>2026-02-16T18:02:14.542Z</time>
      </trkpt>
      <trkpt lat="49.176464" lon="12.459408">
        <ele>378.717567</ele>
        <time>2026-02-16T18:02:37.199Z</time>
      </trkpt>
      <trkpt lat="49.176650" lon="12.461202">
        <ele>375.941271</ele>
        <time>2026-02-16T18:02:55.958Z</time>
      </trkpt>
      <trkpt lat="49.176574" lon="12.461901">
        <ele>374.044663</ele>
        <time>2026-02-16T18:03:02.008Z</time>
      </trkpt>
      <trkpt lat="49.176606" lon="12.462082">
        <ele>373.200540</ele>
        <time>2026-02-16T18:03:03.571Z</time>
      </trkpt>
      <trkpt lat="49.176667" lon="12.462270">
        <ele>372.255661</ele>
        <time>2026-02-16T18:03:05.300Z</time>
      </trkpt>
      <trkpt lat="49.176970" lon="12.462958">
        <ele>368.521043</ele>
        <time>2026-02-16T18:03:12.056Z</time>
      </trkpt>
      <trkpt lat="49.177390" lon="12.463536">
        <ele>364.630473</ele>
        <time>2026-02-16T18:03:19.167Z</time>
      </trkpt>
      <trkpt lat="49.177548" lon="12.463830">
        <ele>362.917092</ele>
        <time>2026-02-16T18:03:22.375Z</time>
      </trkpt>
      <trkpt lat="49.177869" lon="12.464666">
        <ele>361.358801</ele>
        <time>2026-02-16T18:03:31.201Z</time>
      </trkpt>
      <trkpt lat="49.178319" lon="12.466259">
        <ele>358.601071</ele>
        <time>2026-02-16T18:03:51.307Z</time>
      </trkpt>
      <trkpt lat="49.178465" lon="12.466617">
        <ele>358.443178</ele>
        <time>2026-02-16T18:03:56.299Z</time>
      </trkpt>
      <trkpt lat="49.178609" lon="12.466825">
        <ele>358.382161</ele>
        <time>2026-02-16T18:03:59.799Z</time>
      </trkpt>
      <trkpt lat="49.178919" lon="12.467442">
        <ele>358.225435</ele>
        <time>2026-02-16T18:04:08.837Z</time>
      </trkpt>
      <trkpt lat="49.179108" lon="12.467919">
        <ele>358.113098</ele>
        <time>2026-02-16T18:04:15.490Z</time>
      </trkpt>
      <trkpt lat="49.179214" lon="12.468284">
        <ele>358.032661</ele>
        <time>2026-02-16T18:04:20.597Z</time>
      </trkpt>
      <trkpt lat="49.179274" lon="12.468609">
        <ele>357.964646</ele>
        <time>2026-02-16T18:04:25.538Z</time>
      </trkpt>
      <trkpt lat="49.179333" lon="12.469128">
        <ele>358.677821</ele>
        <time>2026-02-16T18:04:34.238Z</time>
      </trkpt>
      <trkpt lat="49.179363" lon="12.469654">
        <ele>359.402123</ele>
        <time>2026-02-16T18:04:44.070Z</time>
      </trkpt>
      <trkpt lat="49.179363" lon="12.469654">
        <ele>359.402123</ele>
        <time>2026-02-16T18:04:44.071Z</time>
      </trkpt>
      <trkpt lat="49.179368" lon="12.470059">
        <ele>359.957796</ele>
        <time>2026-02-16T18:04:52.285Z</time>
      </trkpt>
      <trkpt lat="49.179331" lon="12.470400">
        <ele>360.431976</ele>
        <time>2026-02-16T18:04:59.419Z</time>
      </trkpt>
      <trkpt lat="49.179116" lon="12.471076">
        <ele>361.463240</ele>
        <time>2026-02-16T18:05:15.109Z</time>
      </trkpt>
      <trkpt lat="49.178920" lon="12.471521">
        <ele>362.035401</ele>
        <time>2026-02-16T18:05:25.804Z</time>
      </trkpt>
      <trkpt lat="49.178456" lon="12.472441">
        <ele>363.063106</ele>
        <time>2026-02-16T18:05:46.248Z</time>
      </trkpt>
      <trkpt lat="49.178407" lon="12.472676">
        <ele>363.281266</ele>
        <time>2026-02-16T18:05:50.303Z</time>
      </trkpt>
      <trkpt lat="49.178376" lon="12.473483">
        <ele>363.996241</ele>
        <time>2026-02-16T18:06:03.139Z</time>
      </trkpt>
      <trkpt lat="49.178349" lon="12.473653">
        <ele>364.150970</ele>
        <time>2026-02-16T18:06:05.753Z</time>
      </trkpt>
      <trkpt lat="49.178205" lon="12.474072">
        <ele>363.946834</ele>
        <time>2026-02-16T18:06:12.054Z</time>
      </trkpt>
      <trkpt lat="49.177753" lon="12.474803">
        <ele>363.444939</ele>
        <time>2026-02-16T18:06:22.899Z</time>
      </trkpt>
      <trkpt lat="49.177538" lon="12.475096">
        <ele>363.225229</ele>
        <time>2026-02-16T18:06:27.381Z</time>
      </trkpt>
      <trkpt lat="49.177328" lon="12.475285">
        <ele>363.039317</ele>
        <time>2026-02-16T18:06:31.327Z</time>
      </trkpt>
      <trkpt lat="49.176891" lon="12.475547">
        <ele>363.144163</ele>
        <time>2026-02-16T18:06:39.956Z</time>
      </trkpt>
      <trkpt lat="49.176648" lon="12.475587">
        <ele>363.690457</ele>
        <time>2026-02-16T18:06:45.509Z</time>
      </trkpt>
      <trkpt lat="49.176502" lon="12.475546">
        <ele>364.022252</ele>
        <time>2026-02-16T18:06:49.478Z</time>
      </trkpt>
      <trkpt lat="49.175849" lon="12.475124">
        <ele>365.606763</ele>
        <time>2026-02-16T18:07:12.699Z</time>
      </trkpt>
      <trkpt lat="49.175658" lon="12.475037">
        <ele>366.052216</ele>
        <time>2026-02-16T18:07:20.023Z</time>
      </trkpt>
      <trkpt lat="49.175554" lon="12.475043">
        <ele>366.284844</ele>
        <time>2026-02-16T18:07:23.911Z</time>
      </trkpt>
      <trkpt lat="49.175395" lon="12.475158">
        <ele>366.677970</ele>
        <time>2026-02-16T18:07:30.450Z</time>
      </trkpt>
      <trkpt lat="49.175325" lon="12.475256">
        <ele>366.820181</ele>
        <time>2026-02-16T18:07:33.749Z</time>
      </trkpt>
      <trkpt lat="49.175218" lon="12.475586">
        <ele>366.826401</ele>
        <time>2026-02-16T18:07:41.772Z</time>
      </trkpt>
      <trkpt lat="49.175410" lon="12.475732">
        <ele>366.831939</ele>
        <time>2026-02-16T18:07:46.888Z</time>
      </trkpt>
      <trkpt lat="49.175676" lon="12.476046">
        <ele>366.840618</ele>
        <time>2026-02-16T18:07:53.212Z</time>
      </trkpt>
      <trkpt lat="49.175816" lon="12.476318">
        <ele>366.846463</ele>
        <time>2026-02-16T18:07:56.251Z</time>
      </trkpt>
      <trkpt lat="49.175916" lon="12.476601">
        <ele>366.851895</ele>
        <time>2026-02-16T18:07:58.876Z</time>
      </trkpt>
      <trkpt lat="49.175981" lon="12.476872">
        <ele>366.856770</ele>
        <time>2026-02-16T18:08:01.027Z</time>
      </trkpt>
      <trkpt lat="49.176025" lon="12.478300">
        <ele>364.585862</ele>
        <time>2026-02-16T18:08:10.403Z</time>
      </trkpt>
      <trkpt lat="49.176095" lon="12.479144">
        <ele>362.414988</ele>
        <time>2026-02-16T18:08:15.596Z</time>
      </trkpt>
      <trkpt lat="49.176384" lon="12.480514">
        <ele>359.751354</ele>
        <time>2026-02-16T18:08:24.686Z</time>
      </trkpt>
      <trkpt lat="49.176754" lon="12.483658">
        <ele>360.602234</ele>
        <time>2026-02-16T18:09:01.629Z</time>
      </trkpt>
      <trkpt lat="49.176823" lon="12.484043">
        <ele>361.219828</ele>
        <time>2026-02-16T18:09:08.268Z</time>
      </trkpt>
      <trkpt lat="49.176999" lon="12.484602">
        <ele>362.179704</ele>
        <time>2026-02-16T18:09:18.996Z</time>
      </trkpt>
      <trkpt lat="49.176809" lon="12.484715">
        <ele>362.662130</ele>
        <time>2026-02-16T18:09:25.609Z</time>
      </trkpt>
      <trkpt lat="49.176638" lon="12.484873">
        <ele>363.134899</ele>
        <time>2026-02-16T18:09:32.272Z</time>
      </trkpt>
      <trkpt lat="49.176622" lon="12.484917">
        <ele>363.212792</ele>
        <time>2026-02-16T18:09:33.430Z</time>
      </trkpt>
      <trkpt lat="49.176529" lon="12.486393">
        <ele>366.619571</ele>
        <time>2026-02-16T18:10:08.464Z</time>
      </trkpt>
      <trkpt lat="49.176417" lon="12.488453">
        <ele>371.042218</ele>
        <time>2026-02-16T18:10:56.016Z</time>
      </trkpt>
      <trkpt lat="49.176432" lon="12.488679">
        <ele>371.383456</ele>
        <time>2026-02-16T18:11:00.073Z</time>
      </trkpt>
      <trkpt lat="49.176484" lon="12.488869">
        <ele>371.692872</ele>
        <time>2026-02-16T18:11:03.595Z</time>
      </trkpt>
      <trkpt lat="49.176635" lon="12.489202">
        <ele>372.301654</ele>
        <time>2026-02-16T18:11:10.134Z</time>
      </trkpt>
      <trkpt lat="49.176796" lon="12.489465">
        <ele>372.842899</ele>
        <time>2026-02-16T18:11:16.292Z</time>
      </trkpt>
      <trkpt lat="49.176994" lon="12.489862">
        <ele>373.592995</ele>
        <time>2026-02-16T18:11:24.118Z</time>
      </trkpt>
      <trkpt lat="49.176796" lon="12.489465">
        <ele>374.545239</ele>
        <time>2026-02-16T18:11:32.041Z</time>
      </trkpt>
      <trkpt lat="49.176635" lon="12.489202">
        <ele>376.377500</ele>
        <time>2026-02-16T18:11:39.811Z</time>
      </trkpt>
      <trkpt lat="49.176484" lon="12.488869">
        <ele>378.438392</ele>
        <time>2026-02-16T18:11:51.100Z</time>
      </trkpt>
      <trkpt lat="49.176432" lon="12.488679">
        <ele>379.485849</ele>
        <time>2026-02-16T18:11:57.520Z</time>
      </trkpt>
      <trkpt lat="49.176417" lon="12.488453">
        <ele>380.641029</ele>
        <time>2026-02-16T18:12:05.150Z</time>
      </trkpt>
      <trkpt lat="49.176293" lon="12.488555">
        <ele>381.736226</ele>
        <time>2026-02-16T18:12:12.897Z</time>
      </trkpt>
      <trkpt lat="49.176055" lon="12.488628">
        <ele>383.624441</ele>
        <time>2026-02-16T18:12:27.359Z</time>
      </trkpt>
      <trkpt lat="49.175574" lon="12.488675">
        <ele>387.373689</ele>
        <time>2026-02-16T18:12:58.384Z</time>
      </trkpt>
      <trkpt lat="49.175034" lon="12.488674">
        <ele>392.523004</ele>
        <time>2026-02-16T18:13:35.825Z</time>
      </trkpt>
      <trkpt lat="49.174623" lon="12.488622">
        <ele>396.646504</ele>
        <time>2026-02-16T18:14:02.591Z</time>
      </trkpt>
      <trkpt lat="49.174180" lon="12.488502">
        <ele>401.144849</ele>
        <time>2026-02-16T18:14:29.075Z</time>
      </trkpt>
      <trkpt lat="49.173627" lon="12.488264">
        <ele>406.818429</ele>
        <time>2026-02-16T18:14:59.510Z</time>
      </trkpt>
      <trkpt lat="49.172903" lon="12.487764">
        <ele>413.907447</ele>
        <time>2026-02-16T18:15:40.430Z</time>
      </trkpt>
      <trkpt lat="49.171138" lon="12.486282">
        <ele>432.653497</ele>
        <time>2026-02-16T18:17:40.575Z</time>
      </trkpt>
      <trkpt lat="49.170824" lon="12.485955">
        <ele>436.318450</ele>
        <time>2026-02-16T18:18:03.843Z</time>
      </trkpt>
      <trkpt lat="49.170545" lon="12.485513">
        <ele>440.067763</ele>
        <time>2026-02-16T18:18:27.083Z</time>
      </trkpt>
      <trkpt lat="49.170297" lon="12.484961">
        <ele>443.334292</ele>
        <time>2026-02-16T18:18:51.195Z</time>
      </trkpt>
      <trkpt lat="49.170084" lon="12.484379">
        <ele>446.587240</ele>
        <time>2026-02-16T18:19:13.563Z</time>
      </trkpt>
      <trkpt lat="49.169497" lon="12.482969">
        <ele>454.070324</ele>
        <time>2026-02-16T18:20:03.925Z</time>
      </trkpt>
      <trkpt lat="49.169322" lon="12.482667">
        <ele>455.256392</ele>
        <time>2026-02-16T18:20:15.306Z</time>
      </trkpt>
      <trkpt lat="49.169120" lon="12.482411">
        <ele>456.435682</ele>
        <time>2026-02-16T18:20:26.082Z</time>
      </trkpt>
      <trkpt lat="49.168689" lon="12.482101">
        <ele>458.576729</ele>
        <time>2026-02-16T18:20:44.053Z</time>
      </trkpt>
      <trkpt lat="49.168192" lon="12.481990">
        <ele>460.834611</ele>
        <time>2026-02-16T18:21:00.753Z</time>
      </trkpt>
      <trkpt lat="49.168010" lon="12.482023">
        <ele>461.437815</ele>
        <time>2026-02-16T18:21:06.310Z</time>
      </trkpt>
      <trkpt lat="49.167573" lon="12.482234">
        <ele>462.620182</ele>
        <time>2026-02-16T18:21:19.396Z</time>
      </trkpt>
      <trkpt lat="49.166421" lon="12.483001">
        <ele>465.892988</ele>
        <time>2026-02-16T18:21:56.259Z</time>
      </trkpt>
      <trkpt lat="49.165609" lon="12.483682">
        <ele>469.202466</ele>
        <time>2026-02-16T18:22:29.816Z</time>
      </trkpt>
      <trkpt lat="49.165399" lon="12.483827">
        <ele>470.025873</ele>
        <time>2026-02-16T18:22:38.450Z</time>
      </trkpt>
      <trkpt lat="49.165218" lon="12.483905">
        <ele>470.697892</ele>
        <time>2026-02-16T18:22:45.371Z</time>
      </trkpt>
      <trkpt lat="49.164910" lon="12.483954">
        <ele>471.804514</ele>
        <time>2026-02-16T18:22:56.384Z</time>
      </trkpt>
      <trkpt lat="49.164702" lon="12.483935">
        <ele>472.415949</ele>
        <time>2026-02-16T18:23:03.511Z</time>
      </trkpt>
      <trkpt lat="49.162763" lon="12.483407">
        <ele>476.692253</ele>
        <time>2026-02-16T18:23:58.491Z</time>
      </trkpt>
      <trkpt lat="49.162770" lon="12.483555">
        <ele>476.901001</ele>
        <time>2026-02-16T18:24:00.980Z</time>
      </trkpt>
      <trkpt lat="49.162723" lon="12.483897">
        <ele>477.392634</ele>
        <time>2026-02-16T18:24:06.839Z</time>
      </trkpt>
      <trkpt lat="49.162717" lon="12.484162">
        <ele>477.765656</ele>
        <time>2026-02-16T18:24:11.431Z</time>
      </trkpt>
      <trkpt lat="49.162715" lon="12.484254">
        <ele>477.895153</ele>
        <time>2026-02-16T18:24:13.044Z</time>
      </trkpt>
      <trkpt lat="49.162689" lon="12.484591">
        <ele>478.372529</ele>
        <time>2026-02-16T18:24:19.026Z</time>
      </trkpt>
      <trkpt lat="49.162515" lon="12.485072">
        <ele>479.145837</ele>
        <time>2026-02-16T18:24:29.099Z</time>
      </trkpt>
      <trkpt lat="49.161826" lon="12.486229">
        <ele>482.835306</ele>
        <time>2026-02-16T18:25:03.022Z</time>
      </trkpt>
      <trkpt lat="49.161521" lon="12.486823">
        <ele>485.062033</ele>
        <time>2026-02-16T18:25:22.672Z</time>
      </trkpt>
      <trkpt lat="49.161039" lon="12.487336">
        <ele>487.709798</ele>
        <time>2026-02-16T18:25:47.285Z</time>
      </trkpt>
      <trkpt lat="49.160956" lon="12.487536">
        <ele>488.435356</ele>
        <time>2026-02-16T18:25:54.105Z</time>
      </trkpt>
      <trkpt lat="49.160876" lon="12.488250">
        <ele>490.758759</ele>
        <time>2026-02-16T18:26:15.120Z</time>
      </trkpt>
      <trkpt lat="49.160809" lon="12.488588">
        <ele>491.891548</ele>
        <time>2026-02-16T18:26:25.290Z</time>
      </trkpt>
      <trkpt lat="49.160640" lon="12.489065">
        <ele>493.631561</ele>
        <time>2026-02-16T18:26:40.355Z</time>
      </trkpt>
      <trkpt lat="49.160442" lon="12.489466">
        <ele>495.243159</ele>
        <time>2026-02-16T18:26:53.358Z</time>
      </trkpt>
      <trkpt lat="49.160256" lon="12.490146">
        <ele>496.866279</ele>
        <time>2026-02-16T18:27:10.331Z</time>
      </trkpt>
      <trkpt lat="49.160078" lon="12.490620">
        <ele>496.727254</ele>
        <time>2026-02-16T18:27:19.720Z</time>
      </trkpt>
      <trkpt lat="49.159928" lon="12.490933">
        <ele>496.628554</ele>
        <time>2026-02-16T18:27:24.620Z</time>
      </trkpt>
      <trkpt lat="49.159525" lon="12.491475">
        <ele>496.419812</ele>
        <time>2026-02-16T18:27:33.367Z</time>
      </trkpt>
      <trkpt lat="49.159390" lon="12.491705">
        <ele>496.341204</ele>
        <time>2026-02-16T18:27:36.398Z</time>
      </trkpt>
      <trkpt lat="49.159262" lon="12.492074">
        <ele>496.234961</ele>
        <time>2026-02-16T18:27:40.400Z</time>
      </trkpt>
      <trkpt lat="49.158193" lon="12.496420">
        <ele>490.194254</ele>
        <time>2026-02-16T18:28:27.515Z</time>
      </trkpt>
      <trkpt lat="49.157882" lon="12.497019">
        <ele>489.379435</ele>
        <time>2026-02-16T18:28:36.582Z</time>
      </trkpt>
      <trkpt lat="49.157826" lon="12.497130">
        <ele>489.230079</ele>
        <time>2026-02-16T18:28:38.288Z</time>
      </trkpt>
      <trkpt lat="49.156780" lon="12.498894">
        <ele>488.718040</ele>
        <time>2026-02-16T18:29:07.720Z</time>
      </trkpt>
      <trkpt lat="49.155612" lon="12.499438">
        <ele>490.890667</ele>
        <time>2026-02-16T18:29:32.399Z</time>
      </trkpt>
      <trkpt lat="49.155119" lon="12.499753">
        <ele>492.124877</ele>
        <time>2026-02-16T18:29:50.052Z</time>
      </trkpt>
      <trkpt lat="49.153752" lon="12.500861">
        <ele>501.501156</ele>
        <time>2026-02-16T18:31:05.967Z</time>
      </trkpt>
      <trkpt lat="49.153025" lon="12.502024">
        <ele>507.266337</ele>
        <time>2026-02-16T18:31:58.209Z</time>
      </trkpt>
      <trkpt lat="49.152671" lon="12.502680">
        <ele>509.465925</ele>
        <time>2026-02-16T18:32:19.444Z</time>
      </trkpt>
      <trkpt lat="49.152454" lon="12.502813">
        <ele>510.390408</ele>
        <time>2026-02-16T18:32:26.753Z</time>
      </trkpt>
      <trkpt lat="49.152382" lon="12.502887">
        <ele>510.733473</ele>
        <time>2026-02-16T18:32:29.245Z</time>
      </trkpt>
      <trkpt lat="49.152312" lon="12.503000">
        <ele>511.136013</ele>
        <time>2026-02-16T18:32:31.975Z</time>
      </trkpt>
      <trkpt lat="49.152219" lon="12.503249">
        <ele>511.877627</ele>
        <time>2026-02-16T18:32:36.526Z</time>
      </trkpt>
      <trkpt lat="49.151968" lon="12.503527">
        <ele>512.256353</ele>
        <time>2026-02-16T18:32:43.024Z</time>
      </trkpt>
      <trkpt lat="49.151443" lon="12.503771">
        <ele>511.967437</ele>
        <time>2026-02-16T18:32:52.661Z</time>
      </trkpt>
      <trkpt lat="49.151224" lon="12.503826">
        <ele>511.850583</ele>
        <time>2026-02-16T18:32:56.400Z</time>
      </trkpt>
      <trkpt lat="49.149982" lon="12.503747">
        <ele>510.708251</ele>
        <time>2026-02-16T18:33:18.478Z</time>
      </trkpt>
      <trkpt lat="49.149591" lon="12.503717">
        <ele>510.029504</ele>
        <time>2026-02-16T18:33:25.444Z</time>
      </trkpt>
      <trkpt lat="49.148947" lon="12.503547">
        <ele>508.896452</ele>
        <time>2026-02-16T18:33:36.168Z</time>
      </trkpt>
      <trkpt lat="49.148499" lon="12.503211">
        <ele>507.315536</ele>
        <time>2026-02-16T18:33:43.531Z</time>
      </trkpt>
      <trkpt lat="49.148292" lon="12.502975">
        <ele>505.631288</ele>
        <time>2026-02-16T18:33:47.116Z</time>
      </trkpt>
      <trkpt lat="49.148042" lon="12.502580">
        <ele>503.286314</ele>
        <time>2026-02-16T18:33:51.904Z</time>
      </trkpt>
      <trkpt lat="49.147811" lon="12.502133">
        <ele>500.855862</ele>
        <time>2026-02-16T18:33:56.691Z</time>
      </trkpt>
      <trkpt lat="49.147646" lon="12.501929">
        <ele>499.471760</ele>
        <time>2026-02-16T18:33:59.347Z</time>
      </trkpt>
      <trkpt lat="49.147498" lon="12.501937">
        <ele>498.505829</ele>
        <time>2026-02-16T18:34:01.204Z</time>
      </trkpt>
      <trkpt lat="49.147295" lon="12.502308">
        <ele>496.370506</ele>
        <time>2026-02-16T18:34:05.106Z</time>
      </trkpt>
      <trkpt lat="49.147192" lon="12.502340">
        <ele>495.263557</ele>
        <time>2026-02-16T18:34:06.395Z</time>
      </trkpt>
      <trkpt lat="49.147103" lon="12.502271">
        <ele>494.212586</ele>
        <time>2026-02-16T18:34:07.614Z</time>
      </trkpt>
      <trkpt lat="49.147050" lon="12.502119">
        <ele>493.025966</ele>
        <time>2026-02-16T18:34:08.983Z</time>
      </trkpt>
      <trkpt lat="49.146995" lon="12.502082">
        <ele>492.393114</ele>
        <time>2026-02-16T18:34:09.712Z</time>
      </trkpt>
      <trkpt lat="49.146928" lon="12.502093">
        <ele>491.683426</ele>
        <time>2026-02-16T18:34:10.533Z</time>
      </trkpt>
      <trkpt lat="49.146903" lon="12.502158">
        <ele>491.163965</ele>
        <time>2026-02-16T18:34:11.131Z</time>
      </trkpt>
      <trkpt lat="49.146832" lon="12.502461">
        <ele>488.946680</ele>
        <time>2026-02-16T18:34:13.679Z</time>
      </trkpt>
      <trkpt lat="49.146751" lon="12.502594">
        <ele>487.694780</ele>
        <time>2026-02-16T18:34:15.109Z</time>
      </trkpt>
      <trkpt lat="49.146626" lon="12.502659">
        <ele>486.304232</ele>
        <time>2026-02-16T18:34:16.702Z</time>
      </trkpt>
      <trkpt lat="49.146469" lon="12.502605">
        <ele>484.609407</ele>
        <time>2026-02-16T18:34:18.645Z</time>
      </trkpt>
      <trkpt lat="49.146193" lon="12.502366">
        <ele>481.268696</ele>
        <time>2026-02-16T18:34:22.459Z</time>
      </trkpt>
      <trkpt lat="49.146052" lon="12.501985">
        <ele>478.252962</ele>
        <time>2026-02-16T18:34:25.910Z</time>
      </trkpt>
      <trkpt lat="49.145981" lon="12.501918">
        <ele>477.406030</ele>
        <time>2026-02-16T18:34:26.909Z</time>
      </trkpt>
      <trkpt lat="49.145715" lon="12.501851">
        <ele>474.940586</ele>
        <time>2026-02-16T18:34:30.157Z</time>
      </trkpt>
      <trkpt lat="49.145379" lon="12.501634">
        <ele>471.604808</ele>
        <time>2026-02-16T18:34:34.547Z</time>
      </trkpt>
      <trkpt lat="49.144479" lon="12.501268">
        <ele>463.087797</ele>
        <time>2026-02-16T18:34:45.990Z</time>
      </trkpt>
      <trkpt lat="49.143917" lon="12.500936">
        <ele>461.191742</ele>
        <time>2026-02-16T18:34:54.025Z</time>
      </trkpt>
      <trkpt lat="49.143724" lon="12.500760">
        <ele>461.206042</ele>
        <time>2026-02-16T18:34:57.479Z</time>
      </trkpt>
      <trkpt lat="49.143424" lon="12.500366">
        <ele>461.231210</ele>
        <time>2026-02-16T18:35:06.235Z</time>
      </trkpt>
      <trkpt lat="49.143308" lon="12.500270">
        <ele>461.239604</ele>
        <time>2026-02-16T18:35:10.258Z</time>
      </trkpt>
      <trkpt lat="49.143224" lon="12.500244">
        <ele>461.245058</ele>
        <time>2026-02-16T18:35:13.078Z</time>
      </trkpt>
      <trkpt lat="49.142949" lon="12.500285">
        <ele>461.262640</ele>
        <time>2026-02-16T18:35:23.208Z</time>
      </trkpt>
      <trkpt lat="49.142862" lon="12.500239">
        <ele>461.268498</ele>
        <time>2026-02-16T18:35:26.912Z</time>
      </trkpt>
      <trkpt lat="49.142699" lon="12.500006">
        <ele>461.331004</ele>
        <time>2026-02-16T18:35:36.421Z</time>
      </trkpt>
      <trkpt lat="49.142590" lon="12.499902">
        <ele>461.606854</ele>
        <time>2026-02-16T18:35:42.055Z</time>
      </trkpt>
      <trkpt lat="49.142502" lon="12.499451">
        <ele>462.267828</ele>
        <time>2026-02-16T18:35:55.093Z</time>
      </trkpt>
      <trkpt lat="49.142156" lon="12.498477">
        <ele>463.824423</ele>
        <time>2026-02-16T18:36:17.628Z</time>
      </trkpt>
      <trkpt lat="49.142077" lon="12.498262">
        <ele>464.170749</ele>
        <time>2026-02-16T18:36:20.906Z</time>
      </trkpt>
      <trkpt lat="49.141904" lon="12.497816">
        <ele>464.898966</ele>
        <time>2026-02-16T18:36:26.833Z</time>
      </trkpt>
      <trkpt lat="49.141788" lon="12.497620">
        <ele>465.252351</ele>
        <time>2026-02-16T18:36:29.741Z</time>
      </trkpt>
      <trkpt lat="49.141568" lon="12.497359">
        <ele>465.766657</ele>
        <time>2026-02-16T18:36:34.427Z</time>
      </trkpt>
      <trkpt lat="49.141390" lon="12.497054">
        <ele>466.260469</ele>
        <time>2026-02-16T18:36:38.924Z</time>
      </trkpt>
      <trkpt lat="49.141233" lon="12.496713">
        <ele>466.764258</ele>
        <time>2026-02-16T18:36:43.859Z</time>
      </trkpt>
      <trkpt lat="49.139874" lon="12.493389">
        <ele>476.546631</ele>
        <time>2026-02-16T18:38:22.160Z</time>
      </trkpt>
      <trkpt lat="49.139648" lon="12.493099">
        <ele>478.198282</ele>
        <time>2026-02-16T18:38:36.202Z</time>
      </trkpt>
      <trkpt lat="49.138642" lon="12.491991">
        <ele>486.071188</ele>
        <time>2026-02-16T18:39:34.099Z</time>
      </trkpt>
      <trkpt lat="49.138000" lon="12.491120">
        <ele>491.501131</ele>
        <time>2026-02-16T18:40:12.823Z</time>
      </trkpt>
      <trkpt lat="49.137444" lon="12.490079">
        <ele>497.042593</ele>
        <time>2026-02-16T18:40:53.528Z</time>
      </trkpt>
      <trkpt lat="49.137065" lon="12.489307">
        <ele>500.710502</ele>
        <time>2026-02-16T18:41:22.768Z</time>
      </trkpt>
      <trkpt lat="49.136786" lon="12.488816">
        <ele>502.517988</ele>
        <time>2026-02-16T18:41:40.334Z</time>
      </trkpt>
      <trkpt lat="49.136198" lon="12.487882">
        <ele>506.120508</ele>
        <time>2026-02-16T18:42:09.975Z</time>
      </trkpt>
      <trkpt lat="49.134228" lon="12.488717">
        <ele>513.576619</ele>
        <time>2026-02-16T18:43:16.169Z</time>
      </trkpt>
      <trkpt lat="49.133929" lon="12.488892">
        <ele>515.494294</ele>
        <time>2026-02-16T18:43:28.972Z</time>
      </trkpt>
      <trkpt lat="49.133604" lon="12.489249">
        <ele>518.547542</ele>
        <time>2026-02-16T18:43:46.572Z</time>
      </trkpt>
      <trkpt lat="49.132246" lon="12.491059">
        <ele>532.862816</ele>
        <time>2026-02-16T18:45:28.647Z</time>
      </trkpt>
      <trkpt lat="49.131880" lon="12.491394">
        <ele>536.524865</ele>
        <time>2026-02-16T18:45:55.338Z</time>
      </trkpt>
      <trkpt lat="49.131097" lon="12.491744">
        <ele>543.228010</ele>
        <time>2026-02-16T18:46:40.877Z</time>
      </trkpt>
      <trkpt lat="49.130380" lon="12.492125">
        <ele>544.041772</ele>
        <time>2026-02-16T18:47:04.435Z</time>
      </trkpt>
      <trkpt lat="49.130303" lon="12.492149">
        <ele>544.126015</ele>
        <time>2026-02-16T18:47:05.842Z</time>
      </trkpt>
      <trkpt lat="49.130142" lon="12.492256">
        <ele>544.314221</ele>
        <time>2026-02-16T18:47:08.721Z</time>
      </trkpt>
      <trkpt lat="49.129937" lon="12.492431">
        <ele>544.565942</ele>
        <time>2026-02-16T18:47:12.245Z</time>
      </trkpt>
      <trkpt lat="49.129192" lon="12.493268">
        <ele>546.584518</ele>
        <time>2026-02-16T18:47:26.451Z</time>
      </trkpt>
      <trkpt lat="49.128531" lon="12.494018">
        <ele>549.510157</ele>
        <time>2026-02-16T18:47:53.458Z</time>
      </trkpt>
      <trkpt lat="49.127559" lon="12.495114">
        <ele>555.906927</ele>
        <time>2026-02-16T18:49:00.839Z</time>
      </trkpt>
      <trkpt lat="49.127270" lon="12.495271">
        <ele>557.995072</ele>
        <time>2026-02-16T18:49:17.603Z</time>
      </trkpt>
      <trkpt lat="49.126908" lon="12.495272">
        <ele>560.459582</ele>
        <time>2026-02-16T18:49:35.758Z</time>
      </trkpt>
      <trkpt lat="49.124347" lon="12.494803">
        <ele>569.411784</ele>
        <time>2026-02-16T18:51:01.070Z</time>
      </trkpt>
      <trkpt lat="49.123204" lon="12.494707">
        <ele>569.824161</ele>
        <time>2026-02-16T18:51:20.670Z</time>
      </trkpt>
      <trkpt lat="49.122970" lon="12.494702">
        <ele>569.908465</ele>
        <time>2026-02-16T18:51:25.072Z</time>
      </trkpt>
      <trkpt lat="49.122782" lon="12.494744">
        <ele>570.126849</ele>
        <time>2026-02-16T18:51:29.260Z</time>
      </trkpt>
      <trkpt lat="49.122529" lon="12.494922">
        <ele>570.846695</ele>
        <time>2026-02-16T18:51:36.600Z</time>
      </trkpt>
      <trkpt lat="49.121862" lon="12.495811">
        <ele>573.134161</ele>
        <time>2026-02-16T18:52:07.920Z</time>
      </trkpt>
      <trkpt lat="49.121453" lon="12.496155">
        <ele>574.340755</ele>
        <time>2026-02-16T18:52:24.436Z</time>
      </trkpt>
      <trkpt lat="49.120918" lon="12.496567">
        <ele>573.994261</ele>
        <time>2026-02-16T18:52:40.552Z</time>
      </trkpt>
      <trkpt lat="49.120689" lon="12.496707">
        <ele>573.693917</ele>
        <time>2026-02-16T18:52:45.373Z</time>
      </trkpt>
      <trkpt lat="49.120542" lon="12.496764">
        <ele>573.509242</ele>
        <time>2026-02-16T18:52:47.946Z</time>
      </trkpt>
      <trkpt lat="49.119630" lon="12.496958">
        <ele>572.351331</ele>
        <time>2026-02-16T18:53:01.279Z</time>
      </trkpt>
      <trkpt lat="49.119453" lon="12.497032">
        <ele>571.770541</ele>
        <time>2026-02-16T18:53:03.765Z</time>
      </trkpt>
      <trkpt lat="49.119180" lon="12.497225">
        <ele>570.818499</ele>
        <time>2026-02-16T18:53:07.859Z</time>
      </trkpt>
      <trkpt lat="49.118451" lon="12.497912">
        <ele>568.107671</ele>
        <time>2026-02-16T18:53:20.090Z</time>
      </trkpt>
      <trkpt lat="49.118257" lon="12.498019">
        <ele>567.454888</ele>
        <time>2026-02-16T18:53:23.418Z</time>
      </trkpt>
      <trkpt lat="49.118155" lon="12.498034">
        <ele>567.130570</ele>
        <time>2026-02-16T18:53:25.122Z</time>
      </trkpt>
      <trkpt lat="49.117898" lon="12.497996">
        <ele>566.351389</ele>
        <time>2026-02-16T18:53:29.645Z</time>
      </trkpt>
      <trkpt lat="49.117678" lon="12.497892">
        <ele>565.690956</ele>
        <time>2026-02-16T18:53:33.677Z</time>
      </trkpt>
      <trkpt lat="49.117511" lon="12.497701">
        <ele>565.092707</ele>
        <time>2026-02-16T18:53:37.174Z</time>
      </trkpt>
      <trkpt lat="49.117087" lon="12.497072">
        <ele>563.397861</ele>
        <time>2026-02-16T18:53:45.972Z</time>
      </trkpt>
      <trkpt lat="49.116960" lon="12.496966">
        <ele>562.982843</ele>
        <time>2026-02-16T18:53:47.976Z</time>
      </trkpt>
      <trkpt lat="49.116597" lon="12.496777">
        <ele>561.883031</ele>
        <time>2026-02-16T18:53:53.142Z</time>
      </trkpt>
      <trkpt lat="49.116037" lon="12.496595">
        <ele>559.687450</ele>
        <time>2026-02-16T18:54:01.357Z</time>
      </trkpt>
      <trkpt lat="49.115828" lon="12.496561">
        <ele>558.831663</ele>
        <time>2026-02-16T18:54:04.487Z</time>
      </trkpt>
      <trkpt lat="49.115610" lon="12.496577">
        <ele>557.943017</ele>
        <time>2026-02-16T18:54:07.674Z</time>
      </trkpt>
      <trkpt lat="49.115478" lon="12.496655">
        <ele>557.366759</ele>
        <time>2026-02-16T18:54:09.700Z</time>
      </trkpt>
      <trkpt lat="49.115322" lon="12.496838">
        <ele>556.565942</ele>
        <time>2026-02-16T18:54:12.503Z</time>
      </trkpt>
      <trkpt lat="49.115149" lon="12.497267">
        <ele>555.223058</ele>
        <time>2026-02-16T18:54:17.173Z</time>
      </trkpt>
      <trkpt lat="49.115048" lon="12.497597">
        <ele>554.252187</ele>
        <time>2026-02-16T18:54:20.476Z</time>
      </trkpt>
      <trkpt lat="49.114922" lon="12.498012">
        <ele>551.357922</ele>
        <time>2026-02-16T18:54:24.501Z</time>
      </trkpt>
      <trkpt lat="49.114831" lon="12.498212">
        <ele>549.805369</ele>
        <time>2026-02-16T18:54:26.530Z</time>
      </trkpt>
      <trkpt lat="49.114532" lon="12.498574">
        <ele>546.090253</ele>
        <time>2026-02-16T18:54:31.157Z</time>
      </trkpt>
      <trkpt lat="49.114188" lon="12.498910">
        <ele>542.114231</ele>
        <time>2026-02-16T18:54:35.969Z</time>
      </trkpt>
      <trkpt lat="49.113803" lon="12.499359">
        <ele>537.397531</ele>
        <time>2026-02-16T18:54:41.735Z</time>
      </trkpt>
      <trkpt lat="49.113492" lon="12.499505">
        <ele>535.068429</ele>
        <time>2026-02-16T18:54:45.693Z</time>
      </trkpt>
      <trkpt lat="49.112921" lon="12.499493">
        <ele>531.380160</ele>
        <time>2026-02-16T18:54:52.927Z</time>
      </trkpt>
      <trkpt lat="49.112691" lon="12.499540">
        <ele>529.881428</ele>
        <time>2026-02-16T18:54:56.057Z</time>
      </trkpt>
      <trkpt lat="49.112475" lon="12.499714">
        <ele>528.304283</ele>
        <time>2026-02-16T18:54:59.472Z</time>
      </trkpt>
      <trkpt lat="49.111873" lon="12.500339">
        <ele>524.069484</ele>
        <time>2026-02-16T18:55:09.919Z</time>
      </trkpt>
      <trkpt lat="49.111615" lon="12.500514">
        <ele>522.812549</ele>
        <time>2026-02-16T18:55:13.900Z</time>
      </trkpt>
      <trkpt lat="49.111287" lon="12.500585">
        <ele>521.337483</ele>
        <time>2026-02-16T18:55:18.499Z</time>
      </trkpt>
      <trkpt lat="49.110811" lon="12.500581">
        <ele>519.217977</ele>
        <time>2026-02-16T18:55:24.975Z</time>
      </trkpt>
      <trkpt lat="49.109378" lon="12.500597">
        <ele>511.843778</ele>
        <time>2026-02-16T18:55:44.319Z</time>
      </trkpt>
      <trkpt lat="49.108884" lon="12.500706">
        <ele>509.102909</ele>
        <time>2026-02-16T18:55:50.938Z</time>
      </trkpt>
      <trkpt lat="49.108474" lon="12.500915">
        <ele>506.680808</ele>
        <time>2026-02-16T18:55:56.579Z</time>
      </trkpt>
      <trkpt lat="49.107803" lon="12.501415">
        <ele>502.173750</ele>
        <time>2026-02-16T18:56:06.207Z</time>
      </trkpt>
      <trkpt lat="49.107374" lon="12.501758">
        <ele>499.250587</ele>
        <time>2026-02-16T18:56:12.402Z</time>
      </trkpt>
      <trkpt lat="49.106754" lon="12.502264">
        <ele>496.094826</ele>
        <time>2026-02-16T18:56:21.852Z</time>
      </trkpt>
      <trkpt lat="49.106399" lon="12.502686">
        <ele>495.562189</ele>
        <time>2026-02-16T18:56:28.755Z</time>
      </trkpt>
      <trkpt lat="49.106488" lon="12.502918">
        <ele>495.353747</ele>
        <time>2026-02-16T18:56:30.833Z</time>
      </trkpt>
      <trkpt lat="49.106756" lon="12.503627">
        <ele>494.719118</ele>
        <time>2026-02-16T18:56:38.839Z</time>
      </trkpt>
      <trkpt lat="49.107016" lon="12.504354">
        <ele>494.538400</ele>
        <time>2026-02-16T18:56:50.524Z</time>
      </trkpt>
      <trkpt lat="49.107264" lon="12.505423">
        <ele>496.301174</ele>
        <time>2026-02-16T18:57:05.791Z</time>
      </trkpt>
      <trkpt lat="49.107536" lon="12.506272">
        <ele>497.770302</ele>
        <time>2026-02-16T18:57:20.821Z</time>
      </trkpt>
      <trkpt lat="49.107566" lon="12.506518">
        <ele>498.159230</ele>
        <time>2026-02-16T18:57:25.539Z</time>
      </trkpt>
      <trkpt lat="49.107544" lon="12.507031">
        <ele>499.590993</ele>
        <time>2026-02-16T18:57:36.235Z</time>
      </trkpt>
      <trkpt lat="49.107360" lon="12.508081">
        <ele>503.617583</ele>
        <time>2026-02-16T18:58:02.637Z</time>
      </trkpt>
      <trkpt lat="49.107328" lon="12.508641">
        <ele>505.699952</ele>
        <time>2026-02-16T18:58:17.578Z</time>
      </trkpt>
      <trkpt lat="49.107404" lon="12.509449">
        <ele>508.729846</ele>
        <time>2026-02-16T18:58:39.590Z</time>
      </trkpt>
      <trkpt lat="49.107513" lon="12.509918">
        <ele>510.818473</ele>
        <time>2026-02-16T18:58:53.136Z</time>
      </trkpt>
      <trkpt lat="49.107749" lon="12.510582">
        <ele>513.989315</ele>
        <time>2026-02-16T18:59:13.205Z</time>
      </trkpt>
      <trkpt lat="49.108073" lon="12.511219">
        <ele>517.374690</ele>
        <time>2026-02-16T18:59:34.153Z</time>
      </trkpt>
      <trkpt lat="49.108391" lon="12.511693">
        <ele>520.220318</ele>
        <time>2026-02-16T18:59:51.831Z</time>
      </trkpt>
      <trkpt lat="49.108822" lon="12.512180">
        <ele>522.971265</ele>
        <time>2026-02-16T19:00:14.220Z</time>
      </trkpt>
      <trkpt lat="49.109176" lon="12.512526">
        <ele>525.127810</ele>
        <time>2026-02-16T19:00:31.276Z</time>
      </trkpt>
      <trkpt lat="49.109594" lon="12.512858">
        <ele>527.545365</ele>
        <time>2026-02-16T19:00:48.851Z</time>
      </trkpt>
      <trkpt lat="49.109529" lon="12.513093">
        <ele>528.402335</ele>
        <time>2026-02-16T19:00:55.098Z</time>
      </trkpt>
      <trkpt lat="49.109467" lon="12.513331">
        <ele>529.262788</ele>
        <time>2026-02-16T19:01:00.702Z</time>
      </trkpt>
      <trkpt lat="49.109446" lon="12.513771">
        <ele>528.630857</ele>
        <time>2026-02-16T19:01:08.445Z</time>
      </trkpt>
      <trkpt lat="49.109403" lon="12.513977">
        <ele>528.181168</ele>
        <time>2026-02-16T19:01:11.284Z</time>
      </trkpt>
      <trkpt lat="49.109300" lon="12.514287">
        <ele>527.458143</ele>
        <time>2026-02-16T19:01:14.962Z</time>
      </trkpt>
      <trkpt lat="49.108974" lon="12.514586">
        <ele>526.250066</ele>
        <time>2026-02-16T19:01:20.242Z</time>
      </trkpt>
      <trkpt lat="49.108612" lon="12.515426">
        <ele>524.158444</ele>
        <time>2026-02-16T19:01:28.729Z</time>
      </trkpt>
      <trkpt lat="49.108306" lon="12.515788">
        <ele>523.593411</ele>
        <time>2026-02-16T19:01:33.691Z</time>
      </trkpt>
      <trkpt lat="49.108272" lon="12.515862">
        <ele>523.562389</ele>
        <time>2026-02-16T19:01:34.455Z</time>
      </trkpt>
      <trkpt lat="49.108221" lon="12.516089">
        <ele>523.480040</ele>
        <time>2026-02-16T19:01:36.548Z</time>
      </trkpt>
      <trkpt lat="49.108097" lon="12.517185">
        <ele>523.098398</ele>
        <time>2026-02-16T19:01:48.582Z</time>
      </trkpt>
      <trkpt lat="49.108007" lon="12.517722">
        <ele>522.908195</ele>
        <time>2026-02-16T19:02:00.764Z</time>
      </trkpt>
      <trkpt lat="49.107841" lon="12.518429">
        <ele>524.648144</ele>
        <time>2026-02-16T19:02:22.878Z</time>
      </trkpt>
      <trkpt lat="49.107678" lon="12.518930">
        <ele>527.372778</ele>
        <time>2026-02-16T19:02:42.669Z</time>
      </trkpt>
      <trkpt lat="49.107522" lon="12.519177">
        <ele>529.044264</ele>
        <time>2026-02-16T19:02:55.380Z</time>
      </trkpt>
      <trkpt lat="49.106848" lon="12.519768">
        <ele>534.825777</ele>
        <time>2026-02-16T19:03:36.568Z</time>
      </trkpt>
      <trkpt lat="49.106736" lon="12.519898">
        <ele>535.872240</ele>
        <time>2026-02-16T19:03:43.639Z</time>
      </trkpt>
      <trkpt lat="49.106468" lon="12.519813">
        <ele>537.553734</ele>
        <time>2026-02-16T19:03:57.078Z</time>
      </trkpt>
      <trkpt lat="49.105819" lon="12.519466">
        <ele>541.629564</ele>
        <time>2026-02-16T19:04:29.663Z</time>
      </trkpt>
      <trkpt lat="49.105531" lon="12.519341">
        <ele>543.404273</ele>
        <time>2026-02-16T19:04:42.609Z</time>
      </trkpt>
      <trkpt lat="49.105156" lon="12.519256">
        <ele>545.651442</ele>
        <time>2026-02-16T19:04:58.848Z</time>
      </trkpt>
      <trkpt lat="49.104504" lon="12.519252">
        <ele>547.492923</ele>
        <time>2026-02-16T19:05:20.769Z</time>
      </trkpt>
      <trkpt lat="49.104372" lon="12.519224">
        <ele>547.689140</ele>
        <time>2026-02-16T19:05:24.441Z</time>
      </trkpt>
      <trkpt lat="49.104214" lon="12.519141">
        <ele>547.935147</ele>
        <time>2026-02-16T19:05:28.690Z</time>
      </trkpt>
      <trkpt lat="49.103973" lon="12.518854">
        <ele>548.385087</ele>
        <time>2026-02-16T19:05:35.438Z</time>
      </trkpt>
      <trkpt lat="49.103790" lon="12.518650">
        <ele>548.718655</ele>
        <time>2026-02-16T19:05:39.942Z</time>
      </trkpt>
      <trkpt lat="49.103707" lon="12.518595">
        <ele>548.851866</ele>
        <time>2026-02-16T19:05:41.784Z</time>
      </trkpt>
      <trkpt lat="49.103559" lon="12.518579">
        <ele>549.070321</ele>
        <time>2026-02-16T19:05:44.746Z</time>
      </trkpt>
      <trkpt lat="49.103294" lon="12.518658">
        <ele>549.467859</ele>
        <time>2026-02-16T19:05:50.102Z</time>
      </trkpt>
      <trkpt lat="49.103119" lon="12.518606">
        <ele>549.704889</ele>
        <time>2026-02-16T19:05:53.818Z</time>
      </trkpt>
      <trkpt lat="49.102810" lon="12.518472">
        <ele>550.131123</ele>
        <time>2026-02-16T19:06:01.150Z</time>
      </trkpt>
      <trkpt lat="49.102741" lon="12.518476">
        <ele>550.222748</ele>
        <time>2026-02-16T19:06:02.897Z</time>
      </trkpt>
      <trkpt lat="49.102678" lon="12.518548">
        <ele>550.327157</ele>
        <time>2026-02-16T19:06:04.951Z</time>
      </trkpt>
      <trkpt lat="49.102419" lon="12.519134">
        <ele>550.941401</ele>
        <time>2026-02-16T19:06:17.932Z</time>
      </trkpt>
      <trkpt lat="49.102317" lon="12.519272">
        <ele>551.122213</ele>
        <time>2026-02-16T19:06:21.776Z</time>
      </trkpt>
      <trkpt lat="49.101289" lon="12.520261">
        <ele>553.000389</ele>
        <time>2026-02-16T19:06:54.490Z</time>
      </trkpt>
      <trkpt lat="49.100251" lon="12.521372">
        <ele>555.615709</ele>
        <time>2026-02-16T19:07:27.708Z</time>
      </trkpt>
      <trkpt lat="49.100068" lon="12.521500">
        <ele>556.625859</ele>
        <time>2026-02-16T19:07:33.905Z</time>
      </trkpt>
      <trkpt lat="49.099877" lon="12.521587">
        <ele>557.626151</ele>
        <time>2026-02-16T19:07:40.485Z</time>
      </trkpt>
      <trkpt lat="49.099707" lon="12.521622">
        <ele>558.487047</ele>
        <time>2026-02-16T19:07:46.582Z</time>
      </trkpt>
      <trkpt lat="49.098964" lon="12.521654">
        <ele>562.217422</ele>
        <time>2026-02-16T19:08:17.158Z</time>
      </trkpt>
      <trkpt lat="49.098495" lon="12.521600">
        <ele>565.355291</ele>
        <time>2026-02-16T19:08:41.483Z</time>
      </trkpt>
      <trkpt lat="49.098242" lon="12.521553">
        <ele>568.350039</ele>
        <time>2026-02-16T19:08:56.417Z</time>
      </trkpt>
      <trkpt lat="49.097935" lon="12.521447">
        <ele>572.048433</ele>
        <time>2026-02-16T19:09:16.467Z</time>
      </trkpt>
      <trkpt lat="49.097623" lon="12.521299">
        <ele>575.887305</ele>
        <time>2026-02-16T19:09:39.242Z</time>
      </trkpt>
      <trkpt lat="49.097178" lon="12.521052">
        <ele>581.450836</ele>
        <time>2026-02-16T19:10:15.117Z</time>
      </trkpt>
      <trkpt lat="49.096709" lon="12.520744">
        <ele>586.793313</ele>
        <time>2026-02-16T19:10:56.161Z</time>
      </trkpt>
      <trkpt lat="49.096592" lon="12.520721">
        <ele>587.786745</ele>
        <time>2026-02-16T19:11:05.510Z</time>
      </trkpt>
      <trkpt lat="49.096269" lon="12.520757">
        <ele>590.514089</ele>
        <time>2026-02-16T19:11:28.998Z</time>
      </trkpt>
      <trkpt lat="49.095969" lon="12.520686">
        <ele>593.070663</ele>
        <time>2026-02-16T19:11:48.026Z</time>
      </trkpt>
      <trkpt lat="49.095858" lon="12.520610">
        <ele>594.095083</ele>
        <time>2026-02-16T19:11:54.770Z</time>
      </trkpt>
      <trkpt lat="49.095729" lon="12.520464">
        <ele>595.447245</ele>
        <time>2026-02-16T19:12:02.878Z</time>
      </trkpt>
      <trkpt lat="49.095567" lon="12.520208">
        <ele>597.410410</ele>
        <time>2026-02-16T19:12:13.010Z</time>
      </trkpt>
      <trkpt lat="49.095424" lon="12.520008">
        <ele>599.043368</ele>
        <time>2026-02-16T19:12:20.008Z</time>
      </trkpt>
      <trkpt lat="49.094090" lon="12.518055">
        <ele>598.017552</ele>
        <time>2026-02-16T19:12:49.403Z</time>
      </trkpt>
      <trkpt lat="49.093850" lon="12.517820">
        <ele>597.742315</ele>
        <time>2026-02-16T19:12:53.606Z</time>
      </trkpt>
      <trkpt lat="49.093681" lon="12.517717">
        <ele>597.601135</ele>
        <time>2026-02-16T19:12:56.394Z</time>
      </trkpt>
      <trkpt lat="49.093534" lon="12.517675">
        <ele>597.485102</ele>
        <time>2026-02-16T19:12:58.769Z</time>
      </trkpt>
      <trkpt lat="49.093269" lon="12.517671">
        <ele>597.279485</ele>
        <time>2026-02-16T19:13:03.254Z</time>
      </trkpt>
      <trkpt lat="49.093047" lon="12.517749">
        <ele>597.102741</ele>
        <time>2026-02-16T19:13:07.478Z</time>
      </trkpt>
      <trkpt lat="49.092567" lon="12.518005">
        <ele>596.708262</ele>
        <time>2026-02-16T19:13:17.785Z</time>
      </trkpt>
      <trkpt lat="49.092446" lon="12.518034">
        <ele>596.613232</ele>
        <time>2026-02-16T19:13:20.466Z</time>
      </trkpt>
      <trkpt lat="49.092154" lon="12.518023">
        <ele>596.684080</ele>
        <time>2026-02-16T19:13:27.005Z</time>
      </trkpt>
      <trkpt lat="49.092001" lon="12.517902">
        <ele>596.926552</ele>
        <time>2026-02-16T19:13:30.979Z</time>
      </trkpt>
      <trkpt lat="49.090966" lon="12.516651">
        <ele>598.784111</ele>
        <time>2026-02-16T19:14:03.335Z</time>
      </trkpt>
      <trkpt lat="49.090747" lon="12.516440">
        <ele>599.464763</ele>
        <time>2026-02-16T19:14:11.600Z</time>
      </trkpt>
      <trkpt lat="49.090590" lon="12.516333">
        <ele>600.318696</ele>
        <time>2026-02-16T19:14:17.581Z</time>
      </trkpt>
      <trkpt lat="49.090325" lon="12.516305">
        <ele>601.638055</ele>
        <time>2026-02-16T19:14:27.648Z</time>
      </trkpt>
      <trkpt lat="49.089827" lon="12.516405">
        <ele>604.132834</ele>
        <time>2026-02-16T19:14:49.371Z</time>
      </trkpt>
      <trkpt lat="49.088812" lon="12.516752">
        <ele>608.815873</ele>
        <time>2026-02-16T19:15:36.101Z</time>
      </trkpt>
      <trkpt lat="49.088352" lon="12.516956">
        <ele>610.338507</ele>
        <time>2026-02-16T19:15:54.654Z</time>
      </trkpt>
      <trkpt lat="49.087778" lon="12.517138">
        <ele>612.202018</ele>
        <time>2026-02-16T19:16:12.929Z</time>
      </trkpt>
      <trkpt lat="49.087338" lon="12.517391">
        <ele>613.669297</ele>
        <time>2026-02-16T19:16:24.069Z</time>
      </trkpt>
      <trkpt lat="49.087084" lon="12.517640">
        <ele>613.445327</ele>
        <time>2026-02-16T19:16:29.816Z</time>
      </trkpt>
      <trkpt lat="49.086915" lon="12.517860">
        <ele>613.280540</ele>
        <time>2026-02-16T19:16:33.709Z</time>
      </trkpt>
      <trkpt lat="49.086317" lon="12.518946">
        <ele>612.591040</ele>
        <time>2026-02-16T19:16:50.330Z</time>
      </trkpt>
      <trkpt lat="49.086177" lon="12.519243">
        <ele>612.413213</ele>
        <time>2026-02-16T19:16:54.389Z</time>
      </trkpt>
      <trkpt lat="49.086003" lon="12.519703">
        <ele>611.415582</ele>
        <time>2026-02-16T19:17:00.023Z</time>
      </trkpt>
      <trkpt lat="49.085978" lon="12.519777">
        <ele>611.213178</ele>
        <time>2026-02-16T19:17:00.907Z</time>
      </trkpt>
      <trkpt lat="49.085578" lon="12.521054">
        <ele>607.772220</ele>
        <time>2026-02-16T19:17:14.322Z</time>
      </trkpt>
      <trkpt lat="49.085506" lon="12.521185">
        <ele>607.356502</ele>
        <time>2026-02-16T19:17:15.817Z</time>
      </trkpt>
      <trkpt lat="49.085437" lon="12.521292">
        <ele>606.991480</ele>
        <time>2026-02-16T19:17:17.122Z</time>
      </trkpt>
      <trkpt lat="49.085266" lon="12.521464">
        <ele>606.231451</ele>
        <time>2026-02-16T19:17:19.809Z</time>
      </trkpt>
      <trkpt lat="49.084825" lon="12.521705">
        <ele>603.803583</ele>
        <time>2026-02-16T19:17:26.009Z</time>
      </trkpt>
      <trkpt lat="49.084554" lon="12.519723">
        <ele>595.984188</ele>
        <time>2026-02-16T19:17:38.158Z</time>
      </trkpt>
      <trkpt lat="49.084514" lon="12.519125">
        <ele>593.921920</ele>
        <time>2026-02-16T19:17:41.783Z</time>
      </trkpt>
      <trkpt lat="49.084531" lon="12.518807">
        <ele>592.918623</ele>
        <time>2026-02-16T19:17:43.727Z</time>
      </trkpt>
      <trkpt lat="49.084589" lon="12.518459">
        <ele>591.789439</ele>
        <time>2026-02-16T19:17:45.900Z</time>
      </trkpt>
      <trkpt lat="49.084752" lon="12.517805">
        <ele>589.589025</ele>
        <time>2026-02-16T19:17:50.148Z</time>
      </trkpt>
      <trkpt lat="49.084837" lon="12.517322">
        <ele>588.016335</ele>
        <time>2026-02-16T19:17:53.256Z</time>
      </trkpt>
      <trkpt lat="49.084837" lon="12.517322">
        <ele>588.016335</ele>
        <time>2026-02-16T19:17:53.259Z</time>
      </trkpt>
      <trkpt lat="49.084864" lon="12.516861">
        <ele>586.560916</ele>
        <time>2026-02-16T19:17:56.285Z</time>
      </trkpt>
      <trkpt lat="49.084823" lon="12.516266">
        <ele>586.522759</ele>
        <time>2026-02-16T19:18:00.627Z</time>
      </trkpt>
      <trkpt lat="49.084711" lon="12.515746">
        <ele>586.621993</ele>
        <time>2026-02-16T19:18:05.070Z</time>
      </trkpt>
      <trkpt lat="49.084550" lon="12.515325">
        <ele>586.710371</ele>
        <time>2026-02-16T19:18:09.935Z</time>
      </trkpt>
      <trkpt lat="49.084202" lon="12.514580">
        <ele>586.876259</ele>
        <time>2026-02-16T19:18:23.464Z</time>
      </trkpt>
      <trkpt lat="49.082974" lon="12.511897">
        <ele>593.449606</ele>
        <time>2026-02-16T19:19:27.899Z</time>
      </trkpt>
      <trkpt lat="49.082813" lon="12.511464">
        <ele>594.022032</ele>
        <time>2026-02-16T19:19:34.558Z</time>
      </trkpt>
      <trkpt lat="49.082735" lon="12.511181">
        <ele>594.375020</ele>
        <time>2026-02-16T19:19:38.329Z</time>
      </trkpt>
      <trkpt lat="49.082616" lon="12.510604">
        <ele>595.070486</ele>
        <time>2026-02-16T19:19:45.395Z</time>
      </trkpt>
      <trkpt lat="49.082461" lon="12.510175">
        <ele>595.633758</ele>
        <time>2026-02-16T19:19:51.263Z</time>
      </trkpt>
      <trkpt lat="49.082175" lon="12.509608">
        <ele>596.671227</ele>
        <time>2026-02-16T19:20:00.579Z</time>
      </trkpt>
      <trkpt lat="49.082041" lon="12.509234">
        <ele>597.754701</ele>
        <time>2026-02-16T19:20:07.291Z</time>
      </trkpt>
      <trkpt lat="49.081681" lon="12.507350">
        <ele>602.742665</ele>
        <time>2026-02-16T19:20:50.542Z</time>
      </trkpt>
      <trkpt lat="49.081598" lon="12.506863">
        <ele>603.558833</ele>
        <time>2026-02-16T19:21:02.223Z</time>
      </trkpt>
      <trkpt lat="49.081448" lon="12.506373">
        <ele>604.099676</ele>
        <time>2026-02-16T19:21:13.276Z</time>
      </trkpt>
      <trkpt lat="49.081271" lon="12.506020">
        <ele>604.544213</ele>
        <time>2026-02-16T19:21:20.687Z</time>
      </trkpt>
      <trkpt lat="49.081082" lon="12.505781">
        <ele>604.918872</ele>
        <time>2026-02-16T19:21:25.702Z</time>
      </trkpt>
      <trkpt lat="49.080661" lon="12.505346">
        <ele>605.694953</ele>
        <time>2026-02-16T19:21:32.861Z</time>
      </trkpt>
      <trkpt lat="49.080524" lon="12.505061">
        <ele>605.900578</ele>
        <time>2026-02-16T19:21:35.465Z</time>
      </trkpt>
      <trkpt lat="49.080494" lon="12.504886">
        <ele>605.471937</ele>
        <time>2026-02-16T19:21:36.724Z</time>
      </trkpt>
      <trkpt lat="49.080497" lon="12.504669">
        <ele>604.957626</ele>
        <time>2026-02-16T19:21:38.192Z</time>
      </trkpt>
      <trkpt lat="49.080542" lon="12.504418">
        <ele>604.340987</ele>
        <time>2026-02-16T19:21:39.907Z</time>
      </trkpt>
      <trkpt lat="49.080798" lon="12.503465">
        <ele>601.900264</ele>
        <time>2026-02-16T19:21:46.461Z</time>
      </trkpt>
      <trkpt lat="49.080888" lon="12.502922">
        <ele>600.573041</ele>
        <time>2026-02-16T19:21:50.010Z</time>
      </trkpt>
      <trkpt lat="49.080979" lon="12.500147">
        <ele>593.063185</ele>
        <time>2026-02-16T19:22:07.416Z</time>
      </trkpt>
      <trkpt lat="49.080959" lon="12.499930">
        <ele>592.456625</ele>
        <time>2026-02-16T19:22:08.829Z</time>
      </trkpt>
      <trkpt lat="49.080903" lon="12.499464">
        <ele>591.639569</ele>
        <time>2026-02-16T19:22:11.948Z</time>
      </trkpt>
      <trkpt lat="49.080741" lon="12.498619">
        <ele>590.805559</ele>
        <time>2026-02-16T19:22:18.073Z</time>
      </trkpt>
      <trkpt lat="49.080353" lon="12.497023">
        <ele>589.375031</ele>
        <time>2026-02-16T19:22:32.901Z</time>
      </trkpt>
      <trkpt lat="49.080294" lon="12.496704">
        <ele>589.618243</ele>
        <time>2026-02-16T19:22:36.605Z</time>
      </trkpt>
      <trkpt lat="49.080209" lon="12.496023">
        <ele>590.126905</ele>
        <time>2026-02-16T19:22:44.846Z</time>
      </trkpt>
      <trkpt lat="49.080146" lon="12.494941">
        <ele>590.923934</ele>
        <time>2026-02-16T19:22:59.588Z</time>
      </trkpt>
      <trkpt lat="49.080151" lon="12.492601">
        <ele>593.100295</ele>
        <time>2026-02-16T19:23:34.609Z</time>
      </trkpt>
      <trkpt lat="49.080180" lon="12.492177">
        <ele>593.521098</ele>
        <time>2026-02-16T19:23:40.404Z</time>
      </trkpt>
      <trkpt lat="49.080196" lon="12.492100">
        <ele>593.600837</ele>
        <time>2026-02-16T19:23:41.398Z</time>
      </trkpt>
      <trkpt lat="49.080291" lon="12.491708">
        <ele>594.013413</ele>
        <time>2026-02-16T19:23:46.209Z</time>
      </trkpt>
      <trkpt lat="49.080324" lon="12.491573">
        <ele>593.902777</ele>
        <time>2026-02-16T19:23:47.743Z</time>
      </trkpt>
      <trkpt lat="49.080471" lon="12.490863">
        <ele>593.257801</ele>
        <time>2026-02-16T19:23:54.706Z</time>
      </trkpt>
      <trkpt lat="49.080487" lon="12.490729">
        <ele>593.139822</ele>
        <time>2026-02-16T19:23:55.831Z</time>
      </trkpt>
      <trkpt lat="49.080509" lon="12.490421">
        <ele>592.871459</ele>
        <time>2026-02-16T19:23:58.287Z</time>
      </trkpt>
      <trkpt lat="49.080480" lon="12.489533">
        <ele>592.101343</ele>
        <time>2026-02-16T19:24:04.687Z</time>
      </trkpt>
      <trkpt lat="49.080499" lon="12.489338">
        <ele>591.930581</ele>
        <time>2026-02-16T19:24:06.021Z</time>
      </trkpt>
      <trkpt lat="49.080520" lon="12.489050">
        <ele>591.679583</ele>
        <time>2026-02-16T19:24:07.950Z</time>
      </trkpt>
      <trkpt lat="49.080476" lon="12.488710">
        <ele>591.236451</ele>
        <time>2026-02-16T19:24:10.241Z</time>
      </trkpt>
      <trkpt lat="49.080257" lon="12.488693">
        <ele>590.788890</ele>
        <time>2026-02-16T19:24:12.471Z</time>
      </trkpt>
      <trkpt lat="49.080146" lon="12.488613">
        <ele>590.538362</ele>
        <time>2026-02-16T19:24:13.723Z</time>
      </trkpt>
      <trkpt lat="49.080051" lon="12.488419">
        <ele>590.214540</ele>
        <time>2026-02-16T19:24:15.360Z</time>
      </trkpt>
      <trkpt lat="49.079794" lon="12.487610">
        <ele>589.012516</ele>
        <time>2026-02-16T19:24:21.678Z</time>
      </trkpt>
      <trkpt lat="49.079660" lon="12.487487">
        <ele>588.693392</ele>
        <time>2026-02-16T19:24:23.450Z</time>
      </trkpt>
      <trkpt lat="49.079385" lon="12.487434">
        <ele>588.127657</ele>
        <time>2026-02-16T19:24:26.756Z</time>
      </trkpt>
      <trkpt lat="49.079221" lon="12.487421">
        <ele>588.048481</ele>
        <time>2026-02-16T19:24:28.886Z</time>
      </trkpt>
      <trkpt lat="49.079087" lon="12.487402">
        <ele>588.166891</ele>
        <time>2026-02-16T19:24:30.796Z</time>
      </trkpt>
      <trkpt lat="49.078958" lon="12.487378">
        <ele>588.281233</ele>
        <time>2026-02-16T19:24:32.792Z</time>
      </trkpt>
      <trkpt lat="49.078915" lon="12.487366">
        <ele>588.319695</ele>
        <time>2026-02-16T19:24:33.501Z</time>
      </trkpt>
      <trkpt lat="49.077465" lon="12.486632">
        <ele>589.903166</ele>
        <time>2026-02-16T19:25:04.106Z</time>
      </trkpt>
      <trkpt lat="49.077096" lon="12.486440">
        <ele>590.993398</ele>
        <time>2026-02-16T19:25:13.250Z</time>
      </trkpt>
      <trkpt lat="49.076380" lon="12.486116">
        <ele>593.081867</ele>
        <time>2026-02-16T19:25:33.411Z</time>
      </trkpt>
      <trkpt lat="49.076062" lon="12.486002">
        <ele>593.995372</ele>
        <time>2026-02-16T19:25:42.893Z</time>
      </trkpt>
      <trkpt lat="49.075725" lon="12.485928">
        <ele>594.969065</ele>
        <time>2026-02-16T19:25:52.904Z</time>
      </trkpt>
      <trkpt lat="49.075373" lon="12.485884">
        <ele>596.015292</ele>
        <time>2026-02-16T19:26:03.243Z</time>
      </trkpt>
      <trkpt lat="49.074129" lon="12.485928">
        <ele>599.701410</ele>
        <time>2026-02-16T19:26:36.295Z</time>
      </trkpt>
      <trkpt lat="49.072599" lon="12.485902">
        <ele>602.802114</ele>
        <time>2026-02-16T19:27:10.385Z</time>
      </trkpt>
      <trkpt lat="49.072189" lon="12.485827">
        <ele>603.615755</ele>
        <time>2026-02-16T19:27:19.224Z</time>
      </trkpt>
      <trkpt lat="49.071456" lon="12.485622">
        <ele>605.047965</ele>
        <time>2026-02-16T19:27:36.860Z</time>
      </trkpt>
      <trkpt lat="49.070656" lon="12.485523">
        <ele>606.590539</ele>
        <time>2026-02-16T19:27:55.918Z</time>
      </trkpt>
      <trkpt lat="49.070469" lon="12.485459">
        <ele>606.926354</ele>
        <time>2026-02-16T19:28:00.058Z</time>
      </trkpt>
      <trkpt lat="49.070090" lon="12.485225">
        <ele>606.767583</ele>
        <time>2026-02-16T19:28:07.700Z</time>
      </trkpt>
      <trkpt lat="49.069685" lon="12.485086">
        <ele>606.606374</ele>
        <time>2026-02-16T19:28:13.254Z</time>
      </trkpt>
      <trkpt lat="49.069363" lon="12.484843">
        <ele>606.466876</ele>
        <time>2026-02-16T19:28:17.569Z</time>
      </trkpt>
      <trkpt lat="49.069230" lon="12.484776">
        <ele>606.412485</ele>
        <time>2026-02-16T19:28:19.187Z</time>
      </trkpt>
      <trkpt lat="49.069076" lon="12.484778">
        <ele>606.352676</ele>
        <time>2026-02-16T19:28:20.993Z</time>
      </trkpt>
      <trkpt lat="49.068914" lon="12.484817">
        <ele>606.288985</ele>
        <time>2026-02-16T19:28:22.950Z</time>
      </trkpt>
      <trkpt lat="49.068829" lon="12.484765">
        <ele>606.253423</ele>
        <time>2026-02-16T19:28:24.016Z</time>
      </trkpt>
      <trkpt lat="49.068748" lon="12.484851">
        <ele>606.131635</ele>
        <time>2026-02-16T19:28:25.687Z</time>
      </trkpt>
      <trkpt lat="49.068525" lon="12.484934">
        <ele>605.633818</ele>
        <time>2026-02-16T19:28:29.484Z</time>
      </trkpt>
      <trkpt lat="49.068404" lon="12.484980">
        <ele>605.363374</ele>
        <time>2026-02-16T19:28:31.518Z</time>
      </trkpt>
      <trkpt lat="49.068306" lon="12.485078">
        <ele>605.109277</ele>
        <time>2026-02-16T19:28:33.418Z</time>
      </trkpt>
      <trkpt lat="49.068042" lon="12.485631">
        <ele>604.137028</ele>
        <time>2026-02-16T19:28:40.585Z</time>
      </trkpt>
      <trkpt lat="49.067844" lon="12.486016">
        <ele>603.441558</ele>
        <time>2026-02-16T19:28:45.704Z</time>
      </trkpt>
      <trkpt lat="49.067592" lon="12.485715">
        <ele>602.747558</ele>
        <time>2026-02-16T19:28:50.555Z</time>
      </trkpt>
      <trkpt lat="49.067349" lon="12.485141">
        <ele>601.193840</ele>
        <time>2026-02-16T19:28:56.965Z</time>
      </trkpt>
      <trkpt lat="49.067283" lon="12.485030">
        <ele>600.757607</ele>
        <time>2026-02-16T19:28:58.331Z</time>
      </trkpt>
      <trkpt lat="49.067183" lon="12.484910">
        <ele>600.192568</ele>
        <time>2026-02-16T19:29:00.079Z</time>
      </trkpt>
      <trkpt lat="49.066877" lon="12.484750">
        <ele>598.755787</ele>
        <time>2026-02-16T19:29:04.500Z</time>
      </trkpt>
      <trkpt lat="49.066774" lon="12.484657">
        <ele>598.224206</ele>
        <time>2026-02-16T19:29:06.123Z</time>
      </trkpt>
      <trkpt lat="49.066025" lon="12.483808">
        <ele>594.112331</ele>
        <time>2026-02-16T19:29:18.723Z</time>
      </trkpt>
      <trkpt lat="49.065682" lon="12.483300">
        <ele>592.250055</ele>
        <time>2026-02-16T19:29:25.303Z</time>
      </trkpt>
      <trkpt lat="49.065329" lon="12.482676">
        <ele>590.145398</ele>
        <time>2026-02-16T19:29:32.943Z</time>
      </trkpt>
      <trkpt lat="49.064993" lon="12.482192">
        <ele>588.345180</ele>
        <time>2026-02-16T19:29:39.586Z</time>
      </trkpt>
      <trkpt lat="49.064503" lon="12.481689">
        <ele>586.555058</ele>
        <time>2026-02-16T19:29:48.185Z</time>
      </trkpt>
      <trkpt lat="49.064328" lon="12.481547">
        <ele>586.088508</ele>
        <time>2026-02-16T19:29:51.075Z</time>
      </trkpt>
      <trkpt lat="49.063124" lon="12.480868">
        <ele>583.116737</ele>
        <time>2026-02-16T19:30:10.605Z</time>
      </trkpt>
      <trkpt lat="49.062875" lon="12.480644">
        <ele>583.442514</ele>
        <time>2026-02-16T19:30:16.338Z</time>
      </trkpt>
      <trkpt lat="49.062624" lon="12.480334">
        <ele>583.806449</ele>
        <time>2026-02-16T19:30:24.315Z</time>
      </trkpt>
      <trkpt lat="49.062189" lon="12.479739">
        <ele>584.464838</ele>
        <time>2026-02-16T19:30:41.508Z</time>
      </trkpt>
      <trkpt lat="49.061877" lon="12.479380">
        <ele>584.905245</ele>
        <time>2026-02-16T19:30:53.370Z</time>
      </trkpt>
      <trkpt lat="49.061440" lon="12.479050">
        <ele>585.240455</ele>
        <time>2026-02-16T19:31:06.230Z</time>
      </trkpt>
      <trkpt lat="49.061187" lon="12.478937">
        <ele>585.342760</ele>
        <time>2026-02-16T19:31:12.242Z</time>
      </trkpt>
      <trkpt lat="49.060888" lon="12.478865">
        <ele>585.460233</ele>
        <time>2026-02-16T19:31:18.192Z</time>
      </trkpt>
      <trkpt lat="49.060494" lon="12.478859">
        <ele>585.613147</ele>
        <time>2026-02-16T19:31:25.168Z</time>
      </trkpt>
      <trkpt lat="49.059632" lon="12.479078">
        <ele>586.244486</ele>
        <time>2026-02-16T19:31:43.071Z</time>
      </trkpt>
      <trkpt lat="49.058378" lon="12.479421">
        <ele>587.882301</ele>
        <time>2026-02-16T19:32:17.134Z</time>
      </trkpt>
      <trkpt lat="49.057928" lon="12.479498">
        <ele>588.805732</ele>
        <time>2026-02-16T19:32:29.759Z</time>
      </trkpt>
      <trkpt lat="49.057580" lon="12.479490">
        <ele>589.721303</ele>
        <time>2026-02-16T19:32:39.091Z</time>
      </trkpt>
      <trkpt lat="49.056538" lon="12.479291">
        <ele>592.483828</ele>
        <time>2026-02-16T19:33:10.311Z</time>
      </trkpt>
      <trkpt lat="49.056122" lon="12.479268">
        <ele>594.723433</ele>
        <time>2026-02-16T19:33:26.506Z</time>
      </trkpt>
      <trkpt lat="49.055828" lon="12.479294">
        <ele>596.748667</ele>
        <time>2026-02-16T19:33:39.166Z</time>
      </trkpt>
      <trkpt lat="49.055522" lon="12.479345">
        <ele>598.865548</ele>
        <time>2026-02-16T19:33:53.376Z</time>
      </trkpt>
      <trkpt lat="49.054422" lon="12.479741">
        <ele>607.031738</ele>
        <time>2026-02-16T19:34:54.658Z</time>
      </trkpt>
      <trkpt lat="49.053124" lon="12.480219">
        <ele>618.799600</ele>
        <time>2026-02-16T19:36:12.652Z</time>
      </trkpt>
      <trkpt lat="49.052700" lon="12.480408">
        <ele>621.873565</ele>
        <time>2026-02-16T19:36:35.958Z</time>
      </trkpt>
      <trkpt lat="49.052389" lon="12.480679">
        <ele>623.416037</ele>
        <time>2026-02-16T19:36:52.092Z</time>
      </trkpt>
      <trkpt lat="49.051868" lon="12.481247">
        <ele>626.173836</ele>
        <time>2026-02-16T19:37:14.581Z</time>
      </trkpt>
      <trkpt lat="49.051605" lon="12.481461">
        <ele>627.457546</ele>
        <time>2026-02-16T19:37:23.597Z</time>
      </trkpt>
      <trkpt lat="49.051287" lon="12.481642">
        <ele>628.864789</ele>
        <time>2026-02-16T19:37:32.955Z</time>
      </trkpt>
      <trkpt lat="49.050918" lon="12.481742">
        <ele>629.404700</ele>
        <time>2026-02-16T19:37:42.726Z</time>
      </trkpt>
      <trkpt lat="49.050499" lon="12.481745">
        <ele>630.008329</ele>
        <time>2026-02-16T19:37:53.185Z</time>
      </trkpt>
      <trkpt lat="49.050131" lon="12.481654">
        <ele>630.545397</ele>
        <time>2026-02-16T19:38:02.960Z</time>
      </trkpt>
      <trkpt lat="49.049630" lon="12.481445">
        <ele>631.293641</ele>
        <time>2026-02-16T19:38:16.935Z</time>
      </trkpt>
      <trkpt lat="49.049355" lon="12.481327">
        <ele>631.431271</ele>
        <time>2026-02-16T19:38:24.107Z</time>
      </trkpt>
      <trkpt lat="49.049045" lon="12.481244">
        <ele>631.435730</ele>
        <time>2026-02-16T19:38:31.048Z</time>
      </trkpt>
      <trkpt lat="49.048308" lon="12.481139">
        <ele>631.446218</ele>
        <time>2026-02-16T19:38:45.210Z</time>
      </trkpt>
      <trkpt lat="49.047963" lon="12.481096">
        <ele>631.451123</ele>
        <time>2026-02-16T19:38:51.680Z</time>
      </trkpt>
      <trkpt lat="49.047805" lon="12.481096">
        <ele>631.453362</ele>
        <time>2026-02-16T19:38:54.625Z</time>
      </trkpt>
      <trkpt lat="49.047666" lon="12.481136">
        <ele>631.347108</ele>
        <time>2026-02-16T19:38:57.225Z</time>
      </trkpt>
      <trkpt lat="49.046985" lon="12.481439">
        <ele>630.539517</ele>
        <time>2026-02-16T19:39:09.637Z</time>
      </trkpt>
      <trkpt lat="49.046717" lon="12.481501">
        <ele>630.230921</ele>
        <time>2026-02-16T19:39:14.260Z</time>
      </trkpt>
      <trkpt lat="49.046241" lon="12.481540">
        <ele>629.688229</ele>
        <time>2026-02-16T19:39:22.073Z</time>
      </trkpt>
      <trkpt lat="49.045856" lon="12.481500">
        <ele>629.172577</ele>
        <time>2026-02-16T19:39:28.420Z</time>
      </trkpt>
      <trkpt lat="49.045521" lon="12.481425">
        <ele>628.600222</ele>
        <time>2026-02-16T19:39:34.027Z</time>
      </trkpt>
      <trkpt lat="49.045287" lon="12.481334">
        <ele>628.192015</ele>
        <time>2026-02-16T19:39:37.976Z</time>
      </trkpt>
      <trkpt lat="49.044925" lon="12.481128">
        <ele>627.538900</ele>
        <time>2026-02-16T19:39:44.227Z</time>
      </trkpt>
      <trkpt lat="49.044743" lon="12.481055">
        <ele>627.220789</ele>
        <time>2026-02-16T19:39:47.232Z</time>
      </trkpt>
      <trkpt lat="49.044490" lon="12.481045">
        <ele>626.792969</ele>
        <time>2026-02-16T19:39:51.235Z</time>
      </trkpt>
      <trkpt lat="49.044053" lon="12.481039">
        <ele>626.075979</ele>
        <time>2026-02-16T19:39:58.144Z</time>
      </trkpt>
      <trkpt lat="49.043203" lon="12.480808">
        <ele>624.718370</ele>
        <time>2026-02-16T19:40:11.703Z</time>
      </trkpt>
      <trkpt lat="49.043052" lon="12.480811">
        <ele>624.480913</ele>
        <time>2026-02-16T19:40:14.122Z</time>
      </trkpt>
      <trkpt lat="49.042882" lon="12.480859">
        <ele>624.209060</ele>
        <time>2026-02-16T19:40:16.935Z</time>
      </trkpt>
      <trkpt lat="49.041572" lon="12.481682">
        <ele>623.199843</ele>
        <time>2026-02-16T19:40:43.085Z</time>
      </trkpt>
      <trkpt lat="49.041383" lon="12.481868">
        <ele>623.123081</ele>
        <time>2026-02-16T19:40:47.457Z</time>
      </trkpt>
      <trkpt lat="49.041132" lon="12.482268">
        <ele>622.999199</ele>
        <time>2026-02-16T19:40:54.519Z</time>
      </trkpt>
      <trkpt lat="49.041013" lon="12.482496">
        <ele>622.933997</ele>
        <time>2026-02-16T19:40:58.328Z</time>
      </trkpt>
      <trkpt lat="49.040919" lon="12.482679">
        <ele>623.163394</ele>
        <time>2026-02-16T19:41:01.455Z</time>
      </trkpt>
      <trkpt lat="49.040721" lon="12.483066">
        <ele>623.793230</ele>
        <time>2026-02-16T19:41:08.352Z</time>
      </trkpt>
      <trkpt lat="49.040574" lon="12.483277">
        <ele>624.188270</ele>
        <time>2026-02-16T19:41:13.062Z</time>
      </trkpt>
      <trkpt lat="49.040354" lon="12.483464">
        <ele>624.681177</ele>
        <time>2026-02-16T19:41:19.441Z</time>
      </trkpt>
      <trkpt lat="49.039742" lon="12.483760">
        <ele>625.937729</ele>
        <time>2026-02-16T19:41:38.853Z</time>
      </trkpt>
      <trkpt lat="49.039560" lon="12.483786">
        <ele>626.295493</ele>
        <time>2026-02-16T19:41:45.388Z</time>
      </trkpt>
      <trkpt lat="49.039213" lon="12.483795">
        <ele>627.828893</ele>
        <time>2026-02-16T19:41:58.628Z</time>
      </trkpt>
      <trkpt lat="49.038515" lon="12.483574">
        <ele>631.469711</ele>
        <time>2026-02-16T19:42:28.903Z</time>
      </trkpt>
      <trkpt lat="49.038106" lon="12.483548">
        <ele>633.560378</ele>
        <time>2026-02-16T19:42:47.128Z</time>
      </trkpt>
      <trkpt lat="49.037700" lon="12.483640">
        <ele>635.647133</ele>
        <time>2026-02-16T19:43:04.593Z</time>
      </trkpt>
      <trkpt lat="49.037299" lon="12.483906">
        <ele>637.079378</ele>
        <time>2026-02-16T19:43:21.935Z</time>
      </trkpt>
      <trkpt lat="49.035733" lon="12.485677">
        <ele>642.295404</ele>
        <time>2026-02-16T19:44:21.154Z</time>
      </trkpt>
      <trkpt lat="49.035247" lon="12.486007">
        <ele>642.989482</ele>
        <time>2026-02-16T19:44:32.960Z</time>
      </trkpt>
      <trkpt lat="49.034940" lon="12.486178">
        <ele>643.415899</ele>
        <time>2026-02-16T19:44:40.117Z</time>
      </trkpt>
      <trkpt lat="49.034754" lon="12.486328">
        <ele>643.690406</ele>
        <time>2026-02-16T19:44:44.703Z</time>
      </trkpt>
      <trkpt lat="49.033686" lon="12.487425">
        <ele>645.357200</ele>
        <time>2026-02-16T19:45:17.817Z</time>
      </trkpt>
      <trkpt lat="49.033542" lon="12.487620">
        <ele>645.606242</ele>
        <time>2026-02-16T19:45:22.790Z</time>
      </trkpt>
      <trkpt lat="49.033299" lon="12.488199">
        <ele>646.189160</ele>
        <time>2026-02-16T19:45:34.781Z</time>
      </trkpt>
      <trkpt lat="49.033219" lon="12.488345">
        <ele>646.094084</ele>
        <time>2026-02-16T19:45:38.074Z</time>
      </trkpt>
      <trkpt lat="49.032898" lon="12.488601">
        <ele>645.793771</ele>
        <time>2026-02-16T19:45:47.209Z</time>
      </trkpt>
      <trkpt lat="49.032860" lon="12.488084">
        <ele>645.510991</ele>
        <time>2026-02-16T19:45:52.606Z</time>
      </trkpt>
      <trkpt lat="49.032872" lon="12.487103">
        <ele>644.977668</ele>
        <time>2026-02-16T19:46:00.096Z</time>
      </trkpt>
      <trkpt lat="49.032905" lon="12.485248">
        <ele>640.880811</ele>
        <time>2026-02-16T19:46:12.183Z</time>
      </trkpt>
      <trkpt lat="49.032922" lon="12.483382">
        <ele>636.386342</ele>
        <time>2026-02-16T19:46:23.594Z</time>
      </trkpt>
      <trkpt lat="49.032841" lon="12.482686">
        <ele>635.561795</ele>
        <time>2026-02-16T19:46:28.043Z</time>
      </trkpt>
      <trkpt lat="49.032622" lon="12.481851">
        <ele>634.512756</ele>
        <time>2026-02-16T19:46:35.014Z</time>
      </trkpt>
      <trkpt lat="49.032364" lon="12.481275">
        <ele>633.765393</ele>
        <time>2026-02-16T19:46:45.547Z</time>
      </trkpt>
      <trkpt lat="49.032035" lon="12.480717">
        <ele>634.369523</ele>
        <time>2026-02-16T19:46:59.272Z</time>
      </trkpt>
      <trkpt lat="49.031977" lon="12.480645">
        <ele>634.461345</ele>
        <time>2026-02-16T19:47:01.561Z</time>
      </trkpt>
      <trkpt lat="49.031726" lon="12.480361">
        <ele>634.845082</ele>
        <time>2026-02-16T19:47:10.516Z</time>
      </trkpt>
      <trkpt lat="49.031334" lon="12.480019">
        <ele>635.399584</ele>
        <time>2026-02-16T19:47:22.233Z</time>
      </trkpt>
      <trkpt lat="49.028854" lon="12.478570">
        <ele>629.358771</ele>
        <time>2026-02-16T19:47:49.760Z</time>
      </trkpt>
      <trkpt lat="49.028753" lon="12.478512">
        <ele>628.899447</ele>
        <time>2026-02-16T19:47:50.794Z</time>
      </trkpt>
      <trkpt lat="49.028678" lon="12.478471">
        <ele>628.560356</ele>
        <time>2026-02-16T19:47:51.547Z</time>
      </trkpt>
      <trkpt lat="49.028274" lon="12.478196">
        <ele>626.677422</ele>
        <time>2026-02-16T19:47:55.717Z</time>
      </trkpt>
      <trkpt lat="49.028084" lon="12.478018">
        <ele>625.728389</ele>
        <time>2026-02-16T19:47:57.806Z</time>
      </trkpt>
      <trkpt lat="49.027874" lon="12.477761">
        <ele>624.582438</ele>
        <time>2026-02-16T19:48:00.330Z</time>
      </trkpt>
      <trkpt lat="49.027733" lon="12.477473">
        <ele>623.579403</ele>
        <time>2026-02-16T19:48:02.581Z</time>
      </trkpt>
      <trkpt lat="49.027639" lon="12.477147">
        <ele>622.547027</ele>
        <time>2026-02-16T19:48:04.860Z</time>
      </trkpt>
      <trkpt lat="49.027566" lon="12.476730">
        <ele>621.289156</ele>
        <time>2026-02-16T19:48:07.657Z</time>
      </trkpt>
      <trkpt lat="49.027551" lon="12.476453">
        <ele>620.479120</ele>
        <time>2026-02-16T19:48:09.465Z</time>
      </trkpt>
      <trkpt lat="49.027571" lon="12.476027">
        <ele>619.234408</ele>
        <time>2026-02-16T19:48:12.248Z</time>
      </trkpt>
      <trkpt lat="49.027630" lon="12.475675">
        <ele>618.175553</ele>
        <time>2026-02-16T19:48:14.594Z</time>
      </trkpt>
      <trkpt lat="49.027692" lon="12.475460">
        <ele>617.491038</ele>
        <time>2026-02-16T19:48:16.086Z</time>
      </trkpt>
      <trkpt lat="49.027881" lon="12.475052">
        <ele>616.035161</ele>
        <time>2026-02-16T19:48:19.204Z</time>
      </trkpt>
      <trkpt lat="49.028131" lon="12.474673">
        <ele>613.371235</ele>
        <time>2026-02-16T19:48:22.460Z</time>
      </trkpt>
      <trkpt lat="49.028374" lon="12.474458">
        <ele>610.741424</ele>
        <time>2026-02-16T19:48:24.978Z</time>
      </trkpt>
      <trkpt lat="49.028078" lon="12.474063">
        <ele>607.059601</ele>
        <time>2026-02-16T19:48:32.159Z</time>
      </trkpt>
      <trkpt lat="49.027827" lon="12.473798">
        <ele>604.201906</ele>
        <time>2026-02-16T19:48:37.542Z</time>
      </trkpt>
      <trkpt lat="49.027814" lon="12.473676">
        <ele>603.443250</ele>
        <time>2026-02-16T19:48:44.611Z</time>
      </trkpt>
      <trkpt lat="49.027775" lon="12.473607">
        <ele>602.884096</ele>
        <time>2026-02-16T19:48:49.813Z</time>
      </trkpt>
      <trkpt lat="49.027851" lon="12.473528">
        <ele>602.023123</ele>
        <time>2026-02-16T19:48:50.596Z</time>
      </trkpt>
      <trkpt lat="49.028029" lon="12.473440">
        <ele>600.271496</ele>
        <time>2026-02-16T19:48:52.168Z</time>
      </trkpt>
      <trkpt lat="49.028222" lon="12.473392">
        <ele>598.289515</ele>
        <time>2026-02-16T19:48:53.807Z</time>
      </trkpt>
      <trkpt lat="49.028407" lon="12.473409">
        <ele>595.112430</ele>
        <time>2026-02-16T19:48:55.352Z</time>
      </trkpt>
      <trkpt lat="49.028601" lon="12.473347">
        <ele>591.714584</ele>
        <time>2026-02-16T19:48:56.990Z</time>
      </trkpt>
      <trkpt lat="49.028732" lon="12.473203">
        <ele>588.946439</ele>
        <time>2026-02-16T19:48:58.332Z</time>
      </trkpt>
      <trkpt lat="49.028810" lon="12.472999">
        <ele>586.292120</ele>
        <time>2026-02-16T19:48:59.606Z</time>
      </trkpt>
      <trkpt lat="49.028871" lon="12.472623">
        <ele>581.938481</ele>
        <time>2026-02-16T19:49:01.690Z</time>
      </trkpt>
      <trkpt lat="49.028928" lon="12.471867">
        <ele>573.385149</ele>
        <time>2026-02-16T19:49:05.771Z</time>
      </trkpt>
      <trkpt lat="49.029023" lon="12.471296">
        <ele>566.806930</ele>
        <time>2026-02-16T19:49:08.934Z</time>
      </trkpt>
      <trkpt lat="49.029056" lon="12.470813">
        <ele>561.578041</ele>
        <time>2026-02-16T19:49:11.547Z</time>
      </trkpt>
      <trkpt lat="49.029016" lon="12.470496">
        <ele>558.102092</ele>
        <time>2026-02-16T19:49:13.280Z</time>
      </trkpt>
      <trkpt lat="49.028931" lon="12.470166">
        <ele>554.284449</ele>
        <time>2026-02-16T19:49:15.191Z</time>
      </trkpt>
      <trkpt lat="49.028775" lon="12.469855">
        <ele>550.068174</ele>
        <time>2026-02-16T19:49:17.313Z</time>
      </trkpt>
      <trkpt lat="49.028609" lon="12.469598">
        <ele>546.183684</ele>
        <time>2026-02-16T19:49:19.269Z</time>
      </trkpt>
      <trkpt lat="49.028507" lon="12.469322">
        <ele>542.772258</ele>
        <time>2026-02-16T19:49:20.999Z</time>
      </trkpt>
      <trkpt lat="49.028482" lon="12.469167">
        <ele>541.053514</ele>
        <time>2026-02-16T19:49:21.865Z</time>
      </trkpt>
      <trkpt lat="49.028508" lon="12.468737">
        <ele>537.177619</ele>
        <time>2026-02-16T19:49:24.233Z</time>
      </trkpt>
      <trkpt lat="49.028585" lon="12.468252">
        <ele>534.053257</ele>
        <time>2026-02-16T19:49:26.985Z</time>
      </trkpt>
      <trkpt lat="49.028571" lon="12.468041">
        <ele>532.725427</ele>
        <time>2026-02-16T19:49:28.164Z</time>
      </trkpt>
      <trkpt lat="49.028459" lon="12.467724">
        <ele>530.470866</ele>
        <time>2026-02-16T19:49:30.176Z</time>
      </trkpt>
      <trkpt lat="49.028303" lon="12.467413">
        <ele>528.019219</ele>
        <time>2026-02-16T19:49:32.408Z</time>
      </trkpt>
      <trkpt lat="49.028257" lon="12.467281">
        <ele>527.083279</ele>
        <time>2026-02-16T19:49:33.266Z</time>
      </trkpt>
      <trkpt lat="49.028252" lon="12.467134">
        <ele>526.161660</ele>
        <time>2026-02-16T19:49:34.117Z</time>
      </trkpt>
      <trkpt lat="49.027552" lon="12.466667">
        <ele>520.021147</ele>
        <time>2026-02-16T19:49:41.127Z</time>
      </trkpt>
      <trkpt lat="49.027196" lon="12.466362">
        <ele>518.158673</ele>
        <time>2026-02-16T19:49:45.156Z</time>
      </trkpt>
      <trkpt lat="49.026910" lon="12.465976">
        <ele>516.416688</ele>
        <time>2026-02-16T19:49:48.921Z</time>
      </trkpt>
      <trkpt lat="49.026589" lon="12.465407">
        <ele>514.171737</ele>
        <time>2026-02-16T19:49:53.708Z</time>
      </trkpt>
      <trkpt lat="49.025483" lon="12.463735">
        <ele>507.930584</ele>
        <time>2026-02-16T19:50:08.407Z</time>
      </trkpt>
      <trkpt lat="49.025221" lon="12.463241">
        <ele>506.312492</ele>
        <time>2026-02-16T19:50:12.642Z</time>
      </trkpt>
      <trkpt lat="49.025103" lon="12.462966">
        <ele>506.326762</ele>
        <time>2026-02-16T19:50:15.109Z</time>
      </trkpt>
      <trkpt lat="49.024964" lon="12.462613">
        <ele>507.442321</ele>
        <time>2026-02-16T19:50:18.738Z</time>
      </trkpt>
      <trkpt lat="49.024842" lon="12.462214">
        <ele>508.635067</ele>
        <time>2026-02-16T19:50:24.765Z</time>
      </trkpt>
      <trkpt lat="49.024570" lon="12.461038">
        <ele>512.013575</ele>
        <time>2026-02-16T19:50:56.562Z</time>
      </trkpt>
      <trkpt lat="49.024453" lon="12.460409">
        <ele>514.174189</ele>
        <time>2026-02-16T19:51:18.180Z</time>
      </trkpt>
      <trkpt lat="49.024394" lon="12.460114">
        <ele>515.708386</ele>
        <time>2026-02-16T19:51:29.201Z</time>
      </trkpt>
      <trkpt lat="49.023984" lon="12.458172">
        <ele>525.857139</ele>
        <time>2026-02-16T19:52:34.793Z</time>
      </trkpt>
      <trkpt lat="49.023834" lon="12.457652">
        <ele>526.779611</ele>
        <time>2026-02-16T19:52:46.469Z</time>
      </trkpt>
      <trkpt lat="49.023570" lon="12.456925">
        <ele>526.336322</ele>
        <time>2026-02-16T19:52:58.207Z</time>
      </trkpt>
      <trkpt lat="49.023340" lon="12.456433">
        <ele>526.014016</ele>
        <time>2026-02-16T19:53:02.585Z</time>
      </trkpt>
      <trkpt lat="49.022998" lon="12.455809">
        <ele>525.580206</ele>
        <time>2026-02-16T19:53:07.709Z</time>
      </trkpt>
      <trkpt lat="49.022627" lon="12.455226">
        <ele>522.516152</ele>
        <time>2026-02-16T19:53:12.508Z</time>
      </trkpt>
      <trkpt lat="49.022125" lon="12.454620">
        <ele>518.124771</ele>
        <time>2026-02-16T19:53:18.157Z</time>
      </trkpt>
      <trkpt lat="49.021668" lon="12.454166">
        <ele>514.383821</ele>
        <time>2026-02-16T19:53:23.034Z</time>
      </trkpt>
      <trkpt lat="49.020607" lon="12.453206">
        <ele>507.277337</ele>
        <time>2026-02-16T19:53:34.466Z</time>
      </trkpt>
      <trkpt lat="49.020146" lon="12.452706">
        <ele>504.123326</ele>
        <time>2026-02-16T19:53:39.755Z</time>
      </trkpt>
      <trkpt lat="49.019774" lon="12.452210">
        <ele>501.835870</ele>
        <time>2026-02-16T19:53:44.352Z</time>
      </trkpt>
      <trkpt lat="49.019121" lon="12.451124">
        <ele>497.873368</ele>
        <time>2026-02-16T19:53:53.604Z</time>
      </trkpt>
      <trkpt lat="49.018684" lon="12.450399">
        <ele>495.408608</ele>
        <time>2026-02-16T19:54:00.338Z</time>
      </trkpt>
      <trkpt lat="49.018306" lon="12.449891">
        <ele>494.050774</ele>
        <time>2026-02-16T19:54:05.848Z</time>
      </trkpt>
      <trkpt lat="49.017839" lon="12.449436">
        <ele>492.557300</ele>
        <time>2026-02-16T19:54:11.830Z</time>
      </trkpt>
      <trkpt lat="49.017199" lon="12.448923">
        <ele>490.624217</ele>
        <time>2026-02-16T19:54:19.157Z</time>
      </trkpt>
      <trkpt lat="49.016857" lon="12.448603">
        <ele>489.597636</ele>
        <time>2026-02-16T19:54:23.100Z</time>
      </trkpt>
      <trkpt lat="49.016495" lon="12.448076">
        <ele>488.317148</ele>
        <time>2026-02-16T19:54:28.080Z</time>
      </trkpt>
      <trkpt lat="49.016160" lon="12.447314">
        <ele>486.777893</ele>
        <time>2026-02-16T19:54:34.670Z</time>
      </trkpt>
      <trkpt lat="49.016039" lon="12.446802">
        <ele>486.287636</ele>
        <time>2026-02-16T19:54:39.343Z</time>
      </trkpt>
      <trkpt lat="49.015979" lon="12.446414">
        <ele>486.251752</ele>
        <time>2026-02-16T19:54:43.236Z</time>
      </trkpt>
      <trkpt lat="49.015953" lon="12.445974">
        <ele>486.211985</ele>
        <time>2026-02-16T19:54:47.948Z</time>
      </trkpt>
      <trkpt lat="49.015971" lon="12.445204">
        <ele>486.142628</ele>
        <time>2026-02-16T19:54:56.424Z</time>
      </trkpt>
      <trkpt lat="49.016039" lon="12.444145">
        <ele>486.242456</ele>
        <time>2026-02-16T19:55:05.600Z</time>
      </trkpt>
      <trkpt lat="49.016041" lon="12.443433">
        <ele>486.878810</ele>
        <time>2026-02-16T19:55:12.907Z</time>
      </trkpt>
      <trkpt lat="49.016002" lon="12.442860">
        <ele>487.393678</ele>
        <time>2026-02-16T19:55:20.534Z</time>
      </trkpt>
      <trkpt lat="49.015961" lon="12.442574">
        <ele>487.655325</ele>
        <time>2026-02-16T19:55:24.937Z</time>
      </trkpt>
      <trkpt lat="49.015837" lon="12.441992">
        <ele>488.202247</ele>
        <time>2026-02-16T19:55:34.573Z</time>
      </trkpt>
      <trkpt lat="49.015571" lon="12.441203">
        <ele>489.314262</ele>
        <time>2026-02-16T19:55:50.008Z</time>
      </trkpt>
      <trkpt lat="49.015071" lon="12.440015">
        <ele>491.415866</ele>
        <time>2026-02-16T19:56:12.544Z</time>
      </trkpt>
      <trkpt lat="49.014867" lon="12.439460">
        <ele>492.363096</ele>
        <time>2026-02-16T19:56:21.220Z</time>
      </trkpt>
      <trkpt lat="49.014597" lon="12.438437">
        <ele>493.899795</ele>
        <time>2026-02-16T19:56:37.923Z</time>
      </trkpt>
      <trkpt lat="49.014522" lon="12.437959">
        <ele>494.576854</ele>
        <time>2026-02-16T19:56:45.886Z</time>
      </trkpt>
      <trkpt lat="49.014461" lon="12.437572">
        <ele>495.125154</ele>
        <time>2026-02-16T19:56:52.333Z</time>
      </trkpt>
      <trkpt lat="49.014380" lon="12.436559">
        <ele>496.454402</ele>
        <time>2026-02-16T19:57:08.035Z</time>
      </trkpt>
      <trkpt lat="49.014410" lon="12.435597">
        <ele>497.122680</ele>
        <time>2026-02-16T19:57:21.215Z</time>
      </trkpt>
      <trkpt lat="49.014483" lon="12.434714">
        <ele>497.740233</ele>
        <time>2026-02-16T19:57:32.353Z</time>
      </trkpt>
      <trkpt lat="49.014571" lon="12.433648">
        <ele>497.810413</ele>
        <time>2026-02-16T19:57:43.813Z</time>
      </trkpt>
      <trkpt lat="49.014598" lon="12.433181">
        <ele>497.070032</ele>
        <time>2026-02-16T19:57:47.926Z</time>
      </trkpt>
      <trkpt lat="49.014598" lon="12.432691">
        <ele>496.296189</ele>
        <time>2026-02-16T19:57:51.775Z</time>
      </trkpt>
      <trkpt lat="49.014489" lon="12.431952">
        <ele>495.099958</ele>
        <time>2026-02-16T19:57:56.976Z</time>
      </trkpt>
      <trkpt lat="49.014334" lon="12.431296">
        <ele>493.998773</ele>
        <time>2026-02-16T19:58:01.384Z</time>
      </trkpt>
      <trkpt lat="49.013464" lon="12.429142">
        <ele>483.554034</ele>
        <time>2026-02-16T19:58:16.353Z</time>
      </trkpt>
      <trkpt lat="49.013195" lon="12.428306">
        <ele>479.891084</ele>
        <time>2026-02-16T19:58:21.916Z</time>
      </trkpt>
      <trkpt lat="49.013064" lon="12.427544">
        <ele>476.856225</ele>
        <time>2026-02-16T19:58:26.718Z</time>
      </trkpt>
      <trkpt lat="49.012878" lon="12.425634">
        <ele>468.652570</ele>
        <time>2026-02-16T19:58:38.458Z</time>
      </trkpt>
      <trkpt lat="49.012569" lon="12.422632">
        <ele>452.240570</ele>
        <time>2026-02-16T19:58:55.968Z</time>
      </trkpt>
      <trkpt lat="49.012448" lon="12.422085">
        <ele>448.628157</ele>
        <time>2026-02-16T19:58:59.230Z</time>
      </trkpt>
      <trkpt lat="49.012298" lon="12.421408">
        <ele>444.156465</ele>
        <time>2026-02-16T19:59:03.243Z</time>
      </trkpt>
      <trkpt lat="49.012012" lon="12.420527">
        <ele>438.484029</ele>
        <time>2026-02-16T19:59:08.754Z</time>
      </trkpt>
      <trkpt lat="49.011589" lon="12.419535">
        <ele>432.231271</ele>
        <time>2026-02-16T19:59:15.511Z</time>
      </trkpt>
      <trkpt lat="49.010957" lon="12.418425">
        <ele>425.681309</ele>
        <time>2026-02-16T19:59:24.353Z</time>
      </trkpt>
      <trkpt lat="49.010462" lon="12.417748">
        <ele>423.387123</ele>
        <time>2026-02-16T19:59:30.961Z</time>
      </trkpt>
      <trkpt lat="49.009073" lon="12.415959">
        <ele>418.228817</ele>
        <time>2026-02-16T19:59:50.603Z</time>
      </trkpt>
      <trkpt lat="49.008927" lon="12.415817">
        <ele>417.834795</ele>
        <time>2026-02-16T19:59:52.738Z</time>
      </trkpt>
      <trkpt lat="49.008468" lon="12.415372">
        <ele>416.597196</ele>
        <time>2026-02-16T19:59:58.905Z</time>
      </trkpt>
      <trkpt lat="49.007896" lon="12.415092">
        <ele>413.382198</ele>
        <time>2026-02-16T20:00:04.972Z</time>
      </trkpt>
      <trkpt lat="49.005784" lon="12.414568">
        <ele>399.080467</ele>
        <time>2026-02-16T20:00:23.975Z</time>
      </trkpt>
      <trkpt lat="49.005056" lon="12.414293">
        <ele>393.498354</ele>
        <time>2026-02-16T20:00:30.685Z</time>
      </trkpt>
      <trkpt lat="49.004512" lon="12.413936">
        <ele>388.920888</ele>
        <time>2026-02-16T20:00:35.970Z</time>
      </trkpt>
      <trkpt lat="49.004027" lon="12.413657">
        <ele>384.813962</ele>
        <time>2026-02-16T20:00:40.575Z</time>
      </trkpt>
      <trkpt lat="49.002002" lon="12.412321">
        <ele>368.032252</ele>
        <time>2026-02-16T20:00:59.956Z</time>
      </trkpt>
      <trkpt lat="49.001452" lon="12.411940">
        <ele>363.647897</ele>
        <time>2026-02-16T20:01:05.569Z</time>
      </trkpt>
      <trkpt lat="49.001225" lon="12.411728">
        <ele>361.908861</ele>
        <time>2026-02-16T20:01:08.118Z</time>
      </trkpt>
      <trkpt lat="49.001034" lon="12.411491">
        <ele>360.300046</ele>
        <time>2026-02-16T20:01:10.495Z</time>
      </trkpt>
      <trkpt lat="49.000897" lon="12.411236">
        <ele>358.887553</ele>
        <time>2026-02-16T20:01:12.543Z</time>
      </trkpt>
      <trkpt lat="49.000638" lon="12.410606">
        <ele>355.701351</ele>
        <time>2026-02-16T20:01:17.006Z</time>
      </trkpt>
      <trkpt lat="49.000571" lon="12.410282">
        <ele>354.245485</ele>
        <time>2026-02-16T20:01:18.984Z</time>
      </trkpt>
      <trkpt lat="49.000537" lon="12.409999">
        <ele>353.012502</ele>
        <time>2026-02-16T20:01:20.637Z</time>
      </trkpt>
      <trkpt lat="49.000504" lon="12.408745">
        <ele>345.978004</ele>
        <time>2026-02-16T20:01:27.713Z</time>
      </trkpt>
      <trkpt lat="49.000528" lon="12.408404">
        <ele>344.003092</ele>
        <time>2026-02-16T20:01:29.644Z</time>
      </trkpt>
      <trkpt lat="49.000556" lon="12.408273">
        <ele>343.209705</ele>
        <time>2026-02-16T20:01:30.427Z</time>
      </trkpt>
      <trkpt lat="49.000640" lon="12.407959">
        <ele>341.256995</ele>
        <time>2026-02-16T20:01:32.355Z</time>
      </trkpt>
      <trkpt lat="49.000665" lon="12.407732">
        <ele>339.931532</ele>
        <time>2026-02-16T20:01:33.681Z</time>
      </trkpt>
      <trkpt lat="49.000665" lon="12.407432">
        <ele>338.203990</ele>
        <time>2026-02-16T20:01:35.423Z</time>
      </trkpt>
      <trkpt lat="49.000413" lon="12.407357">
        <ele>336.318493</ele>
        <time>2026-02-16T20:01:37.724Z</time>
      </trkpt>
      <trkpt lat="48.999756" lon="12.407120">
        <ele>333.445427</ele>
        <time>2026-02-16T20:01:44.009Z</time>
      </trkpt>
      <trkpt lat="48.999530" lon="12.406955">
        <ele>332.379061</ele>
        <time>2026-02-16T20:01:46.428Z</time>
      </trkpt>
      <trkpt lat="48.999201" lon="12.406614">
        <ele>330.685991</ele>
        <time>2026-02-16T20:01:50.362Z</time>
      </trkpt>
      <trkpt lat="48.998987" lon="12.406508">
        <ele>329.728443</ele>
        <time>2026-02-16T20:01:52.699Z</time>
      </trkpt>
      <trkpt lat="48.998795" lon="12.406435">
        <ele>329.057380</ele>
        <time>2026-02-16T20:01:54.872Z</time>
      </trkpt>
      <trkpt lat="48.998781" lon="12.406336">
        <ele>329.162805</ele>
        <time>2026-02-16T20:01:55.628Z</time>
      </trkpt>
      <trkpt lat="48.998735" lon="12.406310">
        <ele>329.240651</ele>
        <time>2026-02-16T20:01:56.203Z</time>
      </trkpt>
      <trkpt lat="48.998747" lon="12.405987">
        <ele>329.577432</ele>
        <time>2026-02-16T20:01:59.033Z</time>
      </trkpt>
      <trkpt lat="48.998752" lon="12.405892">
        <ele>329.676645</ele>
        <time>2026-02-16T20:02:00.032Z</time>
      </trkpt>
      <trkpt lat="48.998765" lon="12.405570">
        <ele>330.012481</ele>
        <time>2026-02-16T20:02:04.124Z</time>
      </trkpt>
      <trkpt lat="48.998815" lon="12.404682">
        <ele>330.940286</ele>
        <time>2026-02-16T20:02:19.454Z</time>
      </trkpt>
      <trkpt lat="48.998841" lon="12.404271">
        <ele>331.370121</ele>
        <time>2026-02-16T20:02:27.279Z</time>
      </trkpt>
      <trkpt lat="48.998852" lon="12.403690">
        <ele>331.992649</ele>
        <time>2026-02-16T20:02:38.282Z</time>
      </trkpt>
      <trkpt lat="48.998855" lon="12.403658">
        <ele>332.031623</ele>
        <time>2026-02-16T20:02:38.881Z</time>
      </trkpt>
      <trkpt lat="48.998893" lon="12.403280">
        <ele>332.492695</ele>
        <time>2026-02-16T20:02:45.581Z</time>
      </trkpt>
      <trkpt lat="48.999102" lon="12.402218">
        <ele>333.829505</ele>
        <time>2026-02-16T20:03:01.939Z</time>
      </trkpt>
      <trkpt lat="48.999434" lon="12.401085">
        <ele>335.286586</ele>
        <time>2026-02-16T20:03:17.015Z</time>
      </trkpt>
      <trkpt lat="48.999549" lon="12.400915">
        <ele>335.507023</ele>
        <time>2026-02-16T20:03:19.925Z</time>
      </trkpt>
      <trkpt lat="48.999837" lon="12.400722">
        <ele>335.939923</ele>
        <time>2026-02-16T20:03:25.771Z</time>
      </trkpt>
      <trkpt lat="49.000112" lon="12.400631">
        <ele>336.327139</ele>
        <time>2026-02-16T20:03:31.565Z</time>
      </trkpt>
      <trkpt lat="49.000425" lon="12.400653">
        <ele>336.758287</ele>
        <time>2026-02-16T20:03:38.058Z</time>
      </trkpt>
      <trkpt lat="49.000597" lon="12.400554">
        <ele>337.011272</ele>
        <time>2026-02-16T20:03:41.999Z</time>
      </trkpt>
      <trkpt lat="49.000622" lon="12.400466">
        <ele>337.097841</ele>
        <time>2026-02-16T20:03:43.366Z</time>
      </trkpt>
      <trkpt lat="49.000665" lon="12.400301">
        <ele>337.258113</ele>
        <time>2026-02-16T20:03:45.948Z</time>
      </trkpt>
      <trkpt lat="49.000718" lon="12.400095">
        <ele>337.457864</ele>
        <time>2026-02-16T20:03:49.262Z</time>
      </trkpt>
      <trkpt lat="49.000799" lon="12.399784">
        <ele>337.574738</ele>
        <time>2026-02-16T20:03:54.542Z</time>
      </trkpt>
      <trkpt lat="49.000771" lon="12.399698">
        <ele>337.521459</ele>
        <time>2026-02-16T20:03:56.126Z</time>
      </trkpt>
      <trkpt lat="49.000681" lon="12.399577">
        <ele>337.419948</ele>
        <time>2026-02-16T20:03:58.968Z</time>
      </trkpt>
      <trkpt lat="49.000623" lon="12.399503">
        <ele>337.355969</ele>
        <time>2026-02-16T20:04:00.495Z</time>
      </trkpt>
      <trkpt lat="49.000547" lon="12.399418">
        <ele>337.276233</ele>
        <time>2026-02-16T20:04:02.320Z</time>
      </trkpt>
      <trkpt lat="49.000409" lon="12.399265">
        <ele>337.131889</ele>
        <time>2026-02-16T20:04:05.016Z</time>
      </trkpt>
      <trkpt lat="49.000377" lon="12.399240">
        <ele>337.101473</ele>
        <time>2026-02-16T20:04:05.512Z</time>
      </trkpt>
      <trkpt lat="49.000096" lon="12.399012">
        <ele>336.832202</ele>
        <time>2026-02-16T20:04:09.341Z</time>
      </trkpt>
      <trkpt lat="48.999879" lon="12.398775">
        <ele>336.606391</ele>
        <time>2026-02-16T20:04:12.260Z</time>
      </trkpt>
      <trkpt lat="48.999727" lon="12.398586">
        <ele>336.440463</ele>
        <time>2026-02-16T20:04:14.330Z</time>
      </trkpt>
      <trkpt lat="48.999546" lon="12.398307">
        <ele>336.222716</ele>
        <time>2026-02-16T20:04:17.109Z</time>
      </trkpt>
      <trkpt lat="48.999461" lon="12.398093">
        <ele>335.971646</ele>
        <time>2026-02-16T20:04:18.846Z</time>
      </trkpt>
      <trkpt lat="48.999415" lon="12.397851">
        <ele>335.438676</ele>
        <time>2026-02-16T20:04:20.537Z</time>
      </trkpt>
      <trkpt lat="48.999436" lon="12.397450">
        <ele>334.587719</ele>
        <time>2026-02-16T20:04:23.174Z</time>
      </trkpt>
      <trkpt lat="48.999511" lon="12.397162">
        <ele>333.932257</ele>
        <time>2026-02-16T20:04:25.153Z</time>
      </trkpt>
      <trkpt lat="48.999693" lon="12.396549">
        <ele>332.508944</ele>
        <time>2026-02-16T20:04:29.541Z</time>
      </trkpt>
      <trkpt lat="48.999722" lon="12.396451">
        <ele>332.281528</ele>
        <time>2026-02-16T20:04:30.256Z</time>
      </trkpt>
      <trkpt lat="48.999765" lon="12.396310">
        <ele>331.952615</ele>
        <time>2026-02-16T20:04:31.277Z</time>
      </trkpt>
      <trkpt lat="48.999771" lon="12.396290">
        <ele>331.906094</ele>
        <time>2026-02-16T20:04:31.427Z</time>
      </trkpt>
      <trkpt lat="48.999892" lon="12.395845">
        <ele>330.887121</ele>
        <time>2026-02-16T20:04:34.692Z</time>
      </trkpt>
      <trkpt lat="48.999950" lon="12.395654">
        <ele>330.441910</ele>
        <time>2026-02-16T20:04:36.105Z</time>
      </trkpt>
      <trkpt lat="48.999990" lon="12.395534">
        <ele>330.202527</ele>
        <time>2026-02-16T20:04:37.012Z</time>
      </trkpt>
      <trkpt lat="48.999814" lon="12.395322">
        <ele>329.675331</ele>
        <time>2026-02-16T20:04:39.284Z</time>
      </trkpt>
      <trkpt lat="48.999704" lon="12.394906">
        <ele>328.983781</ele>
        <time>2026-02-16T20:04:42.240Z</time>
      </trkpt>
      <trkpt lat="48.999520" lon="12.394041">
        <ele>327.581718</ele>
        <time>2026-02-16T20:04:48.378Z</time>
      </trkpt>
      <trkpt lat="48.999410" lon="12.393718">
        <ele>327.020596</ele>
        <time>2026-02-16T20:04:50.917Z</time>
      </trkpt>
      <trkpt lat="48.999283" lon="12.393440">
        <ele>326.498277</ele>
        <time>2026-02-16T20:04:53.432Z</time>
      </trkpt>
      <trkpt lat="48.998876" lon="12.392853">
        <ele>326.073281</ele>
        <time>2026-02-16T20:05:01.514Z</time>
      </trkpt>
      <trkpt lat="48.998216" lon="12.392168">
        <ele>326.024034</ele>
        <time>2026-02-16T20:05:14.700Z</time>
      </trkpt>
      <trkpt lat="48.997758" lon="12.391696">
        <ele>325.989936</ele>
        <time>2026-02-16T20:05:22.893Z</time>
      </trkpt>
      <trkpt lat="48.997618" lon="12.391531">
        <ele>325.928048</ele>
        <time>2026-02-16T20:05:25.445Z</time>
      </trkpt>
      <trkpt lat="48.997461" lon="12.391325">
        <ele>325.826823</ele>
        <time>2026-02-16T20:05:28.293Z</time>
      </trkpt>
      <trkpt lat="48.997242" lon="12.390904">
        <ele>325.654582</ele>
        <time>2026-02-16T20:05:32.901Z</time>
      </trkpt>
      <trkpt lat="48.997110" lon="12.390527">
        <ele>325.517587</ele>
        <time>2026-02-16T20:05:36.480Z</time>
      </trkpt>
      <trkpt lat="48.997027" lon="12.390080">
        <ele>325.368656</ele>
        <time>2026-02-16T20:05:40.334Z</time>
      </trkpt>
      <trkpt lat="48.997019" lon="12.389989">
        <ele>325.339222</ele>
        <time>2026-02-16T20:05:41.105Z</time>
      </trkpt>
      <trkpt lat="48.996995" lon="12.389633">
        <ele>325.224492</ele>
        <time>2026-02-16T20:05:44.183Z</time>
      </trkpt>
      <trkpt lat="48.996961" lon="12.387904">
        <ele>324.897719</ele>
        <time>2026-02-16T20:05:59.505Z</time>
      </trkpt>
      <trkpt lat="48.996949" lon="12.387679">
        <ele>324.863020</ele>
        <time>2026-02-16T20:06:01.614Z</time>
      </trkpt>
      <trkpt lat="48.996901" lon="12.387305">
        <ele>324.804443</ele>
        <time>2026-02-16T20:06:05.176Z</time>
      </trkpt>
      <trkpt lat="48.996770" lon="12.386715">
        <ele>324.708701</ele>
        <time>2026-02-16T20:06:11.015Z</time>
      </trkpt>
      <trkpt lat="48.996642" lon="12.386352">
        <ele>324.643631</ele>
        <time>2026-02-16T20:06:15.185Z</time>
      </trkpt>
      <trkpt lat="48.996490" lon="12.386006">
        <ele>324.576917</ele>
        <time>2026-02-16T20:06:19.705Z</time>
      </trkpt>
      <trkpt lat="48.996445" lon="12.385900">
        <ele>324.556689</ele>
        <time>2026-02-16T20:06:21.026Z</time>
      </trkpt>
      <trkpt lat="48.996370" lon="12.385707">
        <ele>324.520750</ele>
        <time>2026-02-16T20:06:23.295Z</time>
      </trkpt>
      <trkpt lat="48.996159" lon="12.385006">
        <ele>324.397183</ele>
        <time>2026-02-16T20:06:30.471Z</time>
      </trkpt>
      <trkpt lat="48.996026" lon="12.384651">
        <ele>324.331686</ele>
        <time>2026-02-16T20:06:33.960Z</time>
      </trkpt>
      <trkpt lat="48.995966" lon="12.384533">
        <ele>324.307767</ele>
        <time>2026-02-16T20:06:35.215Z</time>
      </trkpt>
      <trkpt lat="48.995713" lon="12.384104">
        <ele>324.149462</ele>
        <time>2026-02-16T20:06:40.107Z</time>
      </trkpt>
      <trkpt lat="48.995412" lon="12.383705">
        <ele>323.848740</ele>
        <time>2026-02-16T20:06:45.142Z</time>
      </trkpt>
      <trkpt lat="48.995185" lon="12.383376">
        <ele>323.612597</ele>
        <time>2026-02-16T20:06:48.855Z</time>
      </trkpt>
      <trkpt lat="48.995069" lon="12.383197">
        <ele>323.488157</ele>
        <time>2026-02-16T20:06:50.769Z</time>
      </trkpt>
      <trkpt lat="48.995203" lon="12.382972">
        <ele>323.337860</ele>
        <time>2026-02-16T20:06:53.140Z</time>
      </trkpt>
      <trkpt lat="48.995222" lon="12.382886">
        <ele>323.292976</ele>
        <time>2026-02-16T20:06:53.840Z</time>
      </trkpt>
      <trkpt lat="48.995253" lon="12.381941">
        <ele>322.904761</ele>
        <time>2026-02-16T20:07:02.174Z</time>
      </trkpt>
      <trkpt lat="48.995339" lon="12.381267">
        <ele>322.975436</ele>
        <time>2026-02-16T20:07:09.053Z</time>
      </trkpt>
      <trkpt lat="48.995502" lon="12.380477">
        <ele>323.060676</ele>
        <time>2026-02-16T20:07:17.301Z</time>
      </trkpt>
      <trkpt lat="48.995644" lon="12.380078">
        <ele>323.107398</ele>
        <time>2026-02-16T20:07:22.112Z</time>
      </trkpt>
      <trkpt lat="48.995733" lon="12.379737">
        <ele>323.145172</ele>
        <time>2026-02-16T20:07:26.184Z</time>
      </trkpt>
      <trkpt lat="48.995733" lon="12.379737">
        <ele>323.145172</ele>
        <time>2026-02-16T20:07:26.186Z</time>
      </trkpt>
      <trkpt lat="48.995771" lon="12.379227">
        <ele>323.244141</ele>
        <time>2026-02-16T20:07:32.145Z</time>
      </trkpt>
      <trkpt lat="48.995743" lon="12.378826">
        <ele>323.362810</ele>
        <time>2026-02-16T20:07:36.778Z</time>
      </trkpt>
      <trkpt lat="48.995357" lon="12.378047">
        <ele>323.650077</ele>
        <time>2026-02-16T20:07:47.758Z</time>
      </trkpt>
      <trkpt lat="48.995211" lon="12.377788">
        <ele>323.750561</ele>
        <time>2026-02-16T20:07:51.570Z</time>
      </trkpt>
      <trkpt lat="48.994995" lon="12.377686">
        <ele>323.851982</ele>
        <time>2026-02-16T20:07:55.287Z</time>
      </trkpt>
      <trkpt lat="48.994969" lon="12.377672">
        <ele>323.864349</ele>
        <time>2026-02-16T20:07:55.749Z</time>
      </trkpt>
      <trkpt lat="48.995060" lon="12.376889">
        <ele>323.977650</ele>
        <time>2026-02-16T20:08:03.882Z</time>
      </trkpt>
      <trkpt lat="48.995107" lon="12.376129">
        <ele>323.973406</ele>
        <time>2026-02-16T20:08:10.859Z</time>
      </trkpt>
      <trkpt lat="48.995103" lon="12.374986">
        <ele>323.967051</ele>
        <time>2026-02-16T20:08:21.401Z</time>
      </trkpt>
      <trkpt lat="48.994899" lon="12.372663">
        <ele>324.111500</ele>
        <time>2026-02-16T20:08:45.215Z</time>
      </trkpt>
      <trkpt lat="48.994598" lon="12.369375">
        <ele>324.420956</ele>
        <time>2026-02-16T20:09:18.626Z</time>
      </trkpt>
      <trkpt lat="48.994325" lon="12.365786">
        <ele>324.773457</ele>
        <time>2026-02-16T20:09:55.736Z</time>
      </trkpt>
      <trkpt lat="48.994306" lon="12.365201">
        <ele>324.749418</ele>
        <time>2026-02-16T20:10:01.327Z</time>
      </trkpt>
      <trkpt lat="48.994269" lon="12.364238">
        <ele>324.709827</ele>
        <time>2026-02-16T20:10:10.054Z</time>
      </trkpt>
      <trkpt lat="48.994274" lon="12.362857">
        <ele>324.771892</ele>
        <time>2026-02-16T20:10:23.188Z</time>
      </trkpt>
      <trkpt lat="48.994296" lon="12.361395">
        <ele>324.926133</ele>
        <time>2026-02-16T20:10:38.242Z</time>
      </trkpt>
      <trkpt lat="48.994336" lon="12.361078">
        <ele>324.960180</ele>
        <time>2026-02-16T20:10:41.811Z</time>
      </trkpt>
      <trkpt lat="48.994407" lon="12.360857">
        <ele>324.995231</ele>
        <time>2026-02-16T20:10:44.569Z</time>
      </trkpt>
      <trkpt lat="48.994357" lon="12.360749">
        <ele>325.021143</ele>
        <time>2026-02-16T20:10:47.962Z</time>
      </trkpt>
      <trkpt lat="48.994344" lon="12.360486">
        <ele>325.072847</ele>
        <time>2026-02-16T20:10:50.886Z</time>
      </trkpt>
      <trkpt lat="48.994430" lon="12.360337">
        <ele>325.111750</ele>
        <time>2026-02-16T20:10:53.090Z</time>
      </trkpt>
      <trkpt lat="48.994451" lon="12.360196">
        <ele>325.140094</ele>
        <time>2026-02-16T20:10:54.681Z</time>
      </trkpt>
      <trkpt lat="48.994495" lon="12.360039">
        <ele>325.173562</ele>
        <time>2026-02-16T20:10:56.510Z</time>
      </trkpt>
      <trkpt lat="48.994397" lon="12.359900">
        <ele>325.213560</ele>
        <time>2026-02-16T20:10:58.673Z</time>
      </trkpt>
      <trkpt lat="48.994345" lon="12.359746">
        <ele>325.247513</ele>
        <time>2026-02-16T20:11:00.483Z</time>
      </trkpt>
      <trkpt lat="48.994302" lon="12.359352">
        <ele>325.325813</ele>
        <time>2026-02-16T20:11:04.586Z</time>
      </trkpt>
      <trkpt lat="48.994298" lon="12.358892">
        <ele>325.415999</ele>
        <time>2026-02-16T20:11:09.208Z</time>
      </trkpt>
      <trkpt lat="48.994251" lon="12.358861">
        <ele>325.431300</ele>
        <time>2026-02-16T20:11:09.998Z</time>
      </trkpt>
      <trkpt lat="48.994318" lon="12.357833">
        <ele>325.550569</ele>
        <time>2026-02-16T20:11:20.505Z</time>
      </trkpt>
      <trkpt lat="48.994329" lon="12.357242">
        <ele>325.586655</ele>
        <time>2026-02-16T20:11:26.359Z</time>
      </trkpt>
      <trkpt lat="48.994255" lon="12.356386">
        <ele>325.639353</ele>
        <time>2026-02-16T20:11:34.703Z</time>
      </trkpt>
      <trkpt lat="48.993960" lon="12.354559">
        <ele>325.797626</ele>
        <time>2026-02-16T20:11:53.862Z</time>
      </trkpt>
      <trkpt lat="48.993909" lon="12.354327">
        <ele>325.821332</ele>
        <time>2026-02-16T20:11:57.213Z</time>
      </trkpt>
      <trkpt lat="48.993881" lon="12.354198">
        <ele>325.834497</ele>
        <time>2026-02-16T20:11:59.043Z</time>
      </trkpt>
      <trkpt lat="48.993623" lon="12.353246">
        <ele>325.934292</ele>
        <time>2026-02-16T20:12:13.237Z</time>
      </trkpt>
      <trkpt lat="48.993487" lon="12.352598">
        <ele>325.896307</ele>
        <time>2026-02-16T20:12:22.443Z</time>
      </trkpt>
      <trkpt lat="48.993462" lon="12.351915">
        <ele>325.835927</ele>
        <time>2026-02-16T20:12:31.407Z</time>
      </trkpt>
      <trkpt lat="48.993462" lon="12.351890">
        <ele>325.833720</ele>
        <time>2026-02-16T20:12:31.732Z</time>
      </trkpt>
      <trkpt lat="48.993511" lon="12.351039">
        <ele>325.758316</ele>
        <time>2026-02-16T20:12:42.496Z</time>
      </trkpt>
      <trkpt lat="48.993462" lon="12.350018">
        <ele>325.703879</ele>
        <time>2026-02-16T20:12:55.336Z</time>
      </trkpt>
      <trkpt lat="48.993325" lon="12.348705">
        <ele>325.703879</ele>
        <time>2026-02-16T20:13:07.859Z</time>
      </trkpt>
      <trkpt lat="48.993370" lon="12.348693">
        <ele>325.703879</ele>
        <time>2026-02-16T20:13:08.517Z</time>
      </trkpt>
      <trkpt lat="48.993809" lon="12.348562">
        <ele>325.703879</ele>
        <time>2026-02-16T20:13:14.954Z</time>
      </trkpt>
    </trkseg>
  </trk>
</gpx>