<?xml version='1.0' encoding='UTF-8'?>
<gpx version="1.1" creator="https://www.komoot.de" xmlns="http://www.topografix.com/GPX/1/1" xmlns:xsi="http://www.w3.org/2001/XMLSchema-instance" xsi:schemaLocation="http://www.topografix.com/GPX/1/1 http://www.topografix.com/GPX/1/1/gpx.xsd">
  <metadata>
    <name>LR07 Matthias Spezial</name>
    <author>
      <link href="https://www.komoot.de">
        <text>komoot</text>
        <type>text/html</type>
      </link>
    </author>
  </metadata>
  <trk>
    <name>LR07 Matthias Spezial</name>
    <trkseg>
      <trkpt lat="49.017460" lon="12.302380">
        <ele>325.830963</ele>
        <time>2026-02-16T16:23:34.390Z</time>
      </trkpt>
      <trkpt lat="49.017319" lon="12.302352">
        <ele>325.830963</ele>
        <time>2026-02-16T16:23:37.565Z</time>
      </trkpt>
      <trkpt lat="49.017185" lon="12.302323">
        <ele>325.830963</ele>
        <time>2026-02-16T16:23:40.593Z</time>
      </trkpt>
      <trkpt lat="49.016784" lon="12.302229">
        <ele>325.830963</ele>
        <time>2026-02-16T16:23:49.540Z</time>
      </trkpt>
      <trkpt lat="49.016602" lon="12.302230">
        <ele>325.830963</ele>
        <time>2026-02-16T16:23:53.503Z</time>
      </trkpt>
      <trkpt lat="49.016626" lon="12.300549">
        <ele>325.756870</ele>
        <time>2026-02-16T16:24:09.590Z</time>
      </trkpt>
      <trkpt lat="49.016622" lon="12.300018">
        <ele>325.732723</ele>
        <time>2026-02-16T16:24:14.315Z</time>
      </trkpt>
      <trkpt lat="49.016582" lon="12.299335">
        <ele>325.710571</ele>
        <time>2026-02-16T16:24:20.635Z</time>
      </trkpt>
      <trkpt lat="49.016514" lon="12.296056">
        <ele>325.777591</ele>
        <time>2026-02-16T16:24:53.644Z</time>
      </trkpt>
      <trkpt lat="49.016387" lon="12.292056">
        <ele>325.564572</ele>
        <time>2026-02-16T16:25:30.891Z</time>
      </trkpt>
      <trkpt lat="49.016345" lon="12.291334">
        <ele>325.536724</ele>
        <time>2026-02-16T16:25:38.083Z</time>
      </trkpt>
      <trkpt lat="49.016247" lon="12.289970">
        <ele>325.691301</ele>
        <time>2026-02-16T16:25:52.277Z</time>
      </trkpt>
      <trkpt lat="49.015994" lon="12.287563">
        <ele>325.888714</ele>
        <time>2026-02-16T16:26:17.077Z</time>
      </trkpt>
      <trkpt lat="49.015882" lon="12.286842">
        <ele>325.896484</ele>
        <time>2026-02-16T16:26:24.437Z</time>
      </trkpt>
      <trkpt lat="49.015766" lon="12.286318">
        <ele>325.902282</ele>
        <time>2026-02-16T16:26:29.693Z</time>
      </trkpt>
      <trkpt lat="49.015655" lon="12.285660">
        <ele>325.893876</ele>
        <time>2026-02-16T16:26:35.993Z</time>
      </trkpt>
      <trkpt lat="49.015623" lon="12.285308">
        <ele>325.867722</ele>
        <time>2026-02-16T16:26:39.281Z</time>
      </trkpt>
      <trkpt lat="49.015474" lon="12.284555">
        <ele>325.809835</ele>
        <time>2026-02-16T16:26:46.701Z</time>
      </trkpt>
      <trkpt lat="49.015442" lon="12.284165">
        <ele>325.780908</ele>
        <time>2026-02-16T16:26:50.386Z</time>
      </trkpt>
      <trkpt lat="49.014885" lon="12.281553">
        <ele>325.746901</ele>
        <time>2026-02-16T16:27:17.043Z</time>
      </trkpt>
      <trkpt lat="49.014686" lon="12.280738">
        <ele>325.767721</ele>
        <time>2026-02-16T16:27:25.613Z</time>
      </trkpt>
      <trkpt lat="49.013846" lon="12.277591">
        <ele>325.909850</ele>
        <time>2026-02-16T16:27:58.899Z</time>
      </trkpt>
      <trkpt lat="49.013090" lon="12.274941">
        <ele>326.346165</ele>
        <time>2026-02-16T16:28:29.121Z</time>
      </trkpt>
      <trkpt lat="49.012822" lon="12.273900">
        <ele>326.476538</ele>
        <time>2026-02-16T16:28:41.459Z</time>
      </trkpt>
      <trkpt lat="49.012578" lon="12.272658">
        <ele>326.534433</ele>
        <time>2026-02-16T16:28:53.704Z</time>
      </trkpt>
      <trkpt lat="49.012436" lon="12.272121">
        <ele>326.436467</ele>
        <time>2026-02-16T16:28:58.950Z</time>
      </trkpt>
      <trkpt lat="49.012331" lon="12.271871">
        <ele>326.386238</ele>
        <time>2026-02-16T16:29:01.596Z</time>
      </trkpt>
      <trkpt lat="49.012251" lon="12.271577">
        <ele>326.332383</ele>
        <time>2026-02-16T16:29:04.386Z</time>
      </trkpt>
      <trkpt lat="49.011940" lon="12.270146">
        <ele>326.152439</ele>
        <time>2026-02-16T16:29:17.904Z</time>
      </trkpt>
      <trkpt lat="49.011805" lon="12.269309">
        <ele>326.233232</ele>
        <time>2026-02-16T16:29:26.689Z</time>
      </trkpt>
      <trkpt lat="49.011773" lon="12.268781">
        <ele>326.282935</ele>
        <time>2026-02-16T16:29:32.195Z</time>
      </trkpt>
      <trkpt lat="49.011783" lon="12.268253">
        <ele>326.332448</ele>
        <time>2026-02-16T16:29:37.745Z</time>
      </trkpt>
      <trkpt lat="49.011847" lon="12.267655">
        <ele>326.391155</ele>
        <time>2026-02-16T16:29:44.090Z</time>
      </trkpt>
      <trkpt lat="49.011972" lon="12.266981">
        <ele>326.475996</ele>
        <time>2026-02-16T16:29:51.382Z</time>
      </trkpt>
      <trkpt lat="49.012100" lon="12.266536">
        <ele>326.534853</ele>
        <time>2026-02-16T16:29:56.474Z</time>
      </trkpt>
      <trkpt lat="49.012249" lon="12.266128">
        <ele>326.591417</ele>
        <time>2026-02-16T16:30:01.354Z</time>
      </trkpt>
      <trkpt lat="49.012405" lon="12.265800">
        <ele>326.640492</ele>
        <time>2026-02-16T16:30:05.521Z</time>
      </trkpt>
      <trkpt lat="49.012576" lon="12.265508">
        <ele>326.687907</ele>
        <time>2026-02-16T16:30:09.423Z</time>
      </trkpt>
      <trkpt lat="49.012947" lon="12.264988">
        <ele>326.668986</ele>
        <time>2026-02-16T16:30:16.662Z</time>
      </trkpt>
      <trkpt lat="49.013371" lon="12.264561">
        <ele>326.603866</ele>
        <time>2026-02-16T16:30:23.878Z</time>
      </trkpt>
      <trkpt lat="49.013871" lon="12.264217">
        <ele>326.533568</ele>
        <time>2026-02-16T16:30:31.707Z</time>
      </trkpt>
      <trkpt lat="49.014550" lon="12.263875">
        <ele>326.431324</ele>
        <time>2026-02-16T16:30:41.780Z</time>
      </trkpt>
      <trkpt lat="49.016582" lon="12.262954">
        <ele>326.220656</ele>
        <time>2026-02-16T16:31:12.208Z</time>
      </trkpt>
      <trkpt lat="49.017609" lon="12.262374">
        <ele>326.261598</ele>
        <time>2026-02-16T16:31:28.816Z</time>
      </trkpt>
      <trkpt lat="49.018162" lon="12.261975">
        <ele>326.440171</ele>
        <time>2026-02-16T16:31:38.363Z</time>
      </trkpt>
      <trkpt lat="49.018717" lon="12.261517">
        <ele>326.639009</ele>
        <time>2026-02-16T16:31:48.575Z</time>
      </trkpt>
      <trkpt lat="49.019576" lon="12.260630">
        <ele>326.904874</ele>
        <time>2026-02-16T16:32:05.726Z</time>
      </trkpt>
      <trkpt lat="49.020076" lon="12.259943">
        <ele>327.021563</ele>
        <time>2026-02-16T16:32:16.448Z</time>
      </trkpt>
      <trkpt lat="49.020444" lon="12.259354">
        <ele>327.114060</ele>
        <time>2026-02-16T16:32:24.306Z</time>
      </trkpt>
      <trkpt lat="49.020868" lon="12.258610">
        <ele>327.135208</ele>
        <time>2026-02-16T16:32:33.496Z</time>
      </trkpt>
      <trkpt lat="49.021071" lon="12.258202">
        <ele>327.130453</ele>
        <time>2026-02-16T16:32:38.317Z</time>
      </trkpt>
      <trkpt lat="49.021458" lon="12.257285">
        <ele>327.120330</ele>
        <time>2026-02-16T16:32:48.966Z</time>
      </trkpt>
      <trkpt lat="49.021792" lon="12.256354">
        <ele>327.290815</ele>
        <time>2026-02-16T16:32:59.639Z</time>
      </trkpt>
      <trkpt lat="49.022522" lon="12.254045">
        <ele>328.015114</ele>
        <time>2026-02-16T16:33:27.914Z</time>
      </trkpt>
      <trkpt lat="49.022694" lon="12.253643">
        <ele>328.189758</ele>
        <time>2026-02-16T16:33:33.505Z</time>
      </trkpt>
      <trkpt lat="49.022772" lon="12.253525">
        <ele>328.250719</ele>
        <time>2026-02-16T16:33:35.387Z</time>
      </trkpt>
      <trkpt lat="49.022876" lon="12.253437">
        <ele>328.316710</ele>
        <time>2026-02-16T16:33:37.392Z</time>
      </trkpt>
      <trkpt lat="49.023101" lon="12.253375">
        <ele>328.443570</ele>
        <time>2026-02-16T16:33:41.326Z</time>
      </trkpt>
      <trkpt lat="49.023273" lon="12.252116">
        <ele>328.856346</ele>
        <time>2026-02-16T16:33:56.009Z</time>
      </trkpt>
      <trkpt lat="49.023759" lon="12.249139">
        <ele>328.896701</ele>
        <time>2026-02-16T16:34:26.419Z</time>
      </trkpt>
      <trkpt lat="49.024057" lon="12.247359">
        <ele>328.235131</ele>
        <time>2026-02-16T16:34:41.634Z</time>
      </trkpt>
      <trkpt lat="49.024276" lon="12.246426">
        <ele>327.970376</ele>
        <time>2026-02-16T16:34:49.934Z</time>
      </trkpt>
      <trkpt lat="49.024505" lon="12.245165">
        <ele>327.696156</ele>
        <time>2026-02-16T16:35:01.961Z</time>
      </trkpt>
      <trkpt lat="49.024806" lon="12.243933">
        <ele>327.596523</ele>
        <time>2026-02-16T16:35:14.201Z</time>
      </trkpt>
      <trkpt lat="49.025131" lon="12.243032">
        <ele>327.748565</ele>
        <time>2026-02-16T16:35:24.828Z</time>
      </trkpt>
      <trkpt lat="49.025648" lon="12.241798">
        <ele>327.980293</ele>
        <time>2026-02-16T16:35:40.892Z</time>
      </trkpt>
      <trkpt lat="49.026295" lon="12.240076">
        <ele>328.398580</ele>
        <time>2026-02-16T16:36:02.270Z</time>
      </trkpt>
      <trkpt lat="49.026748" lon="12.238715">
        <ele>328.478591</ele>
        <time>2026-02-16T16:36:17.264Z</time>
      </trkpt>
      <trkpt lat="49.026766" lon="12.238665">
        <ele>328.476961</ele>
        <time>2026-02-16T16:36:17.818Z</time>
      </trkpt>
      <trkpt lat="49.026859" lon="12.238424">
        <ele>328.468973</ele>
        <time>2026-02-16T16:36:20.508Z</time>
      </trkpt>
      <trkpt lat="49.026911" lon="12.238278">
        <ele>328.464227</ele>
        <time>2026-02-16T16:36:22.093Z</time>
      </trkpt>
      <trkpt lat="49.027484" lon="12.236822">
        <ele>328.652424</ele>
        <time>2026-02-16T16:36:37.714Z</time>
      </trkpt>
      <trkpt lat="49.027470" lon="12.236553">
        <ele>328.781292</ele>
        <time>2026-02-16T16:36:40.336Z</time>
      </trkpt>
      <trkpt lat="49.027191" lon="12.235991">
        <ele>329.117930</ele>
        <time>2026-02-16T16:36:47.847Z</time>
      </trkpt>
      <trkpt lat="49.027153" lon="12.235869">
        <ele>329.182433</ele>
        <time>2026-02-16T16:36:49.386Z</time>
      </trkpt>
      <trkpt lat="49.027143" lon="12.235416">
        <ele>329.398892</ele>
        <time>2026-02-16T16:36:54.920Z</time>
      </trkpt>
      <trkpt lat="49.027375" lon="12.235531">
        <ele>329.576566</ele>
        <time>2026-02-16T16:36:59.824Z</time>
      </trkpt>
      <trkpt lat="49.027516" lon="12.234941">
        <ele>330.319866</ele>
        <time>2026-02-16T16:37:08.942Z</time>
      </trkpt>
      <trkpt lat="49.027653" lon="12.234500">
        <ele>331.305103</ele>
        <time>2026-02-16T16:37:16.917Z</time>
      </trkpt>
      <trkpt lat="49.027738" lon="12.234297">
        <ele>331.791390</ele>
        <time>2026-02-16T16:37:21.058Z</time>
      </trkpt>
      <trkpt lat="49.027825" lon="12.234183">
        <ele>332.144569</ele>
        <time>2026-02-16T16:37:24.072Z</time>
      </trkpt>
      <trkpt lat="49.027990" lon="12.234059">
        <ele>332.710955</ele>
        <time>2026-02-16T16:37:28.938Z</time>
      </trkpt>
      <trkpt lat="49.028094" lon="12.234040">
        <ele>333.033472</ele>
        <time>2026-02-16T16:37:31.682Z</time>
      </trkpt>
      <trkpt lat="49.028274" lon="12.234065">
        <ele>333.590006</ele>
        <time>2026-02-16T16:37:36.750Z</time>
      </trkpt>
      <trkpt lat="49.028663" lon="12.234185">
        <ele>334.812037</ele>
        <time>2026-02-16T16:37:48.773Z</time>
      </trkpt>
      <trkpt lat="49.029144" lon="12.234350">
        <ele>336.789627</ele>
        <time>2026-02-16T16:38:04.917Z</time>
      </trkpt>
      <trkpt lat="49.029570" lon="12.234527">
        <ele>338.742552</ele>
        <time>2026-02-16T16:38:20.260Z</time>
      </trkpt>
      <trkpt lat="49.029570" lon="12.234527">
        <ele>338.742552</ele>
        <time>2026-02-16T16:38:20.273Z</time>
      </trkpt>
      <trkpt lat="49.030142" lon="12.234932">
        <ele>341.531925</ele>
        <time>2026-02-16T16:38:42.091Z</time>
      </trkpt>
      <trkpt lat="49.030661" lon="12.235516">
        <ele>343.718248</ele>
        <time>2026-02-16T16:39:01.678Z</time>
      </trkpt>
      <trkpt lat="49.030971" lon="12.235957">
        <ele>344.508323</ele>
        <time>2026-02-16T16:39:12.283Z</time>
      </trkpt>
      <trkpt lat="49.031259" lon="12.236427">
        <ele>345.294431</ele>
        <time>2026-02-16T16:39:21.310Z</time>
      </trkpt>
      <trkpt lat="49.031737" lon="12.237350">
        <ele>346.618560</ele>
        <time>2026-02-16T16:39:34.542Z</time>
      </trkpt>
      <trkpt lat="49.032038" lon="12.238062">
        <ele>346.854377</ele>
        <time>2026-02-16T16:39:43.656Z</time>
      </trkpt>
      <trkpt lat="49.032359" lon="12.238903">
        <ele>347.125252</ele>
        <time>2026-02-16T16:39:54.319Z</time>
      </trkpt>
      <trkpt lat="49.032680" lon="12.239980">
        <ele>347.193535</ele>
        <time>2026-02-16T16:40:07.263Z</time>
      </trkpt>
      <trkpt lat="49.032973" lon="12.241310">
        <ele>346.620112</ele>
        <time>2026-02-16T16:40:19.520Z</time>
      </trkpt>
      <trkpt lat="49.033135" lon="12.242361">
        <ele>346.110491</ele>
        <time>2026-02-16T16:40:27.839Z</time>
      </trkpt>
      <trkpt lat="49.033289" lon="12.243597">
        <ele>344.874946</ele>
        <time>2026-02-16T16:40:37.235Z</time>
      </trkpt>
      <trkpt lat="49.033435" lon="12.244836">
        <ele>343.638685</ele>
        <time>2026-02-16T16:40:46.867Z</time>
      </trkpt>
      <trkpt lat="49.033618" lon="12.245980">
        <ele>342.273216</ele>
        <time>2026-02-16T16:40:55.484Z</time>
      </trkpt>
      <trkpt lat="49.033774" lon="12.246750">
        <ele>341.324359</ele>
        <time>2026-02-16T16:41:01.335Z</time>
      </trkpt>
      <trkpt lat="49.033989" lon="12.247531">
        <ele>340.327082</ele>
        <time>2026-02-16T16:41:07.529Z</time>
      </trkpt>
      <trkpt lat="49.034240" lon="12.248261">
        <ele>339.343145</ele>
        <time>2026-02-16T16:41:13.559Z</time>
      </trkpt>
      <trkpt lat="49.034733" lon="12.249225">
        <ele>337.883280</ele>
        <time>2026-02-16T16:41:22.387Z</time>
      </trkpt>
      <trkpt lat="49.035097" lon="12.249762">
        <ele>336.999423</ele>
        <time>2026-02-16T16:41:27.994Z</time>
      </trkpt>
      <trkpt lat="49.035382" lon="12.250109">
        <ele>336.718898</ele>
        <time>2026-02-16T16:41:32.174Z</time>
      </trkpt>
      <trkpt lat="49.035919" lon="12.250625">
        <ele>336.230660</ele>
        <time>2026-02-16T16:41:39.995Z</time>
      </trkpt>
      <trkpt lat="49.036375" lon="12.250952">
        <ele>335.843037</ele>
        <time>2026-02-16T16:41:46.858Z</time>
      </trkpt>
      <trkpt lat="49.036757" lon="12.251157">
        <ele>335.917416</ele>
        <time>2026-02-16T16:41:52.915Z</time>
      </trkpt>
      <trkpt lat="49.037421" lon="12.251402">
        <ele>337.196714</ele>
        <time>2026-02-16T16:42:04.568Z</time>
      </trkpt>
      <trkpt lat="49.038341" lon="12.251670">
        <ele>338.950684</ele>
        <time>2026-02-16T16:42:30.128Z</time>
      </trkpt>
      <trkpt lat="49.038871" lon="12.251820">
        <ele>340.015556</ele>
        <time>2026-02-16T16:42:46.114Z</time>
      </trkpt>
      <trkpt lat="49.039015" lon="12.251869">
        <ele>340.307999</ele>
        <time>2026-02-16T16:42:50.165Z</time>
      </trkpt>
      <trkpt lat="49.039306" lon="12.251968">
        <ele>340.898973</ele>
        <time>2026-02-16T16:42:57.820Z</time>
      </trkpt>
      <trkpt lat="49.039499" lon="12.252081">
        <ele>341.308736</ele>
        <time>2026-02-16T16:43:02.639Z</time>
      </trkpt>
      <trkpt lat="49.039752" lon="12.252269">
        <ele>341.866550</ele>
        <time>2026-02-16T16:43:08.070Z</time>
      </trkpt>
      <trkpt lat="49.040169" lon="12.252682">
        <ele>342.768395</ele>
        <time>2026-02-16T16:43:14.806Z</time>
      </trkpt>
      <trkpt lat="49.040366" lon="12.252983">
        <ele>343.152833</ele>
        <time>2026-02-16T16:43:18.594Z</time>
      </trkpt>
      <trkpt lat="49.040617" lon="12.253581">
        <ele>343.794628</ele>
        <time>2026-02-16T16:43:26.204Z</time>
      </trkpt>
      <trkpt lat="49.040687" lon="12.253686">
        <ele>343.929986</ele>
        <time>2026-02-16T16:43:28.121Z</time>
      </trkpt>
      <trkpt lat="49.041043" lon="12.254009">
        <ele>344.501090</ele>
        <time>2026-02-16T16:43:37.046Z</time>
      </trkpt>
      <trkpt lat="49.041347" lon="12.254360">
        <ele>345.026762</ele>
        <time>2026-02-16T16:43:47.278Z</time>
      </trkpt>
      <trkpt lat="49.041590" lon="12.254936">
        <ele>346.592750</ele>
        <time>2026-02-16T16:44:01.216Z</time>
      </trkpt>
      <trkpt lat="49.041734" lon="12.255142">
        <ele>347.302788</ele>
        <time>2026-02-16T16:44:07.521Z</time>
      </trkpt>
      <trkpt lat="49.042661" lon="12.255857">
        <ele>351.038931</ele>
        <time>2026-02-16T16:44:40.442Z</time>
      </trkpt>
      <trkpt lat="49.043211" lon="12.256550">
        <ele>352.260861</ele>
        <time>2026-02-16T16:44:55.952Z</time>
      </trkpt>
      <trkpt lat="49.043357" lon="12.256751">
        <ele>352.510804</ele>
        <time>2026-02-16T16:45:00.383Z</time>
      </trkpt>
      <trkpt lat="49.043491" lon="12.256866">
        <ele>352.706208</ele>
        <time>2026-02-16T16:45:04.144Z</time>
      </trkpt>
      <trkpt lat="49.043694" lon="12.256913">
        <ele>352.967164</ele>
        <time>2026-02-16T16:45:08.735Z</time>
      </trkpt>
      <trkpt lat="49.043939" lon="12.256787">
        <ele>353.295763</ele>
        <time>2026-02-16T16:45:13.597Z</time>
      </trkpt>
      <trkpt lat="49.044494" lon="12.256384">
        <ele>353.807919</ele>
        <time>2026-02-16T16:45:21.212Z</time>
      </trkpt>
      <trkpt lat="49.044635" lon="12.256311">
        <ele>353.804619</ele>
        <time>2026-02-16T16:45:23.043Z</time>
      </trkpt>
      <trkpt lat="49.044760" lon="12.256303">
        <ele>353.801846</ele>
        <time>2026-02-16T16:45:24.676Z</time>
      </trkpt>
      <trkpt lat="49.044888" lon="12.256363">
        <ele>353.798879</ele>
        <time>2026-02-16T16:45:26.502Z</time>
      </trkpt>
      <trkpt lat="49.045071" lon="12.256548">
        <ele>353.794013</ele>
        <time>2026-02-16T16:45:29.625Z</time>
      </trkpt>
      <trkpt lat="49.045372" lon="12.256933">
        <ele>353.785309</ele>
        <time>2026-02-16T16:45:34.756Z</time>
      </trkpt>
      <trkpt lat="49.045518" lon="12.257078">
        <ele>353.781448</ele>
        <time>2026-02-16T16:45:37.010Z</time>
      </trkpt>
      <trkpt lat="49.045751" lon="12.257237">
        <ele>353.775791</ele>
        <time>2026-02-16T16:45:40.945Z</time>
      </trkpt>
      <trkpt lat="49.046014" lon="12.257237">
        <ele>353.978233</ele>
        <time>2026-02-16T16:45:46.379Z</time>
      </trkpt>
      <trkpt lat="49.046117" lon="12.257162">
        <ele>354.170378</ele>
        <time>2026-02-16T16:45:49.112Z</time>
      </trkpt>
      <trkpt lat="49.046231" lon="12.257023">
        <ele>354.416067</ele>
        <time>2026-02-16T16:45:52.748Z</time>
      </trkpt>
      <trkpt lat="49.046728" lon="12.256103">
        <ele>355.731653</ele>
        <time>2026-02-16T16:46:12.062Z</time>
      </trkpt>
      <trkpt lat="49.046834" lon="12.255968">
        <ele>355.964117</ele>
        <time>2026-02-16T16:46:15.136Z</time>
      </trkpt>
      <trkpt lat="49.046946" lon="12.255883">
        <ele>356.174717</ele>
        <time>2026-02-16T16:46:17.785Z</time>
      </trkpt>
      <trkpt lat="49.047203" lon="12.255816">
        <ele>356.613664</ele>
        <time>2026-02-16T16:46:22.926Z</time>
      </trkpt>
      <trkpt lat="49.047628" lon="12.255831">
        <ele>356.487730</ele>
        <time>2026-02-16T16:46:31.309Z</time>
      </trkpt>
      <trkpt lat="49.048115" lon="12.255564">
        <ele>355.971702</ele>
        <time>2026-02-16T16:46:38.253Z</time>
      </trkpt>
      <trkpt lat="49.048271" lon="12.255532">
        <ele>355.814743</ele>
        <time>2026-02-16T16:46:40.084Z</time>
      </trkpt>
      <trkpt lat="49.048416" lon="12.255562">
        <ele>355.668828</ele>
        <time>2026-02-16T16:46:41.726Z</time>
      </trkpt>
      <trkpt lat="49.048689" lon="12.255718">
        <ele>355.378132</ele>
        <time>2026-02-16T16:46:44.960Z</time>
      </trkpt>
      <trkpt lat="49.048833" lon="12.255858">
        <ele>355.207864</ele>
        <time>2026-02-16T16:46:46.786Z</time>
      </trkpt>
      <trkpt lat="49.048949" lon="12.256001">
        <ele>355.059153</ele>
        <time>2026-02-16T16:46:48.367Z</time>
      </trkpt>
      <trkpt lat="49.049070" lon="12.256212">
        <ele>354.674551</ele>
        <time>2026-02-16T16:46:50.315Z</time>
      </trkpt>
      <trkpt lat="49.049170" lon="12.256464">
        <ele>354.186781</ele>
        <time>2026-02-16T16:46:52.330Z</time>
      </trkpt>
      <trkpt lat="49.049420" lon="12.257297">
        <ele>352.669814</ele>
        <time>2026-02-16T16:46:58.161Z</time>
      </trkpt>
      <trkpt lat="49.049513" lon="12.257815">
        <ele>351.780541</ele>
        <time>2026-02-16T16:47:01.706Z</time>
      </trkpt>
      <trkpt lat="49.049549" lon="12.258182">
        <ele>351.166114</ele>
        <time>2026-02-16T16:47:04.401Z</time>
      </trkpt>
      <trkpt lat="49.049585" lon="12.258980">
        <ele>350.613183</ele>
        <time>2026-02-16T16:47:11.209Z</time>
      </trkpt>
      <trkpt lat="49.049555" lon="12.259460">
        <ele>350.805615</ele>
        <time>2026-02-16T16:47:16.679Z</time>
      </trkpt>
      <trkpt lat="49.049525" lon="12.259666">
        <ele>350.889833</ele>
        <time>2026-02-16T16:47:19.087Z</time>
      </trkpt>
      <trkpt lat="49.049548" lon="12.259889">
        <ele>350.979926</ele>
        <time>2026-02-16T16:47:21.751Z</time>
      </trkpt>
      <trkpt lat="49.049639" lon="12.260073">
        <ele>351.071919</ele>
        <time>2026-02-16T16:47:24.578Z</time>
      </trkpt>
      <trkpt lat="49.049696" lon="12.260140">
        <ele>351.115733</ele>
        <time>2026-02-16T16:47:25.910Z</time>
      </trkpt>
      <trkpt lat="49.050348" lon="12.260482">
        <ele>351.535556</ele>
        <time>2026-02-16T16:47:39.377Z</time>
      </trkpt>
      <trkpt lat="49.050579" lon="12.260603">
        <ele>352.366466</ele>
        <time>2026-02-16T16:47:43.856Z</time>
      </trkpt>
      <trkpt lat="49.050742" lon="12.260678">
        <ele>353.032777</ele>
        <time>2026-02-16T16:47:47.412Z</time>
      </trkpt>
      <trkpt lat="49.051329" lon="12.260772">
        <ele>355.342746</ele>
        <time>2026-02-16T16:48:02.850Z</time>
      </trkpt>
      <trkpt lat="49.051702" lon="12.260735">
        <ele>356.805643</ele>
        <time>2026-02-16T16:48:15.684Z</time>
      </trkpt>
      <trkpt lat="49.051787" lon="12.260726">
        <ele>357.139109</ele>
        <time>2026-02-16T16:48:18.869Z</time>
      </trkpt>
      <trkpt lat="49.052069" lon="12.260715">
        <ele>358.243138</ele>
        <time>2026-02-16T16:48:30.468Z</time>
      </trkpt>
      <trkpt lat="49.052839" lon="12.260882">
        <ele>362.407134</ele>
        <time>2026-02-16T16:49:05.058Z</time>
      </trkpt>
      <trkpt lat="49.053016" lon="12.260847">
        <ele>363.396631</ele>
        <time>2026-02-16T16:49:12.857Z</time>
      </trkpt>
      <trkpt lat="49.053342" lon="12.260716">
        <ele>365.265602</ele>
        <time>2026-02-16T16:49:26.162Z</time>
      </trkpt>
      <trkpt lat="49.053620" lon="12.260706">
        <ele>366.807267</ele>
        <time>2026-02-16T16:49:35.211Z</time>
      </trkpt>
      <trkpt lat="49.054117" lon="12.260932">
        <ele>369.165193</ele>
        <time>2026-02-16T16:49:49.010Z</time>
      </trkpt>
      <trkpt lat="49.054532" lon="12.261284">
        <ele>370.574006</ele>
        <time>2026-02-16T16:49:59.044Z</time>
      </trkpt>
      <trkpt lat="49.054651" lon="12.261444">
        <ele>371.044609</ele>
        <time>2026-02-16T16:50:02.109Z</time>
      </trkpt>
      <trkpt lat="49.055736" lon="12.263149">
        <ele>377.459173</ele>
        <time>2026-02-16T16:50:46.822Z</time>
      </trkpt>
      <trkpt lat="49.055979" lon="12.263392">
        <ele>379.199944</ele>
        <time>2026-02-16T16:50:58.217Z</time>
      </trkpt>
      <trkpt lat="49.056422" lon="12.263726">
        <ele>382.160578</ele>
        <time>2026-02-16T16:51:19.335Z</time>
      </trkpt>
      <trkpt lat="49.056996" lon="12.264068">
        <ele>386.320624</ele>
        <time>2026-02-16T16:51:48.960Z</time>
      </trkpt>
      <trkpt lat="49.057814" lon="12.264367">
        <ele>393.377529</ele>
        <time>2026-02-16T16:52:30.079Z</time>
      </trkpt>
      <trkpt lat="49.058292" lon="12.264583">
        <ele>397.559933</ele>
        <time>2026-02-16T16:52:54.698Z</time>
      </trkpt>
      <trkpt lat="49.058583" lon="12.264796">
        <ele>400.229414</ele>
        <time>2026-02-16T16:53:10.424Z</time>
      </trkpt>
      <trkpt lat="49.058929" lon="12.265189">
        <ele>403.568064</ele>
        <time>2026-02-16T16:53:31.238Z</time>
      </trkpt>
      <trkpt lat="49.059015" lon="12.265309">
        <ele>404.470072</ele>
        <time>2026-02-16T16:53:36.884Z</time>
      </trkpt>
      <trkpt lat="49.059395" lon="12.265935">
        <ele>408.798337</ele>
        <time>2026-02-16T16:54:03.341Z</time>
      </trkpt>
      <trkpt lat="49.059828" lon="12.266536">
        <ele>413.328928</ele>
        <time>2026-02-16T16:54:29.232Z</time>
      </trkpt>
      <trkpt lat="49.060188" lon="12.266857">
        <ele>415.343594</ele>
        <time>2026-02-16T16:54:46.010Z</time>
      </trkpt>
      <trkpt lat="49.060371" lon="12.266960">
        <ele>416.213251</ele>
        <time>2026-02-16T16:54:53.347Z</time>
      </trkpt>
      <trkpt lat="49.060654" lon="12.267056">
        <ele>417.505845</ele>
        <time>2026-02-16T16:55:03.529Z</time>
      </trkpt>
      <trkpt lat="49.061249" lon="12.267153">
        <ele>420.173837</ele>
        <time>2026-02-16T16:55:21.455Z</time>
      </trkpt>
      <trkpt lat="49.061663" lon="12.267224">
        <ele>421.784634</ele>
        <time>2026-02-16T16:55:31.730Z</time>
      </trkpt>
      <trkpt lat="49.062081" lon="12.267412">
        <ele>422.209613</ele>
        <time>2026-02-16T16:55:40.916Z</time>
      </trkpt>
      <trkpt lat="49.062478" lon="12.267720">
        <ele>422.643933</ele>
        <time>2026-02-16T16:55:48.912Z</time>
      </trkpt>
      <trkpt lat="49.062667" lon="12.267919">
        <ele>422.867860</ele>
        <time>2026-02-16T16:55:52.613Z</time>
      </trkpt>
      <trkpt lat="49.063038" lon="12.268458">
        <ele>423.367392</ele>
        <time>2026-02-16T16:56:00.168Z</time>
      </trkpt>
      <trkpt lat="49.063596" lon="12.269618">
        <ele>424.547075</ele>
        <time>2026-02-16T16:56:16.682Z</time>
      </trkpt>
      <trkpt lat="49.063797" lon="12.269947">
        <ele>424.926004</ele>
        <time>2026-02-16T16:56:22.795Z</time>
      </trkpt>
      <trkpt lat="49.063967" lon="12.270153">
        <ele>425.205076</ele>
        <time>2026-02-16T16:56:27.515Z</time>
      </trkpt>
      <trkpt lat="49.064191" lon="12.270360">
        <ele>425.541737</ele>
        <time>2026-02-16T16:56:33.306Z</time>
      </trkpt>
      <trkpt lat="49.065143" lon="12.271111">
        <ele>428.164957</ele>
        <time>2026-02-16T16:57:00.054Z</time>
      </trkpt>
      <trkpt lat="49.065436" lon="12.271377">
        <ele>429.083184</ele>
        <time>2026-02-16T16:57:09.070Z</time>
      </trkpt>
      <trkpt lat="49.065708" lon="12.271685">
        <ele>429.995401</ele>
        <time>2026-02-16T16:57:18.288Z</time>
      </trkpt>
      <trkpt lat="49.065913" lon="12.271890">
        <ele>430.650571</ele>
        <time>2026-02-16T16:57:25.107Z</time>
      </trkpt>
      <trkpt lat="49.066808" lon="12.272594">
        <ele>432.899734</ele>
        <time>2026-02-16T16:57:50.627Z</time>
      </trkpt>
      <trkpt lat="49.067345" lon="12.273002">
        <ele>434.239705</ele>
        <time>2026-02-16T16:58:03.230Z</time>
      </trkpt>
      <trkpt lat="49.067847" lon="12.273296">
        <ele>435.664493</ele>
        <time>2026-02-16T16:58:14.424Z</time>
      </trkpt>
      <trkpt lat="49.068673" lon="12.273592">
        <ele>438.092170</ele>
        <time>2026-02-16T16:58:35.422Z</time>
      </trkpt>
      <trkpt lat="49.069447" lon="12.274007">
        <ele>440.710853</ele>
        <time>2026-02-16T16:59:01.422Z</time>
      </trkpt>
      <trkpt lat="49.069814" lon="12.274280">
        <ele>442.367778</ele>
        <time>2026-02-16T16:59:14.594Z</time>
      </trkpt>
      <trkpt lat="49.070106" lon="12.274556">
        <ele>443.761672</ele>
        <time>2026-02-16T16:59:25.518Z</time>
      </trkpt>
      <trkpt lat="49.070330" lon="12.274792">
        <ele>444.866301</ele>
        <time>2026-02-16T16:59:34.155Z</time>
      </trkpt>
      <trkpt lat="49.070641" lon="12.275220">
        <ele>446.565750</ele>
        <time>2026-02-16T16:59:47.251Z</time>
      </trkpt>
      <trkpt lat="49.071893" lon="12.277479">
        <ele>452.738368</ele>
        <time>2026-02-16T17:00:41.708Z</time>
      </trkpt>
      <trkpt lat="49.072196" lon="12.277925">
        <ele>453.092934</ele>
        <time>2026-02-16T17:00:50.489Z</time>
      </trkpt>
      <trkpt lat="49.072580" lon="12.278370">
        <ele>453.499050</ele>
        <time>2026-02-16T17:00:58.444Z</time>
      </trkpt>
      <trkpt lat="49.073652" lon="12.279444">
        <ele>455.450291</ele>
        <time>2026-02-16T17:01:17.428Z</time>
      </trkpt>
      <trkpt lat="49.074063" lon="12.279892">
        <ele>456.983401</ele>
        <time>2026-02-16T17:01:30.553Z</time>
      </trkpt>
      <trkpt lat="49.074219" lon="12.280103">
        <ele>457.616122</ele>
        <time>2026-02-16T17:01:36.934Z</time>
      </trkpt>
      <trkpt lat="49.074665" lon="12.280822">
        <ele>459.585261</ele>
        <time>2026-02-16T17:01:59.753Z</time>
      </trkpt>
      <trkpt lat="49.075510" lon="12.282531">
        <ele>465.487082</ele>
        <time>2026-02-16T17:02:46.615Z</time>
      </trkpt>
      <trkpt lat="49.075554" lon="12.282624">
        <ele>465.805830</ele>
        <time>2026-02-16T17:02:48.612Z</time>
      </trkpt>
      <trkpt lat="49.075982" lon="12.283604">
        <ele>468.844076</ele>
        <time>2026-02-16T17:03:09.770Z</time>
      </trkpt>
      <trkpt lat="49.076125" lon="12.284007">
        <ele>469.946462</ele>
        <time>2026-02-16T17:03:17.676Z</time>
      </trkpt>
      <trkpt lat="49.076283" lon="12.284669">
        <ele>471.641118</ele>
        <time>2026-02-16T17:03:30.484Z</time>
      </trkpt>
      <trkpt lat="49.076487" lon="12.285930">
        <ele>475.146944</ele>
        <time>2026-02-16T17:03:58.209Z</time>
      </trkpt>
      <trkpt lat="49.076567" lon="12.286306">
        <ele>476.536634</ele>
        <time>2026-02-16T17:04:06.949Z</time>
      </trkpt>
      <trkpt lat="49.076713" lon="12.286793">
        <ele>478.419303</ele>
        <time>2026-02-16T17:04:18.768Z</time>
      </trkpt>
      <trkpt lat="49.076938" lon="12.287320">
        <ele>480.630553</ele>
        <time>2026-02-16T17:04:33.804Z</time>
      </trkpt>
      <trkpt lat="49.077210" lon="12.287814">
        <ele>482.899019</ele>
        <time>2026-02-16T17:04:50.478Z</time>
      </trkpt>
      <trkpt lat="49.077382" lon="12.288042">
        <ele>484.360457</ele>
        <time>2026-02-16T17:04:59.796Z</time>
      </trkpt>
      <trkpt lat="49.077795" lon="12.288450">
        <ele>488.188071</ele>
        <time>2026-02-16T17:05:20.911Z</time>
      </trkpt>
      <trkpt lat="49.077818" lon="12.288471">
        <ele>488.396594</ele>
        <time>2026-02-16T17:05:22.092Z</time>
      </trkpt>
      <trkpt lat="49.078430" lon="12.288929">
        <ele>493.699819</ele>
        <time>2026-02-16T17:05:54.648Z</time>
      </trkpt>
      <trkpt lat="49.080937" lon="12.290558">
        <ele>514.316003</ele>
        <time>2026-02-16T17:08:08.837Z</time>
      </trkpt>
      <trkpt lat="49.080968" lon="12.290580">
        <ele>514.450257</ele>
        <time>2026-02-16T17:08:09.967Z</time>
      </trkpt>
      <trkpt lat="49.081091" lon="12.290662">
        <ele>514.977350</ele>
        <time>2026-02-16T17:08:13.964Z</time>
      </trkpt>
      <trkpt lat="49.081708" lon="12.291282">
        <ele>517.878184</ele>
        <time>2026-02-16T17:08:32.477Z</time>
      </trkpt>
      <trkpt lat="49.082123" lon="12.291832">
        <ele>519.791462</ele>
        <time>2026-02-16T17:08:42.994Z</time>
      </trkpt>
      <trkpt lat="49.082476" lon="12.292418">
        <ele>520.329568</ele>
        <time>2026-02-16T17:08:54.032Z</time>
      </trkpt>
      <trkpt lat="49.083013" lon="12.293520">
        <ele>521.257908</ele>
        <time>2026-02-16T17:09:11.695Z</time>
      </trkpt>
      <trkpt lat="49.083183" lon="12.294004">
        <ele>521.555109</ele>
        <time>2026-02-16T17:09:17.310Z</time>
      </trkpt>
      <trkpt lat="49.083240" lon="12.294215">
        <ele>521.543643</ele>
        <time>2026-02-16T17:09:19.522Z</time>
      </trkpt>
      <trkpt lat="49.083409" lon="12.294025">
        <ele>521.527546</ele>
        <time>2026-02-16T17:09:23.753Z</time>
      </trkpt>
      <trkpt lat="49.083695" lon="12.293577">
        <ele>521.496119</ele>
        <time>2026-02-16T17:09:31.610Z</time>
      </trkpt>
      <trkpt lat="49.084194" lon="12.292332">
        <ele>521.422796</ele>
        <time>2026-02-16T17:09:51.270Z</time>
      </trkpt>
      <trkpt lat="49.084186" lon="12.291642">
        <ele>520.743962</ele>
        <time>2026-02-16T17:09:59.331Z</time>
      </trkpt>
      <trkpt lat="49.084145" lon="12.290118">
        <ele>519.221816</ele>
        <time>2026-02-16T17:10:15.308Z</time>
      </trkpt>
      <trkpt lat="49.084140" lon="12.288186">
        <ele>516.375327</ele>
        <time>2026-02-16T17:10:34.937Z</time>
      </trkpt>
      <trkpt lat="49.084373" lon="12.286658">
        <ele>513.552367</ele>
        <time>2026-02-16T17:10:50.434Z</time>
      </trkpt>
      <trkpt lat="49.084555" lon="12.286105">
        <ele>511.884369</ele>
        <time>2026-02-16T17:10:56.031Z</time>
      </trkpt>
      <trkpt lat="49.084742" lon="12.285833">
        <ele>510.821568</ele>
        <time>2026-02-16T17:10:59.541Z</time>
      </trkpt>
      <trkpt lat="49.084882" lon="12.285631">
        <ele>510.028925</ele>
        <time>2026-02-16T17:11:02.138Z</time>
      </trkpt>
      <trkpt lat="49.085063" lon="12.285280">
        <ele>508.824915</ele>
        <time>2026-02-16T17:11:06.089Z</time>
      </trkpt>
      <trkpt lat="49.085174" lon="12.284954">
        <ele>507.834674</ele>
        <time>2026-02-16T17:11:09.364Z</time>
      </trkpt>
      <trkpt lat="49.085551" lon="12.284158">
        <ele>506.580267</ele>
        <time>2026-02-16T17:11:18.519Z</time>
      </trkpt>
      <trkpt lat="49.085772" lon="12.283575">
        <ele>506.408273</ele>
        <time>2026-02-16T17:11:25.831Z</time>
      </trkpt>
      <trkpt lat="49.085711" lon="12.281233">
        <ele>507.087695</ele>
        <time>2026-02-16T17:12:06.669Z</time>
      </trkpt>
      <trkpt lat="49.085711" lon="12.281233">
        <ele>507.087695</ele>
        <time>2026-02-16T17:12:06.677Z</time>
      </trkpt>
      <trkpt lat="49.085713" lon="12.279452">
        <ele>509.335508</ele>
        <time>2026-02-16T17:12:40.988Z</time>
      </trkpt>
      <trkpt lat="49.085774" lon="12.277810">
        <ele>510.139450</ele>
        <time>2026-02-16T17:13:08.336Z</time>
      </trkpt>
      <trkpt lat="49.086073" lon="12.276728">
        <ele>510.639986</ele>
        <time>2026-02-16T17:13:24.519Z</time>
      </trkpt>
      <trkpt lat="49.085774" lon="12.277810">
        <ele>509.524802</ele>
        <time>2026-02-16T17:13:37.091Z</time>
      </trkpt>
      <trkpt lat="49.085118" lon="12.277326">
        <ele>508.399657</ele>
        <time>2026-02-16T17:13:45.005Z</time>
      </trkpt>
      <trkpt lat="49.084546" lon="12.276497">
        <ele>507.594162</ele>
        <time>2026-02-16T17:13:53.912Z</time>
      </trkpt>
      <trkpt lat="49.085008" lon="12.274917">
        <ele>506.872109</ele>
        <time>2026-02-16T17:14:16.415Z</time>
      </trkpt>
      <trkpt lat="49.085264" lon="12.272847">
        <ele>505.698966</ele>
        <time>2026-02-16T17:14:42.080Z</time>
      </trkpt>
      <trkpt lat="49.085491" lon="12.271396">
        <ele>503.813315</ele>
        <time>2026-02-16T17:14:58.183Z</time>
      </trkpt>
      <trkpt lat="49.084985" lon="12.271213">
        <ele>501.828118</ele>
        <time>2026-02-16T17:15:03.473Z</time>
      </trkpt>
      <trkpt lat="49.084846" lon="12.271112">
        <ele>501.240435</ele>
        <time>2026-02-16T17:15:04.976Z</time>
      </trkpt>
      <trkpt lat="49.084758" lon="12.270994">
        <ele>500.793315</ele>
        <time>2026-02-16T17:15:06.094Z</time>
      </trkpt>
      <trkpt lat="49.084674" lon="12.270817">
        <ele>500.246778</ele>
        <time>2026-02-16T17:15:07.446Z</time>
      </trkpt>
      <trkpt lat="49.084526" lon="12.270299">
        <ele>498.833710</ele>
        <time>2026-02-16T17:15:10.902Z</time>
      </trkpt>
      <trkpt lat="49.084406" lon="12.270006">
        <ele>497.759332</ele>
        <time>2026-02-16T17:15:12.986Z</time>
      </trkpt>
      <trkpt lat="49.084145" lon="12.269623">
        <ele>495.418101</ele>
        <time>2026-02-16T17:15:16.291Z</time>
      </trkpt>
      <trkpt lat="49.084001" lon="12.269462">
        <ele>494.263785</ele>
        <time>2026-02-16T17:15:17.919Z</time>
      </trkpt>
      <trkpt lat="49.083823" lon="12.269323">
        <ele>492.970741</ele>
        <time>2026-02-16T17:15:19.742Z</time>
      </trkpt>
      <trkpt lat="49.083704" lon="12.269266">
        <ele>492.164126</ele>
        <time>2026-02-16T17:15:20.883Z</time>
      </trkpt>
      <trkpt lat="49.083234" lon="12.269170">
        <ele>489.097330</ele>
        <time>2026-02-16T17:15:25.214Z</time>
      </trkpt>
      <trkpt lat="49.083100" lon="12.269083">
        <ele>488.155585</ele>
        <time>2026-02-16T17:15:26.526Z</time>
      </trkpt>
      <trkpt lat="49.082980" lon="12.268942">
        <ele>487.176268</ele>
        <time>2026-02-16T17:15:27.888Z</time>
      </trkpt>
      <trkpt lat="49.082727" lon="12.268543">
        <ele>483.854050</ele>
        <time>2026-02-16T17:15:31.105Z</time>
      </trkpt>
      <trkpt lat="49.082463" lon="12.268238">
        <ele>480.569617</ele>
        <time>2026-02-16T17:15:33.995Z</time>
      </trkpt>
      <trkpt lat="49.082382" lon="12.268055">
        <ele>479.134431</ele>
        <time>2026-02-16T17:15:35.248Z</time>
      </trkpt>
      <trkpt lat="49.082317" lon="12.267818">
        <ele>477.464862</ele>
        <time>2026-02-16T17:15:36.697Z</time>
      </trkpt>
      <trkpt lat="49.081861" lon="12.265972">
        <ele>464.088792</ele>
        <time>2026-02-16T17:15:47.668Z</time>
      </trkpt>
      <trkpt lat="49.081679" lon="12.265118">
        <ele>457.471319</ele>
        <time>2026-02-16T17:15:52.666Z</time>
      </trkpt>
      <trkpt lat="49.081550" lon="12.264133">
        <ele>450.069599</ele>
        <time>2026-02-16T17:15:58.256Z</time>
      </trkpt>
      <trkpt lat="49.081543" lon="12.262589">
        <ele>439.078487</ele>
        <time>2026-02-16T17:16:06.907Z</time>
      </trkpt>
      <trkpt lat="49.081573" lon="12.262123">
        <ele>435.763222</ele>
        <time>2026-02-16T17:16:09.543Z</time>
      </trkpt>
      <trkpt lat="49.081637" lon="12.261708">
        <ele>432.744601</ele>
        <time>2026-02-16T17:16:11.937Z</time>
      </trkpt>
      <trkpt lat="49.081793" lon="12.261049">
        <ele>427.799949</ele>
        <time>2026-02-16T17:16:15.844Z</time>
      </trkpt>
      <trkpt lat="49.082038" lon="12.259961">
        <ele>419.755248</ele>
        <time>2026-02-16T17:16:22.204Z</time>
      </trkpt>
      <trkpt lat="49.082214" lon="12.259220">
        <ele>414.243803</ele>
        <time>2026-02-16T17:16:26.567Z</time>
      </trkpt>
      <trkpt lat="49.082254" lon="12.259078">
        <ele>413.162967</ele>
        <time>2026-02-16T17:16:27.430Z</time>
      </trkpt>
      <trkpt lat="49.082615" lon="12.258351">
        <ele>409.657726</ele>
        <time>2026-02-16T17:16:32.653Z</time>
      </trkpt>
      <trkpt lat="49.083168" lon="12.257376">
        <ele>408.912469</ele>
        <time>2026-02-16T17:16:42.635Z</time>
      </trkpt>
      <trkpt lat="49.083291" lon="12.257186">
        <ele>408.758106</ele>
        <time>2026-02-16T17:16:47.144Z</time>
      </trkpt>
      <trkpt lat="49.083588" lon="12.256635">
        <ele>408.345774</ele>
        <time>2026-02-16T17:17:04.547Z</time>
      </trkpt>
      <trkpt lat="49.084255" lon="12.255590">
        <ele>413.599709</ele>
        <time>2026-02-16T17:17:42.015Z</time>
      </trkpt>
      <trkpt lat="49.084562" lon="12.255211">
        <ele>415.818723</ele>
        <time>2026-02-16T17:17:56.584Z</time>
      </trkpt>
      <trkpt lat="49.084811" lon="12.254831">
        <ele>417.797489</ele>
        <time>2026-02-16T17:18:09.573Z</time>
      </trkpt>
      <trkpt lat="49.085599" lon="12.252858">
        <ele>427.433269</ele>
        <time>2026-02-16T17:19:09.454Z</time>
      </trkpt>
      <trkpt lat="49.085680" lon="12.252562">
        <ele>428.783674</ele>
        <time>2026-02-16T17:19:18.577Z</time>
      </trkpt>
      <trkpt lat="49.085811" lon="12.251676">
        <ele>432.499252</ele>
        <time>2026-02-16T17:19:45.122Z</time>
      </trkpt>
      <trkpt lat="49.085891" lon="12.251350">
        <ele>433.904068</ele>
        <time>2026-02-16T17:19:55.342Z</time>
      </trkpt>
      <trkpt lat="49.086133" lon="12.250591">
        <ele>437.310505</ele>
        <time>2026-02-16T17:20:19.521Z</time>
      </trkpt>
      <trkpt lat="49.086646" lon="12.249439">
        <ele>441.715772</ele>
        <time>2026-02-16T17:20:49.682Z</time>
      </trkpt>
      <trkpt lat="49.086881" lon="12.249599">
        <ele>442.258822</ele>
        <time>2026-02-16T17:20:56.251Z</time>
      </trkpt>
      <trkpt lat="49.087288" lon="12.249843">
        <ele>443.181648</ele>
        <time>2026-02-16T17:21:06.040Z</time>
      </trkpt>
      <trkpt lat="49.087386" lon="12.249908">
        <ele>443.407151</ele>
        <time>2026-02-16T17:21:08.175Z</time>
      </trkpt>
      <trkpt lat="49.087631" lon="12.250059">
        <ele>443.964766</ele>
        <time>2026-02-16T17:21:12.911Z</time>
      </trkpt>
      <trkpt lat="49.087964" lon="12.250194">
        <ele>444.691925</ele>
        <time>2026-02-16T17:21:18.533Z</time>
      </trkpt>
      <trkpt lat="49.088053" lon="12.250224">
        <ele>444.882778</ele>
        <time>2026-02-16T17:21:20.114Z</time>
      </trkpt>
      <trkpt lat="49.088187" lon="12.250243">
        <ele>445.095710</ele>
        <time>2026-02-16T17:21:22.542Z</time>
      </trkpt>
      <trkpt lat="49.088410" lon="12.250224">
        <ele>445.449097</ele>
        <time>2026-02-16T17:21:26.800Z</time>
      </trkpt>
      <trkpt lat="49.088573" lon="12.250178">
        <ele>445.711369</ele>
        <time>2026-02-16T17:21:30.061Z</time>
      </trkpt>
      <trkpt lat="49.088857" lon="12.250012">
        <ele>446.192520</ele>
        <time>2026-02-16T17:21:36.160Z</time>
      </trkpt>
      <trkpt lat="49.088933" lon="12.249968">
        <ele>446.321123</ele>
        <time>2026-02-16T17:21:37.825Z</time>
      </trkpt>
      <trkpt lat="49.089145" lon="12.249799">
        <ele>446.699516</ele>
        <time>2026-02-16T17:21:42.948Z</time>
      </trkpt>
      <trkpt lat="49.089927" lon="12.249050">
        <ele>447.687979</ele>
        <time>2026-02-16T17:22:06.038Z</time>
      </trkpt>
      <trkpt lat="49.090216" lon="12.248743">
        <ele>447.641772</ele>
        <time>2026-02-16T17:22:13.064Z</time>
      </trkpt>
      <trkpt lat="49.090511" lon="12.248441">
        <ele>447.595157</ele>
        <time>2026-02-16T17:22:18.838Z</time>
      </trkpt>
      <trkpt lat="49.090581" lon="12.248692">
        <ele>447.571708</ele>
        <time>2026-02-16T17:22:21.403Z</time>
      </trkpt>
      <trkpt lat="49.090618" lon="12.248669">
        <ele>447.566465</ele>
        <time>2026-02-16T17:22:22.173Z</time>
      </trkpt>
      <trkpt lat="49.090545" lon="12.248408">
        <ele>447.542071</ele>
        <time>2026-02-16T17:22:24.456Z</time>
      </trkpt>
      <trkpt lat="49.090493" lon="12.248239">
        <ele>447.526021</ele>
        <time>2026-02-16T17:22:25.868Z</time>
      </trkpt>
      <trkpt lat="49.090434" lon="12.247994">
        <ele>447.503585</ele>
        <time>2026-02-16T17:22:27.699Z</time>
      </trkpt>
      <trkpt lat="49.090436" lon="12.247526">
        <ele>446.606331</ele>
        <time>2026-02-16T17:22:30.802Z</time>
      </trkpt>
      <trkpt lat="49.090445" lon="12.247191">
        <ele>445.577973</ele>
        <time>2026-02-16T17:22:32.958Z</time>
      </trkpt>
      <trkpt lat="49.090433" lon="12.246822">
        <ele>444.444801</ele>
        <time>2026-02-16T17:22:35.230Z</time>
      </trkpt>
      <trkpt lat="49.090421" lon="12.246591">
        <ele>443.734065</ele>
        <time>2026-02-16T17:22:36.654Z</time>
      </trkpt>
      <trkpt lat="49.090428" lon="12.245672">
        <ele>440.915166</ele>
        <time>2026-02-16T17:22:42.340Z</time>
      </trkpt>
      <trkpt lat="49.090339" lon="12.244946">
        <ele>438.628298</ele>
        <time>2026-02-16T17:22:46.786Z</time>
      </trkpt>
      <trkpt lat="49.090312" lon="12.244742">
        <ele>437.956907</ele>
        <time>2026-02-16T17:22:48.026Z</time>
      </trkpt>
      <trkpt lat="49.090299" lon="12.244131">
        <ele>435.984838</ele>
        <time>2026-02-16T17:22:51.692Z</time>
      </trkpt>
      <trkpt lat="49.090297" lon="12.243887">
        <ele>435.197655</ele>
        <time>2026-02-16T17:22:53.167Z</time>
      </trkpt>
      <trkpt lat="49.090283" lon="12.243600">
        <ele>434.269254</ele>
        <time>2026-02-16T17:22:54.921Z</time>
      </trkpt>
      <trkpt lat="49.090266" lon="12.243465">
        <ele>433.825778</ele>
        <time>2026-02-16T17:22:55.756Z</time>
      </trkpt>
      <trkpt lat="49.090237" lon="12.243284">
        <ele>433.224667</ele>
        <time>2026-02-16T17:22:56.907Z</time>
      </trkpt>
      <trkpt lat="49.089916" lon="12.241779">
        <ele>429.107899</ele>
        <time>2026-02-16T17:23:07.180Z</time>
      </trkpt>
      <trkpt lat="49.089905" lon="12.241710">
        <ele>428.987499</ele>
        <time>2026-02-16T17:23:07.690Z</time>
      </trkpt>
      <trkpt lat="49.089894" lon="12.241646">
        <ele>428.875318</ele>
        <time>2026-02-16T17:23:08.180Z</time>
      </trkpt>
      <trkpt lat="49.089811" lon="12.241171">
        <ele>428.041825</ele>
        <time>2026-02-16T17:23:11.840Z</time>
      </trkpt>
      <trkpt lat="49.089791" lon="12.241046">
        <ele>427.823665</ele>
        <time>2026-02-16T17:23:12.794Z</time>
      </trkpt>
      <trkpt lat="49.089727" lon="12.240527">
        <ele>426.928283</ele>
        <time>2026-02-16T17:23:16.539Z</time>
      </trkpt>
      <trkpt lat="49.089638" lon="12.239588">
        <ele>425.305377</ele>
        <time>2026-02-16T17:23:23.141Z</time>
      </trkpt>
      <trkpt lat="49.089630" lon="12.239509">
        <ele>425.161314</ele>
        <time>2026-02-16T17:23:23.691Z</time>
      </trkpt>
      <trkpt lat="49.089624" lon="12.239427">
        <ele>425.012617</ele>
        <time>2026-02-16T17:23:24.258Z</time>
      </trkpt>
      <trkpt lat="49.089603" lon="12.239078">
        <ele>424.381013</ele>
        <time>2026-02-16T17:23:26.659Z</time>
      </trkpt>
      <trkpt lat="49.089538" lon="12.238342">
        <ele>423.042613</ele>
        <time>2026-02-16T17:23:31.673Z</time>
      </trkpt>
      <trkpt lat="49.089474" lon="12.237964">
        <ele>422.338995</ele>
        <time>2026-02-16T17:23:34.252Z</time>
      </trkpt>
      <trkpt lat="49.089406" lon="12.237754">
        <ele>421.916802</ele>
        <time>2026-02-16T17:23:35.798Z</time>
      </trkpt>
      <trkpt lat="49.089279" lon="12.237501">
        <ele>421.342316</ele>
        <time>2026-02-16T17:23:37.920Z</time>
      </trkpt>
      <trkpt lat="49.089115" lon="12.237267">
        <ele>420.724641</ele>
        <time>2026-02-16T17:23:40.271Z</time>
      </trkpt>
      <trkpt lat="49.088721" lon="12.236784">
        <ele>419.912326</ele>
        <time>2026-02-16T17:23:45.715Z</time>
      </trkpt>
      <trkpt lat="49.088623" lon="12.236700">
        <ele>419.744584</ele>
        <time>2026-02-16T17:23:46.972Z</time>
      </trkpt>
      <trkpt lat="49.088439" lon="12.236613">
        <ele>419.457086</ele>
        <time>2026-02-16T17:23:49.161Z</time>
      </trkpt>
      <trkpt lat="49.088229" lon="12.235728">
        <ele>418.536984</ele>
        <time>2026-02-16T17:23:59.651Z</time>
      </trkpt>
      <trkpt lat="49.088195" lon="12.235504">
        <ele>418.312224</ele>
        <time>2026-02-16T17:24:02.433Z</time>
      </trkpt>
      <trkpt lat="49.088165" lon="12.234936">
        <ele>417.695366</ele>
        <time>2026-02-16T17:24:09.413Z</time>
      </trkpt>
      <trkpt lat="49.088228" lon="12.234419">
        <ele>416.986255</ele>
        <time>2026-02-16T17:24:15.506Z</time>
      </trkpt>
      <trkpt lat="49.088339" lon="12.234006">
        <ele>416.384276</ele>
        <time>2026-02-16T17:24:20.407Z</time>
      </trkpt>
      <trkpt lat="49.088430" lon="12.233759">
        <ele>416.002125</ele>
        <time>2026-02-16T17:24:23.410Z</time>
      </trkpt>
      <trkpt lat="49.088905" lon="12.232629">
        <ele>414.168925</ele>
        <time>2026-02-16T17:24:36.566Z</time>
      </trkpt>
      <trkpt lat="49.089114" lon="12.232285">
        <ele>412.739748</ele>
        <time>2026-02-16T17:24:40.882Z</time>
      </trkpt>
      <trkpt lat="49.089360" lon="12.232056">
        <ele>411.399820</ele>
        <time>2026-02-16T17:24:44.871Z</time>
      </trkpt>
      <trkpt lat="49.089537" lon="12.231981">
        <ele>410.545526</ele>
        <time>2026-02-16T17:24:47.414Z</time>
      </trkpt>
      <trkpt lat="49.090041" lon="12.231859">
        <ele>408.172265</ele>
        <time>2026-02-16T17:24:54.331Z</time>
      </trkpt>
      <trkpt lat="49.090323" lon="12.231719">
        <ele>406.793174</ele>
        <time>2026-02-16T17:24:58.249Z</time>
      </trkpt>
      <trkpt lat="49.090563" lon="12.231527">
        <ele>405.636858</ele>
        <time>2026-02-16T17:25:01.804Z</time>
      </trkpt>
      <trkpt lat="49.090873" lon="12.231154">
        <ele>404.413214</ele>
        <time>2026-02-16T17:25:07.014Z</time>
      </trkpt>
      <trkpt lat="49.091207" lon="12.230649">
        <ele>402.955949</ele>
        <time>2026-02-16T17:25:13.488Z</time>
      </trkpt>
      <trkpt lat="49.091496" lon="12.230278">
        <ele>401.785377</ele>
        <time>2026-02-16T17:25:19.097Z</time>
      </trkpt>
      <trkpt lat="49.091644" lon="12.230154">
        <ele>401.261987</ele>
        <time>2026-02-16T17:25:21.856Z</time>
      </trkpt>
      <trkpt lat="49.091751" lon="12.230078">
        <ele>400.896113</ele>
        <time>2026-02-16T17:25:23.884Z</time>
      </trkpt>
      <trkpt lat="49.091948" lon="12.229980">
        <ele>400.286028</ele>
        <time>2026-02-16T17:25:27.855Z</time>
      </trkpt>
      <trkpt lat="49.092239" lon="12.229914">
        <ele>401.463095</ele>
        <time>2026-02-16T17:25:35.338Z</time>
      </trkpt>
      <trkpt lat="49.092730" lon="12.229940">
        <ele>403.428774</ele>
        <time>2026-02-16T17:25:51.714Z</time>
      </trkpt>
      <trkpt lat="49.093029" lon="12.229965">
        <ele>404.626870</ele>
        <time>2026-02-16T17:26:03.169Z</time>
      </trkpt>
      <trkpt lat="49.093063" lon="12.229969">
        <ele>404.763307</ele>
        <time>2026-02-16T17:26:04.501Z</time>
      </trkpt>
      <trkpt lat="49.096023" lon="12.230244">
        <ele>422.925415</ele>
        <time>2026-02-16T17:28:22.867Z</time>
      </trkpt>
      <trkpt lat="49.096703" lon="12.229977">
        <ele>428.066758</ele>
        <time>2026-02-16T17:28:58.855Z</time>
      </trkpt>
      <trkpt lat="49.098211" lon="12.229111">
        <ele>438.704453</ele>
        <time>2026-02-16T17:30:19.598Z</time>
      </trkpt>
      <trkpt lat="49.098365" lon="12.229055">
        <ele>439.681230</ele>
        <time>2026-02-16T17:30:26.398Z</time>
      </trkpt>
      <trkpt lat="49.098724" lon="12.229016">
        <ele>441.901937</ele>
        <time>2026-02-16T17:30:41.037Z</time>
      </trkpt>
      <trkpt lat="49.099085" lon="12.229069">
        <ele>443.917189</ele>
        <time>2026-02-16T17:30:54.527Z</time>
      </trkpt>
      <trkpt lat="49.100883" lon="12.229804">
        <ele>450.800695</ele>
        <time>2026-02-16T17:31:57.716Z</time>
      </trkpt>
      <trkpt lat="49.101872" lon="12.229910">
        <ele>454.917566</ele>
        <time>2026-02-16T17:32:33.606Z</time>
      </trkpt>
      <trkpt lat="49.102214" lon="12.229996">
        <ele>456.356821</ele>
        <time>2026-02-16T17:32:46.758Z</time>
      </trkpt>
      <trkpt lat="49.102720" lon="12.230319">
        <ele>459.030534</ele>
        <time>2026-02-16T17:33:07.849Z</time>
      </trkpt>
      <trkpt lat="49.103664" lon="12.231091">
        <ele>465.253149</ele>
        <time>2026-02-16T17:33:52.943Z</time>
      </trkpt>
      <trkpt lat="49.104132" lon="12.231367">
        <ele>468.176320</ele>
        <time>2026-02-16T17:34:17.188Z</time>
      </trkpt>
      <trkpt lat="49.104463" lon="12.231505">
        <ele>470.379953</ele>
        <time>2026-02-16T17:34:34.772Z</time>
      </trkpt>
      <trkpt lat="49.104798" lon="12.231597">
        <ele>472.566007</ele>
        <time>2026-02-16T17:34:52.394Z</time>
      </trkpt>
      <trkpt lat="49.105569" lon="12.231804">
        <ele>477.593705</ele>
        <time>2026-02-16T17:35:29.400Z</time>
      </trkpt>
      <trkpt lat="49.106009" lon="12.232017">
        <ele>479.642269</ele>
        <time>2026-02-16T17:35:48.599Z</time>
      </trkpt>
      <trkpt lat="49.106527" lon="12.232424">
        <ele>479.627663</ele>
        <time>2026-02-16T17:36:05.944Z</time>
      </trkpt>
      <trkpt lat="49.106833" lon="12.232598">
        <ele>479.619476</ele>
        <time>2026-02-16T17:36:12.021Z</time>
      </trkpt>
      <trkpt lat="49.107730" lon="12.232549">
        <ele>478.830424</ele>
        <time>2026-02-16T17:36:25.217Z</time>
      </trkpt>
      <trkpt lat="49.107915" lon="12.232575">
        <ele>477.876381</ele>
        <time>2026-02-16T17:36:27.728Z</time>
      </trkpt>
      <trkpt lat="49.108809" lon="12.232783">
        <ele>473.232479</ele>
        <time>2026-02-16T17:36:39.693Z</time>
      </trkpt>
      <trkpt lat="49.109367" lon="12.232836">
        <ele>470.362102</ele>
        <time>2026-02-16T17:36:47.073Z</time>
      </trkpt>
      <trkpt lat="49.109720" lon="12.232800">
        <ele>468.982936</ele>
        <time>2026-02-16T17:36:51.787Z</time>
      </trkpt>
      <trkpt lat="49.110484" lon="12.232606">
        <ele>465.963764</ele>
        <time>2026-02-16T17:37:02.489Z</time>
      </trkpt>
      <trkpt lat="49.110819" lon="12.232419">
        <ele>464.573378</ele>
        <time>2026-02-16T17:37:07.745Z</time>
      </trkpt>
      <trkpt lat="49.111037" lon="12.232199">
        <ele>463.554858</ele>
        <time>2026-02-16T17:37:11.775Z</time>
      </trkpt>
      <trkpt lat="49.111195" lon="12.231954">
        <ele>462.942962</ele>
        <time>2026-02-16T17:37:15.350Z</time>
      </trkpt>
      <trkpt lat="49.111373" lon="12.231545">
        <ele>462.182865</ele>
        <time>2026-02-16T17:37:20.642Z</time>
      </trkpt>
      <trkpt lat="49.111481" lon="12.231149">
        <ele>461.518954</ele>
        <time>2026-02-16T17:37:25.359Z</time>
      </trkpt>
      <trkpt lat="49.111762" lon="12.229545">
        <ele>459.157687</ele>
        <time>2026-02-16T17:37:41.449Z</time>
      </trkpt>
      <trkpt lat="49.111914" lon="12.229167">
        <ele>459.419735</ele>
        <time>2026-02-16T17:37:45.713Z</time>
      </trkpt>
      <trkpt lat="49.112208" lon="12.228771">
        <ele>459.773433</ele>
        <time>2026-02-16T17:37:52.147Z</time>
      </trkpt>
      <trkpt lat="49.112611" lon="12.228422">
        <ele>460.191465</ele>
        <time>2026-02-16T17:38:02.522Z</time>
      </trkpt>
      <trkpt lat="49.113419" lon="12.228094">
        <ele>462.426903</ele>
        <time>2026-02-16T17:38:35.281Z</time>
      </trkpt>
      <trkpt lat="49.113904" lon="12.227727">
        <ele>466.163255</ele>
        <time>2026-02-16T17:39:01.817Z</time>
      </trkpt>
      <trkpt lat="49.114109" lon="12.227500">
        <ele>467.911091</ele>
        <time>2026-02-16T17:39:14.598Z</time>
      </trkpt>
      <trkpt lat="49.114205" lon="12.227352">
        <ele>468.852606</ele>
        <time>2026-02-16T17:39:21.524Z</time>
      </trkpt>
      <trkpt lat="49.114388" lon="12.226942">
        <ele>471.094990</ele>
        <time>2026-02-16T17:39:38.069Z</time>
      </trkpt>
      <trkpt lat="49.115324" lon="12.224569">
        <ele>485.056241</ele>
        <time>2026-02-16T17:41:11.610Z</time>
      </trkpt>
      <trkpt lat="49.115400" lon="12.224423">
        <ele>486.015202</ele>
        <time>2026-02-16T17:41:17.920Z</time>
      </trkpt>
      <trkpt lat="49.115587" lon="12.224182">
        <ele>488.010685</ele>
        <time>2026-02-16T17:41:30.469Z</time>
      </trkpt>
      <trkpt lat="49.115669" lon="12.224098">
        <ele>488.871739</ele>
        <time>2026-02-16T17:41:35.592Z</time>
      </trkpt>
      <trkpt lat="49.115926" lon="12.223949">
        <ele>491.269156</ele>
        <time>2026-02-16T17:41:50.458Z</time>
      </trkpt>
      <trkpt lat="49.116310" lon="12.223839">
        <ele>494.676616</ele>
        <time>2026-02-16T17:42:12.104Z</time>
      </trkpt>
      <trkpt lat="49.116661" lon="12.223694">
        <ele>497.847834</ele>
        <time>2026-02-16T17:42:32.318Z</time>
      </trkpt>
      <trkpt lat="49.116866" lon="12.223472">
        <ele>500.039340</ele>
        <time>2026-02-16T17:42:46.488Z</time>
      </trkpt>
      <trkpt lat="49.117079" lon="12.223123">
        <ele>502.763330</ele>
        <time>2026-02-16T17:43:04.134Z</time>
      </trkpt>
      <trkpt lat="49.117677" lon="12.222074">
        <ele>509.865721</ele>
        <time>2026-02-16T17:43:57.788Z</time>
      </trkpt>
      <trkpt lat="49.117877" lon="12.221612">
        <ele>512.685549</ele>
        <time>2026-02-16T17:44:17.703Z</time>
      </trkpt>
      <trkpt lat="49.117957" lon="12.221333">
        <ele>514.236184</ele>
        <time>2026-02-16T17:44:27.749Z</time>
      </trkpt>
      <trkpt lat="49.117993" lon="12.221080">
        <ele>515.554223</ele>
        <time>2026-02-16T17:44:35.810Z</time>
      </trkpt>
      <trkpt lat="49.118013" lon="12.220639">
        <ele>516.671720</ele>
        <time>2026-02-16T17:44:47.524Z</time>
      </trkpt>
      <trkpt lat="49.117989" lon="12.220252">
        <ele>516.047590</ele>
        <time>2026-02-16T17:44:55.056Z</time>
      </trkpt>
      <trkpt lat="49.117879" lon="12.219485">
        <ele>514.786915</ele>
        <time>2026-02-16T17:45:03.579Z</time>
      </trkpt>
      <trkpt lat="49.117817" lon="12.219270">
        <ele>514.409701</ele>
        <time>2026-02-16T17:45:05.668Z</time>
      </trkpt>
      <trkpt lat="49.117596" lon="12.218740">
        <ele>513.400734</ele>
        <time>2026-02-16T17:45:10.912Z</time>
      </trkpt>
      <trkpt lat="49.117068" lon="12.217754">
        <ele>512.825635</ele>
        <time>2026-02-16T17:45:21.566Z</time>
      </trkpt>
      <trkpt lat="49.116854" lon="12.217149">
        <ele>513.102180</ele>
        <time>2026-02-16T17:45:29.108Z</time>
      </trkpt>
      <trkpt lat="49.117145" lon="12.216752">
        <ele>513.341873</ele>
        <time>2026-02-16T17:45:41.544Z</time>
      </trkpt>
      <trkpt lat="49.117463" lon="12.215639">
        <ele>516.580488</ele>
        <time>2026-02-16T17:46:22.780Z</time>
      </trkpt>
      <trkpt lat="49.117546" lon="12.215203">
        <ele>519.351452</ele>
        <time>2026-02-16T17:46:41.505Z</time>
      </trkpt>
      <trkpt lat="49.117552" lon="12.215036">
        <ele>520.372109</ele>
        <time>2026-02-16T17:46:48.257Z</time>
      </trkpt>
      <trkpt lat="49.117721" lon="12.214920">
        <ele>522.099543</ele>
        <time>2026-02-16T17:46:58.596Z</time>
      </trkpt>
      <trkpt lat="49.117962" lon="12.214572">
        <ele>525.191333</ele>
        <time>2026-02-16T17:47:16.057Z</time>
      </trkpt>
      <trkpt lat="49.117962" lon="12.214571">
        <ele>525.197435</ele>
        <time>2026-02-16T17:47:16.068Z</time>
      </trkpt>
      <trkpt lat="49.118053" lon="12.214358">
        <ele>526.749675</ele>
        <time>2026-02-16T17:47:24.314Z</time>
      </trkpt>
      <trkpt lat="49.118149" lon="12.213971">
        <ele>529.275262</ele>
        <time>2026-02-16T17:47:38.120Z</time>
      </trkpt>
      <trkpt lat="49.118285" lon="12.213588">
        <ele>531.768531</ele>
        <time>2026-02-16T17:47:54.437Z</time>
      </trkpt>
      <trkpt lat="49.118545" lon="12.213010">
        <ele>535.584044</ele>
        <time>2026-02-16T17:48:21.874Z</time>
      </trkpt>
      <trkpt lat="49.118646" lon="12.212865">
        <ele>536.736020</ele>
        <time>2026-02-16T17:48:29.707Z</time>
      </trkpt>
      <trkpt lat="49.118997" lon="12.212498">
        <ele>540.271307</ele>
        <time>2026-02-16T17:48:51.126Z</time>
      </trkpt>
      <trkpt lat="49.119134" lon="12.212429">
        <ele>541.470334</ele>
        <time>2026-02-16T17:48:57.524Z</time>
      </trkpt>
      <trkpt lat="49.119467" lon="12.212421">
        <ele>544.238598</ele>
        <time>2026-02-16T17:49:11.145Z</time>
      </trkpt>
      <trkpt lat="49.119554" lon="12.212437">
        <ele>544.966968</ele>
        <time>2026-02-16T17:49:14.557Z</time>
      </trkpt>
      <trkpt lat="49.120199" lon="12.212904">
        <ele>545.792547</ele>
        <time>2026-02-16T17:49:35.852Z</time>
      </trkpt>
      <trkpt lat="49.120622" lon="12.213021">
        <ele>546.073374</ele>
        <time>2026-02-16T17:49:41.541Z</time>
      </trkpt>
      <trkpt lat="49.121143" lon="12.213052">
        <ele>546.413989</ele>
        <time>2026-02-16T17:49:47.202Z</time>
      </trkpt>
      <trkpt lat="49.121375" lon="12.213046">
        <ele>546.262676</ele>
        <time>2026-02-16T17:49:49.678Z</time>
      </trkpt>
      <trkpt lat="49.121497" lon="12.213049">
        <ele>545.624730</ele>
        <time>2026-02-16T17:49:50.998Z</time>
      </trkpt>
      <trkpt lat="49.121519" lon="12.212973">
        <ele>545.340374</ele>
        <time>2026-02-16T17:49:51.794Z</time>
      </trkpt>
      <trkpt lat="49.121630" lon="12.212871">
        <ele>544.663158</ele>
        <time>2026-02-16T17:49:53.713Z</time>
      </trkpt>
      <trkpt lat="49.121895" lon="12.212763">
        <ele>543.229198</ele>
        <time>2026-02-16T17:49:57.599Z</time>
      </trkpt>
      <trkpt lat="49.122542" lon="12.212673">
        <ele>539.832442</ele>
        <time>2026-02-16T17:50:06.167Z</time>
      </trkpt>
      <trkpt lat="49.122982" lon="12.212523">
        <ele>537.475392</ele>
        <time>2026-02-16T17:50:11.973Z</time>
      </trkpt>
      <trkpt lat="49.123349" lon="12.212334">
        <ele>534.347166</ele>
        <time>2026-02-16T17:50:16.860Z</time>
      </trkpt>
      <trkpt lat="49.123525" lon="12.212320">
        <ele>532.819613</ele>
        <time>2026-02-16T17:50:19.053Z</time>
      </trkpt>
      <trkpt lat="49.123820" lon="12.212314">
        <ele>530.262463</ele>
        <time>2026-02-16T17:50:21.614Z</time>
      </trkpt>
      <trkpt lat="49.124300" lon="12.212377">
        <ele>526.086726</ele>
        <time>2026-02-16T17:50:25.798Z</time>
      </trkpt>
      <trkpt lat="49.125083" lon="12.212416">
        <ele>519.462649</ele>
        <time>2026-02-16T17:50:32.610Z</time>
      </trkpt>
      <trkpt lat="49.125584" lon="12.212183">
        <ele>515.260109</ele>
        <time>2026-02-16T17:50:37.169Z</time>
      </trkpt>
      <trkpt lat="49.125714" lon="12.212147">
        <ele>514.199883</ele>
        <time>2026-02-16T17:50:38.324Z</time>
      </trkpt>
      <trkpt lat="49.125837" lon="12.212155">
        <ele>513.211929</ele>
        <time>2026-02-16T17:50:39.400Z</time>
      </trkpt>
      <trkpt lat="49.125964" lon="12.212189">
        <ele>512.177247</ele>
        <time>2026-02-16T17:50:40.527Z</time>
      </trkpt>
      <trkpt lat="49.126790" lon="12.212779">
        <ele>506.200420</ele>
        <time>2026-02-16T17:50:48.750Z</time>
      </trkpt>
      <trkpt lat="49.126951" lon="12.212858">
        <ele>505.653855</ele>
        <time>2026-02-16T17:50:50.353Z</time>
      </trkpt>
      <trkpt lat="49.127096" lon="12.212866">
        <ele>505.184871</ele>
        <time>2026-02-16T17:50:51.765Z</time>
      </trkpt>
      <trkpt lat="49.127217" lon="12.212821">
        <ele>504.782351</ele>
        <time>2026-02-16T17:50:53.002Z</time>
      </trkpt>
      <trkpt lat="49.127372" lon="12.212636">
        <ele>504.146647</ele>
        <time>2026-02-16T17:50:55.021Z</time>
      </trkpt>
      <trkpt lat="49.127439" lon="12.212502">
        <ele>503.789953</ele>
        <time>2026-02-16T17:50:56.196Z</time>
      </trkpt>
      <trkpt lat="49.128010" lon="12.210440">
        <ele>499.135485</ele>
        <time>2026-02-16T17:51:13.822Z</time>
      </trkpt>
      <trkpt lat="49.128033" lon="12.210231">
        <ele>498.703525</ele>
        <time>2026-02-16T17:51:15.310Z</time>
      </trkpt>
      <trkpt lat="49.128104" lon="12.207723">
        <ele>491.232880</ele>
        <time>2026-02-16T17:51:30.974Z</time>
      </trkpt>
      <trkpt lat="49.128084" lon="12.207110">
        <ele>488.580439</ele>
        <time>2026-02-16T17:51:34.582Z</time>
      </trkpt>
      <trkpt lat="49.127765" lon="12.205074">
        <ele>480.602377</ele>
        <time>2026-02-16T17:51:46.619Z</time>
      </trkpt>
      <trkpt lat="49.127750" lon="12.204673">
        <ele>479.300643</ele>
        <time>2026-02-16T17:51:49.011Z</time>
      </trkpt>
      <trkpt lat="49.127801" lon="12.204248">
        <ele>477.900280</ele>
        <time>2026-02-16T17:51:51.685Z</time>
      </trkpt>
      <trkpt lat="49.127904" lon="12.203938">
        <ele>476.773503</ele>
        <time>2026-02-16T17:51:53.946Z</time>
      </trkpt>
      <trkpt lat="49.127959" lon="12.203873">
        <ele>476.429150</ele>
        <time>2026-02-16T17:51:54.667Z</time>
      </trkpt>
      <trkpt lat="49.128076" lon="12.203815">
        <ele>475.819956</ele>
        <time>2026-02-16T17:51:55.990Z</time>
      </trkpt>
      <trkpt lat="49.128238" lon="12.203859">
        <ele>475.005043</ele>
        <time>2026-02-16T17:51:57.877Z</time>
      </trkpt>
      <trkpt lat="49.131363" lon="12.205677">
        <ele>481.742329</ele>
        <time>2026-02-16T17:53:18.449Z</time>
      </trkpt>
      <trkpt lat="49.131662" lon="12.205848">
        <ele>482.690134</ele>
        <time>2026-02-16T17:53:26.345Z</time>
      </trkpt>
      <trkpt lat="49.131804" lon="12.205895">
        <ele>483.572664</ele>
        <time>2026-02-16T17:53:30.137Z</time>
      </trkpt>
      <trkpt lat="49.132021" lon="12.205883">
        <ele>484.891625</ele>
        <time>2026-02-16T17:53:36.159Z</time>
      </trkpt>
      <trkpt lat="49.132208" lon="12.205791">
        <ele>486.084900</ele>
        <time>2026-02-16T17:53:42.257Z</time>
      </trkpt>
      <trkpt lat="49.132677" lon="12.205428">
        <ele>489.278180</ele>
        <time>2026-02-16T17:54:01.733Z</time>
      </trkpt>
      <trkpt lat="49.132920" lon="12.205191">
        <ele>491.029148</ele>
        <time>2026-02-16T17:54:14.900Z</time>
      </trkpt>
      <trkpt lat="49.133448" lon="12.204604">
        <ele>496.145919</ele>
        <time>2026-02-16T17:54:50.018Z</time>
      </trkpt>
      <trkpt lat="49.133601" lon="12.204311">
        <ele>498.673773</ele>
        <time>2026-02-16T17:55:04.419Z</time>
      </trkpt>
      <trkpt lat="49.133685" lon="12.203984">
        <ele>501.042660</ele>
        <time>2026-02-16T17:55:18.202Z</time>
      </trkpt>
      <trkpt lat="49.133692" lon="12.203712">
        <ele>502.878233</ele>
        <time>2026-02-16T17:55:28.943Z</time>
      </trkpt>
      <trkpt lat="49.133666" lon="12.203587">
        <ele>503.762702</ele>
        <time>2026-02-16T17:55:34.038Z</time>
      </trkpt>
      <trkpt lat="49.133519" lon="12.203310">
        <ele>506.167728</ele>
        <time>2026-02-16T17:55:47.875Z</time>
      </trkpt>
      <trkpt lat="49.133187" lon="12.203079">
        <ele>509.927228</ele>
        <time>2026-02-16T17:56:08.876Z</time>
      </trkpt>
      <trkpt lat="49.133155" lon="12.203000">
        <ele>510.553769</ele>
        <time>2026-02-16T17:56:12.297Z</time>
      </trkpt>
      <trkpt lat="49.133147" lon="12.202821">
        <ele>511.763631</ele>
        <time>2026-02-16T17:56:18.719Z</time>
      </trkpt>
      <trkpt lat="49.133405" lon="12.201876">
        <ele>517.158857</ele>
        <time>2026-02-16T17:56:52.961Z</time>
      </trkpt>
      <trkpt lat="49.133497" lon="12.201363">
        <ele>519.948048</ele>
        <time>2026-02-16T17:57:09.495Z</time>
      </trkpt>
      <trkpt lat="49.133494" lon="12.201086">
        <ele>521.400729</ele>
        <time>2026-02-16T17:57:18.273Z</time>
      </trkpt>
      <trkpt lat="49.133378" lon="12.200201">
        <ele>526.133535</ele>
        <time>2026-02-16T17:57:43.954Z</time>
      </trkpt>
      <trkpt lat="49.133389" lon="12.200024">
        <ele>526.578213</ele>
        <time>2026-02-16T17:57:48.432Z</time>
      </trkpt>
      <trkpt lat="49.133408" lon="12.199953">
        <ele>526.726111</ele>
        <time>2026-02-16T17:57:50.385Z</time>
      </trkpt>
      <trkpt lat="49.133486" lon="12.199843">
        <ele>527.038855</ele>
        <time>2026-02-16T17:57:54.194Z</time>
      </trkpt>
      <trkpt lat="49.133672" lon="12.199687">
        <ele>527.664050</ele>
        <time>2026-02-16T17:58:01.318Z</time>
      </trkpt>
      <trkpt lat="49.134395" lon="12.199148">
        <ele>530.034475</ele>
        <time>2026-02-16T17:58:22.492Z</time>
      </trkpt>
      <trkpt lat="49.134788" lon="12.199011">
        <ele>531.222281</ele>
        <time>2026-02-16T17:58:29.982Z</time>
      </trkpt>
      <trkpt lat="49.134880" lon="12.199003">
        <ele>531.493818</ele>
        <time>2026-02-16T17:58:31.382Z</time>
      </trkpt>
      <trkpt lat="49.135329" lon="12.198970">
        <ele>530.964171</ele>
        <time>2026-02-16T17:58:37.584Z</time>
      </trkpt>
      <trkpt lat="49.135392" lon="12.198961">
        <ele>530.868084</ele>
        <time>2026-02-16T17:58:38.369Z</time>
      </trkpt>
      <trkpt lat="49.135555" lon="12.199018">
        <ele>530.614161</ele>
        <time>2026-02-16T17:58:40.345Z</time>
      </trkpt>
      <trkpt lat="49.135647" lon="12.198999">
        <ele>530.473182</ele>
        <time>2026-02-16T17:58:41.410Z</time>
      </trkpt>
      <trkpt lat="49.135715" lon="12.198919">
        <ele>530.342871</ele>
        <time>2026-02-16T17:58:42.407Z</time>
      </trkpt>
      <trkpt lat="49.135930" lon="12.198468">
        <ele>529.788449</ele>
        <time>2026-02-16T17:58:46.544Z</time>
      </trkpt>
      <trkpt lat="49.136086" lon="12.198264">
        <ele>529.476678</ele>
        <time>2026-02-16T17:58:48.783Z</time>
      </trkpt>
      <trkpt lat="49.136235" lon="12.198117">
        <ele>529.207368</ele>
        <time>2026-02-16T17:58:50.660Z</time>
      </trkpt>
      <trkpt lat="49.136710" lon="12.197780">
        <ele>527.910934</ele>
        <time>2026-02-16T17:58:55.927Z</time>
      </trkpt>
      <trkpt lat="49.136904" lon="12.197606">
        <ele>527.189995</ele>
        <time>2026-02-16T17:58:58.127Z</time>
      </trkpt>
      <trkpt lat="49.137191" lon="12.197154">
        <ele>525.869194</ele>
        <time>2026-02-16T17:59:02.123Z</time>
      </trkpt>
      <trkpt lat="49.137348" lon="12.196683">
        <ele>524.760737</ele>
        <time>2026-02-16T17:59:05.554Z</time>
      </trkpt>
      <trkpt lat="49.137478" lon="12.195739">
        <ele>522.834612</ele>
        <time>2026-02-16T17:59:12.217Z</time>
      </trkpt>
      <trkpt lat="49.137592" lon="12.195272">
        <ele>522.069762</ele>
        <time>2026-02-16T17:59:15.901Z</time>
      </trkpt>
      <trkpt lat="49.137750" lon="12.194890">
        <ele>521.376285</ele>
        <time>2026-02-16T17:59:19.301Z</time>
      </trkpt>
      <trkpt lat="49.138086" lon="12.194320">
        <ele>520.198994</ele>
        <time>2026-02-16T17:59:24.966Z</time>
      </trkpt>
      <trkpt lat="49.138604" lon="12.193221">
        <ele>517.639577</ele>
        <time>2026-02-16T17:59:33.981Z</time>
      </trkpt>
      <trkpt lat="49.138944" lon="12.192559">
        <ele>515.530247</ele>
        <time>2026-02-16T17:59:39.308Z</time>
      </trkpt>
      <trkpt lat="49.139300" lon="12.192088">
        <ele>513.726537</ele>
        <time>2026-02-16T17:59:43.912Z</time>
      </trkpt>
      <trkpt lat="49.139677" lon="12.191728">
        <ele>512.023637</ele>
        <time>2026-02-16T17:59:48.274Z</time>
      </trkpt>
      <trkpt lat="49.140304" lon="12.191345">
        <ele>508.876662</ele>
        <time>2026-02-16T17:59:54.887Z</time>
      </trkpt>
      <trkpt lat="49.141392" lon="12.190407">
        <ele>503.026867</ele>
        <time>2026-02-16T18:00:06.609Z</time>
      </trkpt>
      <trkpt lat="49.142059" lon="12.189761">
        <ele>499.241980</ele>
        <time>2026-02-16T18:00:14.012Z</time>
      </trkpt>
      <trkpt lat="49.142725" lon="12.189050">
        <ele>495.348148</ele>
        <time>2026-02-16T18:00:21.815Z</time>
      </trkpt>
      <trkpt lat="49.144277" lon="12.187999">
        <ele>487.629169</ele>
        <time>2026-02-16T18:00:38.156Z</time>
      </trkpt>
      <trkpt lat="49.144515" lon="12.187892">
        <ele>486.472561</ele>
        <time>2026-02-16T18:00:40.491Z</time>
      </trkpt>
      <trkpt lat="49.144973" lon="12.187638">
        <ele>484.033888</ele>
        <time>2026-02-16T18:00:45.047Z</time>
      </trkpt>
      <trkpt lat="49.145297" lon="12.187400">
        <ele>482.234624</ele>
        <time>2026-02-16T18:00:48.395Z</time>
      </trkpt>
      <trkpt lat="49.145594" lon="12.187148">
        <ele>480.534387</ele>
        <time>2026-02-16T18:00:51.582Z</time>
      </trkpt>
      <trkpt lat="49.145884" lon="12.186836">
        <ele>478.759385</ele>
        <time>2026-02-16T18:00:54.936Z</time>
      </trkpt>
      <trkpt lat="49.147171" lon="12.184999">
        <ele>470.666916</ele>
        <time>2026-02-16T18:01:11.810Z</time>
      </trkpt>
      <trkpt lat="49.147513" lon="12.184204">
        <ele>467.945243</ele>
        <time>2026-02-16T18:01:17.767Z</time>
      </trkpt>
      <trkpt lat="49.147691" lon="12.183283">
        <ele>465.261514</ele>
        <time>2026-02-16T18:01:23.794Z</time>
      </trkpt>
      <trkpt lat="49.147696" lon="12.183093">
        <ele>464.730130</ele>
        <time>2026-02-16T18:01:24.991Z</time>
      </trkpt>
      <trkpt lat="49.147707" lon="12.182697">
        <ele>463.622512</ele>
        <time>2026-02-16T18:01:27.503Z</time>
      </trkpt>
      <trkpt lat="49.147748" lon="12.181207">
        <ele>459.346244</ele>
        <time>2026-02-16T18:01:37.117Z</time>
      </trkpt>
      <trkpt lat="49.147906" lon="12.180101">
        <ele>456.044404</ele>
        <time>2026-02-16T18:01:44.454Z</time>
      </trkpt>
      <trkpt lat="49.147982" lon="12.179705">
        <ele>454.840729</ele>
        <time>2026-02-16T18:01:47.018Z</time>
      </trkpt>
      <trkpt lat="49.148201" lon="12.178957">
        <ele>450.774496</ele>
        <time>2026-02-16T18:01:51.927Z</time>
      </trkpt>
      <trkpt lat="49.148667" lon="12.177932">
        <ele>442.991985</ele>
        <time>2026-02-16T18:01:59.010Z</time>
      </trkpt>
      <trkpt lat="49.149208" lon="12.176905">
        <ele>434.956271</ele>
        <time>2026-02-16T18:02:06.263Z</time>
      </trkpt>
      <trkpt lat="49.149228" lon="12.176715">
        <ele>433.867227</ele>
        <time>2026-02-16T18:02:07.331Z</time>
      </trkpt>
      <trkpt lat="49.149572" lon="12.175978">
        <ele>428.743544</ele>
        <time>2026-02-16T18:02:12.407Z</time>
      </trkpt>
      <trkpt lat="49.149727" lon="12.175690">
        <ele>426.632978</ele>
        <time>2026-02-16T18:02:14.562Z</time>
      </trkpt>
      <trkpt lat="49.149935" lon="12.175222">
        <ele>423.431058</ele>
        <time>2026-02-16T18:02:17.877Z</time>
      </trkpt>
      <trkpt lat="49.150032" lon="12.174921">
        <ele>421.532210</ele>
        <time>2026-02-16T18:02:19.930Z</time>
      </trkpt>
      <trkpt lat="49.150133" lon="12.174551">
        <ele>421.361664</ele>
        <time>2026-02-16T18:02:22.560Z</time>
      </trkpt>
      <trkpt lat="49.150231" lon="12.174297">
        <ele>421.483859</ele>
        <time>2026-02-16T18:02:24.693Z</time>
      </trkpt>
      <trkpt lat="49.150444" lon="12.174010">
        <ele>421.663722</ele>
        <time>2026-02-16T18:02:27.848Z</time>
      </trkpt>
      <trkpt lat="49.150565" lon="12.174085">
        <ele>421.746437</ele>
        <time>2026-02-16T18:02:29.477Z</time>
      </trkpt>
      <trkpt lat="49.150734" lon="12.174317">
        <ele>421.890325</ele>
        <time>2026-02-16T18:02:33.600Z</time>
      </trkpt>
      <trkpt lat="49.150799" lon="12.174406">
        <ele>421.945603</ele>
        <time>2026-02-16T18:02:35.660Z</time>
      </trkpt>
      <trkpt lat="49.150901" lon="12.174546">
        <ele>422.032440</ele>
        <time>2026-02-16T18:02:39.227Z</time>
      </trkpt>
      <trkpt lat="49.150932" lon="12.174744">
        <ele>422.116801</ele>
        <time>2026-02-16T18:02:43.766Z</time>
      </trkpt>
      <trkpt lat="49.151043" lon="12.174970">
        <ele>422.233908</ele>
        <time>2026-02-16T18:02:50.553Z</time>
      </trkpt>
      <trkpt lat="49.151258" lon="12.175131">
        <ele>422.712230</ele>
        <time>2026-02-16T18:03:00.383Z</time>
      </trkpt>
      <trkpt lat="49.151539" lon="12.175377">
        <ele>425.344152</ele>
        <time>2026-02-16T18:03:15.702Z</time>
      </trkpt>
      <trkpt lat="49.151657" lon="12.175558">
        <ele>426.702763</ele>
        <time>2026-02-16T18:03:24.364Z</time>
      </trkpt>
      <trkpt lat="49.151864" lon="12.176000">
        <ele>429.592807</ele>
        <time>2026-02-16T18:03:44.792Z</time>
      </trkpt>
      <trkpt lat="49.151994" lon="12.176615">
        <ele>433.028801</ele>
        <time>2026-02-16T18:04:10.701Z</time>
      </trkpt>
      <trkpt lat="49.152114" lon="12.176970">
        <ele>435.153207</ele>
        <time>2026-02-16T18:04:25.308Z</time>
      </trkpt>
      <trkpt lat="49.152230" lon="12.177139">
        <ele>436.455582</ele>
        <time>2026-02-16T18:04:33.915Z</time>
      </trkpt>
      <trkpt lat="49.152453" lon="12.177433">
        <ele>438.610878</ele>
        <time>2026-02-16T18:04:49.489Z</time>
      </trkpt>
      <trkpt lat="49.152577" lon="12.177481">
        <ele>439.518297</ele>
        <time>2026-02-16T18:04:56.245Z</time>
      </trkpt>
      <trkpt lat="49.152716" lon="12.177450">
        <ele>440.514807</ele>
        <time>2026-02-16T18:05:03.627Z</time>
      </trkpt>
      <trkpt lat="49.152794" lon="12.177730">
        <ele>441.926891</ele>
        <time>2026-02-16T18:05:12.909Z</time>
      </trkpt>
      <trkpt lat="49.152888" lon="12.177966">
        <ele>443.208960</ele>
        <time>2026-02-16T18:05:21.239Z</time>
      </trkpt>
      <trkpt lat="49.153427" lon="12.179072">
        <ele>449.608502</ele>
        <time>2026-02-16T18:05:57.350Z</time>
      </trkpt>
      <trkpt lat="49.153481" lon="12.179226">
        <ele>450.206379</ele>
        <time>2026-02-16T18:06:01.590Z</time>
      </trkpt>
      <trkpt lat="49.153671" lon="12.179879">
        <ele>452.487477</ele>
        <time>2026-02-16T18:06:18.607Z</time>
      </trkpt>
      <trkpt lat="49.153791" lon="12.180454">
        <ele>454.413845</ele>
        <time>2026-02-16T18:06:32.185Z</time>
      </trkpt>
      <trkpt lat="49.153855" lon="12.180881">
        <ele>455.812009</ele>
        <time>2026-02-16T18:06:41.618Z</time>
      </trkpt>
      <trkpt lat="49.153895" lon="12.181363">
        <ele>457.362719</ele>
        <time>2026-02-16T18:06:51.974Z</time>
      </trkpt>
      <trkpt lat="49.153903" lon="12.183317">
        <ele>462.650286</ele>
        <time>2026-02-16T18:07:31.469Z</time>
      </trkpt>
      <trkpt lat="49.153975" lon="12.184202">
        <ele>464.965406</ele>
        <time>2026-02-16T18:07:48.577Z</time>
      </trkpt>
      <trkpt lat="49.154026" lon="12.184578">
        <ele>465.868587</ele>
        <time>2026-02-16T18:07:56.339Z</time>
      </trkpt>
      <trkpt lat="49.154166" lon="12.185179">
        <ele>467.022061</ele>
        <time>2026-02-16T18:08:09.563Z</time>
      </trkpt>
      <trkpt lat="49.154307" lon="12.185636">
        <ele>467.935640</ele>
        <time>2026-02-16T18:08:19.484Z</time>
      </trkpt>
      <trkpt lat="49.154584" lon="12.186354">
        <ele>469.442797</ele>
        <time>2026-02-16T18:08:34.888Z</time>
      </trkpt>
      <trkpt lat="49.155600" lon="12.188785">
        <ele>470.010266</ele>
        <time>2026-02-16T18:09:04.764Z</time>
      </trkpt>
      <trkpt lat="49.156448" lon="12.191085">
        <ele>466.793912</ele>
        <time>2026-02-16T18:09:22.377Z</time>
      </trkpt>
      <trkpt lat="49.156912" lon="12.192177">
        <ele>466.442883</ele>
        <time>2026-02-16T18:09:33.234Z</time>
      </trkpt>
      <trkpt lat="49.157353" lon="12.192688">
        <ele>467.148450</ele>
        <time>2026-02-16T18:09:44.330Z</time>
      </trkpt>
      <trkpt lat="49.157870" lon="12.193093">
        <ele>467.889182</ele>
        <time>2026-02-16T18:09:57.836Z</time>
      </trkpt>
      <trkpt lat="49.158139" lon="12.193383">
        <ele>468.621097</ele>
        <time>2026-02-16T18:10:06.556Z</time>
      </trkpt>
      <trkpt lat="49.158473" lon="12.193782">
        <ele>470.425509</ele>
        <time>2026-02-16T18:10:19.433Z</time>
      </trkpt>
      <trkpt lat="49.158759" lon="12.194201">
        <ele>472.111722</ele>
        <time>2026-02-16T18:10:32.993Z</time>
      </trkpt>
      <trkpt lat="49.158948" lon="12.194558">
        <ele>473.390511</ele>
        <time>2026-02-16T18:10:43.552Z</time>
      </trkpt>
      <trkpt lat="49.159112" lon="12.195002">
        <ele>474.810194</ele>
        <time>2026-02-16T18:10:55.508Z</time>
      </trkpt>
      <trkpt lat="49.159255" lon="12.195478">
        <ele>475.876431</ele>
        <time>2026-02-16T18:11:07.695Z</time>
      </trkpt>
      <trkpt lat="49.159382" lon="12.196088">
        <ele>476.055353</ele>
        <time>2026-02-16T18:11:19.701Z</time>
      </trkpt>
      <trkpt lat="49.159464" lon="12.196926">
        <ele>476.292175</ele>
        <time>2026-02-16T18:11:29.250Z</time>
      </trkpt>
      <trkpt lat="49.160044" lon="12.197281">
        <ele>476.559179</ele>
        <time>2026-02-16T18:11:38.791Z</time>
      </trkpt>
      <trkpt lat="49.160410" lon="12.197583">
        <ele>476.432374</ele>
        <time>2026-02-16T18:11:44.807Z</time>
      </trkpt>
      <trkpt lat="49.160841" lon="12.198003">
        <ele>476.159993</ele>
        <time>2026-02-16T18:11:52.508Z</time>
      </trkpt>
      <trkpt lat="49.161004" lon="12.198207">
        <ele>476.047735</ele>
        <time>2026-02-16T18:11:56.174Z</time>
      </trkpt>
      <trkpt lat="49.161196" lon="12.198440">
        <ele>475.917101</ele>
        <time>2026-02-16T18:12:01.121Z</time>
      </trkpt>
      <trkpt lat="49.162173" lon="12.200070">
        <ele>478.692447</ele>
        <time>2026-02-16T18:12:46.254Z</time>
      </trkpt>
      <trkpt lat="49.162384" lon="12.200378">
        <ele>479.647730</ele>
        <time>2026-02-16T18:12:56.585Z</time>
      </trkpt>
      <trkpt lat="49.162610" lon="12.200638">
        <ele>480.573921</ele>
        <time>2026-02-16T18:13:06.633Z</time>
      </trkpt>
      <trkpt lat="49.162957" lon="12.200918">
        <ele>482.013990</ele>
        <time>2026-02-16T18:13:20.778Z</time>
      </trkpt>
      <trkpt lat="49.163448" lon="12.201194">
        <ele>484.543656</ele>
        <time>2026-02-16T18:13:40.496Z</time>
      </trkpt>
      <trkpt lat="49.163897" lon="12.201292">
        <ele>486.736904</ele>
        <time>2026-02-16T18:13:58.707Z</time>
      </trkpt>
      <trkpt lat="49.164732" lon="12.201238">
        <ele>490.711792</ele>
        <time>2026-02-16T18:14:34.044Z</time>
      </trkpt>
      <trkpt lat="49.165110" lon="12.201216">
        <ele>492.318580</ele>
        <time>2026-02-16T18:14:49.460Z</time>
      </trkpt>
      <trkpt lat="49.165784" lon="12.201235">
        <ele>495.182006</ele>
        <time>2026-02-16T18:15:14.714Z</time>
      </trkpt>
      <trkpt lat="49.166325" lon="12.201324">
        <ele>497.493260</ele>
        <time>2026-02-16T18:15:33.754Z</time>
      </trkpt>
      <trkpt lat="49.166806" lon="12.201464">
        <ele>498.822239</ele>
        <time>2026-02-16T18:15:49.415Z</time>
      </trkpt>
      <trkpt lat="49.167340" lon="12.201669">
        <ele>500.129193</ele>
        <time>2026-02-16T18:16:05.946Z</time>
      </trkpt>
      <trkpt lat="49.167940" lon="12.201987">
        <ele>501.636592</ele>
        <time>2026-02-16T18:16:24.670Z</time>
      </trkpt>
      <trkpt lat="49.169611" lon="12.202847">
        <ele>503.355669</ele>
        <time>2026-02-16T18:16:58.295Z</time>
      </trkpt>
      <trkpt lat="49.169811" lon="12.202959">
        <ele>503.522535</ele>
        <time>2026-02-16T18:17:01.452Z</time>
      </trkpt>
      <trkpt lat="49.170337" lon="12.203284">
        <ele>502.301267</ele>
        <time>2026-02-16T18:17:08.713Z</time>
      </trkpt>
      <trkpt lat="49.170728" lon="12.203595">
        <ele>501.267503</ele>
        <time>2026-02-16T18:17:13.387Z</time>
      </trkpt>
      <trkpt lat="49.170882" lon="12.203763">
        <ele>500.823800</ele>
        <time>2026-02-16T18:17:15.315Z</time>
      </trkpt>
      <trkpt lat="49.171228" lon="12.204240">
        <ele>499.731170</ele>
        <time>2026-02-16T18:17:19.958Z</time>
      </trkpt>
      <trkpt lat="49.171428" lon="12.204184">
        <ele>499.211512</ele>
        <time>2026-02-16T18:17:21.937Z</time>
      </trkpt>
      <trkpt lat="49.171590" lon="12.204138">
        <ele>498.609609</ele>
        <time>2026-02-16T18:17:23.529Z</time>
      </trkpt>
      <trkpt lat="49.171838" lon="12.204175">
        <ele>497.699358</ele>
        <time>2026-02-16T18:17:25.894Z</time>
      </trkpt>
      <trkpt lat="49.172330" lon="12.204411">
        <ele>495.815759</ele>
        <time>2026-02-16T18:17:30.794Z</time>
      </trkpt>
      <trkpt lat="49.172439" lon="12.204754">
        <ele>494.904927</ele>
        <time>2026-02-16T18:17:33.229Z</time>
      </trkpt>
      <trkpt lat="49.172465" lon="12.205282">
        <ele>493.640336</ele>
        <time>2026-02-16T18:17:36.737Z</time>
      </trkpt>
      <trkpt lat="49.172506" lon="12.205614">
        <ele>492.833401</ele>
        <time>2026-02-16T18:17:39.041Z</time>
      </trkpt>
      <trkpt lat="49.172604" lon="12.205981">
        <ele>493.008969</ele>
        <time>2026-02-16T18:17:41.918Z</time>
      </trkpt>
      <trkpt lat="49.172714" lon="12.206411">
        <ele>493.322675</ele>
        <time>2026-02-16T18:17:45.906Z</time>
      </trkpt>
      <trkpt lat="49.172796" lon="12.206657">
        <ele>493.510274</ele>
        <time>2026-02-16T18:17:49.243Z</time>
      </trkpt>
      <trkpt lat="49.172955" lon="12.207016">
        <ele>493.804872</ele>
        <time>2026-02-16T18:17:55.607Z</time>
      </trkpt>
      <trkpt lat="49.173098" lon="12.207251">
        <ele>494.022983</ele>
        <time>2026-02-16T18:18:00.807Z</time>
      </trkpt>
      <trkpt lat="49.173475" lon="12.207849">
        <ele>494.587375</ele>
        <time>2026-02-16T18:18:14.464Z</time>
      </trkpt>
      <trkpt lat="49.173839" lon="12.208514">
        <ele>495.909690</ele>
        <time>2026-02-16T18:18:30.795Z</time>
      </trkpt>
      <trkpt lat="49.174072" lon="12.209211">
        <ele>497.154158</ele>
        <time>2026-02-16T18:18:44.609Z</time>
      </trkpt>
      <trkpt lat="49.174362" lon="12.209715">
        <ele>498.221483</ele>
        <time>2026-02-16T18:18:54.634Z</time>
      </trkpt>
      <trkpt lat="49.174799" lon="12.210086">
        <ele>498.829539</ele>
        <time>2026-02-16T18:19:04.898Z</time>
      </trkpt>
      <trkpt lat="49.175132" lon="12.210459">
        <ele>498.427930</ele>
        <time>2026-02-16T18:19:12.546Z</time>
      </trkpt>
      <trkpt lat="49.175294" lon="12.210736">
        <ele>498.191506</ele>
        <time>2026-02-16T18:19:15.805Z</time>
      </trkpt>
      <trkpt lat="49.175690" lon="12.211663">
        <ele>497.487092</ele>
        <time>2026-02-16T18:19:23.584Z</time>
      </trkpt>
      <trkpt lat="49.176079" lon="12.212485">
        <ele>496.625683</ele>
        <time>2026-02-16T18:19:30.267Z</time>
      </trkpt>
      <trkpt lat="49.176500" lon="12.213152">
        <ele>495.726370</ele>
        <time>2026-02-16T18:19:36.931Z</time>
      </trkpt>
      <trkpt lat="49.176729" lon="12.213881">
        <ele>494.941867</ele>
        <time>2026-02-16T18:19:43.966Z</time>
      </trkpt>
      <trkpt lat="49.176822" lon="12.213973">
        <ele>494.777538</ele>
        <time>2026-02-16T18:19:45.757Z</time>
      </trkpt>
      <trkpt lat="49.177288" lon="12.214706">
        <ele>493.487857</ele>
        <time>2026-02-16T18:19:57.062Z</time>
      </trkpt>
      <trkpt lat="49.177907" lon="12.215374">
        <ele>491.944460</ele>
        <time>2026-02-16T18:20:05.514Z</time>
      </trkpt>
      <trkpt lat="49.178344" lon="12.215971">
        <ele>490.612210</ele>
        <time>2026-02-16T18:20:11.148Z</time>
      </trkpt>
      <trkpt lat="49.178558" lon="12.216405">
        <ele>489.294316</ele>
        <time>2026-02-16T18:20:14.469Z</time>
      </trkpt>
      <trkpt lat="49.178691" lon="12.216850">
        <ele>488.108103</ele>
        <time>2026-02-16T18:20:17.428Z</time>
      </trkpt>
      <trkpt lat="49.178795" lon="12.217375">
        <ele>486.778203</ele>
        <time>2026-02-16T18:20:20.817Z</time>
      </trkpt>
      <trkpt lat="49.178898" lon="12.218202">
        <ele>484.737268</ele>
        <time>2026-02-16T18:20:26.478Z</time>
      </trkpt>
      <trkpt lat="49.178951" lon="12.218387">
        <ele>484.250150</ele>
        <time>2026-02-16T18:20:28.018Z</time>
      </trkpt>
      <trkpt lat="49.179017" lon="12.218488">
        <ele>484.416706</ele>
        <time>2026-02-16T18:20:29.168Z</time>
      </trkpt>
      <trkpt lat="49.179130" lon="12.218492">
        <ele>484.618366</ele>
        <time>2026-02-16T18:20:30.676Z</time>
      </trkpt>
      <trkpt lat="49.179248" lon="12.218436">
        <ele>484.838791</ele>
        <time>2026-02-16T18:20:32.538Z</time>
      </trkpt>
      <trkpt lat="49.179721" lon="12.218189">
        <ele>485.730494</ele>
        <time>2026-02-16T18:20:42.538Z</time>
      </trkpt>
      <trkpt lat="49.179987" lon="12.218015">
        <ele>486.246636</ele>
        <time>2026-02-16T18:20:49.979Z</time>
      </trkpt>
      <trkpt lat="49.180160" lon="12.217775">
        <ele>486.663303</ele>
        <time>2026-02-16T18:20:56.704Z</time>
      </trkpt>
      <trkpt lat="49.180525" lon="12.216568">
        <ele>488.767755</ele>
        <time>2026-02-16T18:21:22.970Z</time>
      </trkpt>
      <trkpt lat="49.180683" lon="12.216028">
        <ele>489.962883</ele>
        <time>2026-02-16T18:21:35.507Z</time>
      </trkpt>
      <trkpt lat="49.180869" lon="12.215657">
        <ele>490.907370</ele>
        <time>2026-02-16T18:21:44.761Z</time>
      </trkpt>
      <trkpt lat="49.181023" lon="12.215565">
        <ele>491.418278</ele>
        <time>2026-02-16T18:21:49.134Z</time>
      </trkpt>
      <trkpt lat="49.181174" lon="12.215565">
        <ele>491.884916</ele>
        <time>2026-02-16T18:21:52.750Z</time>
      </trkpt>
      <trkpt lat="49.181374" lon="12.215630">
        <ele>492.516772</ele>
        <time>2026-02-16T18:21:57.301Z</time>
      </trkpt>
      <trkpt lat="49.181477" lon="12.215649">
        <ele>492.837380</ele>
        <time>2026-02-16T18:21:59.471Z</time>
      </trkpt>
      <trkpt lat="49.181570" lon="12.215646">
        <ele>492.996115</ele>
        <time>2026-02-16T18:22:01.353Z</time>
      </trkpt>
      <trkpt lat="49.181712" lon="12.215555">
        <ele>492.905578</ele>
        <time>2026-02-16T18:22:04.311Z</time>
      </trkpt>
      <trkpt lat="49.181893" lon="12.215378">
        <ele>492.779250</ele>
        <time>2026-02-16T18:22:08.131Z</time>
      </trkpt>
      <trkpt lat="49.182018" lon="12.215092">
        <ele>492.647001</ele>
        <time>2026-02-16T18:22:11.778Z</time>
      </trkpt>
      <trkpt lat="49.182714" lon="12.213752">
        <ele>491.989094</ele>
        <time>2026-02-16T18:22:24.241Z</time>
      </trkpt>
      <trkpt lat="49.182827" lon="12.213404">
        <ele>491.789966</ele>
        <time>2026-02-16T18:22:27.232Z</time>
      </trkpt>
      <trkpt lat="49.182950" lon="12.213233">
        <ele>491.651439</ele>
        <time>2026-02-16T18:22:29.342Z</time>
      </trkpt>
      <trkpt lat="49.183339" lon="12.212959">
        <ele>491.294493</ele>
        <time>2026-02-16T18:22:36.038Z</time>
      </trkpt>
      <trkpt lat="49.183566" lon="12.213084">
        <ele>491.093406</ele>
        <time>2026-02-16T18:22:39.995Z</time>
      </trkpt>
      <trkpt lat="49.183869" lon="12.213537">
        <ele>490.740291</ele>
        <time>2026-02-16T18:22:46.038Z</time>
      </trkpt>
      <trkpt lat="49.184111" lon="12.213737">
        <ele>490.511035</ele>
        <time>2026-02-16T18:22:49.341Z</time>
      </trkpt>
      <trkpt lat="49.184410" lon="12.213753">
        <ele>489.536390</ele>
        <time>2026-02-16T18:22:52.585Z</time>
      </trkpt>
      <trkpt lat="49.184664" lon="12.213657">
        <ele>488.520033</ele>
        <time>2026-02-16T18:22:55.197Z</time>
      </trkpt>
      <trkpt lat="49.184903" lon="12.213424">
        <ele>487.419138</ele>
        <time>2026-02-16T18:22:57.869Z</time>
      </trkpt>
      <trkpt lat="49.185159" lon="12.212922">
        <ele>485.802478</ele>
        <time>2026-02-16T18:23:01.683Z</time>
      </trkpt>
      <trkpt lat="49.185527" lon="12.212588">
        <ele>484.140321</ele>
        <time>2026-02-16T18:23:05.679Z</time>
      </trkpt>
      <trkpt lat="49.185834" lon="12.212498">
        <ele>483.239750</ele>
        <time>2026-02-16T18:23:08.824Z</time>
      </trkpt>
      <trkpt lat="49.186171" lon="12.212638">
        <ele>482.661631</ele>
        <time>2026-02-16T18:23:12.972Z</time>
      </trkpt>
      <trkpt lat="49.186923" lon="12.213339">
        <ele>481.203787</ele>
        <time>2026-02-16T18:23:24.968Z</time>
      </trkpt>
      <trkpt lat="49.187233" lon="12.213454">
        <ele>480.675699</ele>
        <time>2026-02-16T18:23:28.599Z</time>
      </trkpt>
      <trkpt lat="49.188032" lon="12.213390">
        <ele>479.519603</ele>
        <time>2026-02-16T18:23:37.000Z</time>
      </trkpt>
      <trkpt lat="49.188170" lon="12.213426">
        <ele>479.321980</ele>
        <time>2026-02-16T18:23:38.481Z</time>
      </trkpt>
      <trkpt lat="49.188328" lon="12.213541">
        <ele>479.074983</ele>
        <time>2026-02-16T18:23:40.361Z</time>
      </trkpt>
      <trkpt lat="49.188692" lon="12.214094">
        <ele>478.350850</ele>
        <time>2026-02-16T18:23:46.854Z</time>
      </trkpt>
      <trkpt lat="49.188915" lon="12.214524">
        <ele>477.754236</ele>
        <time>2026-02-16T18:23:52.673Z</time>
      </trkpt>
      <trkpt lat="49.189243" lon="12.214944">
        <ele>476.662226</ele>
        <time>2026-02-16T18:23:59.547Z</time>
      </trkpt>
      <trkpt lat="49.189504" lon="12.215060">
        <ele>475.968303</ele>
        <time>2026-02-16T18:24:02.813Z</time>
      </trkpt>
      <trkpt lat="49.189768" lon="12.215090">
        <ele>475.292408</ele>
        <time>2026-02-16T18:24:05.556Z</time>
      </trkpt>
      <trkpt lat="49.190067" lon="12.215068">
        <ele>474.528126</ele>
        <time>2026-02-16T18:24:08.434Z</time>
      </trkpt>
      <trkpt lat="49.190218" lon="12.214982">
        <ele>474.116755</ele>
        <time>2026-02-16T18:24:09.947Z</time>
      </trkpt>
      <trkpt lat="49.190865" lon="12.214142">
        <ele>472.092946</ele>
        <time>2026-02-16T18:24:17.890Z</time>
      </trkpt>
      <trkpt lat="49.191558" lon="12.213452">
        <ele>470.194993</ele>
        <time>2026-02-16T18:24:26.833Z</time>
      </trkpt>
      <trkpt lat="49.192031" lon="12.213268">
        <ele>469.151059</ele>
        <time>2026-02-16T18:24:35.401Z</time>
      </trkpt>
      <trkpt lat="49.192662" lon="12.213379">
        <ele>468.388733</ele>
        <time>2026-02-16T18:24:48.426Z</time>
      </trkpt>
      <trkpt lat="49.192804" lon="12.213420">
        <ele>468.215294</ele>
        <time>2026-02-16T18:24:50.855Z</time>
      </trkpt>
      <trkpt lat="49.193089" lon="12.213685">
        <ele>467.815031</ele>
        <time>2026-02-16T18:24:55.239Z</time>
      </trkpt>
      <trkpt lat="49.193239" lon="12.213896">
        <ele>467.570487</ele>
        <time>2026-02-16T18:24:57.545Z</time>
      </trkpt>
      <trkpt lat="49.193660" lon="12.214206">
        <ele>466.664800</ele>
        <time>2026-02-16T18:25:02.192Z</time>
      </trkpt>
      <trkpt lat="49.194649" lon="12.213830">
        <ele>459.075524</ele>
        <time>2026-02-16T18:25:11.296Z</time>
      </trkpt>
      <trkpt lat="49.194795" lon="12.213695">
        <ele>457.805136</ele>
        <time>2026-02-16T18:25:12.772Z</time>
      </trkpt>
      <trkpt lat="49.195081" lon="12.213195">
        <ele>454.571288</ele>
        <time>2026-02-16T18:25:16.534Z</time>
      </trkpt>
      <trkpt lat="49.195259" lon="12.212825">
        <ele>452.356805</ele>
        <time>2026-02-16T18:25:19.162Z</time>
      </trkpt>
      <trkpt lat="49.195383" lon="12.212644">
        <ele>451.100998</ele>
        <time>2026-02-16T18:25:20.659Z</time>
      </trkpt>
      <trkpt lat="49.195514" lon="12.212585">
        <ele>450.100286</ele>
        <time>2026-02-16T18:25:21.858Z</time>
      </trkpt>
      <trkpt lat="49.195787" lon="12.212564">
        <ele>448.097155</ele>
        <time>2026-02-16T18:25:24.264Z</time>
      </trkpt>
      <trkpt lat="49.196043" lon="12.212623">
        <ele>446.199972</ele>
        <time>2026-02-16T18:25:26.560Z</time>
      </trkpt>
      <trkpt lat="49.196472" lon="12.212910">
        <ele>442.768872</ele>
        <time>2026-02-16T18:25:30.778Z</time>
      </trkpt>
      <trkpt lat="49.197501" lon="12.213796">
        <ele>436.479251</ele>
        <time>2026-02-16T18:25:41.894Z</time>
      </trkpt>
      <trkpt lat="49.197906" lon="12.214050">
        <ele>434.458942</ele>
        <time>2026-02-16T18:25:46.162Z</time>
      </trkpt>
      <trkpt lat="49.198404" lon="12.214229">
        <ele>432.069448</ele>
        <time>2026-02-16T18:25:51.198Z</time>
      </trkpt>
      <trkpt lat="49.199089" lon="12.214362">
        <ele>427.983524</ele>
        <time>2026-02-16T18:25:57.885Z</time>
      </trkpt>
      <trkpt lat="49.199903" lon="12.214416">
        <ele>423.162222</ele>
        <time>2026-02-16T18:26:05.270Z</time>
      </trkpt>
      <trkpt lat="49.200298" lon="12.214394">
        <ele>420.575089</ele>
        <time>2026-02-16T18:26:08.761Z</time>
      </trkpt>
      <trkpt lat="49.200727" lon="12.214284">
        <ele>417.127503</ele>
        <time>2026-02-16T18:26:12.585Z</time>
      </trkpt>
      <trkpt lat="49.201139" lon="12.214154">
        <ele>413.793368</ele>
        <time>2026-02-16T18:26:16.269Z</time>
      </trkpt>
      <trkpt lat="49.201595" lon="12.213758">
        <ele>409.637872</ele>
        <time>2026-02-16T18:26:20.883Z</time>
      </trkpt>
      <trkpt lat="49.201825" lon="12.213647">
        <ele>407.726438</ele>
        <time>2026-02-16T18:26:23.027Z</time>
      </trkpt>
      <trkpt lat="49.202009" lon="12.213602">
        <ele>406.242911</ele>
        <time>2026-02-16T18:26:24.700Z</time>
      </trkpt>
      <trkpt lat="49.202283" lon="12.213641">
        <ele>404.047997</ele>
        <time>2026-02-16T18:26:27.197Z</time>
      </trkpt>
      <trkpt lat="49.202444" lon="12.213724">
        <ele>402.692932</ele>
        <time>2026-02-16T18:26:28.724Z</time>
      </trkpt>
      <trkpt lat="49.203213" lon="12.214286">
        <ele>395.895821</ele>
        <time>2026-02-16T18:26:36.221Z</time>
      </trkpt>
      <trkpt lat="49.203676" lon="12.214368">
        <ele>392.217279</ele>
        <time>2026-02-16T18:26:40.284Z</time>
      </trkpt>
      <trkpt lat="49.204448" lon="12.214163">
        <ele>386.283172</ele>
        <time>2026-02-16T18:26:47.159Z</time>
      </trkpt>
      <trkpt lat="49.204881" lon="12.214248">
        <ele>382.976974</ele>
        <time>2026-02-16T18:26:51.072Z</time>
      </trkpt>
      <trkpt lat="49.205135" lon="12.214371">
        <ele>380.959313</ele>
        <time>2026-02-16T18:26:53.496Z</time>
      </trkpt>
      <trkpt lat="49.205355" lon="12.214501">
        <ele>379.197705</ele>
        <time>2026-02-16T18:26:55.648Z</time>
      </trkpt>
      <trkpt lat="49.205618" lon="12.214593">
        <ele>377.472270</ele>
        <time>2026-02-16T18:26:58.106Z</time>
      </trkpt>
      <trkpt lat="49.206252" lon="12.214615">
        <ele>373.416367</ele>
        <time>2026-02-16T18:27:03.929Z</time>
      </trkpt>
      <trkpt lat="49.206346" lon="12.214653">
        <ele>372.794558</ele>
        <time>2026-02-16T18:27:04.821Z</time>
      </trkpt>
      <trkpt lat="49.206439" lon="12.214750">
        <ele>372.074789</ele>
        <time>2026-02-16T18:27:05.855Z</time>
      </trkpt>
      <trkpt lat="49.206641" lon="12.215165">
        <ele>369.912354</ele>
        <time>2026-02-16T18:27:08.948Z</time>
      </trkpt>
      <trkpt lat="49.206666" lon="12.215323">
        <ele>369.233064</ele>
        <time>2026-02-16T18:27:09.907Z</time>
      </trkpt>
      <trkpt lat="49.206523" lon="12.216088">
        <ele>365.537245</ele>
        <time>2026-02-16T18:27:14.570Z</time>
      </trkpt>
      <trkpt lat="49.206430" lon="12.216408">
        <ele>363.790804</ele>
        <time>2026-02-16T18:27:16.583Z</time>
      </trkpt>
      <trkpt lat="49.206387" lon="12.216734">
        <ele>362.132396</ele>
        <time>2026-02-16T18:27:18.490Z</time>
      </trkpt>
      <trkpt lat="49.206390" lon="12.216990">
        <ele>360.855639</ele>
        <time>2026-02-16T18:27:19.960Z</time>
      </trkpt>
      <trkpt lat="49.206364" lon="12.217092">
        <ele>360.309671</ele>
        <time>2026-02-16T18:27:20.588Z</time>
      </trkpt>
      <trkpt lat="49.206212" lon="12.217357">
        <ele>358.551239</ele>
        <time>2026-02-16T18:27:22.607Z</time>
      </trkpt>
      <trkpt lat="49.206149" lon="12.217555">
        <ele>357.453039</ele>
        <time>2026-02-16T18:27:23.872Z</time>
      </trkpt>
      <trkpt lat="49.206069" lon="12.218044">
        <ele>354.939325</ele>
        <time>2026-02-16T18:27:26.776Z</time>
      </trkpt>
      <trkpt lat="49.205919" lon="12.218798">
        <ele>352.775843</ele>
        <time>2026-02-16T18:27:31.419Z</time>
      </trkpt>
      <trkpt lat="49.205860" lon="12.218818">
        <ele>352.578359</ele>
        <time>2026-02-16T18:27:31.987Z</time>
      </trkpt>
      <trkpt lat="49.205820" lon="12.218887">
        <ele>352.381403</ele>
        <time>2026-02-16T18:27:32.550Z</time>
      </trkpt>
      <trkpt lat="49.205322" lon="12.219939">
        <ele>349.607622</ele>
        <time>2026-02-16T18:27:41.529Z</time>
      </trkpt>
      <trkpt lat="49.204611" lon="12.221820">
        <ele>347.800132</ele>
        <time>2026-02-16T18:28:02.079Z</time>
      </trkpt>
      <trkpt lat="49.204534" lon="12.222093">
        <ele>347.718021</ele>
        <time>2026-02-16T18:28:04.741Z</time>
      </trkpt>
      <trkpt lat="49.204189" lon="12.223292">
        <ele>347.358880</ele>
        <time>2026-02-16T18:28:15.670Z</time>
      </trkpt>
      <trkpt lat="49.204046" lon="12.223862">
        <ele>347.194535</ele>
        <time>2026-02-16T18:28:20.649Z</time>
      </trkpt>
      <trkpt lat="49.203966" lon="12.224221">
        <ele>347.092438</ele>
        <time>2026-02-16T18:28:23.799Z</time>
      </trkpt>
      <trkpt lat="49.203258" lon="12.227495">
        <ele>346.730335</ele>
        <time>2026-02-16T18:28:56.537Z</time>
      </trkpt>
      <trkpt lat="49.202273" lon="12.232061">
        <ele>348.351013</ele>
        <time>2026-02-16T18:29:46.316Z</time>
      </trkpt>
      <trkpt lat="49.201610" lon="12.231939">
        <ele>349.232257</ele>
        <time>2026-02-16T18:29:59.423Z</time>
      </trkpt>
      <trkpt lat="49.201439" lon="12.231951">
        <ele>349.458158</ele>
        <time>2026-02-16T18:30:04.060Z</time>
      </trkpt>
      <trkpt lat="49.201304" lon="12.232029">
        <ele>349.835842</ele>
        <time>2026-02-16T18:30:08.425Z</time>
      </trkpt>
      <trkpt lat="49.201308" lon="12.232319">
        <ele>350.543662</ele>
        <time>2026-02-16T18:30:14.708Z</time>
      </trkpt>
      <trkpt lat="49.201310" lon="12.232450">
        <ele>350.863417</ele>
        <time>2026-02-16T18:30:17.808Z</time>
      </trkpt>
      <trkpt lat="49.201305" lon="12.232597">
        <ele>351.222614</ele>
        <time>2026-02-16T18:30:21.350Z</time>
      </trkpt>
      <trkpt lat="49.201239" lon="12.234607">
        <ele>356.133638</ele>
        <time>2026-02-16T18:31:03.382Z</time>
      </trkpt>
      <trkpt lat="49.201302" lon="12.234718">
        <ele>356.256682</ele>
        <time>2026-02-16T18:31:05.599Z</time>
      </trkpt>
      <trkpt lat="49.201298" lon="12.235016">
        <ele>356.234984</ele>
        <time>2026-02-16T18:31:10.212Z</time>
      </trkpt>
      <trkpt lat="49.201326" lon="12.235141">
        <ele>356.225365</ele>
        <time>2026-02-16T18:31:11.995Z</time>
      </trkpt>
      <trkpt lat="49.201411" lon="12.235314">
        <ele>356.209608</ele>
        <time>2026-02-16T18:31:14.848Z</time>
      </trkpt>
      <trkpt lat="49.201480" lon="12.235452">
        <ele>356.196958</ele>
        <time>2026-02-16T18:31:16.920Z</time>
      </trkpt>
      <trkpt lat="49.201507" lon="12.235503">
        <ele>356.192180</ele>
        <time>2026-02-16T18:31:17.522Z</time>
      </trkpt>
      <trkpt lat="49.201508" lon="12.235604">
        <ele>356.184826</ele>
        <time>2026-02-16T18:31:18.555Z</time>
      </trkpt>
      <trkpt lat="49.201139" lon="12.236834">
        <ele>356.086300</ele>
        <time>2026-02-16T18:31:28.159Z</time>
      </trkpt>
      <trkpt lat="49.200959" lon="12.237814">
        <ele>355.562685</ele>
        <time>2026-02-16T18:31:37.405Z</time>
      </trkpt>
      <trkpt lat="49.200905" lon="12.238440">
        <ele>355.111000</ele>
        <time>2026-02-16T18:31:42.215Z</time>
      </trkpt>
      <trkpt lat="49.200865" lon="12.239244">
        <ele>354.534206</ele>
        <time>2026-02-16T18:31:48.017Z</time>
      </trkpt>
      <trkpt lat="49.200933" lon="12.240764">
        <ele>354.518217</ele>
        <time>2026-02-16T18:32:01.356Z</time>
      </trkpt>
      <trkpt lat="49.201020" lon="12.241570">
        <ele>354.899789</ele>
        <time>2026-02-16T18:32:11.629Z</time>
      </trkpt>
      <trkpt lat="49.201050" lon="12.243320">
        <ele>355.796048</ele>
        <time>2026-02-16T18:32:36.058Z</time>
      </trkpt>
      <trkpt lat="49.201035" lon="12.243614">
        <ele>355.965840</ele>
        <time>2026-02-16T18:32:39.647Z</time>
      </trkpt>
      <trkpt lat="49.200905" lon="12.244731">
        <ele>356.619101</ele>
        <time>2026-02-16T18:32:51.720Z</time>
      </trkpt>
      <trkpt lat="49.200888" lon="12.245061">
        <ele>356.809696</ele>
        <time>2026-02-16T18:32:55.097Z</time>
      </trkpt>
      <trkpt lat="49.200698" lon="12.246007">
        <ele>357.755476</ele>
        <time>2026-02-16T18:33:06.703Z</time>
      </trkpt>
      <trkpt lat="49.200529" lon="12.247269">
        <ele>359.169413</ele>
        <time>2026-02-16T18:33:26.322Z</time>
      </trkpt>
      <trkpt lat="49.200492" lon="12.248154">
        <ele>360.069139</ele>
        <time>2026-02-16T18:33:41.046Z</time>
      </trkpt>
      <trkpt lat="49.200501" lon="12.249586">
        <ele>360.902782</ele>
        <time>2026-02-16T18:33:58.563Z</time>
      </trkpt>
      <trkpt lat="49.200534" lon="12.251319">
        <ele>362.549117</ele>
        <time>2026-02-16T18:34:15.878Z</time>
      </trkpt>
      <trkpt lat="49.200522" lon="12.251437">
        <ele>362.755485</ele>
        <time>2026-02-16T18:34:17.385Z</time>
      </trkpt>
      <trkpt lat="49.200513" lon="12.251518">
        <ele>362.897469</ele>
        <time>2026-02-16T18:34:18.434Z</time>
      </trkpt>
      <trkpt lat="49.200464" lon="12.251689">
        <ele>363.220137</ele>
        <time>2026-02-16T18:34:20.855Z</time>
      </trkpt>
      <trkpt lat="49.200032" lon="12.253039">
        <ele>365.817795</ele>
        <time>2026-02-16T18:34:46.059Z</time>
      </trkpt>
      <trkpt lat="49.199965" lon="12.253187">
        <ele>366.128939</ele>
        <time>2026-02-16T18:34:50.213Z</time>
      </trkpt>
      <trkpt lat="49.199897" lon="12.253144">
        <ele>366.323525</ele>
        <time>2026-02-16T18:34:52.978Z</time>
      </trkpt>
      <trkpt lat="49.199784" lon="12.253601">
        <ele>369.020312</ele>
        <time>2026-02-16T18:35:06.082Z</time>
      </trkpt>
      <trkpt lat="49.199660" lon="12.253512">
        <ele>370.198137</ele>
        <time>2026-02-16T18:35:12.296Z</time>
      </trkpt>
      <trkpt lat="49.199100" lon="12.253184">
        <ele>375.354679</ele>
        <time>2026-02-16T18:35:42.257Z</time>
      </trkpt>
      <trkpt lat="49.198475" lon="12.252867">
        <ele>381.017050</ele>
        <time>2026-02-16T18:36:20.269Z</time>
      </trkpt>
      <trkpt lat="49.197995" lon="12.252403">
        <ele>385.894437</ele>
        <time>2026-02-16T18:36:52.718Z</time>
      </trkpt>
      <trkpt lat="49.197783" lon="12.252080">
        <ele>388.463897</ele>
        <time>2026-02-16T18:37:08.607Z</time>
      </trkpt>
      <trkpt lat="49.197460" lon="12.251803">
        <ele>391.644110</ele>
        <time>2026-02-16T18:37:26.337Z</time>
      </trkpt>
      <trkpt lat="49.196958" lon="12.251434">
        <ele>396.427464</ele>
        <time>2026-02-16T18:37:51.145Z</time>
      </trkpt>
      <trkpt lat="49.196441" lon="12.251126">
        <ele>399.776875</ele>
        <time>2026-02-16T18:38:13.490Z</time>
      </trkpt>
      <trkpt lat="49.196065" lon="12.251012">
        <ele>401.883302</ele>
        <time>2026-02-16T18:38:27.393Z</time>
      </trkpt>
      <trkpt lat="49.195841" lon="12.250951">
        <ele>403.133606</ele>
        <time>2026-02-16T18:38:35.188Z</time>
      </trkpt>
      <trkpt lat="49.195540" lon="12.250802">
        <ele>404.872105</ele>
        <time>2026-02-16T18:38:46.129Z</time>
      </trkpt>
      <trkpt lat="49.195273" lon="12.250658">
        <ele>406.427832</ele>
        <time>2026-02-16T18:38:55.982Z</time>
      </trkpt>
      <trkpt lat="49.194937" lon="12.250467">
        <ele>408.216902</ele>
        <time>2026-02-16T18:39:08.247Z</time>
      </trkpt>
      <trkpt lat="49.194664" lon="12.250268">
        <ele>409.638738</ele>
        <time>2026-02-16T18:39:18.508Z</time>
      </trkpt>
      <trkpt lat="49.194502" lon="12.250080">
        <ele>410.594729</ele>
        <time>2026-02-16T18:39:25.573Z</time>
      </trkpt>
      <trkpt lat="49.194439" lon="12.249970">
        <ele>411.044164</ele>
        <time>2026-02-16T18:39:28.950Z</time>
      </trkpt>
      <trkpt lat="49.194372" lon="12.249773">
        <ele>411.726559</ele>
        <time>2026-02-16T18:39:34.167Z</time>
      </trkpt>
      <trkpt lat="49.194004" lon="12.247817">
        <ele>417.279932</ele>
        <time>2026-02-16T18:40:17.587Z</time>
      </trkpt>
      <trkpt lat="49.193979" lon="12.247347">
        <ele>418.301673</ele>
        <time>2026-02-16T18:40:26.025Z</time>
      </trkpt>
      <trkpt lat="49.194053" lon="12.246386">
        <ele>420.398326</ele>
        <time>2026-02-16T18:40:42.810Z</time>
      </trkpt>
      <trkpt lat="49.193509" lon="12.246458">
        <ele>421.983640</ele>
        <time>2026-02-16T18:40:56.305Z</time>
      </trkpt>
      <trkpt lat="49.192906" lon="12.246606">
        <ele>423.298202</ele>
        <time>2026-02-16T18:41:11.688Z</time>
      </trkpt>
      <trkpt lat="49.192806" lon="12.246797">
        <ele>423.642474</ele>
        <time>2026-02-16T18:41:15.799Z</time>
      </trkpt>
      <trkpt lat="49.192413" lon="12.247554">
        <ele>425.002470</ele>
        <time>2026-02-16T18:41:31.314Z</time>
      </trkpt>
      <trkpt lat="49.192166" lon="12.248343">
        <ele>424.578792</ele>
        <time>2026-02-16T18:41:41.858Z</time>
      </trkpt>
      <trkpt lat="49.191902" lon="12.248948">
        <ele>423.471266</ele>
        <time>2026-02-16T18:41:47.720Z</time>
      </trkpt>
      <trkpt lat="49.191735" lon="12.249328">
        <ele>422.774095</ele>
        <time>2026-02-16T18:41:50.901Z</time>
      </trkpt>
      <trkpt lat="49.190836" lon="12.249919">
        <ele>419.893458</ele>
        <time>2026-02-16T18:41:59.977Z</time>
      </trkpt>
      <trkpt lat="49.190080" lon="12.250290">
        <ele>416.568864</ele>
        <time>2026-02-16T18:42:07.308Z</time>
      </trkpt>
      <trkpt lat="49.189714" lon="12.250523">
        <ele>414.908873</ele>
        <time>2026-02-16T18:42:11.211Z</time>
      </trkpt>
      <trkpt lat="49.189013" lon="12.251274">
        <ele>414.512943</ele>
        <time>2026-02-16T18:42:22.542Z</time>
      </trkpt>
      <trkpt lat="49.188592" lon="12.251663">
        <ele>415.198663</ele>
        <time>2026-02-16T18:42:33.966Z</time>
      </trkpt>
      <trkpt lat="49.186077" lon="12.253381">
        <ele>421.932252</ele>
        <time>2026-02-16T18:43:47.957Z</time>
      </trkpt>
      <trkpt lat="49.184644" lon="12.254037">
        <ele>424.701090</ele>
        <time>2026-02-16T18:44:23.059Z</time>
      </trkpt>
      <trkpt lat="49.184325" lon="12.254136">
        <ele>424.767711</ele>
        <time>2026-02-16T18:44:27.261Z</time>
      </trkpt>
      <trkpt lat="49.183851" lon="12.254207">
        <ele>424.596764</ele>
        <time>2026-02-16T18:44:32.783Z</time>
      </trkpt>
      <trkpt lat="49.183352" lon="12.254239">
        <ele>424.417500</ele>
        <time>2026-02-16T18:44:38.354Z</time>
      </trkpt>
      <trkpt lat="49.182772" lon="12.254194">
        <ele>424.210595</ele>
        <time>2026-02-16T18:44:45.957Z</time>
      </trkpt>
      <trkpt lat="49.182386" lon="12.254059">
        <ele>426.137670</ele>
        <time>2026-02-16T18:44:55.106Z</time>
      </trkpt>
      <trkpt lat="49.182055" lon="12.253899">
        <ele>427.827104</ele>
        <time>2026-02-16T18:45:06.613Z</time>
      </trkpt>
      <trkpt lat="49.181289" lon="12.253382">
        <ele>431.901814</ele>
        <time>2026-02-16T18:45:41.935Z</time>
      </trkpt>
      <trkpt lat="49.180910" lon="12.253165">
        <ele>433.579032</ele>
        <time>2026-02-16T18:45:59.713Z</time>
      </trkpt>
      <trkpt lat="49.180710" lon="12.253134">
        <ele>434.242601</ele>
        <time>2026-02-16T18:46:07.981Z</time>
      </trkpt>
      <trkpt lat="49.180418" lon="12.253217">
        <ele>435.222974</ele>
        <time>2026-02-16T18:46:18.733Z</time>
      </trkpt>
      <trkpt lat="49.180175" lon="12.253440">
        <ele>436.158360</ele>
        <time>2026-02-16T18:46:27.334Z</time>
      </trkpt>
      <trkpt lat="49.179784" lon="12.253906">
        <ele>437.794486</ele>
        <time>2026-02-16T18:46:38.303Z</time>
      </trkpt>
      <trkpt lat="49.179140" lon="12.254725">
        <ele>438.098098</ele>
        <time>2026-02-16T18:46:49.225Z</time>
      </trkpt>
      <trkpt lat="49.178864" lon="12.255166">
        <ele>437.461125</ele>
        <time>2026-02-16T18:46:53.477Z</time>
      </trkpt>
      <trkpt lat="49.178734" lon="12.255423">
        <ele>437.122090</ele>
        <time>2026-02-16T18:46:55.697Z</time>
      </trkpt>
      <trkpt lat="49.178667" lon="12.255581">
        <ele>436.925600</ele>
        <time>2026-02-16T18:46:56.979Z</time>
      </trkpt>
      <trkpt lat="49.178252" lon="12.256499">
        <ele>435.875028</ele>
        <time>2026-02-16T18:47:04.965Z</time>
      </trkpt>
      <trkpt lat="49.178065" lon="12.257141">
        <ele>435.453013</ele>
        <time>2026-02-16T18:47:10.454Z</time>
      </trkpt>
      <trkpt lat="49.177775" lon="12.258124">
        <ele>434.805460</ele>
        <time>2026-02-16T18:47:19.894Z</time>
      </trkpt>
      <trkpt lat="49.177536" lon="12.258650">
        <ele>434.420829</ele>
        <time>2026-02-16T18:47:26.025Z</time>
      </trkpt>
      <trkpt lat="49.177259" lon="12.259052">
        <ele>433.615709</ele>
        <time>2026-02-16T18:47:30.995Z</time>
      </trkpt>
      <trkpt lat="49.177098" lon="12.259174">
        <ele>433.206631</ele>
        <time>2026-02-16T18:47:32.970Z</time>
      </trkpt>
      <trkpt lat="49.176669" lon="12.259344">
        <ele>432.197636</ele>
        <time>2026-02-16T18:47:37.429Z</time>
      </trkpt>
      <trkpt lat="49.176468" lon="12.259495">
        <ele>431.687785</ele>
        <time>2026-02-16T18:47:39.677Z</time>
      </trkpt>
      <trkpt lat="49.176265" lon="12.259725">
        <ele>431.112617</ele>
        <time>2026-02-16T18:47:42.203Z</time>
      </trkpt>
      <trkpt lat="49.176056" lon="12.260019">
        <ele>430.466142</ele>
        <time>2026-02-16T18:47:45.032Z</time>
      </trkpt>
      <trkpt lat="49.174490" lon="12.258057">
        <ele>429.429516</ele>
        <time>2026-02-16T18:48:09.555Z</time>
      </trkpt>
      <trkpt lat="49.173957" lon="12.257582">
        <ele>432.150053</ele>
        <time>2026-02-16T18:48:29.071Z</time>
      </trkpt>
      <trkpt lat="49.173676" lon="12.257263">
        <ele>433.693361</ele>
        <time>2026-02-16T18:48:42.660Z</time>
      </trkpt>
      <trkpt lat="49.173398" lon="12.257267">
        <ele>434.919470</ele>
        <time>2026-02-16T18:48:55.980Z</time>
      </trkpt>
      <trkpt lat="49.172520" lon="12.256845">
        <ele>437.032123</ele>
        <time>2026-02-16T18:49:37.865Z</time>
      </trkpt>
      <trkpt lat="49.171848" lon="12.256422">
        <ele>437.470989</ele>
        <time>2026-02-16T18:49:54.998Z</time>
      </trkpt>
      <trkpt lat="49.171522" lon="12.256293">
        <ele>437.674353</ele>
        <time>2026-02-16T18:49:59.918Z</time>
      </trkpt>
      <trkpt lat="49.171186" lon="12.256280">
        <ele>436.992806</ele>
        <time>2026-02-16T18:50:04.406Z</time>
      </trkpt>
      <trkpt lat="49.170686" lon="12.256506">
        <ele>433.197136</ele>
        <time>2026-02-16T18:50:11.101Z</time>
      </trkpt>
      <trkpt lat="49.170062" lon="12.257240">
        <ele>427.466268</ele>
        <time>2026-02-16T18:50:20.922Z</time>
      </trkpt>
      <trkpt lat="49.169570" lon="12.257912">
        <ele>423.392316</ele>
        <time>2026-02-16T18:50:29.170Z</time>
      </trkpt>
      <trkpt lat="49.169427" lon="12.258306">
        <ele>422.008842</ele>
        <time>2026-02-16T18:50:32.943Z</time>
      </trkpt>
      <trkpt lat="49.169349" lon="12.258590">
        <ele>421.063142</ele>
        <time>2026-02-16T18:50:35.558Z</time>
      </trkpt>
      <trkpt lat="49.169277" lon="12.259018">
        <ele>419.706357</ele>
        <time>2026-02-16T18:50:39.381Z</time>
      </trkpt>
      <trkpt lat="49.169217" lon="12.261682">
        <ele>417.508352</ele>
        <time>2026-02-16T18:51:08.497Z</time>
      </trkpt>
      <trkpt lat="49.169173" lon="12.261964">
        <ele>417.740616</ele>
        <time>2026-02-16T18:51:14.553Z</time>
      </trkpt>
      <trkpt lat="49.169095" lon="12.262222">
        <ele>417.968335</ele>
        <time>2026-02-16T18:51:21.033Z</time>
      </trkpt>
      <trkpt lat="49.168832" lon="12.262671">
        <ele>418.451284</ele>
        <time>2026-02-16T18:51:36.345Z</time>
      </trkpt>
      <trkpt lat="49.168560" lon="12.262933">
        <ele>420.144663</ele>
        <time>2026-02-16T18:51:50.629Z</time>
      </trkpt>
      <trkpt lat="49.167439" lon="12.263788">
        <ele>427.046986</ele>
        <time>2026-02-16T18:52:47.703Z</time>
      </trkpt>
      <trkpt lat="49.166751" lon="12.264279">
        <ele>429.317002</ele>
        <time>2026-02-16T18:53:15.036Z</time>
      </trkpt>
      <trkpt lat="49.166369" lon="12.264852">
        <ele>430.283207</ele>
        <time>2026-02-16T18:53:29.375Z</time>
      </trkpt>
      <trkpt lat="49.165755" lon="12.266094">
        <ele>432.138384</ele>
        <time>2026-02-16T18:53:49.484Z</time>
      </trkpt>
      <trkpt lat="49.165559" lon="12.266649">
        <ele>432.908646</ele>
        <time>2026-02-16T18:53:58.579Z</time>
      </trkpt>
      <trkpt lat="49.165326" lon="12.267450">
        <ele>433.979202</ele>
        <time>2026-02-16T18:54:14.169Z</time>
      </trkpt>
      <trkpt lat="49.166650" lon="12.269239">
        <ele>440.065148</ele>
        <time>2026-02-16T18:55:18.751Z</time>
      </trkpt>
      <trkpt lat="49.167390" lon="12.270513">
        <ele>444.256289</ele>
        <time>2026-02-16T18:56:01.103Z</time>
      </trkpt>
      <trkpt lat="49.168459" lon="12.272018">
        <ele>448.009214</ele>
        <time>2026-02-16T18:56:49.403Z</time>
      </trkpt>
      <trkpt lat="49.167965" lon="12.272498">
        <ele>446.594392</ele>
        <time>2026-02-16T18:56:57.638Z</time>
      </trkpt>
      <trkpt lat="49.166226" lon="12.274101">
        <ele>437.652873</ele>
        <time>2026-02-16T18:57:16.633Z</time>
      </trkpt>
      <trkpt lat="49.165698" lon="12.274527">
        <ele>433.830141</ele>
        <time>2026-02-16T18:57:21.850Z</time>
      </trkpt>
      <trkpt lat="49.165141" lon="12.274846">
        <ele>431.923383</ele>
        <time>2026-02-16T18:57:27.158Z</time>
      </trkpt>
      <trkpt lat="49.165000" lon="12.275003">
        <ele>431.625816</ele>
        <time>2026-02-16T18:57:28.801Z</time>
      </trkpt>
      <trkpt lat="49.164748" lon="12.275452">
        <ele>430.965702</ele>
        <time>2026-02-16T18:57:32.714Z</time>
      </trkpt>
      <trkpt lat="49.164639" lon="12.275686">
        <ele>430.645186</ele>
        <time>2026-02-16T18:57:34.964Z</time>
      </trkpt>
      <trkpt lat="49.164508" lon="12.275894">
        <ele>430.323011</ele>
        <time>2026-02-16T18:57:38.055Z</time>
      </trkpt>
      <trkpt lat="49.163661" lon="12.276921">
        <ele>433.041945</ele>
        <time>2026-02-16T18:58:15.490Z</time>
      </trkpt>
      <trkpt lat="49.163484" lon="12.277155">
        <ele>434.350462</ele>
        <time>2026-02-16T18:58:25.112Z</time>
      </trkpt>
      <trkpt lat="49.163334" lon="12.277314">
        <ele>435.371179</ele>
        <time>2026-02-16T18:58:32.592Z</time>
      </trkpt>
      <trkpt lat="49.163110" lon="12.277416">
        <ele>436.678293</ele>
        <time>2026-02-16T18:58:42.086Z</time>
      </trkpt>
      <trkpt lat="49.163008" lon="12.277462">
        <ele>437.273033</ele>
        <time>2026-02-16T18:58:46.380Z</time>
      </trkpt>
      <trkpt lat="49.161985" lon="12.277635">
        <ele>442.617854</ele>
        <time>2026-02-16T18:59:25.840Z</time>
      </trkpt>
      <trkpt lat="49.161855" lon="12.277596">
        <ele>443.269761</ele>
        <time>2026-02-16T18:59:30.338Z</time>
      </trkpt>
      <trkpt lat="49.161526" lon="12.277376">
        <ele>445.036745</ele>
        <time>2026-02-16T18:59:42.266Z</time>
      </trkpt>
      <trkpt lat="49.161293" lon="12.277340">
        <ele>446.189146</ele>
        <time>2026-02-16T18:59:49.902Z</time>
      </trkpt>
      <trkpt lat="49.160969" lon="12.277454">
        <ele>447.825169</ele>
        <time>2026-02-16T19:00:00.559Z</time>
      </trkpt>
      <trkpt lat="49.160151" lon="12.277922">
        <ele>450.943056</ele>
        <time>2026-02-16T19:00:27.547Z</time>
      </trkpt>
      <trkpt lat="49.159923" lon="12.277995">
        <ele>451.720551</ele>
        <time>2026-02-16T19:00:34.530Z</time>
      </trkpt>
      <trkpt lat="49.159740" lon="12.278008">
        <ele>452.332006</ele>
        <time>2026-02-16T19:00:39.962Z</time>
      </trkpt>
      <trkpt lat="49.158735" lon="12.277911">
        <ele>454.315913</ele>
        <time>2026-02-16T19:01:04.834Z</time>
      </trkpt>
      <trkpt lat="49.158322" lon="12.277925">
        <ele>454.156160</ele>
        <time>2026-02-16T19:01:11.161Z</time>
      </trkpt>
      <trkpt lat="49.158135" lon="12.277985">
        <ele>454.082270</ele>
        <time>2026-02-16T19:01:13.502Z</time>
      </trkpt>
      <trkpt lat="49.157909" lon="12.278155">
        <ele>453.984870</ele>
        <time>2026-02-16T19:01:16.378Z</time>
      </trkpt>
      <trkpt lat="49.157647" lon="12.278427">
        <ele>453.862405</ele>
        <time>2026-02-16T19:01:19.772Z</time>
      </trkpt>
      <trkpt lat="49.157452" lon="12.278720">
        <ele>453.767673</ele>
        <time>2026-02-16T19:01:22.668Z</time>
      </trkpt>
      <trkpt lat="49.157428" lon="12.278791">
        <ele>453.780809</ele>
        <time>2026-02-16T19:01:23.221Z</time>
      </trkpt>
      <trkpt lat="49.157164" lon="12.279687">
        <ele>453.942323</ele>
        <time>2026-02-16T19:01:30.359Z</time>
      </trkpt>
      <trkpt lat="49.156806" lon="12.281238">
        <ele>454.212643</ele>
        <time>2026-02-16T19:01:51.403Z</time>
      </trkpt>
      <trkpt lat="49.156742" lon="12.281433">
        <ele>454.768505</ele>
        <time>2026-02-16T19:01:55.442Z</time>
      </trkpt>
      <trkpt lat="49.156157" lon="12.282700">
        <ele>459.022402</ele>
        <time>2026-02-16T19:02:27.701Z</time>
      </trkpt>
      <trkpt lat="49.154904" lon="12.285673">
        <ele>470.653599</ele>
        <time>2026-02-16T19:03:50.747Z</time>
      </trkpt>
      <trkpt lat="49.154249" lon="12.287899">
        <ele>479.663827</ele>
        <time>2026-02-16T19:04:51.559Z</time>
      </trkpt>
      <trkpt lat="49.154071" lon="12.288381">
        <ele>481.676343</ele>
        <time>2026-02-16T19:05:05.439Z</time>
      </trkpt>
      <trkpt lat="49.154012" lon="12.288640">
        <ele>482.359949</ele>
        <time>2026-02-16T19:05:12.183Z</time>
      </trkpt>
      <trkpt lat="49.153895" lon="12.289615">
        <ele>484.830749</ele>
        <time>2026-02-16T19:05:33.797Z</time>
      </trkpt>
      <trkpt lat="49.153834" lon="12.289884">
        <ele>485.540403</ele>
        <time>2026-02-16T19:05:38.579Z</time>
      </trkpt>
      <trkpt lat="49.153714" lon="12.290178">
        <ele>486.404209</ele>
        <time>2026-02-16T19:05:44.056Z</time>
      </trkpt>
      <trkpt lat="49.153445" lon="12.290326">
        <ele>487.493738</ele>
        <time>2026-02-16T19:05:51.302Z</time>
      </trkpt>
      <trkpt lat="49.152919" lon="12.290135">
        <ele>489.142594</ele>
        <time>2026-02-16T19:06:05.681Z</time>
      </trkpt>
      <trkpt lat="49.152830" lon="12.290133">
        <ele>489.355625</ele>
        <time>2026-02-16T19:06:08.058Z</time>
      </trkpt>
      <trkpt lat="49.152667" lon="12.290211">
        <ele>489.764403</ele>
        <time>2026-02-16T19:06:12.502Z</time>
      </trkpt>
      <trkpt lat="49.152526" lon="12.290371">
        <ele>490.184654</ele>
        <time>2026-02-16T19:06:16.917Z</time>
      </trkpt>
      <trkpt lat="49.152318" lon="12.290854">
        <ele>491.089900</ele>
        <time>2026-02-16T19:06:25.819Z</time>
      </trkpt>
      <trkpt lat="49.152213" lon="12.291222">
        <ele>491.718387</ele>
        <time>2026-02-16T19:06:32.088Z</time>
      </trkpt>
      <trkpt lat="49.152204" lon="12.291368">
        <ele>491.947945</ele>
        <time>2026-02-16T19:06:34.626Z</time>
      </trkpt>
      <trkpt lat="49.152191" lon="12.291587">
        <ele>492.292172</ele>
        <time>2026-02-16T19:06:38.423Z</time>
      </trkpt>
      <trkpt lat="49.152087" lon="12.291939">
        <ele>492.824808</ele>
        <time>2026-02-16T19:06:44.656Z</time>
      </trkpt>
      <trkpt lat="49.152032" lon="12.291858">
        <ele>492.916294</ele>
        <time>2026-02-16T19:06:46.336Z</time>
      </trkpt>
      <trkpt lat="49.151704" lon="12.291629">
        <ele>493.348265</ele>
        <time>2026-02-16T19:06:53.273Z</time>
      </trkpt>
      <trkpt lat="49.151061" lon="12.291383">
        <ele>494.142325</ele>
        <time>2026-02-16T19:07:04.292Z</time>
      </trkpt>
      <trkpt lat="49.150917" lon="12.291197">
        <ele>494.368160</ele>
        <time>2026-02-16T19:07:07.629Z</time>
      </trkpt>
      <trkpt lat="49.150744" lon="12.290923">
        <ele>494.666571</ele>
        <time>2026-02-16T19:07:12.581Z</time>
      </trkpt>
      <trkpt lat="49.150599" lon="12.290615">
        <ele>494.965017</ele>
        <time>2026-02-16T19:07:17.936Z</time>
      </trkpt>
      <trkpt lat="49.150489" lon="12.290303">
        <ele>495.248109</ele>
        <time>2026-02-16T19:07:22.927Z</time>
      </trkpt>
      <trkpt lat="49.150359" lon="12.289879">
        <ele>495.622121</ele>
        <time>2026-02-16T19:07:29.419Z</time>
      </trkpt>
      <trkpt lat="49.150165" lon="12.289332">
        <ele>496.119109</ele>
        <time>2026-02-16T19:07:37.725Z</time>
      </trkpt>
      <trkpt lat="49.149939" lon="12.288730">
        <ele>496.673504</ele>
        <time>2026-02-16T19:07:46.598Z</time>
      </trkpt>
      <trkpt lat="49.149454" lon="12.287089">
        <ele>497.678845</ele>
        <time>2026-02-16T19:08:07.495Z</time>
      </trkpt>
      <trkpt lat="49.149299" lon="12.286685">
        <ele>497.892265</ele>
        <time>2026-02-16T19:08:13.122Z</time>
      </trkpt>
      <trkpt lat="49.149144" lon="12.286264">
        <ele>498.112402</ele>
        <time>2026-02-16T19:08:18.681Z</time>
      </trkpt>
      <trkpt lat="49.148972" lon="12.285891">
        <ele>498.320357</ele>
        <time>2026-02-16T19:08:23.725Z</time>
      </trkpt>
      <trkpt lat="49.148788" lon="12.285561">
        <ele>498.389341</ele>
        <time>2026-02-16T19:08:28.486Z</time>
      </trkpt>
      <trkpt lat="49.148637" lon="12.285352">
        <ele>498.418001</ele>
        <time>2026-02-16T19:08:31.834Z</time>
      </trkpt>
      <trkpt lat="49.148374" lon="12.285088">
        <ele>498.462269</ele>
        <time>2026-02-16T19:08:36.651Z</time>
      </trkpt>
      <trkpt lat="49.147379" lon="12.284094">
        <ele>498.647588</ele>
        <time>2026-02-16T19:08:53.573Z</time>
      </trkpt>
      <trkpt lat="49.147224" lon="12.283905">
        <ele>498.701162</ele>
        <time>2026-02-16T19:08:56.787Z</time>
      </trkpt>
      <trkpt lat="49.147065" lon="12.283569">
        <ele>498.774462</ele>
        <time>2026-02-16T19:09:01.339Z</time>
      </trkpt>
      <trkpt lat="49.146877" lon="12.283048">
        <ele>498.879632</ele>
        <time>2026-02-16T19:09:08.088Z</time>
      </trkpt>
      <trkpt lat="49.146731" lon="12.282730">
        <ele>498.948302</ele>
        <time>2026-02-16T19:09:12.530Z</time>
      </trkpt>
      <trkpt lat="49.146484" lon="12.282309">
        <ele>499.048262</ele>
        <time>2026-02-16T19:09:18.595Z</time>
      </trkpt>
      <trkpt lat="49.146159" lon="12.281953">
        <ele>499.040388</ele>
        <time>2026-02-16T19:09:24.439Z</time>
      </trkpt>
      <trkpt lat="49.145956" lon="12.281777">
        <ele>498.982464</ele>
        <time>2026-02-16T19:09:27.575Z</time>
      </trkpt>
      <trkpt lat="49.145018" lon="12.281320">
        <ele>498.738112</ele>
        <time>2026-02-16T19:09:41.062Z</time>
      </trkpt>
      <trkpt lat="49.144945" lon="12.281287">
        <ele>498.719218</ele>
        <time>2026-02-16T19:09:42.139Z</time>
      </trkpt>
      <trkpt lat="49.144609" lon="12.281133">
        <ele>498.538925</ele>
        <time>2026-02-16T19:09:47.093Z</time>
      </trkpt>
      <trkpt lat="49.144245" lon="12.280981">
        <ele>497.940558</ele>
        <time>2026-02-16T19:09:52.124Z</time>
      </trkpt>
      <trkpt lat="49.143982" lon="12.280927">
        <ele>497.519756</ele>
        <time>2026-02-16T19:09:55.436Z</time>
      </trkpt>
      <trkpt lat="49.143754" lon="12.280948">
        <ele>497.157545</ele>
        <time>2026-02-16T19:09:58.152Z</time>
      </trkpt>
      <trkpt lat="49.143524" lon="12.281021">
        <ele>496.785040</ele>
        <time>2026-02-16T19:10:00.796Z</time>
      </trkpt>
      <trkpt lat="49.142929" lon="12.281349">
        <ele>495.774742</ele>
        <time>2026-02-16T19:10:07.414Z</time>
      </trkpt>
      <trkpt lat="49.142720" lon="12.281385">
        <ele>495.281186</ele>
        <time>2026-02-16T19:10:09.515Z</time>
      </trkpt>
      <trkpt lat="49.142471" lon="12.281362">
        <ele>494.695801</ele>
        <time>2026-02-16T19:10:12.001Z</time>
      </trkpt>
      <trkpt lat="49.141007" lon="12.280820">
        <ele>491.395007</ele>
        <time>2026-02-16T19:10:28.235Z</time>
      </trkpt>
      <trkpt lat="49.140481" lon="12.280665">
        <ele>490.846112</ele>
        <time>2026-02-16T19:10:35.487Z</time>
      </trkpt>
      <trkpt lat="49.140237" lon="12.280653">
        <ele>490.595966</ele>
        <time>2026-02-16T19:10:39.129Z</time>
      </trkpt>
      <trkpt lat="49.139991" lon="12.280704">
        <ele>490.341592</ele>
        <time>2026-02-16T19:10:42.685Z</time>
      </trkpt>
      <trkpt lat="49.139326" lon="12.280926">
        <ele>489.371392</ele>
        <time>2026-02-16T19:10:51.009Z</time>
      </trkpt>
      <trkpt lat="49.139138" lon="12.280915">
        <ele>488.589724</ele>
        <time>2026-02-16T19:10:53.038Z</time>
      </trkpt>
      <trkpt lat="49.139001" lon="12.281403">
        <ele>487.146298</ele>
        <time>2026-02-16T19:10:58.132Z</time>
      </trkpt>
      <trkpt lat="49.138812" lon="12.281823">
        <ele>485.760683</ele>
        <time>2026-02-16T19:11:02.791Z</time>
      </trkpt>
      <trkpt lat="49.138686" lon="12.282031">
        <ele>484.990160</ele>
        <time>2026-02-16T19:11:05.283Z</time>
      </trkpt>
      <trkpt lat="49.138503" lon="12.282596">
        <ele>483.276486</ele>
        <time>2026-02-16T19:11:10.738Z</time>
      </trkpt>
      <trkpt lat="49.138247" lon="12.283196">
        <ele>480.792715</ele>
        <time>2026-02-16T19:11:16.860Z</time>
      </trkpt>
      <trkpt lat="49.138127" lon="12.283364">
        <ele>479.726911</ele>
        <time>2026-02-16T19:11:18.969Z</time>
      </trkpt>
      <trkpt lat="49.137854" lon="12.283721">
        <ele>477.373789</ele>
        <time>2026-02-16T19:11:23.618Z</time>
      </trkpt>
      <trkpt lat="49.136857" lon="12.284866">
        <ele>469.638924</ele>
        <time>2026-02-16T19:11:39.679Z</time>
      </trkpt>
      <trkpt lat="49.136571" lon="12.285452">
        <ele>467.570591</ele>
        <time>2026-02-16T19:11:45.861Z</time>
      </trkpt>
      <trkpt lat="49.136455" lon="12.285796">
        <ele>466.475706</ele>
        <time>2026-02-16T19:11:49.211Z</time>
      </trkpt>
      <trkpt lat="49.136357" lon="12.286192">
        <ele>465.277896</ele>
        <time>2026-02-16T19:11:52.954Z</time>
      </trkpt>
      <trkpt lat="49.136324" lon="12.286452">
        <ele>464.528604</ele>
        <time>2026-02-16T19:11:55.387Z</time>
      </trkpt>
      <trkpt lat="49.136339" lon="12.286643">
        <ele>463.984357</ele>
        <time>2026-02-16T19:11:57.241Z</time>
      </trkpt>
      <trkpt lat="49.136416" lon="12.287029">
        <ele>462.842674</ele>
        <time>2026-02-16T19:12:01.584Z</time>
      </trkpt>
      <trkpt lat="49.136687" lon="12.287675">
        <ele>465.064442</ele>
        <time>2026-02-16T19:12:14.718Z</time>
      </trkpt>
      <trkpt lat="49.136827" lon="12.288036">
        <ele>466.445308</ele>
        <time>2026-02-16T19:12:25.046Z</time>
      </trkpt>
      <trkpt lat="49.136924" lon="12.288424">
        <ele>467.812044</ele>
        <time>2026-02-16T19:12:37.164Z</time>
      </trkpt>
      <trkpt lat="49.136967" lon="12.288883">
        <ele>469.337773</ele>
        <time>2026-02-16T19:12:52.381Z</time>
      </trkpt>
      <trkpt lat="49.136925" lon="12.289349">
        <ele>470.885613</ele>
        <time>2026-02-16T19:13:08.962Z</time>
      </trkpt>
      <trkpt lat="49.136780" lon="12.289891">
        <ele>473.077968</ele>
        <time>2026-02-16T19:13:30.854Z</time>
      </trkpt>
      <trkpt lat="49.136670" lon="12.290108">
        <ele>474.206720</ele>
        <time>2026-02-16T19:13:41.157Z</time>
      </trkpt>
      <trkpt lat="49.136542" lon="12.290257">
        <ele>475.217910</ele>
        <time>2026-02-16T19:13:50.004Z</time>
      </trkpt>
      <trkpt lat="49.136122" lon="12.290524">
        <ele>478.076731</ele>
        <time>2026-02-16T19:14:12.869Z</time>
      </trkpt>
      <trkpt lat="49.136041" lon="12.290599">
        <ele>478.671925</ele>
        <time>2026-02-16T19:14:17.106Z</time>
      </trkpt>
      <trkpt lat="49.136009" lon="12.290688">
        <ele>479.089505</ele>
        <time>2026-02-16T19:14:19.962Z</time>
      </trkpt>
      <trkpt lat="49.136017" lon="12.290782">
        <ele>479.479281</ele>
        <time>2026-02-16T19:14:22.226Z</time>
      </trkpt>
      <trkpt lat="49.136069" lon="12.290896">
        <ele>480.050716</ele>
        <time>2026-02-16T19:14:25.322Z</time>
      </trkpt>
      <trkpt lat="49.136198" lon="12.291082">
        <ele>481.165272</ele>
        <time>2026-02-16T19:14:30.957Z</time>
      </trkpt>
      <trkpt lat="49.136543" lon="12.291319">
        <ele>483.261303</ele>
        <time>2026-02-16T19:14:41.208Z</time>
      </trkpt>
      <trkpt lat="49.136589" lon="12.291379">
        <ele>483.423260</ele>
        <time>2026-02-16T19:14:42.734Z</time>
      </trkpt>
      <trkpt lat="49.137332" lon="12.290995">
        <ele>485.523818</ele>
        <time>2026-02-16T19:15:00.360Z</time>
      </trkpt>
      <trkpt lat="49.137620" lon="12.291019">
        <ele>486.296276</ele>
        <time>2026-02-16T19:15:06.671Z</time>
      </trkpt>
      <trkpt lat="49.137954" lon="12.291116">
        <ele>487.206788</ele>
        <time>2026-02-16T19:15:14.912Z</time>
      </trkpt>
      <trkpt lat="49.138233" lon="12.291314">
        <ele>488.120975</ele>
        <time>2026-02-16T19:15:23.858Z</time>
      </trkpt>
      <trkpt lat="49.138528" lon="12.291618">
        <ele>489.608607</ele>
        <time>2026-02-16T19:15:35.358Z</time>
      </trkpt>
      <trkpt lat="49.138653" lon="12.291823">
        <ele>490.375194</ele>
        <time>2026-02-16T19:15:41.459Z</time>
      </trkpt>
      <trkpt lat="49.138752" lon="12.292121">
        <ele>491.289462</ele>
        <time>2026-02-16T19:15:48.858Z</time>
      </trkpt>
      <trkpt lat="49.138774" lon="12.292405">
        <ele>492.071779</ele>
        <time>2026-02-16T19:15:55.172Z</time>
      </trkpt>
      <trkpt lat="49.138768" lon="12.292655">
        <ele>492.756120</ele>
        <time>2026-02-16T19:16:00.616Z</time>
      </trkpt>
      <trkpt lat="49.138614" lon="12.293399">
        <ele>494.890790</ele>
        <time>2026-02-16T19:16:16.997Z</time>
      </trkpt>
      <trkpt lat="49.138171" lon="12.295248">
        <ele>500.818099</ele>
        <time>2026-02-16T19:16:55.962Z</time>
      </trkpt>
      <trkpt lat="49.138161" lon="12.295310">
        <ele>501.012111</ele>
        <time>2026-02-16T19:16:57.331Z</time>
      </trkpt>
      <trkpt lat="49.137926" lon="12.296292">
        <ele>504.523325</ele>
        <time>2026-02-16T19:17:22.228Z</time>
      </trkpt>
      <trkpt lat="49.137746" lon="12.297088">
        <ele>509.000624</ele>
        <time>2026-02-16T19:17:46.808Z</time>
      </trkpt>
      <trkpt lat="49.137645" lon="12.297595">
        <ele>511.818099</ele>
        <time>2026-02-16T19:18:04.214Z</time>
      </trkpt>
      <trkpt lat="49.137577" lon="12.298435">
        <ele>516.317744</ele>
        <time>2026-02-16T19:18:33.900Z</time>
      </trkpt>
      <trkpt lat="49.137636" lon="12.299355">
        <ele>520.632701</ele>
        <time>2026-02-16T19:19:04.534Z</time>
      </trkpt>
      <trkpt lat="49.137696" lon="12.299708">
        <ele>522.167216</ele>
        <time>2026-02-16T19:19:15.514Z</time>
      </trkpt>
      <trkpt lat="49.137808" lon="12.300148">
        <ele>524.153648</ele>
        <time>2026-02-16T19:19:28.595Z</time>
      </trkpt>
      <trkpt lat="49.138374" lon="12.302198">
        <ele>532.152859</ele>
        <time>2026-02-16T19:20:17.995Z</time>
      </trkpt>
      <trkpt lat="49.138618" lon="12.303117">
        <ele>534.742035</ele>
        <time>2026-02-16T19:20:37.460Z</time>
      </trkpt>
      <trkpt lat="49.138678" lon="12.303518">
        <ele>535.815910</ele>
        <time>2026-02-16T19:20:45.078Z</time>
      </trkpt>
      <trkpt lat="49.138738" lon="12.303834">
        <ele>536.674895</ele>
        <time>2026-02-16T19:20:52.208Z</time>
      </trkpt>
      <trkpt lat="49.138826" lon="12.304144">
        <ele>537.496853</ele>
        <time>2026-02-16T19:20:59.669Z</time>
      </trkpt>
      <trkpt lat="49.139055" lon="12.304368">
        <ele>538.438033</ele>
        <time>2026-02-16T19:21:09.092Z</time>
      </trkpt>
      <trkpt lat="49.139245" lon="12.304559">
        <ele>539.225269</ele>
        <time>2026-02-16T19:21:17.113Z</time>
      </trkpt>
      <trkpt lat="49.139315" lon="12.304781">
        <ele>539.783400</ele>
        <time>2026-02-16T19:21:22.749Z</time>
      </trkpt>
      <trkpt lat="49.139354" lon="12.305074">
        <ele>540.460574</ele>
        <time>2026-02-16T19:21:29.408Z</time>
      </trkpt>
      <trkpt lat="49.139364" lon="12.305157">
        <ele>540.651712</ele>
        <time>2026-02-16T19:21:31.267Z</time>
      </trkpt>
      <trkpt lat="49.139342" lon="12.305309">
        <ele>541.004281</ele>
        <time>2026-02-16T19:21:34.709Z</time>
      </trkpt>
      <trkpt lat="49.139263" lon="12.305648">
        <ele>541.819294</ele>
        <time>2026-02-16T19:21:42.728Z</time>
      </trkpt>
      <trkpt lat="49.139186" lon="12.306191">
        <ele>543.077627</ele>
        <time>2026-02-16T19:21:55.347Z</time>
      </trkpt>
      <trkpt lat="49.139147" lon="12.306672">
        <ele>543.836615</ele>
        <time>2026-02-16T19:22:06.288Z</time>
      </trkpt>
      <trkpt lat="49.138971" lon="12.308076">
        <ele>545.778585</ele>
        <time>2026-02-16T19:22:34.582Z</time>
      </trkpt>
      <trkpt lat="49.138965" lon="12.308115">
        <ele>545.833010</ele>
        <time>2026-02-16T19:22:35.249Z</time>
      </trkpt>
      <trkpt lat="49.138903" lon="12.308725">
        <ele>546.671611</ele>
        <time>2026-02-16T19:22:45.031Z</time>
      </trkpt>
      <trkpt lat="49.138924" lon="12.309209">
        <ele>547.137099</ele>
        <time>2026-02-16T19:22:52.208Z</time>
      </trkpt>
      <trkpt lat="49.139162" lon="12.310055">
        <ele>547.481170</ele>
        <time>2026-02-16T19:23:04.802Z</time>
      </trkpt>
      <trkpt lat="49.139519" lon="12.311345">
        <ele>548.004489</ele>
        <time>2026-02-16T19:23:24.832Z</time>
      </trkpt>
      <trkpt lat="49.139565" lon="12.311631">
        <ele>548.141896</ele>
        <time>2026-02-16T19:23:29.582Z</time>
      </trkpt>
      <trkpt lat="49.139581" lon="12.312023">
        <ele>548.458637</ele>
        <time>2026-02-16T19:23:36.038Z</time>
      </trkpt>
      <trkpt lat="49.139468" lon="12.313300">
        <ele>549.497845</ele>
        <time>2026-02-16T19:23:57.532Z</time>
      </trkpt>
      <trkpt lat="49.139373" lon="12.314818">
        <ele>551.098122</ele>
        <time>2026-02-16T19:24:22.860Z</time>
      </trkpt>
      <trkpt lat="49.139325" lon="12.315782">
        <ele>552.566286</ele>
        <time>2026-02-16T19:24:40.459Z</time>
      </trkpt>
      <trkpt lat="49.139326" lon="12.316277">
        <ele>553.317996</ele>
        <time>2026-02-16T19:24:50.629Z</time>
      </trkpt>
      <trkpt lat="49.139346" lon="12.316890">
        <ele>554.250055</ele>
        <time>2026-02-16T19:25:03.770Z</time>
      </trkpt>
      <trkpt lat="49.139448" lon="12.317918">
        <ele>555.998063</ele>
        <time>2026-02-16T19:25:26.714Z</time>
      </trkpt>
      <trkpt lat="49.139434" lon="12.318094">
        <ele>556.301120</ele>
        <time>2026-02-16T19:25:30.717Z</time>
      </trkpt>
      <trkpt lat="49.139367" lon="12.318261">
        <ele>556.635978</ele>
        <time>2026-02-16T19:25:35.059Z</time>
      </trkpt>
      <trkpt lat="49.139930" lon="12.319606">
        <ele>559.243124</ele>
        <time>2026-02-16T19:25:59.809Z</time>
      </trkpt>
      <trkpt lat="49.140179" lon="12.320522">
        <ele>559.805010</ele>
        <time>2026-02-16T19:26:12.642Z</time>
      </trkpt>
      <trkpt lat="49.140281" lon="12.321060">
        <ele>560.122303</ele>
        <time>2026-02-16T19:26:18.930Z</time>
      </trkpt>
      <trkpt lat="49.140331" lon="12.321487">
        <ele>560.368023</ele>
        <time>2026-02-16T19:26:23.414Z</time>
      </trkpt>
      <trkpt lat="49.140395" lon="12.322885">
        <ele>560.659859</ele>
        <time>2026-02-16T19:26:38.229Z</time>
      </trkpt>
      <trkpt lat="49.140388" lon="12.324270">
        <ele>560.510965</ele>
        <time>2026-02-16T19:26:51.632Z</time>
      </trkpt>
      <trkpt lat="49.140432" lon="12.324745">
        <ele>560.459393</ele>
        <time>2026-02-16T19:26:55.919Z</time>
      </trkpt>
      <trkpt lat="49.140777" lon="12.326587">
        <ele>558.706835</ele>
        <time>2026-02-16T19:27:10.389Z</time>
      </trkpt>
      <trkpt lat="49.140939" lon="12.327652">
        <ele>557.642140</ele>
        <time>2026-02-16T19:27:18.256Z</time>
      </trkpt>
      <trkpt lat="49.141000" lon="12.327851">
        <ele>557.436031</ele>
        <time>2026-02-16T19:27:19.906Z</time>
      </trkpt>
      <trkpt lat="49.141264" lon="12.328369">
        <ele>556.820189</ele>
        <time>2026-02-16T19:27:24.685Z</time>
      </trkpt>
      <trkpt lat="49.141390" lon="12.328613">
        <ele>556.528647</ele>
        <time>2026-02-16T19:27:26.992Z</time>
      </trkpt>
      <trkpt lat="49.141500" lon="12.328879">
        <ele>556.233512</ele>
        <time>2026-02-16T19:27:29.354Z</time>
      </trkpt>
      <trkpt lat="49.141587" lon="12.329257">
        <ele>555.857700</ele>
        <time>2026-02-16T19:27:32.452Z</time>
      </trkpt>
      <trkpt lat="49.141653" lon="12.329646">
        <ele>555.480802</ele>
        <time>2026-02-16T19:27:35.672Z</time>
      </trkpt>
      <trkpt lat="49.141663" lon="12.329704">
        <ele>555.424549</ele>
        <time>2026-02-16T19:27:36.190Z</time>
      </trkpt>
      <trkpt lat="49.141676" lon="12.329783">
        <ele>555.348150</ele>
        <time>2026-02-16T19:27:36.862Z</time>
      </trkpt>
      <trkpt lat="49.141724" lon="12.330110">
        <ele>555.130136</ele>
        <time>2026-02-16T19:27:39.688Z</time>
      </trkpt>
      <trkpt lat="49.141730" lon="12.330164">
        <ele>555.113454</ele>
        <time>2026-02-16T19:27:40.154Z</time>
      </trkpt>
      <trkpt lat="49.141740" lon="12.330249">
        <ele>555.087151</ele>
        <time>2026-02-16T19:27:40.862Z</time>
      </trkpt>
      <trkpt lat="49.141762" lon="12.330540">
        <ele>554.997934</ele>
        <time>2026-02-16T19:27:43.214Z</time>
      </trkpt>
      <trkpt lat="49.141776" lon="12.330822">
        <ele>554.911800</ele>
        <time>2026-02-16T19:27:45.489Z</time>
      </trkpt>
      <trkpt lat="49.141782" lon="12.331200">
        <ele>554.796642</ele>
        <time>2026-02-16T19:27:48.556Z</time>
      </trkpt>
      <trkpt lat="49.141784" lon="12.331279">
        <ele>554.772564</ele>
        <time>2026-02-16T19:27:49.215Z</time>
      </trkpt>
      <trkpt lat="49.141788" lon="12.331338">
        <ele>554.754499</ele>
        <time>2026-02-16T19:27:49.729Z</time>
      </trkpt>
      <trkpt lat="49.141869" lon="12.332445">
        <ele>554.415247</ele>
        <time>2026-02-16T19:28:00.103Z</time>
      </trkpt>
      <trkpt lat="49.141739" lon="12.332662">
        <ele>554.379345</ele>
        <time>2026-02-16T19:28:03.033Z</time>
      </trkpt>
      <trkpt lat="49.141415" lon="12.333139">
        <ele>555.006643</ele>
        <time>2026-02-16T19:28:09.949Z</time>
      </trkpt>
      <trkpt lat="49.141235" lon="12.333513">
        <ele>555.430222</ele>
        <time>2026-02-16T19:28:14.660Z</time>
      </trkpt>
      <trkpt lat="49.141148" lon="12.333818">
        <ele>555.733768</ele>
        <time>2026-02-16T19:28:18.485Z</time>
      </trkpt>
      <trkpt lat="49.141065" lon="12.334069">
        <ele>555.990342</ele>
        <time>2026-02-16T19:28:22.196Z</time>
      </trkpt>
      <trkpt lat="49.140988" lon="12.334188">
        <ele>556.143037</ele>
        <time>2026-02-16T19:28:24.604Z</time>
      </trkpt>
      <trkpt lat="49.140667" lon="12.334598">
        <ele>556.726376</ele>
        <time>2026-02-16T19:28:35.410Z</time>
      </trkpt>
      <trkpt lat="49.140591" lon="12.334729">
        <ele>556.991171</ele>
        <time>2026-02-16T19:28:38.740Z</time>
      </trkpt>
      <trkpt lat="49.140472" lon="12.335046">
        <ele>558.227185</ele>
        <time>2026-02-16T19:28:46.204Z</time>
      </trkpt>
      <trkpt lat="49.140336" lon="12.335605">
        <ele>560.244155</ele>
        <time>2026-02-16T19:28:59.464Z</time>
      </trkpt>
      <trkpt lat="49.140292" lon="12.335816">
        <ele>560.993109</ele>
        <time>2026-02-16T19:29:04.728Z</time>
      </trkpt>
      <trkpt lat="49.140166" lon="12.336438">
        <ele>563.195186</ele>
        <time>2026-02-16T19:29:21.500Z</time>
      </trkpt>
      <trkpt lat="49.140136" lon="12.336603">
        <ele>563.774350</ele>
        <time>2026-02-16T19:29:26.066Z</time>
      </trkpt>
      <trkpt lat="49.140017" lon="12.337355">
        <ele>566.382970</ele>
        <time>2026-02-16T19:29:45.953Z</time>
      </trkpt>
      <trkpt lat="49.139921" lon="12.338077">
        <ele>568.794300</ele>
        <time>2026-02-16T19:30:03.506Z</time>
      </trkpt>
      <trkpt lat="49.139894" lon="12.338867">
        <ele>571.383402</ele>
        <time>2026-02-16T19:30:21.660Z</time>
      </trkpt>
      <trkpt lat="49.139880" lon="12.339968">
        <ele>574.987528</ele>
        <time>2026-02-16T19:30:45.682Z</time>
      </trkpt>
      <trkpt lat="49.139806" lon="12.340987">
        <ele>577.819621</ele>
        <time>2026-02-16T19:31:06.860Z</time>
      </trkpt>
      <trkpt lat="49.139822" lon="12.341853">
        <ele>580.191187</ele>
        <time>2026-02-16T19:31:24.821Z</time>
      </trkpt>
      <trkpt lat="49.139838" lon="12.342277">
        <ele>581.353789</ele>
        <time>2026-02-16T19:31:33.451Z</time>
      </trkpt>
      <trkpt lat="49.139810" lon="12.343064">
        <ele>583.405038</ele>
        <time>2026-02-16T19:31:49.209Z</time>
      </trkpt>
      <trkpt lat="49.139661" lon="12.344778">
        <ele>587.540562</ele>
        <time>2026-02-16T19:32:23.160Z</time>
      </trkpt>
      <trkpt lat="49.139333" lon="12.346535">
        <ele>590.889116</ele>
        <time>2026-02-16T19:32:56.179Z</time>
      </trkpt>
      <trkpt lat="49.139320" lon="12.346699">
        <ele>591.132803</ele>
        <time>2026-02-16T19:32:58.882Z</time>
      </trkpt>
      <trkpt lat="49.139234" lon="12.348416">
        <ele>593.493009</ele>
        <time>2026-02-16T19:33:22.704Z</time>
      </trkpt>
      <trkpt lat="49.139245" lon="12.348806">
        <ele>593.790424</ele>
        <time>2026-02-16T19:33:27.513Z</time>
      </trkpt>
      <trkpt lat="49.139284" lon="12.349068">
        <ele>593.995142</ele>
        <time>2026-02-16T19:33:30.905Z</time>
      </trkpt>
      <trkpt lat="49.139485" lon="12.349883">
        <ele>594.658741</ele>
        <time>2026-02-16T19:33:41.975Z</time>
      </trkpt>
      <trkpt lat="49.139697" lon="12.350854">
        <ele>595.409696</ele>
        <time>2026-02-16T19:33:54.898Z</time>
      </trkpt>
      <trkpt lat="49.139910" lon="12.351767">
        <ele>595.653590</ele>
        <time>2026-02-16T19:34:06.350Z</time>
      </trkpt>
      <trkpt lat="49.140283" lon="12.353594">
        <ele>596.035440</ele>
        <time>2026-02-16T19:34:25.712Z</time>
      </trkpt>
      <trkpt lat="49.140408" lon="12.354733">
        <ele>595.721911</ele>
        <time>2026-02-16T19:34:35.970Z</time>
      </trkpt>
      <trkpt lat="49.140570" lon="12.355771">
        <ele>595.432214</ele>
        <time>2026-02-16T19:34:44.967Z</time>
      </trkpt>
      <trkpt lat="49.140778" lon="12.356407">
        <ele>595.328023</ele>
        <time>2026-02-16T19:34:50.902Z</time>
      </trkpt>
      <trkpt lat="49.140924" lon="12.356801">
        <ele>595.312550</ele>
        <time>2026-02-16T19:34:54.804Z</time>
      </trkpt>
      <trkpt lat="49.141286" lon="12.357314">
        <ele>595.286765</ele>
        <time>2026-02-16T19:35:01.680Z</time>
      </trkpt>
      <trkpt lat="49.141446" lon="12.357704">
        <ele>595.271035</ele>
        <time>2026-02-16T19:35:06.079Z</time>
      </trkpt>
      <trkpt lat="49.141498" lon="12.357923">
        <ele>595.263074</ele>
        <time>2026-02-16T19:35:08.303Z</time>
      </trkpt>
      <trkpt lat="49.141536" lon="12.358420">
        <ele>595.267457</ele>
        <time>2026-02-16T19:35:13.791Z</time>
      </trkpt>
      <trkpt lat="49.141525" lon="12.358596">
        <ele>595.407141</ele>
        <time>2026-02-16T19:35:16.006Z</time>
      </trkpt>
      <trkpt lat="49.141423" lon="12.359129">
        <ele>595.845892</ele>
        <time>2026-02-16T19:35:23.591Z</time>
      </trkpt>
      <trkpt lat="49.141294" lon="12.359563">
        <ele>596.222513</ele>
        <time>2026-02-16T19:35:30.490Z</time>
      </trkpt>
      <trkpt lat="49.141083" lon="12.360220">
        <ele>596.800763</ele>
        <time>2026-02-16T19:35:40.724Z</time>
      </trkpt>
      <trkpt lat="49.140959" lon="12.360692">
        <ele>597.202621</ele>
        <time>2026-02-16T19:35:47.016Z</time>
      </trkpt>
      <trkpt lat="49.140839" lon="12.361215">
        <ele>597.588847</ele>
        <time>2026-02-16T19:35:53.716Z</time>
      </trkpt>
      <trkpt lat="49.140802" lon="12.361519">
        <ele>597.776157</ele>
        <time>2026-02-16T19:35:57.230Z</time>
      </trkpt>
      <trkpt lat="49.140715" lon="12.362307">
        <ele>598.260244</ele>
        <time>2026-02-16T19:36:05.572Z</time>
      </trkpt>
      <trkpt lat="49.140670" lon="12.363089">
        <ele>598.735776</ele>
        <time>2026-02-16T19:36:14.007Z</time>
      </trkpt>
      <trkpt lat="49.140635" lon="12.363857">
        <ele>599.316040</ele>
        <time>2026-02-16T19:36:24.809Z</time>
      </trkpt>
      <trkpt lat="49.140664" lon="12.364404">
        <ele>599.970468</ele>
        <time>2026-02-16T19:36:33.964Z</time>
      </trkpt>
      <trkpt lat="49.140678" lon="12.364743">
        <ele>600.375525</ele>
        <time>2026-02-16T19:36:39.828Z</time>
      </trkpt>
      <trkpt lat="49.140674" lon="12.365128">
        <ele>600.834690</ele>
        <time>2026-02-16T19:36:46.547Z</time>
      </trkpt>
      <trkpt lat="49.140626" lon="12.365671">
        <ele>601.488094</ele>
        <time>2026-02-16T19:36:55.672Z</time>
      </trkpt>
      <trkpt lat="49.140550" lon="12.366124">
        <ele>602.045772</ele>
        <time>2026-02-16T19:37:02.326Z</time>
      </trkpt>
      <trkpt lat="49.140542" lon="12.366168">
        <ele>602.100230</ele>
        <time>2026-02-16T19:37:02.873Z</time>
      </trkpt>
      <trkpt lat="49.140347" lon="12.367233">
        <ele>601.246211</ele>
        <time>2026-02-16T19:37:12.768Z</time>
      </trkpt>
      <trkpt lat="49.140091" lon="12.369050">
        <ele>598.901864</ele>
        <time>2026-02-16T19:37:25.182Z</time>
      </trkpt>
      <trkpt lat="49.140053" lon="12.369446">
        <ele>598.530496</ele>
        <time>2026-02-16T19:37:27.796Z</time>
      </trkpt>
      <trkpt lat="49.140113" lon="12.369435">
        <ele>598.445193</ele>
        <time>2026-02-16T19:37:28.712Z</time>
      </trkpt>
      <trkpt lat="49.140095" lon="12.369799">
        <ele>598.108083</ele>
        <time>2026-02-16T19:37:31.199Z</time>
      </trkpt>
      <trkpt lat="49.140110" lon="12.370491">
        <ele>597.468677</ele>
        <time>2026-02-16T19:37:36.282Z</time>
      </trkpt>
      <trkpt lat="49.140294" lon="12.372185">
        <ele>596.027112</ele>
        <time>2026-02-16T19:37:52.815Z</time>
      </trkpt>
      <trkpt lat="49.140338" lon="12.372796">
        <ele>595.632386</ele>
        <time>2026-02-16T19:37:59.057Z</time>
      </trkpt>
      <trkpt lat="49.140286" lon="12.373808">
        <ele>594.980525</ele>
        <time>2026-02-16T19:38:07.255Z</time>
      </trkpt>
      <trkpt lat="49.140292" lon="12.374043">
        <ele>594.829504</ele>
        <time>2026-02-16T19:38:08.974Z</time>
      </trkpt>
      <trkpt lat="49.140428" lon="12.376316">
        <ele>591.348110</ele>
        <time>2026-02-16T19:38:24.342Z</time>
      </trkpt>
      <trkpt lat="49.140510" lon="12.377019">
        <ele>590.136288</ele>
        <time>2026-02-16T19:38:29.365Z</time>
      </trkpt>
      <trkpt lat="49.140659" lon="12.377417">
        <ele>589.581998</ele>
        <time>2026-02-16T19:38:32.587Z</time>
      </trkpt>
      <trkpt lat="49.140769" lon="12.377999">
        <ele>588.959879</ele>
        <time>2026-02-16T19:38:36.891Z</time>
      </trkpt>
      <trkpt lat="49.140755" lon="12.378146">
        <ele>588.807329</ele>
        <time>2026-02-16T19:38:37.967Z</time>
      </trkpt>
      <trkpt lat="49.140792" lon="12.378250">
        <ele>588.685756</ele>
        <time>2026-02-16T19:38:38.810Z</time>
      </trkpt>
      <trkpt lat="49.140919" lon="12.378522">
        <ele>588.342585</ele>
        <time>2026-02-16T19:38:41.231Z</time>
      </trkpt>
      <trkpt lat="49.140996" lon="12.378761">
        <ele>588.069001</ele>
        <time>2026-02-16T19:38:43.225Z</time>
      </trkpt>
      <trkpt lat="49.141026" lon="12.378918">
        <ele>587.901036</ele>
        <time>2026-02-16T19:38:44.479Z</time>
      </trkpt>
      <trkpt lat="49.141043" lon="12.379211">
        <ele>587.598965</ele>
        <time>2026-02-16T19:38:46.803Z</time>
      </trkpt>
      <trkpt lat="49.141074" lon="12.379537">
        <ele>587.260668</ele>
        <time>2026-02-16T19:38:49.475Z</time>
      </trkpt>
      <trkpt lat="49.141167" lon="12.379879">
        <ele>586.866779</ele>
        <time>2026-02-16T19:38:52.736Z</time>
      </trkpt>
      <trkpt lat="49.141254" lon="12.380088">
        <ele>586.596819</ele>
        <time>2026-02-16T19:38:55.018Z</time>
      </trkpt>
      <trkpt lat="49.141674" lon="12.380841">
        <ele>585.518457</ele>
        <time>2026-02-16T19:39:04.468Z</time>
      </trkpt>
      <trkpt lat="49.141841" lon="12.381227">
        <ele>585.014144</ele>
        <time>2026-02-16T19:39:08.237Z</time>
      </trkpt>
      <trkpt lat="49.142000" lon="12.381566">
        <ele>584.559580</ele>
        <time>2026-02-16T19:39:11.145Z</time>
      </trkpt>
      <trkpt lat="49.142088" lon="12.381778">
        <ele>584.285971</ele>
        <time>2026-02-16T19:39:12.779Z</time>
      </trkpt>
      <trkpt lat="49.142216" lon="12.382275">
        <ele>582.506421</ele>
        <time>2026-02-16T19:39:16.088Z</time>
      </trkpt>
      <trkpt lat="49.142331" lon="12.382701">
        <ele>580.506804</ele>
        <time>2026-02-16T19:39:18.822Z</time>
      </trkpt>
      <trkpt lat="49.142537" lon="12.383075">
        <ele>578.385408</ele>
        <time>2026-02-16T19:39:21.647Z</time>
      </trkpt>
      <trkpt lat="49.143047" lon="12.383636">
        <ele>574.217946</ele>
        <time>2026-02-16T19:39:27.174Z</time>
      </trkpt>
      <trkpt lat="49.143255" lon="12.383949">
        <ele>572.282044</ele>
        <time>2026-02-16T19:39:29.773Z</time>
      </trkpt>
      <trkpt lat="49.143387" lon="12.384217">
        <ele>571.363069</ele>
        <time>2026-02-16T19:39:31.774Z</time>
      </trkpt>
      <trkpt lat="49.143537" lon="12.384579">
        <ele>570.243293</ele>
        <time>2026-02-16T19:39:34.397Z</time>
      </trkpt>
      <trkpt lat="49.143961" lon="12.385884">
        <ele>566.435663</ele>
        <time>2026-02-16T19:39:43.917Z</time>
      </trkpt>
      <trkpt lat="49.144102" lon="12.386256">
        <ele>565.312183</ele>
        <time>2026-02-16T19:39:46.962Z</time>
      </trkpt>
      <trkpt lat="49.144609" lon="12.387221">
        <ele>564.035864</ele>
        <time>2026-02-16T19:39:56.185Z</time>
      </trkpt>
      <trkpt lat="49.144714" lon="12.387559">
        <ele>563.715358</ele>
        <time>2026-02-16T19:39:59.171Z</time>
      </trkpt>
      <trkpt lat="49.144774" lon="12.387851">
        <ele>563.453194</ele>
        <time>2026-02-16T19:40:01.668Z</time>
      </trkpt>
      <trkpt lat="49.145070" lon="12.389423">
        <ele>561.477460</ele>
        <time>2026-02-16T19:40:15.154Z</time>
      </trkpt>
      <trkpt lat="49.145205" lon="12.389822">
        <ele>560.713776</ele>
        <time>2026-02-16T19:40:18.539Z</time>
      </trkpt>
      <trkpt lat="49.145729" lon="12.390991">
        <ele>558.304608</ele>
        <time>2026-02-16T19:40:27.963Z</time>
      </trkpt>
      <trkpt lat="49.145804" lon="12.391288">
        <ele>557.616569</ele>
        <time>2026-02-16T19:40:29.945Z</time>
      </trkpt>
      <trkpt lat="49.145917" lon="12.391993">
        <ele>555.465786</ele>
        <time>2026-02-16T19:40:34.364Z</time>
      </trkpt>
      <trkpt lat="49.146114" lon="12.392933">
        <ele>552.541023</ele>
        <time>2026-02-16T19:40:40.360Z</time>
      </trkpt>
      <trkpt lat="49.146147" lon="12.393160">
        <ele>551.851993</ele>
        <time>2026-02-16T19:40:41.800Z</time>
      </trkpt>
      <trkpt lat="49.146133" lon="12.393417">
        <ele>551.087845</ele>
        <time>2026-02-16T19:40:43.428Z</time>
      </trkpt>
      <trkpt lat="49.146327" lon="12.393437">
        <ele>550.207069</ele>
        <time>2026-02-16T19:40:46.226Z</time>
      </trkpt>
      <trkpt lat="49.146370" lon="12.393753">
        <ele>549.608726</ele>
        <time>2026-02-16T19:40:49.332Z</time>
      </trkpt>
      <trkpt lat="49.146379" lon="12.394046">
        <ele>549.292489</ele>
        <time>2026-02-16T19:40:52.249Z</time>
      </trkpt>
      <trkpt lat="49.146337" lon="12.394582">
        <ele>548.710485</ele>
        <time>2026-02-16T19:40:57.855Z</time>
      </trkpt>
      <trkpt lat="49.146271" lon="12.395058">
        <ele>548.185898</ele>
        <time>2026-02-16T19:41:03.358Z</time>
      </trkpt>
      <trkpt lat="49.146223" lon="12.395565">
        <ele>547.633594</ele>
        <time>2026-02-16T19:41:09.443Z</time>
      </trkpt>
      <trkpt lat="49.146260" lon="12.396231">
        <ele>546.912980</ele>
        <time>2026-02-16T19:41:17.586Z</time>
      </trkpt>
      <trkpt lat="49.146432" lon="12.397096">
        <ele>545.278252</ele>
        <time>2026-02-16T19:41:27.245Z</time>
      </trkpt>
      <trkpt lat="49.146689" lon="12.397855">
        <ele>543.689081</ele>
        <time>2026-02-16T19:41:35.481Z</time>
      </trkpt>
      <trkpt lat="49.146884" lon="12.398347">
        <ele>542.619422</ele>
        <time>2026-02-16T19:41:40.820Z</time>
      </trkpt>
      <trkpt lat="49.147158" lon="12.398839">
        <ele>541.220602</ele>
        <time>2026-02-16T19:41:46.707Z</time>
      </trkpt>
      <trkpt lat="49.147495" lon="12.399236">
        <ele>539.261336</ele>
        <time>2026-02-16T19:41:52.515Z</time>
      </trkpt>
      <trkpt lat="49.147917" lon="12.399599">
        <ele>537.031436</ele>
        <time>2026-02-16T19:41:59.106Z</time>
      </trkpt>
      <trkpt lat="49.148447" lon="12.400055">
        <ele>534.230710</ele>
        <time>2026-02-16T19:42:07.441Z</time>
      </trkpt>
      <trkpt lat="49.149542" lon="12.400956">
        <ele>528.944597</ele>
        <time>2026-02-16T19:42:24.358Z</time>
      </trkpt>
      <trkpt lat="49.149946" lon="12.401248">
        <ele>527.069855</ele>
        <time>2026-02-16T19:42:30.643Z</time>
      </trkpt>
      <trkpt lat="49.150105" lon="12.401237">
        <ele>526.402127</ele>
        <time>2026-02-16T19:42:32.930Z</time>
      </trkpt>
      <trkpt lat="49.150334" lon="12.401130">
        <ele>525.695488</ele>
        <time>2026-02-16T19:42:36.426Z</time>
      </trkpt>
      <trkpt lat="49.151582" lon="12.400429">
        <ele>523.377629</ele>
        <time>2026-02-16T19:42:57.460Z</time>
      </trkpt>
      <trkpt lat="49.151746" lon="12.400379">
        <ele>523.086094</ele>
        <time>2026-02-16T19:43:00.429Z</time>
      </trkpt>
      <trkpt lat="49.151906" lon="12.400379">
        <ele>522.807161</ele>
        <time>2026-02-16T19:43:03.376Z</time>
      </trkpt>
      <trkpt lat="49.152160" lon="12.400529">
        <ele>523.079572</ele>
        <time>2026-02-16T19:43:08.782Z</time>
      </trkpt>
      <trkpt lat="49.152809" lon="12.401063">
        <ele>523.980187</ele>
        <time>2026-02-16T19:43:26.968Z</time>
      </trkpt>
      <trkpt lat="49.153337" lon="12.401421">
        <ele>524.685990</ele>
        <time>2026-02-16T19:43:45.192Z</time>
      </trkpt>
      <trkpt lat="49.153443" lon="12.401522">
        <ele>524.838614</ele>
        <time>2026-02-16T19:43:48.961Z</time>
      </trkpt>
      <trkpt lat="49.153757" lon="12.402043">
        <ele>524.572255</ele>
        <time>2026-02-16T19:44:01.124Z</time>
      </trkpt>
      <trkpt lat="49.153954" lon="12.402338">
        <ele>524.264624</ele>
        <time>2026-02-16T19:44:05.677Z</time>
      </trkpt>
      <trkpt lat="49.154078" lon="12.402472">
        <ele>524.095220</ele>
        <time>2026-02-16T19:44:07.730Z</time>
      </trkpt>
      <trkpt lat="49.154403" lon="12.402823">
        <ele>523.651307</ele>
        <time>2026-02-16T19:44:12.341Z</time>
      </trkpt>
      <trkpt lat="49.154712" lon="12.403092">
        <ele>523.254613</ele>
        <time>2026-02-16T19:44:16.014Z</time>
      </trkpt>
      <trkpt lat="49.155173" lon="12.403472">
        <ele>521.976664</ele>
        <time>2026-02-16T19:44:21.053Z</time>
      </trkpt>
      <trkpt lat="49.155490" lon="12.403682">
        <ele>520.677651</ele>
        <time>2026-02-16T19:44:24.386Z</time>
      </trkpt>
      <trkpt lat="49.155800" lon="12.403778">
        <ele>519.488355</ele>
        <time>2026-02-16T19:44:27.490Z</time>
      </trkpt>
      <trkpt lat="49.156315" lon="12.403792">
        <ele>517.551599</ele>
        <time>2026-02-16T19:44:32.617Z</time>
      </trkpt>
      <trkpt lat="49.156628" lon="12.403836">
        <ele>516.369726</ele>
        <time>2026-02-16T19:44:35.769Z</time>
      </trkpt>
      <trkpt lat="49.157051" lon="12.403986">
        <ele>514.392640</ele>
        <time>2026-02-16T19:44:40.120Z</time>
      </trkpt>
      <trkpt lat="49.157317" lon="12.404248">
        <ele>512.922858</ele>
        <time>2026-02-16T19:44:43.266Z</time>
      </trkpt>
      <trkpt lat="49.157795" lon="12.404524">
        <ele>510.549426</ele>
        <time>2026-02-16T19:44:48.169Z</time>
      </trkpt>
      <trkpt lat="49.157947" lon="12.404648">
        <ele>509.749157</ele>
        <time>2026-02-16T19:44:49.779Z</time>
      </trkpt>
      <trkpt lat="49.158141" lon="12.404906">
        <ele>508.554844</ele>
        <time>2026-02-16T19:44:52.150Z</time>
      </trkpt>
      <trkpt lat="49.158617" lon="12.405703">
        <ele>503.047908</ele>
        <time>2026-02-16T19:44:58.546Z</time>
      </trkpt>
      <trkpt lat="49.158738" lon="12.405785">
        <ele>501.899883</ele>
        <time>2026-02-16T19:44:59.714Z</time>
      </trkpt>
      <trkpt lat="49.158887" lon="12.405681">
        <ele>500.479160</ele>
        <time>2026-02-16T19:45:01.142Z</time>
      </trkpt>
      <trkpt lat="49.159275" lon="12.405231">
        <ele>496.255063</ele>
        <time>2026-02-16T19:45:05.352Z</time>
      </trkpt>
      <trkpt lat="49.159359" lon="12.405171">
        <ele>495.450864</ele>
        <time>2026-02-16T19:45:06.141Z</time>
      </trkpt>
      <trkpt lat="49.159472" lon="12.405155">
        <ele>494.466495</ele>
        <time>2026-02-16T19:45:07.117Z</time>
      </trkpt>
      <trkpt lat="49.160120" lon="12.405381">
        <ele>488.192012</ele>
        <time>2026-02-16T19:45:12.792Z</time>
      </trkpt>
      <trkpt lat="49.160772" lon="12.405813">
        <ele>481.142124</ele>
        <time>2026-02-16T19:45:18.866Z</time>
      </trkpt>
      <trkpt lat="49.160920" lon="12.405734">
        <ele>479.586867</ele>
        <time>2026-02-16T19:45:20.221Z</time>
      </trkpt>
      <trkpt lat="49.160979" lon="12.405631">
        <ele>478.698483</ele>
        <time>2026-02-16T19:45:20.997Z</time>
      </trkpt>
      <trkpt lat="49.161196" lon="12.404930">
        <ele>473.854979</ele>
        <time>2026-02-16T19:45:25.418Z</time>
      </trkpt>
      <trkpt lat="49.161241" lon="12.404870">
        <ele>473.415199</ele>
        <time>2026-02-16T19:45:25.943Z</time>
      </trkpt>
      <trkpt lat="49.161295" lon="12.404863">
        <ele>473.016003</ele>
        <time>2026-02-16T19:45:26.419Z</time>
      </trkpt>
      <trkpt lat="49.161334" lon="12.404899">
        <ele>472.680444</ele>
        <time>2026-02-16T19:45:26.817Z</time>
      </trkpt>
      <trkpt lat="49.161561" lon="12.405487">
        <ele>469.391349</ele>
        <time>2026-02-16T19:45:30.791Z</time>
      </trkpt>
      <trkpt lat="49.161593" lon="12.405642">
        <ele>468.608403</ele>
        <time>2026-02-16T19:45:31.749Z</time>
      </trkpt>
      <trkpt lat="49.161628" lon="12.406210">
        <ele>465.860282</ele>
        <time>2026-02-16T19:45:35.123Z</time>
      </trkpt>
      <trkpt lat="49.161671" lon="12.406331">
        <ele>465.196931</ele>
        <time>2026-02-16T19:45:35.945Z</time>
      </trkpt>
      <trkpt lat="49.161741" lon="12.406435">
        <ele>464.478022</ele>
        <time>2026-02-16T19:45:36.821Z</time>
      </trkpt>
      <trkpt lat="49.161343" lon="12.406926">
        <ele>460.723363</ele>
        <time>2026-02-16T19:45:41.419Z</time>
      </trkpt>
      <trkpt lat="49.161263" lon="12.407063">
        <ele>459.863126</ele>
        <time>2026-02-16T19:45:42.492Z</time>
      </trkpt>
      <trkpt lat="49.161216" lon="12.407220">
        <ele>459.054418</ele>
        <time>2026-02-16T19:45:43.508Z</time>
      </trkpt>
      <trkpt lat="49.161189" lon="12.407465">
        <ele>457.890763</ele>
        <time>2026-02-16T19:45:44.961Z</time>
      </trkpt>
      <trkpt lat="49.161213" lon="12.407713">
        <ele>456.716588</ele>
        <time>2026-02-16T19:45:46.429Z</time>
      </trkpt>
      <trkpt lat="49.161310" lon="12.408124">
        <ele>454.670114</ele>
        <time>2026-02-16T19:45:50.094Z</time>
      </trkpt>
      <trkpt lat="49.161835" lon="12.409280">
        <ele>448.170365</ele>
        <time>2026-02-16T19:46:01.696Z</time>
      </trkpt>
      <trkpt lat="49.161927" lon="12.409577">
        <ele>447.382373</ele>
        <time>2026-02-16T19:46:04.466Z</time>
      </trkpt>
      <trkpt lat="49.162157" lon="12.410746">
        <ele>444.455280</ele>
        <time>2026-02-16T19:46:15.368Z</time>
      </trkpt>
      <trkpt lat="49.161983" lon="12.410982">
        <ele>443.602483</ele>
        <time>2026-02-16T19:46:18.897Z</time>
      </trkpt>
      <trkpt lat="49.161912" lon="12.411180">
        <ele>443.061033</ele>
        <time>2026-02-16T19:46:21.239Z</time>
      </trkpt>
      <trkpt lat="49.161815" lon="12.411260">
        <ele>442.656932</ele>
        <time>2026-02-16T19:46:23.039Z</time>
      </trkpt>
      <trkpt lat="49.161710" lon="12.411302">
        <ele>442.258973</ele>
        <time>2026-02-16T19:46:24.859Z</time>
      </trkpt>
      <trkpt lat="49.161263" lon="12.411282">
        <ele>442.378978</ele>
        <time>2026-02-16T19:46:33.888Z</time>
      </trkpt>
      <trkpt lat="49.161132" lon="12.411323">
        <ele>442.708397</ele>
        <time>2026-02-16T19:46:37.342Z</time>
      </trkpt>
      <trkpt lat="49.161038" lon="12.411405">
        <ele>442.975004</ele>
        <time>2026-02-16T19:46:40.289Z</time>
      </trkpt>
      <trkpt lat="49.160693" lon="12.411955">
        <ele>444.202808</ele>
        <time>2026-02-16T19:46:54.566Z</time>
      </trkpt>
      <trkpt lat="49.159398" lon="12.413370">
        <ele>450.350152</ele>
        <time>2026-02-16T19:47:55.583Z</time>
      </trkpt>
      <trkpt lat="49.158737" lon="12.414084">
        <ele>454.540101</ele>
        <time>2026-02-16T19:48:30.999Z</time>
      </trkpt>
      <trkpt lat="49.158563" lon="12.414232">
        <ele>455.556481</ele>
        <time>2026-02-16T19:48:39.592Z</time>
      </trkpt>
      <trkpt lat="49.158378" lon="12.414260">
        <ele>456.429630</ele>
        <time>2026-02-16T19:48:47.531Z</time>
      </trkpt>
      <trkpt lat="49.157953" lon="12.414214">
        <ele>458.430754</ele>
        <time>2026-02-16T19:49:04.867Z</time>
      </trkpt>
      <trkpt lat="49.157409" lon="12.413983">
        <ele>461.082489</ele>
        <time>2026-02-16T19:49:25.850Z</time>
      </trkpt>
      <trkpt lat="49.157209" lon="12.414055">
        <ele>462.047527</ele>
        <time>2026-02-16T19:49:33.417Z</time>
      </trkpt>
      <trkpt lat="49.156968" lon="12.414319">
        <ele>463.439944</ele>
        <time>2026-02-16T19:49:44.654Z</time>
      </trkpt>
      <trkpt lat="49.156836" lon="12.414369">
        <ele>463.981439</ele>
        <time>2026-02-16T19:49:49.898Z</time>
      </trkpt>
      <trkpt lat="49.156570" lon="12.414254">
        <ele>464.694714</ele>
        <time>2026-02-16T19:50:00.331Z</time>
      </trkpt>
      <trkpt lat="49.156129" lon="12.414329">
        <ele>465.839654</ele>
        <time>2026-02-16T19:50:16.376Z</time>
      </trkpt>
      <trkpt lat="49.155992" lon="12.414285">
        <ele>466.200873</ele>
        <time>2026-02-16T19:50:21.287Z</time>
      </trkpt>
      <trkpt lat="49.155837" lon="12.414166">
        <ele>466.648408</ele>
        <time>2026-02-16T19:50:27.105Z</time>
      </trkpt>
      <trkpt lat="49.154914" lon="12.414152">
        <ele>468.051785</ele>
        <time>2026-02-16T19:50:50.561Z</time>
      </trkpt>
      <trkpt lat="49.153498" lon="12.414191">
        <ele>464.911068</ele>
        <time>2026-02-16T19:51:11.167Z</time>
      </trkpt>
      <trkpt lat="49.153077" lon="12.414244">
        <ele>464.420121</ele>
        <time>2026-02-16T19:51:17.447Z</time>
      </trkpt>
      <trkpt lat="49.152945" lon="12.414309">
        <ele>464.366055</ele>
        <time>2026-02-16T19:51:19.624Z</time>
      </trkpt>
      <trkpt lat="49.152803" lon="12.414326">
        <ele>464.310525</ele>
        <time>2026-02-16T19:51:21.961Z</time>
      </trkpt>
      <trkpt lat="49.152407" lon="12.414491">
        <ele>464.150509</ele>
        <time>2026-02-16T19:51:29.263Z</time>
      </trkpt>
      <trkpt lat="49.151539" lon="12.414765">
        <ele>463.847630</ele>
        <time>2026-02-16T19:51:50.975Z</time>
      </trkpt>
      <trkpt lat="49.151350" lon="12.414853">
        <ele>464.134788</ele>
        <time>2026-02-16T19:51:56.447Z</time>
      </trkpt>
      <trkpt lat="49.149860" lon="12.415862">
        <ele>466.637510</ele>
        <time>2026-02-16T19:52:38.855Z</time>
      </trkpt>
      <trkpt lat="49.149686" lon="12.415961">
        <ele>467.389245</ele>
        <time>2026-02-16T19:52:43.548Z</time>
      </trkpt>
      <trkpt lat="49.149570" lon="12.415962">
        <ele>467.858938</ele>
        <time>2026-02-16T19:52:46.659Z</time>
      </trkpt>
      <trkpt lat="49.148961" lon="12.415597">
        <ele>470.507499</ele>
        <time>2026-02-16T19:53:05.970Z</time>
      </trkpt>
      <trkpt lat="49.147026" lon="12.414214">
        <ele>483.543084</ele>
        <time>2026-02-16T19:54:46.694Z</time>
      </trkpt>
      <trkpt lat="49.146638" lon="12.413916">
        <ele>486.717596</ele>
        <time>2026-02-16T19:55:12.486Z</time>
      </trkpt>
      <trkpt lat="49.146423" lon="12.413816">
        <ele>487.599243</ele>
        <time>2026-02-16T19:55:25.151Z</time>
      </trkpt>
      <trkpt lat="49.146122" lon="12.413764">
        <ele>488.689663</ele>
        <time>2026-02-16T19:55:40.701Z</time>
      </trkpt>
      <trkpt lat="49.145589" lon="12.413745">
        <ele>490.608849</ele>
        <time>2026-02-16T19:56:02.598Z</time>
      </trkpt>
      <trkpt lat="49.145482" lon="12.413732">
        <ele>490.995237</ele>
        <time>2026-02-16T19:56:05.617Z</time>
      </trkpt>
      <trkpt lat="49.145271" lon="12.413690">
        <ele>491.761195</ele>
        <time>2026-02-16T19:56:10.642Z</time>
      </trkpt>
      <trkpt lat="49.145043" lon="12.413525">
        <ele>492.669257</ele>
        <time>2026-02-16T19:56:15.226Z</time>
      </trkpt>
      <trkpt lat="49.144618" lon="12.412732">
        <ele>491.999645</ele>
        <time>2026-02-16T19:56:25.231Z</time>
      </trkpt>
      <trkpt lat="49.144552" lon="12.412863">
        <ele>491.702080</ele>
        <time>2026-02-16T19:56:26.759Z</time>
      </trkpt>
      <trkpt lat="49.144520" lon="12.413070">
        <ele>491.319300</ele>
        <time>2026-02-16T19:56:28.731Z</time>
      </trkpt>
      <trkpt lat="49.144535" lon="12.413461">
        <ele>490.614443</ele>
        <time>2026-02-16T19:56:32.458Z</time>
      </trkpt>
      <trkpt lat="49.143948" lon="12.413587">
        <ele>488.983733</ele>
        <time>2026-02-16T19:56:41.210Z</time>
      </trkpt>
      <trkpt lat="49.143406" lon="12.413663">
        <ele>487.565786</ele>
        <time>2026-02-16T19:56:49.282Z</time>
      </trkpt>
      <trkpt lat="49.143121" lon="12.413587">
        <ele>486.840029</ele>
        <time>2026-02-16T19:56:53.756Z</time>
      </trkpt>
      <trkpt lat="49.142668" lon="12.413884">
        <ele>485.603506</ele>
        <time>2026-02-16T19:56:59.370Z</time>
      </trkpt>
      <trkpt lat="49.142632" lon="12.415153">
        <ele>483.527772</ele>
        <time>2026-02-16T19:57:07.996Z</time>
      </trkpt>
      <trkpt lat="49.142667" lon="12.415283">
        <ele>483.302749</ele>
        <time>2026-02-16T19:57:08.915Z</time>
      </trkpt>
      <trkpt lat="49.142395" lon="12.415433">
        <ele>482.595216</ele>
        <time>2026-02-16T19:57:11.820Z</time>
      </trkpt>
      <trkpt lat="49.141964" lon="12.415455">
        <ele>481.540028</ele>
        <time>2026-02-16T19:57:16.120Z</time>
      </trkpt>
      <trkpt lat="49.141635" lon="12.415450">
        <ele>480.734969</ele>
        <time>2026-02-16T19:57:19.433Z</time>
      </trkpt>
      <trkpt lat="49.141179" lon="12.415340">
        <ele>479.605390</ele>
        <time>2026-02-16T19:57:24.432Z</time>
      </trkpt>
      <trkpt lat="49.140408" lon="12.415045">
        <ele>480.362603</ele>
        <time>2026-02-16T19:57:39.769Z</time>
      </trkpt>
      <trkpt lat="49.140338" lon="12.415019">
        <ele>480.448967</ele>
        <time>2026-02-16T19:57:41.585Z</time>
      </trkpt>
      <trkpt lat="49.140223" lon="12.414977">
        <ele>480.590718</ele>
        <time>2026-02-16T19:57:44.394Z</time>
      </trkpt>
      <trkpt lat="49.139599" lon="12.414731">
        <ele>481.363299</ele>
        <time>2026-02-16T19:57:59.755Z</time>
      </trkpt>
      <trkpt lat="49.138798" lon="12.414358">
        <ele>481.858082</ele>
        <time>2026-02-16T19:58:16.510Z</time>
      </trkpt>
      <trkpt lat="49.137697" lon="12.413734">
        <ele>482.293071</ele>
        <time>2026-02-16T19:58:33.400Z</time>
      </trkpt>
      <trkpt lat="49.137032" lon="12.413352">
        <ele>481.681705</ele>
        <time>2026-02-16T19:58:42.591Z</time>
      </trkpt>
      <trkpt lat="49.136309" lon="12.413036">
        <ele>481.021525</ele>
        <time>2026-02-16T19:58:51.235Z</time>
      </trkpt>
      <trkpt lat="49.135722" lon="12.412932">
        <ele>480.808064</ele>
        <time>2026-02-16T19:58:58.620Z</time>
      </trkpt>
      <trkpt lat="49.135419" lon="12.412925">
        <ele>480.919978</ele>
        <time>2026-02-16T19:59:03.011Z</time>
      </trkpt>
      <trkpt lat="49.135101" lon="12.413036">
        <ele>481.040442</ele>
        <time>2026-02-16T19:59:08.552Z</time>
      </trkpt>
      <trkpt lat="49.134825" lon="12.413193">
        <ele>481.149201</ele>
        <time>2026-02-16T19:59:14.157Z</time>
      </trkpt>
      <trkpt lat="49.134087" lon="12.413929">
        <ele>481.421835</ele>
        <time>2026-02-16T19:59:31.191Z</time>
      </trkpt>
      <trkpt lat="49.133907" lon="12.414040">
        <ele>481.452698</ele>
        <time>2026-02-16T19:59:34.213Z</time>
      </trkpt>
      <trkpt lat="49.133750" lon="12.414121">
        <ele>481.479046</ele>
        <time>2026-02-16T19:59:36.633Z</time>
      </trkpt>
      <trkpt lat="49.132970" lon="12.414302">
        <ele>481.604492</ele>
        <time>2026-02-16T19:59:47.997Z</time>
      </trkpt>
      <trkpt lat="49.132493" lon="12.414540">
        <ele>481.701584</ele>
        <time>2026-02-16T19:59:55.013Z</time>
      </trkpt>
      <trkpt lat="49.132187" lon="12.414829">
        <ele>481.819236</ele>
        <time>2026-02-16T20:00:00.308Z</time>
      </trkpt>
      <trkpt lat="49.131433" lon="12.415632">
        <ele>482.119820</ele>
        <time>2026-02-16T20:00:15.177Z</time>
      </trkpt>
      <trkpt lat="49.130402" lon="12.416782">
        <ele>482.905620</ele>
        <time>2026-02-16T20:00:37.890Z</time>
      </trkpt>
      <trkpt lat="49.129716" lon="12.417502">
        <ele>483.534455</ele>
        <time>2026-02-16T20:00:52.584Z</time>
      </trkpt>
      <trkpt lat="49.129274" lon="12.417968">
        <ele>484.178692</ele>
        <time>2026-02-16T20:01:02.264Z</time>
      </trkpt>
      <trkpt lat="49.129060" lon="12.418123">
        <ele>484.488985</ele>
        <time>2026-02-16T20:01:06.915Z</time>
      </trkpt>
      <trkpt lat="49.128677" lon="12.418329">
        <ele>485.020987</ele>
        <time>2026-02-16T20:01:15.057Z</time>
      </trkpt>
      <trkpt lat="49.128396" lon="12.418409">
        <ele>485.395503</ele>
        <time>2026-02-16T20:01:21.037Z</time>
      </trkpt>
      <trkpt lat="49.127865" lon="12.418586">
        <ele>486.151212</ele>
        <time>2026-02-16T20:01:33.482Z</time>
      </trkpt>
      <trkpt lat="49.124940" lon="12.419571">
        <ele>491.230541</ele>
        <time>2026-02-16T20:02:38.071Z</time>
      </trkpt>
      <trkpt lat="49.124287" lon="12.419617">
        <ele>492.276555</ele>
        <time>2026-02-16T20:02:51.748Z</time>
      </trkpt>
      <trkpt lat="49.123566" lon="12.419492">
        <ele>493.323022</ele>
        <time>2026-02-16T20:03:07.079Z</time>
      </trkpt>
      <trkpt lat="49.122958" lon="12.419321">
        <ele>494.214584</ele>
        <time>2026-02-16T20:03:19.737Z</time>
      </trkpt>
      <trkpt lat="49.122745" lon="12.419170">
        <ele>494.553213</ele>
        <time>2026-02-16T20:03:24.628Z</time>
      </trkpt>
      <trkpt lat="49.122455" lon="12.418884">
        <ele>494.873940</ele>
        <time>2026-02-16T20:03:31.499Z</time>
      </trkpt>
      <trkpt lat="49.121957" lon="12.418141">
        <ele>495.438024</ele>
        <time>2026-02-16T20:03:44.284Z</time>
      </trkpt>
      <trkpt lat="49.121792" lon="12.417981">
        <ele>495.596402</ele>
        <time>2026-02-16T20:03:47.602Z</time>
      </trkpt>
      <trkpt lat="49.121650" lon="12.417886">
        <ele>495.722032</ele>
        <time>2026-02-16T20:03:50.294Z</time>
      </trkpt>
      <trkpt lat="49.121241" lon="12.417768">
        <ele>496.059359</ele>
        <time>2026-02-16T20:03:57.343Z</time>
      </trkpt>
      <trkpt lat="49.120659" lon="12.417748">
        <ele>496.913441</ele>
        <time>2026-02-16T20:04:06.711Z</time>
      </trkpt>
      <trkpt lat="49.120530" lon="12.417737">
        <ele>497.111971</ele>
        <time>2026-02-16T20:04:08.979Z</time>
      </trkpt>
      <trkpt lat="49.120418" lon="12.417676">
        <ele>497.294677</ele>
        <time>2026-02-16T20:04:11.185Z</time>
      </trkpt>
      <trkpt lat="49.120238" lon="12.417580">
        <ele>497.587631</ele>
        <time>2026-02-16T20:04:14.954Z</time>
      </trkpt>
      <trkpt lat="49.119906" lon="12.417271">
        <ele>498.184977</ele>
        <time>2026-02-16T20:04:23.520Z</time>
      </trkpt>
      <trkpt lat="49.119707" lon="12.416964">
        <ele>498.619518</ele>
        <time>2026-02-16T20:04:30.489Z</time>
      </trkpt>
      <trkpt lat="49.118849" lon="12.415577">
        <ele>502.366566</ele>
        <time>2026-02-16T20:05:06.433Z</time>
      </trkpt>
      <trkpt lat="49.117809" lon="12.413968">
        <ele>506.516416</ele>
        <time>2026-02-16T20:05:46.444Z</time>
      </trkpt>
      <trkpt lat="49.117243" lon="12.413517">
        <ele>508.061658</ele>
        <time>2026-02-16T20:06:02.213Z</time>
      </trkpt>
      <trkpt lat="49.116721" lon="12.413471">
        <ele>509.273175</ele>
        <time>2026-02-16T20:06:13.279Z</time>
      </trkpt>
      <trkpt lat="49.116287" lon="12.413489">
        <ele>510.144813</ele>
        <time>2026-02-16T20:06:21.104Z</time>
      </trkpt>
      <trkpt lat="49.115745" lon="12.413625">
        <ele>511.247533</ele>
        <time>2026-02-16T20:06:31.755Z</time>
      </trkpt>
      <trkpt lat="49.115198" lon="12.413684">
        <ele>512.348447</ele>
        <time>2026-02-16T20:06:45.290Z</time>
      </trkpt>
      <trkpt lat="49.114506" lon="12.413573">
        <ele>515.245358</ele>
        <time>2026-02-16T20:07:07.343Z</time>
      </trkpt>
      <trkpt lat="49.114289" lon="12.413499">
        <ele>516.287158</ele>
        <time>2026-02-16T20:07:14.920Z</time>
      </trkpt>
      <trkpt lat="49.114113" lon="12.413400">
        <ele>517.165946</ele>
        <time>2026-02-16T20:07:21.403Z</time>
      </trkpt>
      <trkpt lat="49.113940" lon="12.413256">
        <ele>518.089062</ele>
        <time>2026-02-16T20:07:28.488Z</time>
      </trkpt>
      <trkpt lat="49.113795" lon="12.413084">
        <ele>518.949229</ele>
        <time>2026-02-16T20:07:35.119Z</time>
      </trkpt>
      <trkpt lat="49.113653" lon="12.412863">
        <ele>519.899032</ele>
        <time>2026-02-16T20:07:42.417Z</time>
      </trkpt>
      <trkpt lat="49.113359" lon="12.412266">
        <ele>522.557051</ele>
        <time>2026-02-16T20:07:59.889Z</time>
      </trkpt>
      <trkpt lat="49.112663" lon="12.410764">
        <ele>530.013793</ele>
        <time>2026-02-16T20:08:44.602Z</time>
      </trkpt>
      <trkpt lat="49.112487" lon="12.410392">
        <ele>531.873657</ele>
        <time>2026-02-16T20:08:58.305Z</time>
      </trkpt>
      <trkpt lat="49.112166" lon="12.409893">
        <ele>536.076974</ele>
        <time>2026-02-16T20:09:21.099Z</time>
      </trkpt>
      <trkpt lat="49.111917" lon="12.409569">
        <ele>539.198585</ele>
        <time>2026-02-16T20:09:38.608Z</time>
      </trkpt>
      <trkpt lat="49.111678" lon="12.409358">
        <ele>541.833071</ele>
        <time>2026-02-16T20:09:53.802Z</time>
      </trkpt>
      <trkpt lat="49.111086" lon="12.408928">
        <ele>548.089177</ele>
        <time>2026-02-16T20:10:32.287Z</time>
      </trkpt>
      <trkpt lat="49.109661" lon="12.408542">
        <ele>561.107978</ele>
        <time>2026-02-16T20:11:49.202Z</time>
      </trkpt>
      <trkpt lat="49.108390" lon="12.408204">
        <ele>571.115251</ele>
        <time>2026-02-16T20:12:44.977Z</time>
      </trkpt>
      <trkpt lat="49.108179" lon="12.408002">
        <ele>572.870178</ele>
        <time>2026-02-16T20:12:55.421Z</time>
      </trkpt>
      <trkpt lat="49.107882" lon="12.407582">
        <ele>575.722515</ele>
        <time>2026-02-16T20:13:12.798Z</time>
      </trkpt>
      <trkpt lat="49.107801" lon="12.407386">
        <ele>576.791890</ele>
        <time>2026-02-16T20:13:19.384Z</time>
      </trkpt>
      <trkpt lat="49.107718" lon="12.407119">
        <ele>578.129019</ele>
        <time>2026-02-16T20:13:27.767Z</time>
      </trkpt>
      <trkpt lat="49.107505" lon="12.406006">
        <ele>580.621183</ele>
        <time>2026-02-16T20:13:59.649Z</time>
      </trkpt>
      <trkpt lat="49.107347" lon="12.405510">
        <ele>581.806689</ele>
        <time>2026-02-16T20:14:11.187Z</time>
      </trkpt>
      <trkpt lat="49.107128" lon="12.405090">
        <ele>582.960698</ele>
        <time>2026-02-16T20:14:18.079Z</time>
      </trkpt>
      <trkpt lat="49.106793" lon="12.404708">
        <ele>583.819852</ele>
        <time>2026-02-16T20:14:22.759Z</time>
      </trkpt>
      <trkpt lat="49.106697" lon="12.404611">
        <ele>583.595932</ele>
        <time>2026-02-16T20:14:23.885Z</time>
      </trkpt>
      <trkpt lat="49.106553" lon="12.404428">
        <ele>583.231521</ele>
        <time>2026-02-16T20:14:25.680Z</time>
      </trkpt>
      <trkpt lat="49.105710" lon="12.403601">
        <ele>581.282455</ele>
        <time>2026-02-16T20:14:35.478Z</time>
      </trkpt>
      <trkpt lat="49.106012" lon="12.402071">
        <ele>581.423641</ele>
        <time>2026-02-16T20:14:59.096Z</time>
      </trkpt>
      <trkpt lat="49.106325" lon="12.401331">
        <ele>582.232782</ele>
        <time>2026-02-16T20:15:17.144Z</time>
      </trkpt>
      <trkpt lat="49.106403" lon="12.401172">
        <ele>582.415260</ele>
        <time>2026-02-16T20:15:20.136Z</time>
      </trkpt>
      <trkpt lat="49.106559" lon="12.400705">
        <ele>582.896768</ele>
        <time>2026-02-16T20:15:26.027Z</time>
      </trkpt>
      <trkpt lat="49.106627" lon="12.400222">
        <ele>581.805201</ele>
        <time>2026-02-16T20:15:29.702Z</time>
      </trkpt>
      <trkpt lat="49.106772" lon="12.398790">
        <ele>576.616683</ele>
        <time>2026-02-16T20:15:38.640Z</time>
      </trkpt>
      <trkpt lat="49.106788" lon="12.398692">
        <ele>576.255028</ele>
        <time>2026-02-16T20:15:39.227Z</time>
      </trkpt>
      <trkpt lat="49.106796" lon="12.398315">
        <ele>574.904401</ele>
        <time>2026-02-16T20:15:41.420Z</time>
      </trkpt>
      <trkpt lat="49.106736" lon="12.398009">
        <ele>573.760621</ele>
        <time>2026-02-16T20:15:43.253Z</time>
      </trkpt>
      <trkpt lat="49.106652" lon="12.397743">
        <ele>572.096679</ele>
        <time>2026-02-16T20:15:44.935Z</time>
      </trkpt>
      <trkpt lat="49.106436" lon="12.397195">
        <ele>566.994736</ele>
        <time>2026-02-16T20:15:48.514Z</time>
      </trkpt>
      <trkpt lat="49.106227" lon="12.396381">
        <ele>560.020762</ele>
        <time>2026-02-16T20:15:53.347Z</time>
      </trkpt>
      <trkpt lat="49.105985" lon="12.395573">
        <ele>552.933677</ele>
        <time>2026-02-16T20:15:58.203Z</time>
      </trkpt>
      <trkpt lat="49.105840" lon="12.394980">
        <ele>547.505379</ele>
        <time>2026-02-16T20:16:01.646Z</time>
      </trkpt>
      <trkpt lat="49.105726" lon="12.394650">
        <ele>544.197126</ele>
        <time>2026-02-16T20:16:03.681Z</time>
      </trkpt>
      <trkpt lat="49.105526" lon="12.394378">
        <ele>540.570438</ele>
        <time>2026-02-16T20:16:05.910Z</time>
      </trkpt>
      <trkpt lat="49.104983" lon="12.393991">
        <ele>532.455310</ele>
        <time>2026-02-16T20:16:10.929Z</time>
      </trkpt>
      <trkpt lat="49.104703" lon="12.393901">
        <ele>528.580135</ele>
        <time>2026-02-16T20:16:13.316Z</time>
      </trkpt>
      <trkpt lat="49.104239" lon="12.393854">
        <ele>524.055312</ele>
        <time>2026-02-16T20:16:17.254Z</time>
      </trkpt>
      <trkpt lat="49.104051" lon="12.393796">
        <ele>522.450013</ele>
        <time>2026-02-16T20:16:18.896Z</time>
      </trkpt>
      <trkpt lat="49.103821" lon="12.393593">
        <ele>520.226684</ele>
        <time>2026-02-16T20:16:21.202Z</time>
      </trkpt>
      <trkpt lat="49.103575" lon="12.393318">
        <ele>517.675189</ele>
        <time>2026-02-16T20:16:23.908Z</time>
      </trkpt>
      <trkpt lat="49.103219" lon="12.392789">
        <ele>513.518137</ele>
        <time>2026-02-16T20:16:28.423Z</time>
      </trkpt>
      <trkpt lat="49.102962" lon="12.392135">
        <ele>510.454869</ele>
        <time>2026-02-16T20:16:33.261Z</time>
      </trkpt>
      <trkpt lat="49.102524" lon="12.390749">
        <ele>505.741375</ele>
        <time>2026-02-16T20:16:42.916Z</time>
      </trkpt>
      <trkpt lat="49.102064" lon="12.389432">
        <ele>501.472145</ele>
        <time>2026-02-16T20:16:52.201Z</time>
      </trkpt>
      <trkpt lat="49.101916" lon="12.388804">
        <ele>499.698415</ele>
        <time>2026-02-16T20:16:56.399Z</time>
      </trkpt>
      <trkpt lat="49.101845" lon="12.388395">
        <ele>498.573942</ele>
        <time>2026-02-16T20:16:59.082Z</time>
      </trkpt>
      <trkpt lat="49.101723" lon="12.386024">
        <ele>496.095647</ele>
        <time>2026-02-16T20:17:14.913Z</time>
      </trkpt>
      <trkpt lat="49.101724" lon="12.385625">
        <ele>496.079549</ele>
        <time>2026-02-16T20:17:19.533Z</time>
      </trkpt>
      <trkpt lat="49.101352" lon="12.385441">
        <ele>496.055453</ele>
        <time>2026-02-16T20:17:31.771Z</time>
      </trkpt>
      <trkpt lat="49.100708" lon="12.385742">
        <ele>499.242731</ele>
        <time>2026-02-16T20:18:00.938Z</time>
      </trkpt>
      <trkpt lat="49.100553" lon="12.385723">
        <ele>500.261484</ele>
        <time>2026-02-16T20:18:08.829Z</time>
      </trkpt>
      <trkpt lat="49.100428" lon="12.385646">
        <ele>501.144524</ele>
        <time>2026-02-16T20:18:15.718Z</time>
      </trkpt>
      <trkpt lat="49.100366" lon="12.385491">
        <ele>501.923660</ele>
        <time>2026-02-16T20:18:21.808Z</time>
      </trkpt>
      <trkpt lat="49.100324" lon="12.384439">
        <ele>506.444623</ele>
        <time>2026-02-16T20:18:55.368Z</time>
      </trkpt>
      <trkpt lat="49.100285" lon="12.384303">
        <ele>507.081501</ele>
        <time>2026-02-16T20:18:59.753Z</time>
      </trkpt>
      <trkpt lat="49.100204" lon="12.384225">
        <ele>507.708845</ele>
        <time>2026-02-16T20:19:04.105Z</time>
      </trkpt>
      <trkpt lat="49.099395" lon="12.384253">
        <ele>511.963766</ele>
        <time>2026-02-16T20:19:45.331Z</time>
      </trkpt>
      <trkpt lat="49.099168" lon="12.384293">
        <ele>513.158490</ele>
        <time>2026-02-16T20:19:55.330Z</time>
      </trkpt>
      <trkpt lat="49.098844" lon="12.384455">
        <ele>514.940966</ele>
        <time>2026-02-16T20:20:09.200Z</time>
      </trkpt>
      <trkpt lat="49.098771" lon="12.384410">
        <ele>515.352557</ele>
        <time>2026-02-16T20:20:12.345Z</time>
      </trkpt>
      <trkpt lat="49.098719" lon="12.384336">
        <ele>515.724164</ele>
        <time>2026-02-16T20:20:14.905Z</time>
      </trkpt>
      <trkpt lat="49.098693" lon="12.384207">
        <ele>516.186226</ele>
        <time>2026-02-16T20:20:18.243Z</time>
      </trkpt>
      <trkpt lat="49.098958" lon="12.381935">
        <ele>516.757278</ele>
        <time>2026-02-16T20:20:49.835Z</time>
      </trkpt>
      <trkpt lat="49.099092" lon="12.381170">
        <ele>516.424857</ele>
        <time>2026-02-16T20:20:57.727Z</time>
      </trkpt>
      <trkpt lat="49.099134" lon="12.380465">
        <ele>514.084795</ele>
        <time>2026-02-16T20:21:04.553Z</time>
      </trkpt>
      <trkpt lat="49.099102" lon="12.379768">
        <ele>511.775148</ele>
        <time>2026-02-16T20:21:10.891Z</time>
      </trkpt>
      <trkpt lat="49.098947" lon="12.379297">
        <ele>510.032623</ele>
        <time>2026-02-16T20:21:15.468Z</time>
      </trkpt>
      <trkpt lat="49.098710" lon="12.378822">
        <ele>508.058526</ele>
        <time>2026-02-16T20:21:20.495Z</time>
      </trkpt>
      <trkpt lat="49.098407" lon="12.378551">
        <ele>505.453329</ele>
        <time>2026-02-16T20:21:24.904Z</time>
      </trkpt>
      <trkpt lat="49.098187" lon="12.378551">
        <ele>503.581193</ele>
        <time>2026-02-16T20:21:27.624Z</time>
      </trkpt>
      <trkpt lat="49.097597" lon="12.378752">
        <ele>498.437068</ele>
        <time>2026-02-16T20:21:35.020Z</time>
      </trkpt>
      <trkpt lat="49.097275" lon="12.378715">
        <ele>495.689196</ele>
        <time>2026-02-16T20:21:38.991Z</time>
      </trkpt>
      <trkpt lat="49.097055" lon="12.378621">
        <ele>493.745173</ele>
        <time>2026-02-16T20:21:41.841Z</time>
      </trkpt>
      <trkpt lat="49.096679" lon="12.378090">
        <ele>490.989674</ele>
        <time>2026-02-16T20:21:48.335Z</time>
      </trkpt>
      <trkpt lat="49.097119" lon="12.377061">
        <ele>488.051192</ele>
        <time>2026-02-16T20:21:55.968Z</time>
      </trkpt>
      <trkpt lat="49.097383" lon="12.376605">
        <ele>486.595842</ele>
        <time>2026-02-16T20:22:00.674Z</time>
      </trkpt>
      <trkpt lat="49.097088" lon="12.375750">
        <ele>486.872124</ele>
        <time>2026-02-16T20:22:12.478Z</time>
      </trkpt>
      <trkpt lat="49.096977" lon="12.374894">
        <ele>488.810289</ele>
        <time>2026-02-16T20:22:28.220Z</time>
      </trkpt>
      <trkpt lat="49.096948" lon="12.373983">
        <ele>490.836080</ele>
        <time>2026-02-16T20:22:48.017Z</time>
      </trkpt>
      <trkpt lat="49.097021" lon="12.372745">
        <ele>495.355136</ele>
        <time>2026-02-16T20:23:18.587Z</time>
      </trkpt>
      <trkpt lat="49.097139" lon="12.371889">
        <ele>499.125367</ele>
        <time>2026-02-16T20:23:42.444Z</time>
      </trkpt>
      <trkpt lat="49.097139" lon="12.371383">
        <ele>501.306222</ele>
        <time>2026-02-16T20:23:56.988Z</time>
      </trkpt>
      <trkpt lat="49.097093" lon="12.371057">
        <ele>502.743535</ele>
        <time>2026-02-16T20:24:06.812Z</time>
      </trkpt>
      <trkpt lat="49.097011" lon="12.370764">
        <ele>504.068166</ele>
        <time>2026-02-16T20:24:16.362Z</time>
      </trkpt>
      <trkpt lat="49.096983" lon="12.370560">
        <ele>504.886969</ele>
        <time>2026-02-16T20:24:22.660Z</time>
      </trkpt>
      <trkpt lat="49.097000" lon="12.369869">
        <ele>507.603381</ele>
        <time>2026-02-16T20:24:43.152Z</time>
      </trkpt>
      <trkpt lat="49.097051" lon="12.369364">
        <ele>509.610659</ele>
        <time>2026-02-16T20:24:57.012Z</time>
      </trkpt>
      <trkpt lat="49.097074" lon="12.368771">
        <ele>511.944256</ele>
        <time>2026-02-16T20:25:11.416Z</time>
      </trkpt>
      <trkpt lat="49.097245" lon="12.368702">
        <ele>513.005376</ele>
        <time>2026-02-16T20:25:17.355Z</time>
      </trkpt>
      <trkpt lat="49.097332" lon="12.368621">
        <ele>513.616675</ele>
        <time>2026-02-16T20:25:20.613Z</time>
      </trkpt>
      <trkpt lat="49.097227" lon="12.367695">
        <ele>515.539029</ele>
        <time>2026-02-16T20:25:37.844Z</time>
      </trkpt>
      <trkpt lat="49.097021" lon="12.367902">
        <ele>516.131302</ele>
        <time>2026-02-16T20:25:43.461Z</time>
      </trkpt>
      <trkpt lat="49.096806" lon="12.368046">
        <ele>516.695176</ele>
        <time>2026-02-16T20:25:48.398Z</time>
      </trkpt>
      <trkpt lat="49.096553" lon="12.368103">
        <ele>517.309421</ele>
        <time>2026-02-16T20:25:53.620Z</time>
      </trkpt>
      <trkpt lat="49.095565" lon="12.368122">
        <ele>519.788538</ele>
        <time>2026-02-16T20:26:15.722Z</time>
      </trkpt>
      <trkpt lat="49.095054" lon="12.368299">
        <ele>521.179693</ele>
        <time>2026-02-16T20:26:29.517Z</time>
      </trkpt>
      <trkpt lat="49.093403" lon="12.369157">
        <ele>524.144713</ele>
        <time>2026-02-16T20:27:16.117Z</time>
      </trkpt>
      <trkpt lat="49.092915" lon="12.369313">
        <ele>524.533131</ele>
        <time>2026-02-16T20:27:22.804Z</time>
      </trkpt>
      <trkpt lat="49.092461" lon="12.369160">
        <ele>524.758351</ele>
        <time>2026-02-16T20:27:27.914Z</time>
      </trkpt>
      <trkpt lat="49.091496" lon="12.368360">
        <ele>522.750487</ele>
        <time>2026-02-16T20:27:39.567Z</time>
      </trkpt>
      <trkpt lat="49.091317" lon="12.368276">
        <ele>522.408060</ele>
        <time>2026-02-16T20:27:41.670Z</time>
      </trkpt>
      <trkpt lat="49.091155" lon="12.368236">
        <ele>522.107979</ele>
        <time>2026-02-16T20:27:43.513Z</time>
      </trkpt>
      <trkpt lat="49.090479" lon="12.368231">
        <ele>522.034259</ele>
        <time>2026-02-16T20:27:51.716Z</time>
      </trkpt>
      <trkpt lat="49.089844" lon="12.368288">
        <ele>522.820564</ele>
        <time>2026-02-16T20:28:03.487Z</time>
      </trkpt>
      <trkpt lat="49.089562" lon="12.368127">
        <ele>523.192724</ele>
        <time>2026-02-16T20:28:10.271Z</time>
      </trkpt>
      <trkpt lat="49.089233" lon="12.367666">
        <ele>523.744692</ele>
        <time>2026-02-16T20:28:22.228Z</time>
      </trkpt>
      <trkpt lat="49.088369" lon="12.365664">
        <ele>529.492374</ele>
        <time>2026-02-16T20:29:09.833Z</time>
      </trkpt>
      <trkpt lat="49.088268" lon="12.365557">
        <ele>529.949284</ele>
        <time>2026-02-16T20:29:13.364Z</time>
      </trkpt>
      <trkpt lat="49.087638" lon="12.364406">
        <ele>534.090925</ele>
        <time>2026-02-16T20:29:43.092Z</time>
      </trkpt>
      <trkpt lat="49.086979" lon="12.363341">
        <ele>538.216541</ele>
        <time>2026-02-16T20:30:14.431Z</time>
      </trkpt>
      <trkpt lat="49.086687" lon="12.362928">
        <ele>539.902920</ele>
        <time>2026-02-16T20:30:28.605Z</time>
      </trkpt>
      <trkpt lat="49.086473" lon="12.362558">
        <ele>541.272649</ele>
        <time>2026-02-16T20:30:41.142Z</time>
      </trkpt>
      <trkpt lat="49.086346" lon="12.362407">
        <ele>541.954625</ele>
        <time>2026-02-16T20:30:47.268Z</time>
      </trkpt>
      <trkpt lat="49.086174" lon="12.361850">
        <ele>543.663388</ele>
        <time>2026-02-16T20:31:02.408Z</time>
      </trkpt>
      <trkpt lat="49.086087" lon="12.361347">
        <ele>545.106981</ele>
        <time>2026-02-16T20:31:13.137Z</time>
      </trkpt>
      <trkpt lat="49.085960" lon="12.360199">
        <ele>542.804196</ele>
        <time>2026-02-16T20:31:24.595Z</time>
      </trkpt>
      <trkpt lat="49.085918" lon="12.359992">
        <ele>542.079535</ele>
        <time>2026-02-16T20:31:25.990Z</time>
      </trkpt>
      <trkpt lat="49.085555" lon="12.359099">
        <ele>538.564918</ele>
        <time>2026-02-16T20:31:32.112Z</time>
      </trkpt>
      <trkpt lat="49.084773" lon="12.358473">
        <ele>532.299494</ele>
        <time>2026-02-16T20:31:39.645Z</time>
      </trkpt>
      <trkpt lat="49.084114" lon="12.358140">
        <ele>526.348790</ele>
        <time>2026-02-16T20:31:45.633Z</time>
      </trkpt>
      <trkpt lat="49.083799" lon="12.357923">
        <ele>523.386278</ele>
        <time>2026-02-16T20:31:48.674Z</time>
      </trkpt>
      <trkpt lat="49.083237" lon="12.357494">
        <ele>521.761531</ele>
        <time>2026-02-16T20:31:54.641Z</time>
      </trkpt>
      <trkpt lat="49.083138" lon="12.357389">
        <ele>521.933256</ele>
        <time>2026-02-16T20:31:55.976Z</time>
      </trkpt>
      <trkpt lat="49.083069" lon="12.357218">
        <ele>522.120659</ele>
        <time>2026-02-16T20:31:57.615Z</time>
      </trkpt>
      <trkpt lat="49.083006" lon="12.356909">
        <ele>522.422623</ele>
        <time>2026-02-16T20:32:01.046Z</time>
      </trkpt>
      <trkpt lat="49.083017" lon="12.356608">
        <ele>522.703913</ele>
        <time>2026-02-16T20:32:05.306Z</time>
      </trkpt>
      <trkpt lat="49.083105" lon="12.355242">
        <ele>524.756699</ele>
        <time>2026-02-16T20:32:40.094Z</time>
      </trkpt>
      <trkpt lat="49.083237" lon="12.354413">
        <ele>528.676043</ele>
        <time>2026-02-16T20:33:08.286Z</time>
      </trkpt>
      <trkpt lat="49.083254" lon="12.353997">
        <ele>530.590855</ele>
        <time>2026-02-16T20:33:21.406Z</time>
      </trkpt>
      <trkpt lat="49.083178" lon="12.353086">
        <ele>534.809787</ele>
        <time>2026-02-16T20:33:48.106Z</time>
      </trkpt>
      <trkpt lat="49.082933" lon="12.350920">
        <ele>541.488913</ele>
        <time>2026-02-16T20:34:34.932Z</time>
      </trkpt>
      <trkpt lat="49.082912" lon="12.350214">
        <ele>543.430375</ele>
        <time>2026-02-16T20:34:47.608Z</time>
      </trkpt>
      <trkpt lat="49.082079" lon="12.350255">
        <ele>546.973866</ele>
        <time>2026-02-16T20:35:10.452Z</time>
      </trkpt>
      <trkpt lat="49.081727" lon="12.350225">
        <ele>548.476303</ele>
        <time>2026-02-16T20:35:22.117Z</time>
      </trkpt>
      <trkpt lat="49.081711" lon="12.350344">
        <ele>548.815395</ele>
        <time>2026-02-16T20:35:24.956Z</time>
      </trkpt>
      <trkpt lat="49.081552" lon="12.351090">
        <ele>551.005188</ele>
        <time>2026-02-16T20:35:43.270Z</time>
      </trkpt>
      <trkpt lat="49.081432" lon="12.351494">
        <ele>552.186565</ele>
        <time>2026-02-16T20:35:53.717Z</time>
      </trkpt>
      <trkpt lat="49.081188" lon="12.352098">
        <ele>553.988773</ele>
        <time>2026-02-16T20:36:10.294Z</time>
      </trkpt>
      <trkpt lat="49.080813" lon="12.352735">
        <ele>556.163900</ele>
        <time>2026-02-16T20:36:28.301Z</time>
      </trkpt>
      <trkpt lat="49.080323" lon="12.353364">
        <ele>558.572093</ele>
        <time>2026-02-16T20:36:44.955Z</time>
      </trkpt>
      <trkpt lat="49.080014" lon="12.353778">
        <ele>558.173476</ele>
        <time>2026-02-16T20:36:53.769Z</time>
      </trkpt>
      <trkpt lat="49.079861" lon="12.354050">
        <ele>557.945773</ele>
        <time>2026-02-16T20:36:57.184Z</time>
      </trkpt>
      <trkpt lat="49.079645" lon="12.354618">
        <ele>557.528649</ele>
        <time>2026-02-16T20:37:02.192Z</time>
      </trkpt>
      <trkpt lat="49.079593" lon="12.354821">
        <ele>557.390216</ele>
        <time>2026-02-16T20:37:03.709Z</time>
      </trkpt>
      <trkpt lat="49.079473" lon="12.354833">
        <ele>557.273614</ele>
        <time>2026-02-16T20:37:04.971Z</time>
      </trkpt>
      <trkpt lat="49.078858" lon="12.355013">
        <ele>556.177496</ele>
        <time>2026-02-16T20:37:11.294Z</time>
      </trkpt>
      <trkpt lat="49.078589" lon="12.355129">
        <ele>555.155570</ele>
        <time>2026-02-16T20:37:14.017Z</time>
      </trkpt>
      <trkpt lat="49.076996" lon="12.356017">
        <ele>549.159831</ele>
        <time>2026-02-16T20:37:30.685Z</time>
      </trkpt>
      <trkpt lat="49.076681" lon="12.356192">
        <ele>548.125177</ele>
        <time>2026-02-16T20:37:34.197Z</time>
      </trkpt>
      <trkpt lat="49.075260" lon="12.356969">
        <ele>542.694019</ele>
        <time>2026-02-16T20:37:49.900Z</time>
      </trkpt>
      <trkpt lat="49.075058" lon="12.357077">
        <ele>541.625021</ele>
        <time>2026-02-16T20:37:51.978Z</time>
      </trkpt>
      <trkpt lat="49.074645" lon="12.357081">
        <ele>539.562210</ele>
        <time>2026-02-16T20:37:55.891Z</time>
      </trkpt>
      <trkpt lat="49.074321" lon="12.357003">
        <ele>537.923959</ele>
        <time>2026-02-16T20:37:58.933Z</time>
      </trkpt>
      <trkpt lat="49.073643" lon="12.356447">
        <ele>533.249372</ele>
        <time>2026-02-16T20:38:05.845Z</time>
      </trkpt>
      <trkpt lat="49.073073" lon="12.355879">
        <ele>528.140407</ele>
        <time>2026-02-16T20:38:11.842Z</time>
      </trkpt>
      <trkpt lat="49.072576" lon="12.355649">
        <ele>524.242543</ele>
        <time>2026-02-16T20:38:16.454Z</time>
      </trkpt>
      <trkpt lat="49.071964" lon="12.355535">
        <ele>520.468577</ele>
        <time>2026-02-16T20:38:21.945Z</time>
      </trkpt>
      <trkpt lat="49.071503" lon="12.355509">
        <ele>518.135220</ele>
        <time>2026-02-16T20:38:26.139Z</time>
      </trkpt>
      <trkpt lat="49.071227" lon="12.355567">
        <ele>516.726028</ele>
        <time>2026-02-16T20:38:28.808Z</time>
      </trkpt>
      <trkpt lat="49.071041" lon="12.355651">
        <ele>515.744916</ele>
        <time>2026-02-16T20:38:30.691Z</time>
      </trkpt>
      <trkpt lat="49.070619" lon="12.355971">
        <ele>513.361538</ele>
        <time>2026-02-16T20:38:35.457Z</time>
      </trkpt>
      <trkpt lat="49.070059" lon="12.356616">
        <ele>511.209757</ele>
        <time>2026-02-16T20:38:42.996Z</time>
      </trkpt>
      <trkpt lat="49.069874" lon="12.356848">
        <ele>510.507916</ele>
        <time>2026-02-16T20:38:45.740Z</time>
      </trkpt>
      <trkpt lat="49.068774" lon="12.358110">
        <ele>504.600402</ele>
        <time>2026-02-16T20:38:59.650Z</time>
      </trkpt>
      <trkpt lat="49.068471" lon="12.358446">
        <ele>502.020651</ele>
        <time>2026-02-16T20:39:03.012Z</time>
      </trkpt>
      <trkpt lat="49.068065" lon="12.358657">
        <ele>499.066416</ele>
        <time>2026-02-16T20:39:06.767Z</time>
      </trkpt>
      <trkpt lat="49.067106" lon="12.359025">
        <ele>493.380519</ele>
        <time>2026-02-16T20:39:15.339Z</time>
      </trkpt>
      <trkpt lat="49.066742" lon="12.359247">
        <ele>491.624720</ele>
        <time>2026-02-16T20:39:18.911Z</time>
      </trkpt>
      <trkpt lat="49.066310" lon="12.359828">
        <ele>489.045635</ele>
        <time>2026-02-16T20:39:24.819Z</time>
      </trkpt>
      <trkpt lat="49.066310" lon="12.359828">
        <ele>489.045635</ele>
        <time>2026-02-16T20:39:24.820Z</time>
      </trkpt>
      <trkpt lat="49.066159" lon="12.360162">
        <ele>487.854719</ele>
        <time>2026-02-16T20:39:28.446Z</time>
      </trkpt>
      <trkpt lat="49.066116" lon="12.360335">
        <ele>487.455950</ele>
        <time>2026-02-16T20:39:30.544Z</time>
      </trkpt>
      <trkpt lat="49.066001" lon="12.360711">
        <ele>487.913711</ele>
        <time>2026-02-16T20:39:36.270Z</time>
      </trkpt>
      <trkpt lat="49.065881" lon="12.361163">
        <ele>488.451727</ele>
        <time>2026-02-16T20:39:43.778Z</time>
      </trkpt>
      <trkpt lat="49.065611" lon="12.362086">
        <ele>489.566836</ele>
        <time>2026-02-16T20:40:00.081Z</time>
      </trkpt>
      <trkpt lat="49.064731" lon="12.364255">
        <ele>493.315468</ele>
        <time>2026-02-16T20:40:37.224Z</time>
      </trkpt>
      <trkpt lat="49.064608" lon="12.364569">
        <ele>493.913785</ele>
        <time>2026-02-16T20:40:42.930Z</time>
      </trkpt>
      <trkpt lat="49.064130" lon="12.364607">
        <ele>495.438512</ele>
        <time>2026-02-16T20:40:56.403Z</time>
      </trkpt>
      <trkpt lat="49.063817" lon="12.364449">
        <ele>497.822585</ele>
        <time>2026-02-16T20:41:07.595Z</time>
      </trkpt>
      <trkpt lat="49.063457" lon="12.364630">
        <ele>500.563575</ele>
        <time>2026-02-16T20:41:22.513Z</time>
      </trkpt>
      <trkpt lat="49.063115" lon="12.365011">
        <ele>503.625564</ele>
        <time>2026-02-16T20:41:41.772Z</time>
      </trkpt>
      <trkpt lat="49.061922" lon="12.366686">
        <ele>517.053991</ele>
        <time>2026-02-16T20:43:12.062Z</time>
      </trkpt>
      <trkpt lat="49.061700" lon="12.366880">
        <ele>519.329992</ele>
        <time>2026-02-16T20:43:25.389Z</time>
      </trkpt>
      <trkpt lat="49.061503" lon="12.366924">
        <ele>521.101363</ele>
        <time>2026-02-16T20:43:35.028Z</time>
      </trkpt>
      <trkpt lat="49.061322" lon="12.366886">
        <ele>522.726878</ele>
        <time>2026-02-16T20:43:43.225Z</time>
      </trkpt>
      <trkpt lat="49.060780" lon="12.366660">
        <ele>525.639461</ele>
        <time>2026-02-16T20:44:04.844Z</time>
      </trkpt>
      <trkpt lat="49.059138" lon="12.366627">
        <ele>532.219816</ele>
        <time>2026-02-16T20:44:48.007Z</time>
      </trkpt>
      <trkpt lat="49.059000" lon="12.366709">
        <ele>532.827297</ele>
        <time>2026-02-16T20:44:52.638Z</time>
      </trkpt>
      <trkpt lat="49.058886" lon="12.366822">
        <ele>533.384919</ele>
        <time>2026-02-16T20:44:57.157Z</time>
      </trkpt>
      <trkpt lat="49.057766" lon="12.368186">
        <ele>538.667336</ele>
        <time>2026-02-16T20:45:45.222Z</time>
      </trkpt>
      <trkpt lat="49.057308" lon="12.367969">
        <ele>539.106211</ele>
        <time>2026-02-16T20:45:57.183Z</time>
      </trkpt>
      <trkpt lat="49.057257" lon="12.367948">
        <ele>539.154553</ele>
        <time>2026-02-16T20:45:58.284Z</time>
      </trkpt>
      <trkpt lat="49.056680" lon="12.367719">
        <ele>539.700159</ele>
        <time>2026-02-16T20:46:07.939Z</time>
      </trkpt>
      <trkpt lat="49.056243" lon="12.367567">
        <ele>540.110336</ele>
        <time>2026-02-16T20:46:13.494Z</time>
      </trkpt>
      <trkpt lat="49.055299" lon="12.367304">
        <ele>535.344294</ele>
        <time>2026-02-16T20:46:23.233Z</time>
      </trkpt>
      <trkpt lat="49.054012" lon="12.367028">
        <ele>527.160743</ele>
        <time>2026-02-16T20:46:34.756Z</time>
      </trkpt>
      <trkpt lat="49.053404" lon="12.366951">
        <ele>521.931574</ele>
        <time>2026-02-16T20:46:40.046Z</time>
      </trkpt>
      <trkpt lat="49.052528" lon="12.366944">
        <ele>514.705701</ele>
        <time>2026-02-16T20:46:47.661Z</time>
      </trkpt>
      <trkpt lat="49.051440" lon="12.367109">
        <ele>508.065820</ele>
        <time>2026-02-16T20:46:57.527Z</time>
      </trkpt>
      <trkpt lat="49.049550" lon="12.367709">
        <ele>498.188667</ele>
        <time>2026-02-16T20:47:16.729Z</time>
      </trkpt>
      <trkpt lat="49.049505" lon="12.367723">
        <ele>497.973127</ele>
        <time>2026-02-16T20:47:17.153Z</time>
      </trkpt>
      <trkpt lat="49.047453" lon="12.368558">
        <ele>484.263695</ele>
        <time>2026-02-16T20:47:36.052Z</time>
      </trkpt>
      <trkpt lat="49.046845" lon="12.368796">
        <ele>483.421991</ele>
        <time>2026-02-16T20:47:42.044Z</time>
      </trkpt>
      <trkpt lat="49.046276" lon="12.368997">
        <ele>483.175944</ele>
        <time>2026-02-16T20:47:49.236Z</time>
      </trkpt>
      <trkpt lat="49.045681" lon="12.369139">
        <ele>482.922237</ele>
        <time>2026-02-16T20:48:04.871Z</time>
      </trkpt>
      <trkpt lat="49.045045" lon="12.369129">
        <ele>486.487717</ele>
        <time>2026-02-16T20:48:30.912Z</time>
      </trkpt>
      <trkpt lat="49.044694" lon="12.369076">
        <ele>488.744886</ele>
        <time>2026-02-16T20:48:47.025Z</time>
      </trkpt>
      <trkpt lat="49.044290" lon="12.368957">
        <ele>491.377995</ele>
        <time>2026-02-16T20:49:06.139Z</time>
      </trkpt>
      <trkpt lat="49.043926" lon="12.368870">
        <ele>493.735795</ele>
        <time>2026-02-16T20:49:22.491Z</time>
      </trkpt>
      <trkpt lat="49.042982" lon="12.368467">
        <ele>495.840625</ele>
        <time>2026-02-16T20:49:55.225Z</time>
      </trkpt>
      <trkpt lat="49.042712" lon="12.368406">
        <ele>496.288948</ele>
        <time>2026-02-16T20:50:00.642Z</time>
      </trkpt>
      <trkpt lat="49.042300" lon="12.368449">
        <ele>496.967257</ele>
        <time>2026-02-16T20:50:05.847Z</time>
      </trkpt>
      <trkpt lat="49.041823" lon="12.368709">
        <ele>495.447902</ele>
        <time>2026-02-16T20:50:10.887Z</time>
      </trkpt>
      <trkpt lat="49.041131" lon="12.369343">
        <ele>489.745675</ele>
        <time>2026-02-16T20:50:18.075Z</time>
      </trkpt>
      <trkpt lat="49.040988" lon="12.369497">
        <ele>488.509150</ele>
        <time>2026-02-16T20:50:19.599Z</time>
      </trkpt>
      <trkpt lat="49.040241" lon="12.370061">
        <ele>482.571692</ele>
        <time>2026-02-16T20:50:26.842Z</time>
      </trkpt>
      <trkpt lat="49.039789" lon="12.370230">
        <ele>479.203815</ele>
        <time>2026-02-16T20:50:30.954Z</time>
      </trkpt>
      <trkpt lat="49.038944" lon="12.370463">
        <ele>472.989575</ele>
        <time>2026-02-16T20:50:38.744Z</time>
      </trkpt>
      <trkpt lat="49.038330" lon="12.370814">
        <ele>468.633209</ele>
        <time>2026-02-16T20:50:44.785Z</time>
      </trkpt>
      <trkpt lat="49.038118" lon="12.370995">
        <ele>467.076765</ele>
        <time>2026-02-16T20:50:47.010Z</time>
      </trkpt>
      <trkpt lat="49.037378" lon="12.371820">
        <ele>461.204720</ele>
        <time>2026-02-16T20:50:55.286Z</time>
      </trkpt>
      <trkpt lat="49.037174" lon="12.372000">
        <ele>459.778053</ele>
        <time>2026-02-16T20:50:57.411Z</time>
      </trkpt>
      <trkpt lat="49.036781" lon="12.372232">
        <ele>457.618872</ele>
        <time>2026-02-16T20:51:01.240Z</time>
      </trkpt>
      <trkpt lat="49.036727" lon="12.372243">
        <ele>457.339732</ele>
        <time>2026-02-16T20:51:01.738Z</time>
      </trkpt>
      <trkpt lat="49.036179" lon="12.372237">
        <ele>454.531827</ele>
        <time>2026-02-16T20:51:06.816Z</time>
      </trkpt>
      <trkpt lat="49.035501" lon="12.372076">
        <ele>451.016059</ele>
        <time>2026-02-16T20:51:13.470Z</time>
      </trkpt>
      <trkpt lat="49.034864" lon="12.371861">
        <ele>449.678742</ele>
        <time>2026-02-16T20:51:20.300Z</time>
      </trkpt>
      <trkpt lat="49.033246" lon="12.371238">
        <ele>447.263778</ele>
        <time>2026-02-16T20:51:40.015Z</time>
      </trkpt>
      <trkpt lat="49.032782" lon="12.371118">
        <ele>447.119812</ele>
        <time>2026-02-16T20:51:46.758Z</time>
      </trkpt>
      <trkpt lat="49.032203" lon="12.371137">
        <ele>446.942653</ele>
        <time>2026-02-16T20:51:55.954Z</time>
      </trkpt>
      <trkpt lat="49.031463" lon="12.371319">
        <ele>446.911372</ele>
        <time>2026-02-16T20:52:07.928Z</time>
      </trkpt>
      <trkpt lat="49.030825" lon="12.371610">
        <ele>446.971676</ele>
        <time>2026-02-16T20:52:17.752Z</time>
      </trkpt>
      <trkpt lat="49.030410" lon="12.371856">
        <ele>447.011996</ele>
        <time>2026-02-16T20:52:24.281Z</time>
      </trkpt>
      <trkpt lat="49.029436" lon="12.372737">
        <ele>446.787464</ele>
        <time>2026-02-16T20:52:41.394Z</time>
      </trkpt>
      <trkpt lat="49.028615" lon="12.373356">
        <ele>446.476529</ele>
        <time>2026-02-16T20:52:53.815Z</time>
      </trkpt>
      <trkpt lat="49.027909" lon="12.373721">
        <ele>445.357516</ele>
        <time>2026-02-16T20:53:02.359Z</time>
      </trkpt>
      <trkpt lat="49.027054" lon="12.373938">
        <ele>444.056423</ele>
        <time>2026-02-16T20:53:11.875Z</time>
      </trkpt>
      <trkpt lat="49.024693" lon="12.374038">
        <ele>440.171585</ele>
        <time>2026-02-16T20:53:40.010Z</time>
      </trkpt>
      <trkpt lat="49.023452" lon="12.374097">
        <ele>436.607529</ele>
        <time>2026-02-16T20:53:52.694Z</time>
      </trkpt>
      <trkpt lat="49.023015" lon="12.374081">
        <ele>434.230338</ele>
        <time>2026-02-16T20:53:56.824Z</time>
      </trkpt>
      <trkpt lat="49.022535" lon="12.373920">
        <ele>431.087556</ele>
        <time>2026-02-16T20:54:01.391Z</time>
      </trkpt>
      <trkpt lat="49.022205" lon="12.373683">
        <ele>428.755022</ele>
        <time>2026-02-16T20:54:04.676Z</time>
      </trkpt>
      <trkpt lat="49.022060" lon="12.373541">
        <ele>427.653067</ele>
        <time>2026-02-16T20:54:06.214Z</time>
      </trkpt>
      <trkpt lat="49.021784" lon="12.373150">
        <ele>425.244072</ele>
        <time>2026-02-16T20:54:09.544Z</time>
      </trkpt>
      <trkpt lat="49.021540" lon="12.372666">
        <ele>421.568730</ele>
        <time>2026-02-16T20:54:13.059Z</time>
      </trkpt>
      <trkpt lat="49.021202" lon="12.371991">
        <ele>416.098920</ele>
        <time>2026-02-16T20:54:17.885Z</time>
      </trkpt>
      <trkpt lat="49.020950" lon="12.371650">
        <ele>412.790036</ele>
        <time>2026-02-16T20:54:20.778Z</time>
      </trkpt>
      <trkpt lat="49.020829" lon="12.371535">
        <ele>411.389754</ele>
        <time>2026-02-16T20:54:22.001Z</time>
      </trkpt>
      <trkpt lat="49.020665" lon="12.371411">
        <ele>409.591956</ele>
        <time>2026-02-16T20:54:23.561Z</time>
      </trkpt>
      <trkpt lat="49.020162" lon="12.371205">
        <ele>404.039720</ele>
        <time>2026-02-16T20:54:27.987Z</time>
      </trkpt>
      <trkpt lat="49.019807" lon="12.371171">
        <ele>399.964333</ele>
        <time>2026-02-16T20:54:31.001Z</time>
      </trkpt>
      <trkpt lat="49.019535" lon="12.371210">
        <ele>396.834177</ele>
        <time>2026-02-16T20:54:33.312Z</time>
      </trkpt>
      <trkpt lat="49.019274" lon="12.371362">
        <ele>393.633124</ele>
        <time>2026-02-16T20:54:35.677Z</time>
      </trkpt>
      <trkpt lat="49.019064" lon="12.371533">
        <ele>390.905495</ele>
        <time>2026-02-16T20:54:37.699Z</time>
      </trkpt>
      <trkpt lat="49.018720" lon="12.371902">
        <ele>386.124064</ele>
        <time>2026-02-16T20:54:41.278Z</time>
      </trkpt>
      <trkpt lat="49.018416" lon="12.372173">
        <ele>382.461369</ele>
        <time>2026-02-16T20:54:44.272Z</time>
      </trkpt>
      <trkpt lat="49.017968" lon="12.372497">
        <ele>377.304046</ele>
        <time>2026-02-16T20:54:48.508Z</time>
      </trkpt>
      <trkpt lat="49.017288" lon="12.372894">
        <ele>369.730471</ele>
        <time>2026-02-16T20:54:54.768Z</time>
      </trkpt>
      <trkpt lat="49.016884" lon="12.373082">
        <ele>365.909826</ele>
        <time>2026-02-16T20:54:58.417Z</time>
      </trkpt>
      <trkpt lat="49.016228" lon="12.373328">
        <ele>360.527611</ele>
        <time>2026-02-16T20:55:04.339Z</time>
      </trkpt>
      <trkpt lat="49.015785" lon="12.373449">
        <ele>356.941966</ele>
        <time>2026-02-16T20:55:08.369Z</time>
      </trkpt>
      <trkpt lat="49.015283" lon="12.373484">
        <ele>353.096493</ele>
        <time>2026-02-16T20:55:12.896Z</time>
      </trkpt>
      <trkpt lat="49.015123" lon="12.373442">
        <ele>352.199386</ele>
        <time>2026-02-16T20:55:14.359Z</time>
      </trkpt>
      <trkpt lat="49.014808" lon="12.373300">
        <ele>350.384333</ele>
        <time>2026-02-16T20:55:17.338Z</time>
      </trkpt>
      <trkpt lat="49.014408" lon="12.372955">
        <ele>347.844949</ele>
        <time>2026-02-16T20:55:21.553Z</time>
      </trkpt>
      <trkpt lat="49.014389" lon="12.372933">
        <ele>347.713120</ele>
        <time>2026-02-16T20:55:21.776Z</time>
      </trkpt>
      <trkpt lat="49.014316" lon="12.372849">
        <ele>347.207767</ele>
        <time>2026-02-16T20:55:22.614Z</time>
      </trkpt>
      <trkpt lat="49.014031" lon="12.372447">
        <ele>345.062415</ele>
        <time>2026-02-16T20:55:26.268Z</time>
      </trkpt>
      <trkpt lat="49.013245" lon="12.370728">
        <ele>340.705981</ele>
        <time>2026-02-16T20:55:40.059Z</time>
      </trkpt>
      <trkpt lat="49.012859" lon="12.370090">
        <ele>339.244413</ele>
        <time>2026-02-16T20:55:46.626Z</time>
      </trkpt>
      <trkpt lat="49.012528" lon="12.369651">
        <ele>338.816396</ele>
        <time>2026-02-16T20:55:52.302Z</time>
      </trkpt>
      <trkpt lat="49.012322" lon="12.369412">
        <ele>338.746640</ele>
        <time>2026-02-16T20:55:56.080Z</time>
      </trkpt>
      <trkpt lat="49.011897" lon="12.369006">
        <ele>338.611489</ele>
        <time>2026-02-16T20:56:04.422Z</time>
      </trkpt>
      <trkpt lat="49.011511" lon="12.368745">
        <ele>338.497702</ele>
        <time>2026-02-16T20:56:11.613Z</time>
      </trkpt>
      <trkpt lat="49.011041" lon="12.368470">
        <ele>337.839157</ele>
        <time>2026-02-16T20:56:18.442Z</time>
      </trkpt>
      <trkpt lat="49.010821" lon="12.368380">
        <ele>337.155264</ele>
        <time>2026-02-16T20:56:21.137Z</time>
      </trkpt>
      <trkpt lat="49.009616" lon="12.368056">
        <ele>333.481540</ele>
        <time>2026-02-16T20:56:33.246Z</time>
      </trkpt>
      <trkpt lat="49.009595" lon="12.367935">
        <ele>333.235046</ele>
        <time>2026-02-16T20:56:34.019Z</time>
      </trkpt>
      <trkpt lat="49.009529" lon="12.367860">
        <ele>332.982982</ele>
        <time>2026-02-16T20:56:34.789Z</time>
      </trkpt>
      <trkpt lat="49.009488" lon="12.367850">
        <ele>332.834255</ele>
        <time>2026-02-16T20:56:35.180Z</time>
      </trkpt>
      <trkpt lat="49.009418" lon="12.367883">
        <ele>332.571806</ele>
        <time>2026-02-16T20:56:35.880Z</time>
      </trkpt>
      <trkpt lat="49.009362" lon="12.368025">
        <ele>332.182518</ele>
        <time>2026-02-16T20:56:36.917Z</time>
      </trkpt>
      <trkpt lat="49.009208" lon="12.367990">
        <ele>331.624805</ele>
        <time>2026-02-16T20:56:38.400Z</time>
      </trkpt>
      <trkpt lat="49.008968" lon="12.367832">
        <ele>330.688414</ele>
        <time>2026-02-16T20:56:40.901Z</time>
      </trkpt>
      <trkpt lat="49.007779" lon="12.366885">
        <ele>326.263559</ele>
        <time>2026-02-16T20:56:54.451Z</time>
      </trkpt>
      <trkpt lat="49.007136" lon="12.366420">
        <ele>325.124452</ele>
        <time>2026-02-16T20:57:02.538Z</time>
      </trkpt>
      <trkpt lat="49.006489" lon="12.365999">
        <ele>323.998478</ele>
        <time>2026-02-16T20:57:10.803Z</time>
      </trkpt>
      <trkpt lat="49.006444" lon="12.365971">
        <ele>323.920682</ele>
        <time>2026-02-16T20:57:11.393Z</time>
      </trkpt>
      <trkpt lat="49.006396" lon="12.365944">
        <ele>323.838791</ele>
        <time>2026-02-16T20:57:12.017Z</time>
      </trkpt>
      <trkpt lat="49.006211" lon="12.365831">
        <ele>323.696093</ele>
        <time>2026-02-16T20:57:14.524Z</time>
      </trkpt>
      <trkpt lat="49.005347" lon="12.365336">
        <ele>323.732491</ele>
        <time>2026-02-16T20:57:28.227Z</time>
      </trkpt>
      <trkpt lat="49.004677" lon="12.365000">
        <ele>323.760305</ele>
        <time>2026-02-16T20:57:39.684Z</time>
      </trkpt>
      <trkpt lat="49.004572" lon="12.364950">
        <ele>323.796382</ele>
        <time>2026-02-16T20:57:41.598Z</time>
      </trkpt>
      <trkpt lat="49.003755" lon="12.364590">
        <ele>324.402001</ele>
        <time>2026-02-16T20:57:57.107Z</time>
      </trkpt>
      <trkpt lat="49.003318" lon="12.364428">
        <ele>324.722266</ele>
        <time>2026-02-16T20:58:04.848Z</time>
      </trkpt>
      <trkpt lat="49.002625" lon="12.364161">
        <ele>325.195302</ele>
        <time>2026-02-16T20:58:17.583Z</time>
      </trkpt>
      <trkpt lat="49.002368" lon="12.364045">
        <ele>325.349574</ele>
        <time>2026-02-16T20:58:22.507Z</time>
      </trkpt>
      <trkpt lat="49.001165" lon="12.363529">
        <ele>326.068885</ele>
        <time>2026-02-16T20:58:43.876Z</time>
      </trkpt>
      <trkpt lat="49.000984" lon="12.363456">
        <ele>326.053471</ele>
        <time>2026-02-16T20:58:46.774Z</time>
      </trkpt>
      <trkpt lat="49.000778" lon="12.363380">
        <ele>326.021757</ele>
        <time>2026-02-16T20:58:49.995Z</time>
      </trkpt>
      <trkpt lat="49.000695" lon="12.363345">
        <ele>326.008872</ele>
        <time>2026-02-16T20:58:51.370Z</time>
      </trkpt>
      <trkpt lat="49.000200" lon="12.363138">
        <ele>325.932068</ele>
        <time>2026-02-16T20:58:58.755Z</time>
      </trkpt>
      <trkpt lat="48.999652" lon="12.362880">
        <ele>325.846249</ele>
        <time>2026-02-16T20:59:06.431Z</time>
      </trkpt>
      <trkpt lat="48.998944" lon="12.362543">
        <ele>325.661283</ele>
        <time>2026-02-16T20:59:16.272Z</time>
      </trkpt>
      <trkpt lat="48.998715" lon="12.362432">
        <ele>325.589615</ele>
        <time>2026-02-16T20:59:19.536Z</time>
      </trkpt>
      <trkpt lat="48.998641" lon="12.362394">
        <ele>325.566326</ele>
        <time>2026-02-16T20:59:20.585Z</time>
      </trkpt>
      <trkpt lat="48.997881" lon="12.362002">
        <ele>325.327037</ele>
        <time>2026-02-16T20:59:31.793Z</time>
      </trkpt>
      <trkpt lat="48.997094" lon="12.361589">
        <ele>325.297865</ele>
        <time>2026-02-16T20:59:44.471Z</time>
      </trkpt>
      <trkpt lat="48.994451" lon="12.360196">
        <ele>325.404230</ele>
        <time>2026-02-16T21:00:26.254Z</time>
      </trkpt>
      <trkpt lat="48.994495" lon="12.360039">
        <ele>325.408523</ele>
        <time>2026-02-16T21:00:27.947Z</time>
      </trkpt>
      <trkpt lat="48.994397" lon="12.359900">
        <ele>325.419543</ele>
        <time>2026-02-16T21:00:29.969Z</time>
      </trkpt>
      <trkpt lat="48.994345" lon="12.359746">
        <ele>325.430768</ele>
        <time>2026-02-16T21:00:31.675Z</time>
      </trkpt>
      <trkpt lat="48.994302" lon="12.359352">
        <ele>325.456655</ele>
        <time>2026-02-16T21:00:35.590Z</time>
      </trkpt>
      <trkpt lat="48.994298" lon="12.358892">
        <ele>325.486471</ele>
        <time>2026-02-16T21:00:40.118Z</time>
      </trkpt>
      <trkpt lat="48.994251" lon="12.358861">
        <ele>325.491530</ele>
        <time>2026-02-16T21:00:40.890Z</time>
      </trkpt>
      <trkpt lat="48.994318" lon="12.357833">
        <ele>325.558484</ele>
        <time>2026-02-16T21:00:51.382Z</time>
      </trkpt>
      <trkpt lat="48.994329" lon="12.357242">
        <ele>325.597603</ele>
        <time>2026-02-16T21:00:57.237Z</time>
      </trkpt>
      <trkpt lat="48.994255" lon="12.356386">
        <ele>325.658412</ele>
        <time>2026-02-16T21:01:05.580Z</time>
      </trkpt>
      <trkpt lat="48.993960" lon="12.354559">
        <ele>325.789207</ele>
        <time>2026-02-16T21:01:24.739Z</time>
      </trkpt>
      <trkpt lat="48.993909" lon="12.354327">
        <ele>325.803555</ele>
        <time>2026-02-16T21:01:28.091Z</time>
      </trkpt>
      <trkpt lat="48.993881" lon="12.354198">
        <ele>325.811523</ele>
        <time>2026-02-16T21:01:29.920Z</time>
      </trkpt>
      <trkpt lat="48.993623" lon="12.353246">
        <ele>325.871923</ele>
        <time>2026-02-16T21:01:44.114Z</time>
      </trkpt>
      <trkpt lat="48.993487" lon="12.352598">
        <ele>325.911818</ele>
        <time>2026-02-16T21:01:53.321Z</time>
      </trkpt>
      <trkpt lat="48.993462" lon="12.351915">
        <ele>325.916266</ele>
        <time>2026-02-16T21:02:02.285Z</time>
      </trkpt>
      <trkpt lat="48.993462" lon="12.351890">
        <ele>325.912766</ele>
        <time>2026-02-16T21:02:02.610Z</time>
      </trkpt>
      <trkpt lat="48.993511" lon="12.351039">
        <ele>325.793177</ele>
        <time>2026-02-16T21:02:13.374Z</time>
      </trkpt>
      <trkpt lat="48.993462" lon="12.350018">
        <ele>325.649866</ele>
        <time>2026-02-16T21:02:26.214Z</time>
      </trkpt>
      <trkpt lat="48.993325" lon="12.348705">
        <ele>325.557660</ele>
        <time>2026-02-16T21:02:38.737Z</time>
      </trkpt>
      <trkpt lat="48.993370" lon="12.348693">
        <ele>325.557660</ele>
        <time>2026-02-16T21:02:39.395Z</time>
      </trkpt>
      <trkpt lat="48.993809" lon="12.348562">
        <ele>325.557660</ele>
        <time>2026-02-16T21:02:45.832Z</time>
      </trkpt>
    </trkseg>
  </trk>
</gpx>