<?xml version='1.0' encoding='UTF-8'?>
<gpx version="1.1" creator="https://www.komoot.de" xmlns="http://www.topografix.com/GPX/1/1" xmlns:xsi="http://www.w3.org/2001/XMLSchema-instance" xsi:schemaLocation="http://www.topografix.com/GPX/1/1 http://www.topografix.com/GPX/1/1/gpx.xsd">
  <metadata>
    <name>M01 Currywurstexpress</name>
    <author>
      <link href="https://www.komoot.de">
        <text>komoot</text>
        <type>text/html</type>
      </link>
    </author>
  </metadata>
  <trk>
    <name>M01 Currywurstexpress</name>
    <trkseg>
      <trkpt lat="49.024781" lon="12.302514">
        <ele>341.150651</ele>
        <time>2026-03-12T08:16:09.027Z</time>
      </trkpt>
      <trkpt lat="49.024882" lon="12.302470">
        <ele>341.150651</ele>
        <time>2026-03-12T08:16:11.107Z</time>
      </trkpt>
      <trkpt lat="49.025962" lon="12.302089">
        <ele>342.234541</ele>
        <time>2026-03-12T08:16:39.071Z</time>
      </trkpt>
      <trkpt lat="49.026368" lon="12.301975">
        <ele>343.658481</ele>
        <time>2026-03-12T08:16:52.451Z</time>
      </trkpt>
      <trkpt lat="49.026389" lon="12.302094">
        <ele>343.937203</ele>
        <time>2026-03-12T08:16:55.187Z</time>
      </trkpt>
      <trkpt lat="49.026658" lon="12.302316">
        <ele>344.992198</ele>
        <time>2026-03-12T08:17:06.265Z</time>
      </trkpt>
      <trkpt lat="49.026841" lon="12.302396">
        <ele>345.648834</ele>
        <time>2026-03-12T08:17:13.873Z</time>
      </trkpt>
      <trkpt lat="49.027466" lon="12.302451">
        <ele>348.430901</ele>
        <time>2026-03-12T08:17:43.495Z</time>
      </trkpt>
      <trkpt lat="49.027775" lon="12.302436">
        <ele>350.961258</ele>
        <time>2026-03-12T08:18:00.356Z</time>
      </trkpt>
      <trkpt lat="49.027911" lon="12.302399">
        <ele>352.091951</ele>
        <time>2026-03-12T08:18:08.228Z</time>
      </trkpt>
      <trkpt lat="49.028292" lon="12.302069">
        <ele>355.678127</ele>
        <time>2026-03-12T08:18:36.054Z</time>
      </trkpt>
      <trkpt lat="49.029027" lon="12.301075">
        <ele>363.263887</ele>
        <time>2026-03-12T08:19:45.818Z</time>
      </trkpt>
      <trkpt lat="49.029415" lon="12.300714">
        <ele>365.954488</ele>
        <time>2026-03-12T08:20:16.929Z</time>
      </trkpt>
      <trkpt lat="49.029923" lon="12.300081">
        <ele>369.837883</ele>
        <time>2026-03-12T08:20:48.788Z</time>
      </trkpt>
      <trkpt lat="49.030165" lon="12.299909">
        <ele>371.418423</ele>
        <time>2026-03-12T08:20:58.950Z</time>
      </trkpt>
      <trkpt lat="49.030413" lon="12.299798">
        <ele>372.752154</ele>
        <time>2026-03-12T08:21:07.230Z</time>
      </trkpt>
      <trkpt lat="49.030672" lon="12.299626">
        <ele>372.962921</ele>
        <time>2026-03-12T08:21:14.917Z</time>
      </trkpt>
      <trkpt lat="49.031190" lon="12.299223">
        <ele>373.396786</ele>
        <time>2026-03-12T08:21:26.273Z</time>
      </trkpt>
      <trkpt lat="49.031482" lon="12.298939">
        <ele>373.655179</ele>
        <time>2026-03-12T08:21:33.037Z</time>
      </trkpt>
      <trkpt lat="49.031743" lon="12.298859">
        <ele>373.853808</ele>
        <time>2026-03-12T08:21:39.217Z</time>
      </trkpt>
      <trkpt lat="49.032046" lon="12.298912">
        <ele>374.132401</ele>
        <time>2026-03-12T08:21:47.605Z</time>
      </trkpt>
      <trkpt lat="49.032634" lon="12.298838">
        <ele>376.019741</ele>
        <time>2026-03-12T08:22:09.541Z</time>
      </trkpt>
      <trkpt lat="49.032850" lon="12.298879">
        <ele>376.716032</ele>
        <time>2026-03-12T08:22:18.053Z</time>
      </trkpt>
      <trkpt lat="49.033159" lon="12.299283">
        <ele>378.017938</ele>
        <time>2026-03-12T08:22:33.709Z</time>
      </trkpt>
      <trkpt lat="49.033334" lon="12.299566">
        <ele>378.833815</ele>
        <time>2026-03-12T08:22:43.572Z</time>
      </trkpt>
      <trkpt lat="49.034082" lon="12.300601">
        <ele>381.843663</ele>
        <time>2026-03-12T08:23:26.205Z</time>
      </trkpt>
      <trkpt lat="49.034255" lon="12.301047">
        <ele>382.823586</ele>
        <time>2026-03-12T08:23:36.451Z</time>
      </trkpt>
      <trkpt lat="49.034479" lon="12.301401">
        <ele>383.753913</ele>
        <time>2026-03-12T08:23:46.049Z</time>
      </trkpt>
      <trkpt lat="49.034623" lon="12.301635">
        <ele>384.360784</ele>
        <time>2026-03-12T08:23:52.796Z</time>
      </trkpt>
      <trkpt lat="49.035002" lon="12.301987">
        <ele>385.925762</ele>
        <time>2026-03-12T08:24:08.350Z</time>
      </trkpt>
      <trkpt lat="49.035287" lon="12.302092">
        <ele>387.152144</ele>
        <time>2026-03-12T08:24:18.774Z</time>
      </trkpt>
      <trkpt lat="49.035834" lon="12.301873">
        <ele>389.517645</ele>
        <time>2026-03-12T08:24:40.434Z</time>
      </trkpt>
      <trkpt lat="49.036093" lon="12.302009">
        <ele>390.663389</ele>
        <time>2026-03-12T08:24:52.873Z</time>
      </trkpt>
      <trkpt lat="49.036468" lon="12.302373">
        <ele>392.522602</ele>
        <time>2026-03-12T08:25:15.803Z</time>
      </trkpt>
      <trkpt lat="49.036828" lon="12.302802">
        <ele>396.010491</ele>
        <time>2026-03-12T08:25:41.930Z</time>
      </trkpt>
      <trkpt lat="49.037098" lon="12.303446">
        <ele>399.844009</ele>
        <time>2026-03-12T08:26:10.835Z</time>
      </trkpt>
      <trkpt lat="49.037228" lon="12.304004">
        <ele>402.813730</ele>
        <time>2026-03-12T08:26:34.202Z</time>
      </trkpt>
      <trkpt lat="49.037284" lon="12.304716">
        <ele>406.461436</ele>
        <time>2026-03-12T08:27:04.242Z</time>
      </trkpt>
      <trkpt lat="49.037520" lon="12.305317">
        <ele>411.479446</ele>
        <time>2026-03-12T08:27:35.999Z</time>
      </trkpt>
      <trkpt lat="49.038252" lon="12.306518">
        <ele>423.225397</ele>
        <time>2026-03-12T08:28:59.612Z</time>
      </trkpt>
      <trkpt lat="49.038510" lon="12.306879">
        <ele>427.149195</ele>
        <time>2026-03-12T08:29:29.800Z</time>
      </trkpt>
      <trkpt lat="49.038533" lon="12.307222">
        <ele>429.838336</ele>
        <time>2026-03-12T08:29:49.805Z</time>
      </trkpt>
      <trkpt lat="49.038364" lon="12.307583">
        <ele>433.298137</ele>
        <time>2026-03-12T08:30:15.573Z</time>
      </trkpt>
      <trkpt lat="49.038043" lon="12.307952">
        <ele>438.080195</ele>
        <time>2026-03-12T08:30:50.748Z</time>
      </trkpt>
      <trkpt lat="49.037875" lon="12.308407">
        <ele>442.153116</ele>
        <time>2026-03-12T08:31:19.870Z</time>
      </trkpt>
      <trkpt lat="49.037802" lon="12.308982">
        <ele>446.721137</ele>
        <time>2026-03-12T08:31:49.151Z</time>
      </trkpt>
      <trkpt lat="49.037509" lon="12.309385">
        <ele>449.215643</ele>
        <time>2026-03-12T08:32:15.059Z</time>
      </trkpt>
      <trkpt lat="49.037351" lon="12.309883">
        <ele>451.201390</ele>
        <time>2026-03-12T08:32:34.956Z</time>
      </trkpt>
      <trkpt lat="49.037295" lon="12.310226">
        <ele>452.470093</ele>
        <time>2026-03-12T08:32:45.907Z</time>
      </trkpt>
      <trkpt lat="49.037031" lon="12.310673">
        <ele>454.629539</ele>
        <time>2026-03-12T08:33:01.763Z</time>
      </trkpt>
      <trkpt lat="49.036805" lon="12.311153">
        <ele>456.750667</ele>
        <time>2026-03-12T08:33:15.020Z</time>
      </trkpt>
      <trkpt lat="49.036665" lon="12.311531">
        <ele>457.676655</ele>
        <time>2026-03-12T08:33:24.073Z</time>
      </trkpt>
      <trkpt lat="49.036271" lon="12.311814">
        <ele>458.715638</ele>
        <time>2026-03-12T08:33:37.578Z</time>
      </trkpt>
      <trkpt lat="49.035483" lon="12.312217">
        <ele>460.698458</ele>
        <time>2026-03-12T08:34:04.877Z</time>
      </trkpt>
      <trkpt lat="49.035258" lon="12.312544">
        <ele>461.439897</ele>
        <time>2026-03-12T08:34:15.775Z</time>
      </trkpt>
      <trkpt lat="49.035022" lon="12.312801">
        <ele>462.036176</ele>
        <time>2026-03-12T08:34:26.089Z</time>
      </trkpt>
      <trkpt lat="49.034503" lon="12.313261">
        <ele>463.258511</ele>
        <time>2026-03-12T08:34:47.289Z</time>
      </trkpt>
      <trkpt lat="49.034434" lon="12.313404">
        <ele>463.495555</ele>
        <time>2026-03-12T08:34:51.258Z</time>
      </trkpt>
      <trkpt lat="49.034707" lon="12.314106">
        <ele>464.585229</ele>
        <time>2026-03-12T08:35:07.821Z</time>
      </trkpt>
      <trkpt lat="49.034723" lon="12.314329">
        <ele>464.884719</ele>
        <time>2026-03-12T08:35:11.749Z</time>
      </trkpt>
      <trkpt lat="49.034690" lon="12.314621">
        <ele>465.158130</ele>
        <time>2026-03-12T08:35:16.521Z</time>
      </trkpt>
      <trkpt lat="49.034510" lon="12.315119">
        <ele>465.246098</ele>
        <time>2026-03-12T08:35:24.510Z</time>
      </trkpt>
      <trkpt lat="49.033950" lon="12.316423">
        <ele>465.487241</ele>
        <time>2026-03-12T08:35:45.645Z</time>
      </trkpt>
      <trkpt lat="49.033875" lon="12.316653">
        <ele>465.526979</ele>
        <time>2026-03-12T08:35:49.351Z</time>
      </trkpt>
      <trkpt lat="49.033909" lon="12.316862">
        <ele>465.560290</ele>
        <time>2026-03-12T08:35:52.593Z</time>
      </trkpt>
      <trkpt lat="49.034016" lon="12.316990">
        <ele>465.855578</ele>
        <time>2026-03-12T08:35:55.883Z</time>
      </trkpt>
      <trkpt lat="49.034545" lon="12.317180">
        <ele>467.288877</ele>
        <time>2026-03-12T08:36:11.192Z</time>
      </trkpt>
      <trkpt lat="49.034684" lon="12.317383">
        <ele>467.796404</ele>
        <time>2026-03-12T08:36:17.438Z</time>
      </trkpt>
      <trkpt lat="49.034843" lon="12.317794">
        <ele>468.621532</ele>
        <time>2026-03-12T08:36:28.989Z</time>
      </trkpt>
      <trkpt lat="49.035198" lon="12.318872">
        <ele>470.995362</ele>
        <time>2026-03-12T08:37:02.781Z</time>
      </trkpt>
      <trkpt lat="49.035318" lon="12.319071">
        <ele>471.801799</ele>
        <time>2026-03-12T08:37:10.590Z</time>
      </trkpt>
      <trkpt lat="49.035644" lon="12.319206">
        <ele>473.338620</ele>
        <time>2026-03-12T08:37:25.757Z</time>
      </trkpt>
      <trkpt lat="49.036063" lon="12.319353">
        <ele>475.294630</ele>
        <time>2026-03-12T08:37:45.631Z</time>
      </trkpt>
      <trkpt lat="49.036438" lon="12.319510">
        <ele>477.063786</ele>
        <time>2026-03-12T08:38:03.972Z</time>
      </trkpt>
      <trkpt lat="49.037300" lon="12.320761">
        <ele>481.041181</ele>
        <time>2026-03-12T08:38:52.571Z</time>
      </trkpt>
      <trkpt lat="49.037564" lon="12.321392">
        <ele>482.469193</ele>
        <time>2026-03-12T08:39:08.222Z</time>
      </trkpt>
      <trkpt lat="49.037768" lon="12.321760">
        <ele>483.388569</ele>
        <time>2026-03-12T08:39:16.690Z</time>
      </trkpt>
      <trkpt lat="49.037894" lon="12.321904">
        <ele>483.871084</ele>
        <time>2026-03-12T08:39:21.256Z</time>
      </trkpt>
      <trkpt lat="49.038001" lon="12.321957">
        <ele>484.265121</ele>
        <time>2026-03-12T08:39:24.737Z</time>
      </trkpt>
      <trkpt lat="49.038258" lon="12.321936">
        <ele>485.166570</ele>
        <time>2026-03-12T08:39:33.016Z</time>
      </trkpt>
      <trkpt lat="49.038663" lon="12.321753">
        <ele>486.646032</ele>
        <time>2026-03-12T08:39:48.285Z</time>
      </trkpt>
      <trkpt lat="49.038741" lon="12.321812">
        <ele>486.950976</ele>
        <time>2026-03-12T08:39:51.809Z</time>
      </trkpt>
      <trkpt lat="49.039039" lon="12.322242">
        <ele>488.387723</ele>
        <time>2026-03-12T08:40:09.248Z</time>
      </trkpt>
      <trkpt lat="49.039433" lon="12.322586">
        <ele>489.977783</ele>
        <time>2026-03-12T08:40:30.801Z</time>
      </trkpt>
      <trkpt lat="49.039704" lon="12.322869">
        <ele>490.252525</ele>
        <time>2026-03-12T08:40:47.498Z</time>
      </trkpt>
      <trkpt lat="49.039943" lon="12.323193">
        <ele>490.481955</ele>
        <time>2026-03-12T08:40:59.538Z</time>
      </trkpt>
      <trkpt lat="49.040293" lon="12.324178">
        <ele>491.008971</ele>
        <time>2026-03-12T08:41:14.387Z</time>
      </trkpt>
      <trkpt lat="49.040357" lon="12.324282">
        <ele>491.076068</ele>
        <time>2026-03-12T08:41:16.021Z</time>
      </trkpt>
      <trkpt lat="49.040529" lon="12.324402">
        <ele>491.211784</ele>
        <time>2026-03-12T08:41:19.215Z</time>
      </trkpt>
      <trkpt lat="49.040785" lon="12.324326">
        <ele>491.143205</ele>
        <time>2026-03-12T08:41:23.528Z</time>
      </trkpt>
      <trkpt lat="49.041031" lon="12.324313">
        <ele>490.764656</ele>
        <time>2026-03-12T08:41:27.525Z</time>
      </trkpt>
      <trkpt lat="49.041663" lon="12.324044">
        <ele>489.755584</ele>
        <time>2026-03-12T08:41:38.198Z</time>
      </trkpt>
      <trkpt lat="49.041957" lon="12.323866">
        <ele>489.269137</ele>
        <time>2026-03-12T08:41:44.361Z</time>
      </trkpt>
      <trkpt lat="49.042370" lon="12.323696">
        <ele>488.611272</ele>
        <time>2026-03-12T08:41:53.997Z</time>
      </trkpt>
      <trkpt lat="49.042491" lon="12.323804">
        <ele>488.948163</ele>
        <time>2026-03-12T08:41:57.686Z</time>
      </trkpt>
      <trkpt lat="49.042799" lon="12.323955">
        <ele>490.215302</ele>
        <time>2026-03-12T08:42:07.191Z</time>
      </trkpt>
      <trkpt lat="49.042978" lon="12.323977">
        <ele>490.918682</ele>
        <time>2026-03-12T08:42:13.077Z</time>
      </trkpt>
      <trkpt lat="49.043143" lon="12.324180">
        <ele>491.748926</ele>
        <time>2026-03-12T08:42:20.663Z</time>
      </trkpt>
      <trkpt lat="49.043274" lon="12.324465">
        <ele>492.642616</ele>
        <time>2026-03-12T08:42:29.864Z</time>
      </trkpt>
      <trkpt lat="49.043454" lon="12.325279">
        <ele>494.848210</ele>
        <time>2026-03-12T08:42:57.354Z</time>
      </trkpt>
      <trkpt lat="49.043503" lon="12.325748">
        <ele>496.634397</ele>
        <time>2026-03-12T08:43:15.120Z</time>
      </trkpt>
      <trkpt lat="49.043500" lon="12.326268">
        <ele>499.575863</ele>
        <time>2026-03-12T08:43:36.496Z</time>
      </trkpt>
      <trkpt lat="49.043419" lon="12.326905">
        <ele>503.246193</ele>
        <time>2026-03-12T08:44:04.421Z</time>
      </trkpt>
      <trkpt lat="49.043138" lon="12.327749">
        <ele>508.600780</ele>
        <time>2026-03-12T08:44:47.178Z</time>
      </trkpt>
      <trkpt lat="49.042907" lon="12.328562">
        <ele>513.633485</ele>
        <time>2026-03-12T08:45:27.487Z</time>
      </trkpt>
      <trkpt lat="49.042422" lon="12.330581">
        <ele>525.896805</ele>
        <time>2026-03-12T08:47:01.881Z</time>
      </trkpt>
      <trkpt lat="49.041068" lon="12.334537">
        <ele>543.163074</ele>
        <time>2026-03-12T08:49:33.133Z</time>
      </trkpt>
      <trkpt lat="49.040773" lon="12.334922">
        <ele>545.044334</ele>
        <time>2026-03-12T08:49:47.211Z</time>
      </trkpt>
      <trkpt lat="49.040722" lon="12.335147">
        <ele>545.800575</ele>
        <time>2026-03-12T08:49:52.857Z</time>
      </trkpt>
      <trkpt lat="49.040717" lon="12.335684">
        <ele>547.633014</ele>
        <time>2026-03-12T08:50:05.739Z</time>
      </trkpt>
      <trkpt lat="49.040740" lon="12.336199">
        <ele>549.616453</ele>
        <time>2026-03-12T08:50:19.173Z</time>
      </trkpt>
      <trkpt lat="49.040825" lon="12.336495">
        <ele>550.858155</ele>
        <time>2026-03-12T08:50:28.717Z</time>
      </trkpt>
      <trkpt lat="49.040861" lon="12.336618">
        <ele>551.375742</ele>
        <time>2026-03-12T08:50:33.036Z</time>
      </trkpt>
      <trkpt lat="49.041106" lon="12.337060">
        <ele>553.599873</ele>
        <time>2026-03-12T08:50:53.715Z</time>
      </trkpt>
      <trkpt lat="49.041378" lon="12.337418">
        <ele>555.705628</ele>
        <time>2026-03-12T08:51:15.520Z</time>
      </trkpt>
      <trkpt lat="49.041728" lon="12.338128">
        <ele>559.191454</ele>
        <time>2026-03-12T08:51:51.313Z</time>
      </trkpt>
      <trkpt lat="49.041948" lon="12.338848">
        <ele>562.375872</ele>
        <time>2026-03-12T08:52:20.563Z</time>
      </trkpt>
      <trkpt lat="49.041992" lon="12.339494">
        <ele>564.979417</ele>
        <time>2026-03-12T08:52:41.792Z</time>
      </trkpt>
      <trkpt lat="49.041953" lon="12.340046">
        <ele>567.205021</ele>
        <time>2026-03-12T08:52:58.555Z</time>
      </trkpt>
      <trkpt lat="49.041983" lon="12.340442">
        <ele>568.715646</ele>
        <time>2026-03-12T08:53:10.094Z</time>
      </trkpt>
      <trkpt lat="49.042148" lon="12.340827">
        <ele>570.108754</ele>
        <time>2026-03-12T08:53:23.091Z</time>
      </trkpt>
      <trkpt lat="49.042364" lon="12.341588">
        <ele>572.620300</ele>
        <time>2026-03-12T08:53:47.648Z</time>
      </trkpt>
      <trkpt lat="49.042527" lon="12.342572">
        <ele>575.694106</ele>
        <time>2026-03-12T08:54:19.011Z</time>
      </trkpt>
      <trkpt lat="49.042713" lon="12.343298">
        <ele>577.483279</ele>
        <time>2026-03-12T08:54:39.859Z</time>
      </trkpt>
      <trkpt lat="49.043281" lon="12.343708">
        <ele>579.109121</ele>
        <time>2026-03-12T08:55:02.541Z</time>
      </trkpt>
      <trkpt lat="49.043474" lon="12.344026">
        <ele>579.844132</ele>
        <time>2026-03-12T08:55:12.333Z</time>
      </trkpt>
      <trkpt lat="49.043696" lon="12.344530">
        <ele>580.873979</ele>
        <time>2026-03-12T08:55:24.297Z</time>
      </trkpt>
      <trkpt lat="49.043832" lon="12.344754">
        <ele>581.391809</ele>
        <time>2026-03-12T08:55:29.296Z</time>
      </trkpt>
      <trkpt lat="49.044184" lon="12.345031">
        <ele>581.449308</ele>
        <time>2026-03-12T08:55:39.082Z</time>
      </trkpt>
      <trkpt lat="49.044349" lon="12.345458">
        <ele>581.482441</ele>
        <time>2026-03-12T08:55:48.063Z</time>
      </trkpt>
      <trkpt lat="49.044407" lon="12.345750">
        <ele>581.502835</ele>
        <time>2026-03-12T08:55:53.381Z</time>
      </trkpt>
      <trkpt lat="49.044552" lon="12.346029">
        <ele>581.526635</ele>
        <time>2026-03-12T08:55:59.144Z</time>
      </trkpt>
      <trkpt lat="49.044784" lon="12.346051">
        <ele>581.550339</ele>
        <time>2026-03-12T08:56:04.022Z</time>
      </trkpt>
      <trkpt lat="49.045213" lon="12.345978">
        <ele>581.543354</ele>
        <time>2026-03-12T08:56:12.028Z</time>
      </trkpt>
      <trkpt lat="49.045790" lon="12.346052">
        <ele>579.318853</ele>
        <time>2026-03-12T08:56:21.797Z</time>
      </trkpt>
      <trkpt lat="49.046006" lon="12.346116">
        <ele>578.473533</ele>
        <time>2026-03-12T08:56:25.292Z</time>
      </trkpt>
      <trkpt lat="49.046198" lon="12.346483">
        <ele>577.291122</ele>
        <time>2026-03-12T08:56:29.999Z</time>
      </trkpt>
      <trkpt lat="49.046324" lon="12.346686">
        <ele>576.587130</ele>
        <time>2026-03-12T08:56:32.768Z</time>
      </trkpt>
      <trkpt lat="49.046863" lon="12.347155">
        <ele>574.300627</ele>
        <time>2026-03-12T08:56:42.074Z</time>
      </trkpt>
      <trkpt lat="49.046944" lon="12.347362">
        <ele>573.816667</ele>
        <time>2026-03-12T08:56:44.467Z</time>
      </trkpt>
      <trkpt lat="49.046949" lon="12.347642">
        <ele>573.254376</ele>
        <time>2026-03-12T08:56:47.277Z</time>
      </trkpt>
      <trkpt lat="49.046967" lon="12.347906">
        <ele>572.721554</ele>
        <time>2026-03-12T08:56:49.978Z</time>
      </trkpt>
      <trkpt lat="49.047046" lon="12.348185">
        <ele>572.111451</ele>
        <time>2026-03-12T08:56:53.157Z</time>
      </trkpt>
      <trkpt lat="49.047137" lon="12.348420">
        <ele>571.563525</ele>
        <time>2026-03-12T08:56:56.065Z</time>
      </trkpt>
      <trkpt lat="49.047315" lon="12.348736">
        <ele>570.727104</ele>
        <time>2026-03-12T08:57:00.659Z</time>
      </trkpt>
      <trkpt lat="49.047378" lon="12.348952">
        <ele>570.252508</ele>
        <time>2026-03-12T08:57:03.384Z</time>
      </trkpt>
      <trkpt lat="49.047374" lon="12.349690">
        <ele>569.558605</ele>
        <time>2026-03-12T08:57:12.492Z</time>
      </trkpt>
      <trkpt lat="49.047420" lon="12.349940">
        <ele>570.055117</ele>
        <time>2026-03-12T08:57:16.107Z</time>
      </trkpt>
      <trkpt lat="49.047521" lon="12.350173">
        <ele>570.589264</ele>
        <time>2026-03-12T08:57:20.616Z</time>
      </trkpt>
      <trkpt lat="49.047649" lon="12.350294">
        <ele>571.028552</ele>
        <time>2026-03-12T08:57:24.816Z</time>
      </trkpt>
      <trkpt lat="49.048169" lon="12.350493">
        <ele>572.592566</ele>
        <time>2026-03-12T08:57:43.528Z</time>
      </trkpt>
      <trkpt lat="49.048548" lon="12.350703">
        <ele>573.768896</ele>
        <time>2026-03-12T08:58:01.380Z</time>
      </trkpt>
      <trkpt lat="49.049338" lon="12.351205">
        <ele>580.701516</ele>
        <time>2026-03-12T08:58:52.782Z</time>
      </trkpt>
      <trkpt lat="49.049442" lon="12.351297">
        <ele>581.895980</ele>
        <time>2026-03-12T08:59:01.332Z</time>
      </trkpt>
      <trkpt lat="49.049289" lon="12.351671">
        <ele>584.767029</ele>
        <time>2026-03-12T08:59:22.963Z</time>
      </trkpt>
      <trkpt lat="49.049139" lon="12.351918">
        <ele>586.959880</ele>
        <time>2026-03-12T08:59:40.303Z</time>
      </trkpt>
      <trkpt lat="49.048894" lon="12.352188">
        <ele>589.962801</ele>
        <time>2026-03-12T09:00:05.035Z</time>
      </trkpt>
      <trkpt lat="49.048692" lon="12.352646">
        <ele>593.599322</ele>
        <time>2026-03-12T09:00:36.079Z</time>
      </trkpt>
      <trkpt lat="49.048522" lon="12.352948">
        <ele>596.276856</ele>
        <time>2026-03-12T09:00:58.535Z</time>
      </trkpt>
      <trkpt lat="49.048499" lon="12.353611">
        <ele>600.742352</ele>
        <time>2026-03-12T09:01:34.486Z</time>
      </trkpt>
      <trkpt lat="49.048532" lon="12.354215">
        <ele>604.818869</ele>
        <time>2026-03-12T09:02:04.497Z</time>
      </trkpt>
      <trkpt lat="49.048627" lon="12.354487">
        <ele>606.891845</ele>
        <time>2026-03-12T09:02:18.605Z</time>
      </trkpt>
      <trkpt lat="49.048888" lon="12.354935">
        <ele>610.790980</ele>
        <time>2026-03-12T09:02:42.361Z</time>
      </trkpt>
      <trkpt lat="49.049048" lon="12.355245">
        <ele>611.412042</ele>
        <time>2026-03-12T09:02:54.969Z</time>
      </trkpt>
      <trkpt lat="49.049323" lon="12.355352">
        <ele>612.093590</ele>
        <time>2026-03-12T09:03:06.896Z</time>
      </trkpt>
      <trkpt lat="49.049526" lon="12.355448">
        <ele>612.603974</ele>
        <time>2026-03-12T09:03:14.856Z</time>
      </trkpt>
      <trkpt lat="49.049824" lon="12.355752">
        <ele>613.464843</ele>
        <time>2026-03-12T09:03:26.491Z</time>
      </trkpt>
      <trkpt lat="49.050081" lon="12.355911">
        <ele>614.130836</ele>
        <time>2026-03-12T09:03:33.751Z</time>
      </trkpt>
      <trkpt lat="49.050484" lon="12.356096">
        <ele>614.914856</ele>
        <time>2026-03-12T09:03:41.959Z</time>
      </trkpt>
      <trkpt lat="49.050646" lon="12.356124">
        <ele>614.065477</ele>
        <time>2026-03-12T09:03:44.694Z</time>
      </trkpt>
      <trkpt lat="49.050812" lon="12.356099">
        <ele>613.196454</ele>
        <time>2026-03-12T09:03:47.426Z</time>
      </trkpt>
      <trkpt lat="49.050985" lon="12.356155">
        <ele>612.275106</ele>
        <time>2026-03-12T09:03:50.214Z</time>
      </trkpt>
      <trkpt lat="49.051119" lon="12.356339">
        <ele>611.335929</ele>
        <time>2026-03-12T09:03:52.975Z</time>
      </trkpt>
      <trkpt lat="49.051226" lon="12.356598">
        <ele>610.290567</ele>
        <time>2026-03-12T09:03:55.967Z</time>
      </trkpt>
      <trkpt lat="49.051690" lon="12.357435">
        <ele>606.547481</ele>
        <time>2026-03-12T09:04:06.445Z</time>
      </trkpt>
      <trkpt lat="49.051803" lon="12.357692">
        <ele>605.280260</ele>
        <time>2026-03-12T09:04:09.290Z</time>
      </trkpt>
      <trkpt lat="49.052397" lon="12.358023">
        <ele>598.661735</ele>
        <time>2026-03-12T09:04:17.917Z</time>
      </trkpt>
      <trkpt lat="49.052576" lon="12.358167">
        <ele>596.543856</ele>
        <time>2026-03-12T09:04:20.646Z</time>
      </trkpt>
      <trkpt lat="49.052817" lon="12.359148">
        <ele>589.357780</ele>
        <time>2026-03-12T09:04:29.828Z</time>
      </trkpt>
      <trkpt lat="49.052858" lon="12.359502">
        <ele>586.892013</ele>
        <time>2026-03-12T09:04:32.932Z</time>
      </trkpt>
      <trkpt lat="49.052777" lon="12.359973">
        <ele>582.726804</ele>
        <time>2026-03-12T09:04:37.083Z</time>
      </trkpt>
      <trkpt lat="49.052670" lon="12.360309">
        <ele>579.528075</ele>
        <time>2026-03-12T09:04:40.253Z</time>
      </trkpt>
      <trkpt lat="49.052640" lon="12.360719">
        <ele>575.995566</ele>
        <time>2026-03-12T09:04:43.774Z</time>
      </trkpt>
      <trkpt lat="49.052661" lon="12.360889">
        <ele>574.514278</ele>
        <time>2026-03-12T09:04:45.248Z</time>
      </trkpt>
      <trkpt lat="49.052400" lon="12.360693">
        <ele>570.713568</ele>
        <time>2026-03-12T09:04:51.240Z</time>
      </trkpt>
      <trkpt lat="49.052400" lon="12.360693">
        <ele>570.713568</ele>
        <time>2026-03-12T09:04:51.248Z</time>
      </trkpt>
      <trkpt lat="49.052305" lon="12.360593">
        <ele>569.205644</ele>
        <time>2026-03-12T09:04:56.217Z</time>
      </trkpt>
      <trkpt lat="49.051516" lon="12.361137">
        <ele>557.721364</ele>
        <time>2026-03-12T09:05:33.483Z</time>
      </trkpt>
      <trkpt lat="49.050727" lon="12.361680">
        <ele>546.057680</ele>
        <time>2026-03-12T09:06:10.790Z</time>
      </trkpt>
      <trkpt lat="49.049938" lon="12.362223">
        <ele>535.619102</ele>
        <time>2026-03-12T09:06:48.096Z</time>
      </trkpt>
      <trkpt lat="49.049149" lon="12.362766">
        <ele>526.968341</ele>
        <time>2026-03-12T09:07:25.305Z</time>
      </trkpt>
      <trkpt lat="49.048360" lon="12.363310">
        <ele>519.904813</ele>
        <time>2026-03-12T09:08:02.387Z</time>
      </trkpt>
      <trkpt lat="49.047571" lon="12.363853">
        <ele>516.088230</ele>
        <time>2026-03-12T09:08:39.424Z</time>
      </trkpt>
      <trkpt lat="49.046783" lon="12.364396">
        <ele>512.092689</ele>
        <time>2026-03-12T09:09:16.425Z</time>
      </trkpt>
      <trkpt lat="49.045994" lon="12.364940">
        <ele>507.542271</ele>
        <time>2026-03-12T09:09:53.496Z</time>
      </trkpt>
      <trkpt lat="49.045621" lon="12.365667">
        <ele>504.361908</ele>
        <time>2026-03-12T09:10:19.416Z</time>
      </trkpt>
      <trkpt lat="49.045177" lon="12.366763">
        <ele>499.985736</ele>
        <time>2026-03-12T09:10:55.577Z</time>
      </trkpt>
      <trkpt lat="49.044733" lon="12.367860">
        <ele>495.616116</ele>
        <time>2026-03-12T09:11:31.748Z</time>
      </trkpt>
      <trkpt lat="49.044290" lon="12.368957">
        <ele>489.247748</ele>
        <time>2026-03-12T09:12:07.911Z</time>
      </trkpt>
      <trkpt lat="49.044210" lon="12.369941">
        <ele>483.802851</ele>
        <time>2026-03-12T09:12:35.809Z</time>
      </trkpt>
      <trkpt lat="49.044130" lon="12.370925">
        <ele>479.143894</ele>
        <time>2026-03-12T09:13:03.759Z</time>
      </trkpt>
      <trkpt lat="49.044050" lon="12.371910">
        <ele>477.774352</ele>
        <time>2026-03-12T09:13:31.667Z</time>
      </trkpt>
      <trkpt lat="49.044493" lon="12.372907">
        <ele>476.112359</ele>
        <time>2026-03-12T09:14:05.432Z</time>
      </trkpt>
      <trkpt lat="49.044936" lon="12.373905">
        <ele>481.257134</ele>
        <time>2026-03-12T09:14:39.354Z</time>
      </trkpt>
      <trkpt lat="49.045379" lon="12.374903">
        <ele>489.253823</ele>
        <time>2026-03-12T09:15:13.406Z</time>
      </trkpt>
      <trkpt lat="49.045822" lon="12.375900">
        <ele>494.155889</ele>
        <time>2026-03-12T09:15:47.275Z</time>
      </trkpt>
      <trkpt lat="49.046265" lon="12.376898">
        <ele>494.925437</ele>
        <time>2026-03-12T09:16:21.066Z</time>
      </trkpt>
      <trkpt lat="49.046265" lon="12.376898">
        <ele>494.925437</ele>
        <time>2026-03-12T09:16:21.069Z</time>
      </trkpt>
      <trkpt lat="49.046048" lon="12.377128">
        <ele>495.182813</ele>
        <time>2026-03-12T09:16:24.916Z</time>
      </trkpt>
      <trkpt lat="49.045640" lon="12.377751">
        <ele>494.380282</ele>
        <time>2026-03-12T09:16:32.575Z</time>
      </trkpt>
      <trkpt lat="49.045377" lon="12.378700">
        <ele>489.633627</ele>
        <time>2026-03-12T09:16:41.195Z</time>
      </trkpt>
      <trkpt lat="49.045362" lon="12.379126">
        <ele>487.668258</ele>
        <time>2026-03-12T09:16:44.706Z</time>
      </trkpt>
      <trkpt lat="49.045285" lon="12.379665">
        <ele>485.126846</ele>
        <time>2026-03-12T09:16:49.210Z</time>
      </trkpt>
      <trkpt lat="49.044642" lon="12.380819">
        <ele>476.789411</ele>
        <time>2026-03-12T09:17:01.214Z</time>
      </trkpt>
      <trkpt lat="49.044000" lon="12.383120">
        <ele>463.773154</ele>
        <time>2026-03-12T09:17:21.051Z</time>
      </trkpt>
      <trkpt lat="49.044414" lon="12.383430">
        <ele>461.181491</ele>
        <time>2026-03-12T09:17:27.084Z</time>
      </trkpt>
      <trkpt lat="49.044776" lon="12.383595">
        <ele>459.058324</ele>
        <time>2026-03-12T09:17:32.307Z</time>
      </trkpt>
      <trkpt lat="49.045576" lon="12.383523">
        <ele>454.714377</ele>
        <time>2026-03-12T09:17:44.349Z</time>
      </trkpt>
      <trkpt lat="49.046210" lon="12.383531">
        <ele>451.429732</ele>
        <time>2026-03-12T09:17:53.528Z</time>
      </trkpt>
      <trkpt lat="49.046100" lon="12.383944">
        <ele>449.915961</ele>
        <time>2026-03-12T09:18:00.609Z</time>
      </trkpt>
      <trkpt lat="49.045909" lon="12.384270">
        <ele>448.431191</ele>
        <time>2026-03-12T09:18:07.228Z</time>
      </trkpt>
      <trkpt lat="49.045600" lon="12.384381">
        <ele>445.650837</ele>
        <time>2026-03-12T09:18:14.229Z</time>
      </trkpt>
      <trkpt lat="49.045490" lon="12.384367">
        <ele>443.761531</ele>
        <time>2026-03-12T09:18:16.554Z</time>
      </trkpt>
      <trkpt lat="49.045399" lon="12.384402">
        <ele>442.155238</ele>
        <time>2026-03-12T09:18:18.518Z</time>
      </trkpt>
      <trkpt lat="49.044844" lon="12.385145">
        <ele>429.517100</ele>
        <time>2026-03-12T09:18:33.315Z</time>
      </trkpt>
      <trkpt lat="49.044753" lon="12.385339">
        <ele>426.840699</ele>
        <time>2026-03-12T09:18:36.369Z</time>
      </trkpt>
      <trkpt lat="49.044580" lon="12.385506">
        <ele>423.336659</ele>
        <time>2026-03-12T09:18:40.330Z</time>
      </trkpt>
      <trkpt lat="49.044471" lon="12.385694">
        <ele>420.520752</ele>
        <time>2026-03-12T09:18:43.509Z</time>
      </trkpt>
      <trkpt lat="49.044380" lon="12.385950">
        <ele>417.253501</ele>
        <time>2026-03-12T09:18:47.214Z</time>
      </trkpt>
      <trkpt lat="49.044334" lon="12.386200">
        <ele>414.055340</ele>
        <time>2026-03-12T09:18:50.509Z</time>
      </trkpt>
      <trkpt lat="49.044330" lon="12.386450">
        <ele>410.878479</ele>
        <time>2026-03-12T09:18:53.688Z</time>
      </trkpt>
      <trkpt lat="49.044084" lon="12.387561">
        <ele>395.981157</ele>
        <time>2026-03-12T09:19:08.559Z</time>
      </trkpt>
      <trkpt lat="49.043602" lon="12.388096">
        <ele>384.428770</ele>
        <time>2026-03-12T09:19:20.463Z</time>
      </trkpt>
      <trkpt lat="49.043602" lon="12.388096">
        <ele>384.428770</ele>
        <time>2026-03-12T09:19:20.472Z</time>
      </trkpt>
      <trkpt lat="49.043515" lon="12.388353">
        <ele>381.345962</ele>
        <time>2026-03-12T09:19:24.441Z</time>
      </trkpt>
      <trkpt lat="49.043506" lon="12.388568">
        <ele>380.448531</ele>
        <time>2026-03-12T09:19:27.446Z</time>
      </trkpt>
      <trkpt lat="49.043583" lon="12.388659">
        <ele>379.829546</ele>
        <time>2026-03-12T09:19:29.539Z</time>
      </trkpt>
      <trkpt lat="49.043706" lon="12.388659">
        <ele>379.047881</ele>
        <time>2026-03-12T09:19:32.210Z</time>
      </trkpt>
      <trkpt lat="49.044020" lon="12.388520">
        <ele>376.970104</ele>
        <time>2026-03-12T09:19:39.460Z</time>
      </trkpt>
      <trkpt lat="49.044166" lon="12.388422">
        <ele>375.956439</ele>
        <time>2026-03-12T09:19:43.146Z</time>
      </trkpt>
      <trkpt lat="49.044280" lon="12.388409">
        <ele>375.229948</ele>
        <time>2026-03-12T09:19:45.896Z</time>
      </trkpt>
      <trkpt lat="49.044390" lon="12.388465">
        <ele>374.493004</ele>
        <time>2026-03-12T09:19:48.741Z</time>
      </trkpt>
      <trkpt lat="49.043882" lon="12.388991">
        <ele>370.591335</ele>
        <time>2026-03-12T09:20:05.102Z</time>
      </trkpt>
      <trkpt lat="49.043607" lon="12.389096">
        <ele>371.420734</ele>
        <time>2026-03-12T09:20:13.190Z</time>
      </trkpt>
      <trkpt lat="49.043331" lon="12.389140">
        <ele>372.937337</ele>
        <time>2026-03-12T09:20:21.233Z</time>
      </trkpt>
      <trkpt lat="49.043335" lon="12.389231">
        <ele>373.264063</ele>
        <time>2026-03-12T09:20:23.133Z</time>
      </trkpt>
      <trkpt lat="49.043341" lon="12.389328">
        <ele>373.613096</ele>
        <time>2026-03-12T09:20:25.409Z</time>
      </trkpt>
      <trkpt lat="49.043389" lon="12.389613">
        <ele>374.667230</ele>
        <time>2026-03-12T09:20:33.827Z</time>
      </trkpt>
      <trkpt lat="49.043439" lon="12.389731">
        <ele>375.170579</ele>
        <time>2026-03-12T09:20:39.221Z</time>
      </trkpt>
      <trkpt lat="49.043587" lon="12.389925">
        <ele>376.236986</ele>
        <time>2026-03-12T09:20:52.517Z</time>
      </trkpt>
      <trkpt lat="49.044120" lon="12.390441">
        <ele>379.686926</ele>
        <time>2026-03-12T09:21:48.525Z</time>
      </trkpt>
      <trkpt lat="49.044107" lon="12.390564">
        <ele>380.246615</ele>
        <time>2026-03-12T09:21:56.492Z</time>
      </trkpt>
      <trkpt lat="49.044032" lon="12.390788">
        <ele>382.179192</ele>
        <time>2026-03-12T09:22:13.035Z</time>
      </trkpt>
      <trkpt lat="49.043892" lon="12.390996">
        <ele>384.469811</ele>
        <time>2026-03-12T09:22:32.845Z</time>
      </trkpt>
      <trkpt lat="49.043684" lon="12.391051">
        <ele>386.944252</ele>
        <time>2026-03-12T09:22:53.898Z</time>
      </trkpt>
      <trkpt lat="49.043353" lon="12.391330">
        <ele>391.376907</ele>
        <time>2026-03-12T09:23:29.887Z</time>
      </trkpt>
      <trkpt lat="49.043062" lon="12.391340">
        <ele>394.788753</ele>
        <time>2026-03-12T09:23:58.285Z</time>
      </trkpt>
      <trkpt lat="49.042837" lon="12.391220">
        <ele>397.582631</ele>
        <time>2026-03-12T09:24:19.714Z</time>
      </trkpt>
      <trkpt lat="49.042639" lon="12.391017">
        <ele>400.378923</ele>
        <time>2026-03-12T09:24:39.011Z</time>
      </trkpt>
      <trkpt lat="49.042482" lon="12.390923">
        <ele>402.023684</ele>
        <time>2026-03-12T09:24:51.980Z</time>
      </trkpt>
      <trkpt lat="49.042355" lon="12.390892">
        <ele>403.126978</ele>
        <time>2026-03-12T09:25:01.363Z</time>
      </trkpt>
      <trkpt lat="49.042260" lon="12.390991">
        <ele>404.113897</ele>
        <time>2026-03-12T09:25:09.564Z</time>
      </trkpt>
      <trkpt lat="49.042178" lon="12.391142">
        <ele>405.216501</ele>
        <time>2026-03-12T09:25:18.475Z</time>
      </trkpt>
      <trkpt lat="49.042163" lon="12.391378">
        <ele>406.549768</ele>
        <time>2026-03-12T09:25:28.931Z</time>
      </trkpt>
      <trkpt lat="49.042187" lon="12.391745">
        <ele>408.623677</ele>
        <time>2026-03-12T09:25:44.942Z</time>
      </trkpt>
      <trkpt lat="49.042400" lon="12.392163">
        <ele>411.600769</ele>
        <time>2026-03-12T09:26:10.047Z</time>
      </trkpt>
      <trkpt lat="49.042542" lon="12.392359">
        <ele>413.243465</ele>
        <time>2026-03-12T09:26:24.798Z</time>
      </trkpt>
      <trkpt lat="49.042915" lon="12.392572">
        <ele>416.687312</ele>
        <time>2026-03-12T09:26:54.801Z</time>
      </trkpt>
      <trkpt lat="49.043755" lon="12.392878">
        <ele>425.878938</ele>
        <time>2026-03-12T09:28:06.540Z</time>
      </trkpt>
      <trkpt lat="49.044079" lon="12.393052">
        <ele>429.534749</ele>
        <time>2026-03-12T09:28:38.080Z</time>
      </trkpt>
      <trkpt lat="49.044525" lon="12.393233">
        <ele>434.446690</ele>
        <time>2026-03-12T09:29:19.849Z</time>
      </trkpt>
      <trkpt lat="49.045052" lon="12.393519">
        <ele>440.522531</ele>
        <time>2026-03-12T09:30:08.284Z</time>
      </trkpt>
      <trkpt lat="49.045175" lon="12.393534">
        <ele>441.869995</ele>
        <time>2026-03-12T09:30:18.661Z</time>
      </trkpt>
      <trkpt lat="49.045537" lon="12.393335">
        <ele>446.071885</ele>
        <time>2026-03-12T09:30:50.276Z</time>
      </trkpt>
      <trkpt lat="49.045687" lon="12.393327">
        <ele>447.710910</ele>
        <time>2026-03-12T09:31:02.470Z</time>
      </trkpt>
      <trkpt lat="49.045856" lon="12.393364">
        <ele>449.575323</ele>
        <time>2026-03-12T09:31:16.647Z</time>
      </trkpt>
      <trkpt lat="49.046230" lon="12.393743">
        <ele>454.478302</ele>
        <time>2026-03-12T09:31:55.947Z</time>
      </trkpt>
      <trkpt lat="49.046537" lon="12.393913">
        <ele>458.632430</ele>
        <time>2026-03-12T09:32:26.253Z</time>
      </trkpt>
      <trkpt lat="49.046894" lon="12.394046">
        <ele>463.514507</ele>
        <time>2026-03-12T09:33:02.593Z</time>
      </trkpt>
      <trkpt lat="49.047121" lon="12.394193">
        <ele>466.790595</ele>
        <time>2026-03-12T09:33:27.843Z</time>
      </trkpt>
      <trkpt lat="49.047754" lon="12.395140">
        <ele>478.568232</ele>
        <time>2026-03-12T09:35:00.616Z</time>
      </trkpt>
      <trkpt lat="49.048012" lon="12.395619">
        <ele>481.391480</ele>
        <time>2026-03-12T09:35:40.691Z</time>
      </trkpt>
      <trkpt lat="49.048169" lon="12.396101">
        <ele>483.532244</ele>
        <time>2026-03-12T09:36:10.171Z</time>
      </trkpt>
      <trkpt lat="49.048215" lon="12.396506">
        <ele>485.167071</ele>
        <time>2026-03-12T09:36:28.911Z</time>
      </trkpt>
      <trkpt lat="49.048155" lon="12.396802">
        <ele>486.399377</ele>
        <time>2026-03-12T09:36:40.998Z</time>
      </trkpt>
      <trkpt lat="49.048021" lon="12.396394">
        <ele>488.214468</ele>
        <time>2026-03-12T09:36:55.221Z</time>
      </trkpt>
      <trkpt lat="49.047388" lon="12.395452">
        <ele>486.649267</ele>
        <time>2026-03-12T09:37:17.589Z</time>
      </trkpt>
      <trkpt lat="49.047085" lon="12.395070">
        <ele>484.228032</ele>
        <time>2026-03-12T09:37:26.169Z</time>
      </trkpt>
      <trkpt lat="49.046556" lon="12.394674">
        <ele>480.598320</ele>
        <time>2026-03-12T09:37:39.028Z</time>
      </trkpt>
      <trkpt lat="49.045992" lon="12.394544">
        <ele>479.157153</ele>
        <time>2026-03-12T09:37:52.126Z</time>
      </trkpt>
      <trkpt lat="49.045772" lon="12.394669">
        <ele>479.227317</ele>
        <time>2026-03-12T09:37:58.146Z</time>
      </trkpt>
      <trkpt lat="49.045582" lon="12.394930">
        <ele>479.303730</ele>
        <time>2026-03-12T09:38:05.547Z</time>
      </trkpt>
      <trkpt lat="49.045395" lon="12.395409">
        <ele>479.412949</ele>
        <time>2026-03-12T09:38:20.160Z</time>
      </trkpt>
      <trkpt lat="49.045258" lon="12.395925">
        <ele>479.522012</ele>
        <time>2026-03-12T09:38:39.761Z</time>
      </trkpt>
      <trkpt lat="49.045053" lon="12.396534">
        <ele>481.181318</ele>
        <time>2026-03-12T09:39:08.711Z</time>
      </trkpt>
      <trkpt lat="49.045002" lon="12.397024">
        <ele>483.865219</ele>
        <time>2026-03-12T09:39:31.671Z</time>
      </trkpt>
      <trkpt lat="49.045016" lon="12.398384">
        <ele>491.223152</ele>
        <time>2026-03-12T09:40:41.879Z</time>
      </trkpt>
      <trkpt lat="49.045173" lon="12.398884">
        <ele>494.222279</ele>
        <time>2026-03-12T09:41:10.520Z</time>
      </trkpt>
      <trkpt lat="49.045402" lon="12.399426">
        <ele>496.618970</ele>
        <time>2026-03-12T09:41:41.406Z</time>
      </trkpt>
      <trkpt lat="49.045644" lon="12.399686">
        <ele>498.245649</ele>
        <time>2026-03-12T09:42:00.958Z</time>
      </trkpt>
      <trkpt lat="49.045719" lon="12.399957">
        <ele>499.305318</ele>
        <time>2026-03-12T09:42:12.303Z</time>
      </trkpt>
      <trkpt lat="49.045941" lon="12.400275">
        <ele>500.978876</ele>
        <time>2026-03-12T09:42:29.691Z</time>
      </trkpt>
      <trkpt lat="49.046098" lon="12.400322">
        <ele>501.858175</ele>
        <time>2026-03-12T09:42:38.180Z</time>
      </trkpt>
      <trkpt lat="49.046361" lon="12.400337">
        <ele>503.304587</ele>
        <time>2026-03-12T09:42:51.034Z</time>
      </trkpt>
      <trkpt lat="49.046597" lon="12.400455">
        <ele>504.576562</ele>
        <time>2026-03-12T09:43:01.119Z</time>
      </trkpt>
      <trkpt lat="49.046720" lon="12.400517">
        <ele>505.094718</ele>
        <time>2026-03-12T09:43:06.341Z</time>
      </trkpt>
      <trkpt lat="49.046990" lon="12.400770">
        <ele>506.362144</ele>
        <time>2026-03-12T09:43:19.667Z</time>
      </trkpt>
      <trkpt lat="49.047612" lon="12.401147">
        <ele>509.039277</ele>
        <time>2026-03-12T09:43:52.607Z</time>
      </trkpt>
      <trkpt lat="49.048093" lon="12.401450">
        <ele>511.120813</ele>
        <time>2026-03-12T09:44:23.772Z</time>
      </trkpt>
      <trkpt lat="49.048475" lon="12.401745">
        <ele>512.689294</ele>
        <time>2026-03-12T09:44:50.293Z</time>
      </trkpt>
      <trkpt lat="49.048605" lon="12.401902">
        <ele>513.279573</ele>
        <time>2026-03-12T09:45:00.855Z</time>
      </trkpt>
      <trkpt lat="49.048747" lon="12.402170">
        <ele>514.083730</ele>
        <time>2026-03-12T09:45:15.009Z</time>
      </trkpt>
      <trkpt lat="49.048835" lon="12.402413">
        <ele>514.731556</ele>
        <time>2026-03-12T09:45:25.895Z</time>
      </trkpt>
      <trkpt lat="49.048882" lon="12.402699">
        <ele>515.419580</ele>
        <time>2026-03-12T09:45:36.697Z</time>
      </trkpt>
      <trkpt lat="49.048882" lon="12.402699">
        <ele>515.419580</ele>
        <time>2026-03-12T09:45:36.710Z</time>
      </trkpt>
      <trkpt lat="49.048904" lon="12.403050">
        <ele>516.242355</ele>
        <time>2026-03-12T09:45:46.598Z</time>
      </trkpt>
      <trkpt lat="49.048987" lon="12.403023">
        <ele>516.544497</ele>
        <time>2026-03-12T09:45:50.228Z</time>
      </trkpt>
      <trkpt lat="49.049125" lon="12.403324">
        <ele>517.401647</ele>
        <time>2026-03-12T09:46:00.525Z</time>
      </trkpt>
      <trkpt lat="49.049587" lon="12.403263">
        <ele>516.180009</ele>
        <time>2026-03-12T09:46:20.358Z</time>
      </trkpt>
      <trkpt lat="49.049622" lon="12.403258">
        <ele>515.985973</ele>
        <time>2026-03-12T09:46:21.862Z</time>
      </trkpt>
      <trkpt lat="49.050109" lon="12.403910">
        <ele>512.409727</ele>
        <time>2026-03-12T09:46:49.595Z</time>
      </trkpt>
      <trkpt lat="49.050109" lon="12.403910">
        <ele>512.409727</ele>
        <time>2026-03-12T09:46:49.604Z</time>
      </trkpt>
      <trkpt lat="49.050109" lon="12.403910">
        <ele>512.409727</ele>
        <time>2026-03-12T09:46:49.801Z</time>
      </trkpt>
      <trkpt lat="49.050216" lon="12.404327">
        <ele>510.789676</ele>
        <time>2026-03-12T09:46:56.316Z</time>
      </trkpt>
      <trkpt lat="49.050543" lon="12.404775">
        <ele>508.363870</ele>
        <time>2026-03-12T09:47:05.878Z</time>
      </trkpt>
      <trkpt lat="49.050737" lon="12.405366">
        <ele>503.996869</ele>
        <time>2026-03-12T09:47:15.192Z</time>
      </trkpt>
      <trkpt lat="49.050930" lon="12.405855">
        <ele>499.917519</ele>
        <time>2026-03-12T09:47:23.049Z</time>
      </trkpt>
      <trkpt lat="49.051324" lon="12.406323">
        <ele>494.472969</ele>
        <time>2026-03-12T09:47:33.410Z</time>
      </trkpt>
      <trkpt lat="49.051672" lon="12.406973">
        <ele>488.474952</ele>
        <time>2026-03-12T09:47:44.983Z</time>
      </trkpt>
      <trkpt lat="49.051698" lon="12.407048">
        <ele>488.068827</ele>
        <time>2026-03-12T09:47:46.168Z</time>
      </trkpt>
      <trkpt lat="49.051744" lon="12.407186">
        <ele>487.390848</ele>
        <time>2026-03-12T09:47:48.350Z</time>
      </trkpt>
      <trkpt lat="49.051939" lon="12.407346">
        <ele>485.911479</ele>
        <time>2026-03-12T09:47:53.167Z</time>
      </trkpt>
      <trkpt lat="49.052106" lon="12.407414">
        <ele>484.756587</ele>
        <time>2026-03-12T09:47:56.975Z</time>
      </trkpt>
      <trkpt lat="49.052393" lon="12.407395">
        <ele>482.837136</ele>
        <time>2026-03-12T09:48:03.472Z</time>
      </trkpt>
      <trkpt lat="49.053031" lon="12.406573">
        <ele>477.257810</ele>
        <time>2026-03-12T09:48:23.739Z</time>
      </trkpt>
      <trkpt lat="49.053373" lon="12.406198">
        <ele>474.722421</ele>
        <time>2026-03-12T09:48:34.493Z</time>
      </trkpt>
      <trkpt lat="49.053970" lon="12.405703">
        <ele>470.839944</ele>
        <time>2026-03-12T09:48:51.143Z</time>
      </trkpt>
      <trkpt lat="49.054112" lon="12.405541">
        <ele>469.826817</ele>
        <time>2026-03-12T09:48:55.294Z</time>
      </trkpt>
      <trkpt lat="49.054297" lon="12.405510">
        <ele>468.763335</ele>
        <time>2026-03-12T09:48:59.594Z</time>
      </trkpt>
      <trkpt lat="49.054468" lon="12.405261">
        <ele>467.412694</ele>
        <time>2026-03-12T09:49:04.959Z</time>
      </trkpt>
      <trkpt lat="49.054713" lon="12.405085">
        <ele>465.728354</ele>
        <time>2026-03-12T09:49:11.020Z</time>
      </trkpt>
      <trkpt lat="49.054900" lon="12.404697">
        <ele>462.824394</ele>
        <time>2026-03-12T09:49:17.917Z</time>
      </trkpt>
      <trkpt lat="49.055017" lon="12.404568">
        <ele>461.496339</ele>
        <time>2026-03-12T09:49:21.045Z</time>
      </trkpt>
      <trkpt lat="49.055373" lon="12.404381">
        <ele>458.032329</ele>
        <time>2026-03-12T09:49:29.185Z</time>
      </trkpt>
      <trkpt lat="49.055562" lon="12.404290">
        <ele>456.208925</ele>
        <time>2026-03-12T09:49:33.442Z</time>
      </trkpt>
      <trkpt lat="49.055652" lon="12.404281">
        <ele>455.379103</ele>
        <time>2026-03-12T09:49:35.362Z</time>
      </trkpt>
      <trkpt lat="49.056151" lon="12.404494">
        <ele>450.611813</ele>
        <time>2026-03-12T09:49:46.445Z</time>
      </trkpt>
      <trkpt lat="49.056456" lon="12.404437">
        <ele>448.636115</ele>
        <time>2026-03-12T09:49:53.112Z</time>
      </trkpt>
      <trkpt lat="49.057044" lon="12.404369">
        <ele>445.840208</ele>
        <time>2026-03-12T09:50:06.429Z</time>
      </trkpt>
      <trkpt lat="49.057344" lon="12.404440">
        <ele>444.400799</ele>
        <time>2026-03-12T09:50:13.770Z</time>
      </trkpt>
      <trkpt lat="49.057312" lon="12.404612">
        <ele>443.845271</ele>
        <time>2026-03-12T09:50:15.639Z</time>
      </trkpt>
      <trkpt lat="49.057184" lon="12.404855">
        <ele>442.876584</ele>
        <time>2026-03-12T09:50:18.991Z</time>
      </trkpt>
      <trkpt lat="49.057109" lon="12.404926">
        <ele>442.458115</ele>
        <time>2026-03-12T09:50:20.537Z</time>
      </trkpt>
      <trkpt lat="49.056577" lon="12.405089">
        <ele>442.223854</ele>
        <time>2026-03-12T09:50:32.213Z</time>
      </trkpt>
      <trkpt lat="49.056472" lon="12.405253">
        <ele>442.988268</ele>
        <time>2026-03-12T09:50:37.392Z</time>
      </trkpt>
      <trkpt lat="49.056349" lon="12.405856">
        <ele>445.093806</ele>
        <time>2026-03-12T09:50:56.713Z</time>
      </trkpt>
      <trkpt lat="49.056243" lon="12.406194">
        <ele>446.343091</ele>
        <time>2026-03-12T09:51:09.639Z</time>
      </trkpt>
      <trkpt lat="49.056236" lon="12.406375">
        <ele>446.947595</ele>
        <time>2026-03-12T09:51:16.143Z</time>
      </trkpt>
      <trkpt lat="49.056355" lon="12.406991">
        <ele>449.088716</ele>
        <time>2026-03-12T09:51:40.884Z</time>
      </trkpt>
      <trkpt lat="49.056433" lon="12.407462">
        <ele>451.007620</ele>
        <time>2026-03-12T09:52:00.891Z</time>
      </trkpt>
      <trkpt lat="49.056504" lon="12.407781">
        <ele>452.748455</ele>
        <time>2026-03-12T09:52:17.346Z</time>
      </trkpt>
      <trkpt lat="49.056773" lon="12.408378">
        <ele>456.492166</ele>
        <time>2026-03-12T09:52:49.492Z</time>
      </trkpt>
      <trkpt lat="49.057006" lon="12.409155">
        <ele>460.907494</ele>
        <time>2026-03-12T09:53:24.466Z</time>
      </trkpt>
      <trkpt lat="49.057091" lon="12.409813">
        <ele>464.361685</ele>
        <time>2026-03-12T09:53:50.173Z</time>
      </trkpt>
      <trkpt lat="49.057113" lon="12.410556">
        <ele>466.549066</ele>
        <time>2026-03-12T09:54:14.190Z</time>
      </trkpt>
      <trkpt lat="49.057305" lon="12.411202">
        <ele>468.635215</ele>
        <time>2026-03-12T09:54:34.133Z</time>
      </trkpt>
      <trkpt lat="49.057737" lon="12.411791">
        <ele>471.235125</ele>
        <time>2026-03-12T09:54:56.957Z</time>
      </trkpt>
      <trkpt lat="49.058244" lon="12.412158">
        <ele>472.664552</ele>
        <time>2026-03-12T09:55:18.817Z</time>
      </trkpt>
      <trkpt lat="49.058356" lon="12.412313">
        <ele>472.789393</ele>
        <time>2026-03-12T09:55:23.529Z</time>
      </trkpt>
      <trkpt lat="49.058396" lon="12.412579">
        <ele>472.937057</ele>
        <time>2026-03-12T09:55:28.778Z</time>
      </trkpt>
      <trkpt lat="49.058398" lon="12.413123">
        <ele>473.231401</ele>
        <time>2026-03-12T09:55:37.518Z</time>
      </trkpt>
      <trkpt lat="49.058540" lon="12.413468">
        <ele>473.451835</ele>
        <time>2026-03-12T09:55:43.098Z</time>
      </trkpt>
      <trkpt lat="49.058626" lon="12.413489">
        <ele>473.523747</ele>
        <time>2026-03-12T09:55:44.751Z</time>
      </trkpt>
      <trkpt lat="49.059453" lon="12.413701">
        <ele>474.522873</ele>
        <time>2026-03-12T09:56:00.958Z</time>
      </trkpt>
      <trkpt lat="49.059673" lon="12.413826">
        <ele>474.907251</ele>
        <time>2026-03-12T09:56:05.306Z</time>
      </trkpt>
      <trkpt lat="49.059804" lon="12.413956">
        <ele>475.163109</ele>
        <time>2026-03-12T09:56:08.831Z</time>
      </trkpt>
      <trkpt lat="49.060064" lon="12.414072">
        <ele>475.606645</ele>
        <time>2026-03-12T09:56:16.047Z</time>
      </trkpt>
      <trkpt lat="49.060149" lon="12.414192">
        <ele>475.796241</ele>
        <time>2026-03-12T09:56:19.765Z</time>
      </trkpt>
      <trkpt lat="49.060269" lon="12.414462">
        <ele>476.146275</ele>
        <time>2026-03-12T09:56:27.774Z</time>
      </trkpt>
      <trkpt lat="49.060325" lon="12.414786">
        <ele>476.505788</ele>
        <time>2026-03-12T09:56:37.803Z</time>
      </trkpt>
      <trkpt lat="49.060318" lon="12.415067">
        <ele>476.807494</ele>
        <time>2026-03-12T09:56:46.954Z</time>
      </trkpt>
      <trkpt lat="49.060575" lon="12.415180">
        <ele>477.145775</ele>
        <time>2026-03-12T09:57:02.462Z</time>
      </trkpt>
      <trkpt lat="49.060713" lon="12.415394">
        <ele>477.386903</ele>
        <time>2026-03-12T09:57:13.612Z</time>
      </trkpt>
      <trkpt lat="49.060924" lon="12.415682">
        <ele>477.733848</ele>
        <time>2026-03-12T09:57:28.307Z</time>
      </trkpt>
      <trkpt lat="49.061042" lon="12.415930">
        <ele>477.979983</ele>
        <time>2026-03-12T09:57:37.097Z</time>
      </trkpt>
      <trkpt lat="49.061796" lon="12.416362">
        <ele>478.967070</ele>
        <time>2026-03-12T09:57:50.377Z</time>
      </trkpt>
      <trkpt lat="49.062123" lon="12.416432">
        <ele>478.866786</ele>
        <time>2026-03-12T09:57:55.046Z</time>
      </trkpt>
      <trkpt lat="49.062380" lon="12.416372">
        <ele>478.679644</ele>
        <time>2026-03-12T09:57:58.764Z</time>
      </trkpt>
      <trkpt lat="49.062663" lon="12.416189">
        <ele>478.458408</ele>
        <time>2026-03-12T09:58:03.368Z</time>
      </trkpt>
      <trkpt lat="49.062856" lon="12.416299">
        <ele>478.310114</ele>
        <time>2026-03-12T09:58:06.595Z</time>
      </trkpt>
      <trkpt lat="49.063411" lon="12.417248">
        <ele>478.271043</ele>
        <time>2026-03-12T09:58:22.798Z</time>
      </trkpt>
      <trkpt lat="49.063668" lon="12.417570">
        <ele>480.783721</ele>
        <time>2026-03-12T09:58:38.428Z</time>
      </trkpt>
      <trkpt lat="49.063784" lon="12.417671">
        <ele>481.792917</ele>
        <time>2026-03-12T09:58:45.936Z</time>
      </trkpt>
      <trkpt lat="49.064169" lon="12.417838">
        <ele>484.817476</ele>
        <time>2026-03-12T09:59:10.132Z</time>
      </trkpt>
      <trkpt lat="49.064227" lon="12.417977">
        <ele>485.633413</ele>
        <time>2026-03-12T09:59:18.797Z</time>
      </trkpt>
      <trkpt lat="49.064677" lon="12.418656">
        <ele>490.415243</ele>
        <time>2026-03-12T10:00:09.731Z</time>
      </trkpt>
      <trkpt lat="49.064946" lon="12.419199">
        <ele>493.713549</ele>
        <time>2026-03-12T10:00:49.368Z</time>
      </trkpt>
      <trkpt lat="49.065378" lon="12.419817">
        <ele>498.055236</ele>
        <time>2026-03-12T10:01:37.112Z</time>
      </trkpt>
      <trkpt lat="49.065480" lon="12.420003">
        <ele>499.220550</ele>
        <time>2026-03-12T10:01:48.995Z</time>
      </trkpt>
      <trkpt lat="49.065573" lon="12.420256">
        <ele>500.614286</ele>
        <time>2026-03-12T10:02:03.060Z</time>
      </trkpt>
      <trkpt lat="49.065641" lon="12.420589">
        <ele>502.290041</ele>
        <time>2026-03-12T10:02:18.354Z</time>
      </trkpt>
      <trkpt lat="49.065669" lon="12.421029">
        <ele>504.413905</ele>
        <time>2026-03-12T10:02:32.411Z</time>
      </trkpt>
      <trkpt lat="49.065655" lon="12.421610">
        <ele>503.308050</ele>
        <time>2026-03-12T10:02:43.234Z</time>
      </trkpt>
      <trkpt lat="49.065607" lon="12.421840">
        <ele>502.772530</ele>
        <time>2026-03-12T10:02:47.329Z</time>
      </trkpt>
      <trkpt lat="49.065729" lon="12.422112">
        <ele>502.041238</ele>
        <time>2026-03-12T10:02:52.871Z</time>
      </trkpt>
      <trkpt lat="49.066227" lon="12.421880">
        <ele>500.278182</ele>
        <time>2026-03-12T10:03:05.315Z</time>
      </trkpt>
      <trkpt lat="49.066406" lon="12.421952">
        <ele>499.651384</ele>
        <time>2026-03-12T10:03:09.536Z</time>
      </trkpt>
      <trkpt lat="49.066810" lon="12.422507">
        <ele>497.928617</ele>
        <time>2026-03-12T10:03:21.986Z</time>
      </trkpt>
      <trkpt lat="49.066966" lon="12.422688">
        <ele>497.387401</ele>
        <time>2026-03-12T10:03:26.797Z</time>
      </trkpt>
      <trkpt lat="49.067173" lon="12.422834">
        <ele>496.757592</ele>
        <time>2026-03-12T10:03:32.879Z</time>
      </trkpt>
      <trkpt lat="49.067274" lon="12.422940">
        <ele>496.419057</ele>
        <time>2026-03-12T10:03:36.308Z</time>
      </trkpt>
      <trkpt lat="49.067437" lon="12.423413">
        <ele>495.451972</ele>
        <time>2026-03-12T10:03:46.307Z</time>
      </trkpt>
      <trkpt lat="49.067590" lon="12.423768">
        <ele>494.683063</ele>
        <time>2026-03-12T10:03:54.143Z</time>
      </trkpt>
      <trkpt lat="49.067799" lon="12.424021">
        <ele>493.946316</ele>
        <time>2026-03-12T10:04:03.161Z</time>
      </trkpt>
      <trkpt lat="49.068233" lon="12.424456">
        <ele>492.359013</ele>
        <time>2026-03-12T10:04:17.602Z</time>
      </trkpt>
      <trkpt lat="49.068278" lon="12.424760">
        <ele>491.705888</ele>
        <time>2026-03-12T10:04:22.500Z</time>
      </trkpt>
      <trkpt lat="49.068270" lon="12.424994">
        <ele>491.214848</ele>
        <time>2026-03-12T10:04:26.041Z</time>
      </trkpt>
      <trkpt lat="49.068347" lon="12.425119">
        <ele>490.855294</ele>
        <time>2026-03-12T10:04:28.692Z</time>
      </trkpt>
      <trkpt lat="49.068521" lon="12.425114">
        <ele>490.298633</ele>
        <time>2026-03-12T10:04:32.909Z</time>
      </trkpt>
      <trkpt lat="49.068597" lon="12.424996">
        <ele>489.951872</ele>
        <time>2026-03-12T10:04:35.594Z</time>
      </trkpt>
      <trkpt lat="49.068690" lon="12.424854">
        <ele>489.531110</ele>
        <time>2026-03-12T10:04:38.939Z</time>
      </trkpt>
      <trkpt lat="49.068804" lon="12.424834">
        <ele>489.164066</ele>
        <time>2026-03-12T10:04:41.919Z</time>
      </trkpt>
      <trkpt lat="49.069037" lon="12.424933">
        <ele>488.390448</ele>
        <time>2026-03-12T10:04:48.352Z</time>
      </trkpt>
      <trkpt lat="49.069201" lon="12.424811">
        <ele>487.806889</ele>
        <time>2026-03-12T10:04:53.212Z</time>
      </trkpt>
      <trkpt lat="49.069765" lon="12.424877">
        <ele>488.051200</ele>
        <time>2026-03-12T10:05:08.530Z</time>
      </trkpt>
      <trkpt lat="49.070293" lon="12.424762">
        <ele>488.369177</ele>
        <time>2026-03-12T10:05:28.977Z</time>
      </trkpt>
      <trkpt lat="49.070656" lon="12.424777">
        <ele>488.585674</ele>
        <time>2026-03-12T10:05:44.945Z</time>
      </trkpt>
      <trkpt lat="49.071121" lon="12.424852">
        <ele>489.141748</ele>
        <time>2026-03-12T10:06:04.881Z</time>
      </trkpt>
      <trkpt lat="49.071375" lon="12.424838">
        <ele>489.954487</ele>
        <time>2026-03-12T10:06:16.420Z</time>
      </trkpt>
      <trkpt lat="49.071612" lon="12.424728">
        <ele>490.746595</ele>
        <time>2026-03-12T10:06:28.317Z</time>
      </trkpt>
      <trkpt lat="49.071742" lon="12.424704">
        <ele>491.165322</ele>
        <time>2026-03-12T10:06:34.766Z</time>
      </trkpt>
      <trkpt lat="49.071978" lon="12.424797">
        <ele>491.944715</ele>
        <time>2026-03-12T10:06:47.046Z</time>
      </trkpt>
      <trkpt lat="49.072340" lon="12.425093">
        <ele>493.257888</ele>
        <time>2026-03-12T10:07:08.320Z</time>
      </trkpt>
      <trkpt lat="49.073043" lon="12.425746">
        <ele>496.522235</ele>
        <time>2026-03-12T10:07:47.176Z</time>
      </trkpt>
      <trkpt lat="49.073295" lon="12.425868">
        <ele>497.767790</ele>
        <time>2026-03-12T10:07:59.401Z</time>
      </trkpt>
      <trkpt lat="49.073442" lon="12.425855">
        <ele>498.461528</ele>
        <time>2026-03-12T10:08:06.403Z</time>
      </trkpt>
      <trkpt lat="49.073416" lon="12.425530">
        <ele>499.472062</ele>
        <time>2026-03-12T10:08:17.125Z</time>
      </trkpt>
      <trkpt lat="49.073264" lon="12.424990">
        <ele>501.286065</ele>
        <time>2026-03-12T10:08:38.443Z</time>
      </trkpt>
      <trkpt lat="49.073088" lon="12.424616">
        <ele>502.707347</ele>
        <time>2026-03-12T10:08:57.347Z</time>
      </trkpt>
      <trkpt lat="49.073066" lon="12.424456">
        <ele>503.480397</ele>
        <time>2026-03-12T10:09:04.717Z</time>
      </trkpt>
      <trkpt lat="49.073093" lon="12.424259">
        <ele>505.001002</ele>
        <time>2026-03-12T10:09:14.397Z</time>
      </trkpt>
      <trkpt lat="49.073353" lon="12.423582">
        <ele>510.930034</ele>
        <time>2026-03-12T10:09:58.549Z</time>
      </trkpt>
      <trkpt lat="49.073392" lon="12.422717">
        <ele>517.480726</ele>
        <time>2026-03-12T10:10:55.276Z</time>
      </trkpt>
      <trkpt lat="49.073201" lon="12.421724">
        <ele>525.038211</ele>
        <time>2026-03-12T10:12:03.761Z</time>
      </trkpt>
      <trkpt lat="49.072955" lon="12.421341">
        <ele>528.397726</ele>
        <time>2026-03-12T10:12:36.448Z</time>
      </trkpt>
      <trkpt lat="49.072409" lon="12.420702">
        <ele>534.975684</ele>
        <time>2026-03-12T10:13:32.558Z</time>
      </trkpt>
      <trkpt lat="49.072185" lon="12.420051">
        <ele>539.581393</ele>
        <time>2026-03-12T10:14:05.848Z</time>
      </trkpt>
      <trkpt lat="49.072190" lon="12.419964">
        <ele>540.128405</ele>
        <time>2026-03-12T10:14:09.518Z</time>
      </trkpt>
      <trkpt lat="49.072331" lon="12.417384">
        <ele>549.726105</ele>
        <time>2026-03-12T10:15:46.925Z</time>
      </trkpt>
      <trkpt lat="49.072360" lon="12.416849">
        <ele>551.452409</ele>
        <time>2026-03-12T10:16:03.867Z</time>
      </trkpt>
      <trkpt lat="49.072301" lon="12.416711">
        <ele>551.913921</ele>
        <time>2026-03-12T10:16:08.986Z</time>
      </trkpt>
      <trkpt lat="49.072463" lon="12.416624">
        <ele>552.648096</ele>
        <time>2026-03-12T10:16:19.305Z</time>
      </trkpt>
      <trkpt lat="49.072788" lon="12.416110">
        <ele>554.648760</ele>
        <time>2026-03-12T10:16:47.401Z</time>
      </trkpt>
      <trkpt lat="49.073079" lon="12.415820">
        <ele>556.134455</ele>
        <time>2026-03-12T10:17:07.883Z</time>
      </trkpt>
      <trkpt lat="49.073633" lon="12.415093">
        <ele>558.666551</ele>
        <time>2026-03-12T10:17:40.258Z</time>
      </trkpt>
      <trkpt lat="49.073981" lon="12.414829">
        <ele>559.109120</ele>
        <time>2026-03-12T10:17:51.674Z</time>
      </trkpt>
      <trkpt lat="49.074621" lon="12.413885">
        <ele>560.122658</ele>
        <time>2026-03-12T10:18:18.402Z</time>
      </trkpt>
      <trkpt lat="49.074749" lon="12.413541">
        <ele>560.417809</ele>
        <time>2026-03-12T10:18:30.797Z</time>
      </trkpt>
      <trkpt lat="49.074676" lon="12.413362">
        <ele>560.853554</ele>
        <time>2026-03-12T10:18:38.237Z</time>
      </trkpt>
      <trkpt lat="49.074506" lon="12.413288">
        <ele>561.804166</ele>
        <time>2026-03-12T10:18:48.110Z</time>
      </trkpt>
      <trkpt lat="49.074379" lon="12.413146">
        <ele>562.650703</ele>
        <time>2026-03-12T10:18:57.546Z</time>
      </trkpt>
      <trkpt lat="49.074192" lon="12.413025">
        <ele>563.742900</ele>
        <time>2026-03-12T10:19:09.995Z</time>
      </trkpt>
      <trkpt lat="49.073986" lon="12.412895">
        <ele>564.941588</ele>
        <time>2026-03-12T10:19:24.261Z</time>
      </trkpt>
      <trkpt lat="49.073912" lon="12.412765">
        <ele>565.548276</ele>
        <time>2026-03-12T10:19:31.429Z</time>
      </trkpt>
      <trkpt lat="49.073878" lon="12.412480">
        <ele>566.568760</ele>
        <time>2026-03-12T10:19:44.855Z</time>
      </trkpt>
      <trkpt lat="49.073774" lon="12.412187">
        <ele>567.742691</ele>
        <time>2026-03-12T10:20:00.120Z</time>
      </trkpt>
      <trkpt lat="49.073691" lon="12.412048">
        <ele>568.405243</ele>
        <time>2026-03-12T10:20:08.640Z</time>
      </trkpt>
      <trkpt lat="49.073493" lon="12.411798">
        <ele>569.787008</ele>
        <time>2026-03-12T10:20:25.273Z</time>
      </trkpt>
      <trkpt lat="49.073256" lon="12.411608">
        <ele>570.531303</ele>
        <time>2026-03-12T10:20:38.974Z</time>
      </trkpt>
      <trkpt lat="49.073035" lon="12.411659">
        <ele>570.940470</ele>
        <time>2026-03-12T10:20:48.245Z</time>
      </trkpt>
      <trkpt lat="49.072902" lon="12.411592">
        <ele>571.196860</ele>
        <time>2026-03-12T10:20:53.430Z</time>
      </trkpt>
      <trkpt lat="49.072814" lon="12.411547">
        <ele>571.366754</ele>
        <time>2026-03-12T10:20:56.835Z</time>
      </trkpt>
      <trkpt lat="49.072462" lon="12.411040">
        <ele>572.252711</ele>
        <time>2026-03-12T10:21:15.002Z</time>
      </trkpt>
      <trkpt lat="49.072334" lon="12.410918">
        <ele>572.528959</ele>
        <time>2026-03-12T10:21:21.021Z</time>
      </trkpt>
      <trkpt lat="49.072198" lon="12.410872">
        <ele>572.783963</ele>
        <time>2026-03-12T10:21:26.668Z</time>
      </trkpt>
      <trkpt lat="49.072014" lon="12.410692">
        <ele>573.184036</ele>
        <time>2026-03-12T10:21:34.666Z</time>
      </trkpt>
      <trkpt lat="49.071699" lon="12.410606">
        <ele>573.156269</ele>
        <time>2026-03-12T10:21:44.805Z</time>
      </trkpt>
      <trkpt lat="49.071513" lon="12.410487">
        <ele>572.782043</ele>
        <time>2026-03-12T10:21:50.993Z</time>
      </trkpt>
      <trkpt lat="49.071203" lon="12.410208">
        <ele>572.114275</ele>
        <time>2026-03-12T10:22:01.375Z</time>
      </trkpt>
      <trkpt lat="49.070869" lon="12.409772">
        <ele>571.298788</ele>
        <time>2026-03-12T10:22:13.147Z</time>
      </trkpt>
      <trkpt lat="49.070661" lon="12.409588">
        <ele>570.852698</ele>
        <time>2026-03-12T10:22:19.383Z</time>
      </trkpt>
      <trkpt lat="49.070555" lon="12.409319">
        <ele>570.471096</ele>
        <time>2026-03-12T10:22:22.487Z</time>
      </trkpt>
      <trkpt lat="49.070247" lon="12.408751">
        <ele>569.690110</ele>
        <time>2026-03-12T10:22:29.808Z</time>
      </trkpt>
      <trkpt lat="49.070155" lon="12.408306">
        <ele>569.241198</ele>
        <time>2026-03-12T10:22:34.486Z</time>
      </trkpt>
      <trkpt lat="49.070154" lon="12.407796">
        <ele>568.750562</ele>
        <time>2026-03-12T10:22:39.680Z</time>
      </trkpt>
      <trkpt lat="49.070188" lon="12.407355">
        <ele>568.323381</ele>
        <time>2026-03-12T10:22:44.741Z</time>
      </trkpt>
      <trkpt lat="49.070310" lon="12.406472">
        <ele>567.556897</ele>
        <time>2026-03-12T10:22:58.308Z</time>
      </trkpt>
      <trkpt lat="49.070357" lon="12.405826">
        <ele>568.970208</ele>
        <time>2026-03-12T10:23:10.850Z</time>
      </trkpt>
      <trkpt lat="49.070352" lon="12.405568">
        <ele>569.531453</ele>
        <time>2026-03-12T10:23:16.180Z</time>
      </trkpt>
      <trkpt lat="49.070372" lon="12.404658">
        <ele>571.511286</ele>
        <time>2026-03-12T10:23:38.020Z</time>
      </trkpt>
      <trkpt lat="49.070441" lon="12.404020">
        <ele>572.917339</ele>
        <time>2026-03-12T10:23:56.333Z</time>
      </trkpt>
      <trkpt lat="49.070542" lon="12.403567">
        <ele>574.579715</ele>
        <time>2026-03-12T10:24:11.214Z</time>
      </trkpt>
      <trkpt lat="49.070774" lon="12.402920">
        <ele>578.171795</ele>
        <time>2026-03-12T10:24:37.176Z</time>
      </trkpt>
      <trkpt lat="49.070815" lon="12.402812">
        <ele>578.779695</ele>
        <time>2026-03-12T10:24:42.373Z</time>
      </trkpt>
      <trkpt lat="49.070910" lon="12.402560">
        <ele>580.195648</ele>
        <time>2026-03-12T10:24:54.733Z</time>
      </trkpt>
      <trkpt lat="49.070960" lon="12.402174">
        <ele>582.111900</ele>
        <time>2026-03-12T10:25:11.917Z</time>
      </trkpt>
      <trkpt lat="49.071244" lon="12.402291">
        <ele>584.298655</ele>
        <time>2026-03-12T10:25:31.101Z</time>
      </trkpt>
      <trkpt lat="49.071318" lon="12.402217">
        <ele>584.956296</ele>
        <time>2026-03-12T10:25:37.011Z</time>
      </trkpt>
      <trkpt lat="49.071502" lon="12.401865">
        <ele>587.175833</ele>
        <time>2026-03-12T10:25:56.121Z</time>
      </trkpt>
      <trkpt lat="49.071516" lon="12.401788">
        <ele>587.596933</ele>
        <time>2026-03-12T10:25:59.474Z</time>
      </trkpt>
      <trkpt lat="49.071688" lon="12.401624">
        <ele>589.228209</ele>
        <time>2026-03-12T10:26:12.475Z</time>
      </trkpt>
      <trkpt lat="49.071948" lon="12.401517">
        <ele>591.394280</ele>
        <time>2026-03-12T10:26:28.818Z</time>
      </trkpt>
      <trkpt lat="49.072649" lon="12.401501">
        <ele>597.033639</ele>
        <time>2026-03-12T10:27:12.469Z</time>
      </trkpt>
      <trkpt lat="49.072649" lon="12.401501">
        <ele>597.033639</ele>
        <time>2026-03-12T10:27:12.476Z</time>
      </trkpt>
      <trkpt lat="49.072649" lon="12.401501">
        <ele>597.033639</ele>
        <time>2026-03-12T10:27:12.510Z</time>
      </trkpt>
      <trkpt lat="49.073313" lon="12.401608">
        <ele>602.929138</ele>
        <time>2026-03-12T10:27:41.178Z</time>
      </trkpt>
      <trkpt lat="49.072852" lon="12.400763">
        <ele>611.464476</ele>
        <time>2026-03-12T10:28:12.278Z</time>
      </trkpt>
      <trkpt lat="49.072390" lon="12.399918">
        <ele>620.007448</ele>
        <time>2026-03-12T10:28:43.386Z</time>
      </trkpt>
      <trkpt lat="49.071929" lon="12.399074">
        <ele>621.300272</ele>
        <time>2026-03-12T10:29:14.196Z</time>
      </trkpt>
      <trkpt lat="49.071929" lon="12.399074">
        <ele>621.300272</ele>
        <time>2026-03-12T10:29:14.212Z</time>
      </trkpt>
      <trkpt lat="49.071818" lon="12.398964">
        <ele>620.955030</ele>
        <time>2026-03-12T10:29:17.810Z</time>
      </trkpt>
      <trkpt lat="49.071874" lon="12.398503">
        <ele>620.153741</ele>
        <time>2026-03-12T10:29:25.218Z</time>
      </trkpt>
      <trkpt lat="49.071803" lon="12.398515">
        <ele>619.967388</ele>
        <time>2026-03-12T10:29:26.836Z</time>
      </trkpt>
      <trkpt lat="49.071410" lon="12.398739">
        <ele>618.873009</ele>
        <time>2026-03-12T10:29:36.308Z</time>
      </trkpt>
      <trkpt lat="49.071410" lon="12.398739">
        <ele>618.873009</ele>
        <time>2026-03-12T10:29:36.318Z</time>
      </trkpt>
      <trkpt lat="49.071130" lon="12.399136">
        <ele>617.812005</ele>
        <time>2026-03-12T10:29:44.685Z</time>
      </trkpt>
      <trkpt lat="49.071076" lon="12.398722">
        <ele>615.869151</ele>
        <time>2026-03-12T10:29:49.360Z</time>
      </trkpt>
      <trkpt lat="49.071383" lon="12.398178">
        <ele>612.564489</ele>
        <time>2026-03-12T10:29:57.638Z</time>
      </trkpt>
      <trkpt lat="49.071430" lon="12.398106">
        <ele>612.096681</ele>
        <time>2026-03-12T10:29:58.548Z</time>
      </trkpt>
      <trkpt lat="49.071499" lon="12.397937">
        <ele>611.180165</ele>
        <time>2026-03-12T10:30:00.310Z</time>
      </trkpt>
      <trkpt lat="49.071362" lon="12.397735">
        <ele>609.841977</ele>
        <time>2026-03-12T10:30:02.863Z</time>
      </trkpt>
      <trkpt lat="49.071299" lon="12.397657">
        <ele>609.272084</ele>
        <time>2026-03-12T10:30:03.952Z</time>
      </trkpt>
      <trkpt lat="49.071175" lon="12.397881">
        <ele>607.922338</ele>
        <time>2026-03-12T10:30:06.558Z</time>
      </trkpt>
      <trkpt lat="49.071088" lon="12.398038">
        <ele>606.975905</ele>
        <time>2026-03-12T10:30:08.385Z</time>
      </trkpt>
      <trkpt lat="49.071024" lon="12.398102">
        <ele>606.438378</ele>
        <time>2026-03-12T10:30:09.426Z</time>
      </trkpt>
      <trkpt lat="49.070469" lon="12.398096">
        <ele>603.973413</ele>
        <time>2026-03-12T10:30:16.903Z</time>
      </trkpt>
      <trkpt lat="49.070301" lon="12.397832">
        <ele>603.166679</ele>
        <time>2026-03-12T10:30:20.246Z</time>
      </trkpt>
      <trkpt lat="49.070087" lon="12.397581">
        <ele>602.263703</ele>
        <time>2026-03-12T10:30:24.020Z</time>
      </trkpt>
      <trkpt lat="49.070212" lon="12.397003">
        <ele>600.929502</ele>
        <time>2026-03-12T10:30:29.705Z</time>
      </trkpt>
      <trkpt lat="49.070225" lon="12.396959">
        <ele>600.823702</ele>
        <time>2026-03-12T10:30:30.254Z</time>
      </trkpt>
      <trkpt lat="49.070087" lon="12.396728">
        <ele>600.138448</ele>
        <time>2026-03-12T10:30:34.601Z</time>
      </trkpt>
      <trkpt lat="49.070059" lon="12.396617">
        <ele>599.877727</ele>
        <time>2026-03-12T10:30:36.686Z</time>
      </trkpt>
      <trkpt lat="49.070063" lon="12.396158">
        <ele>599.597069</ele>
        <time>2026-03-12T10:30:45.075Z</time>
      </trkpt>
      <trkpt lat="49.070104" lon="12.396031">
        <ele>599.866910</ele>
        <time>2026-03-12T10:30:48.344Z</time>
      </trkpt>
      <trkpt lat="49.069775" lon="12.395574">
        <ele>601.161016</ele>
        <time>2026-03-12T10:31:03.939Z</time>
      </trkpt>
      <trkpt lat="49.069675" lon="12.395436">
        <ele>601.553203</ele>
        <time>2026-03-12T10:31:09.299Z</time>
      </trkpt>
      <trkpt lat="49.069573" lon="12.395214">
        <ele>602.069997</ele>
        <time>2026-03-12T10:31:16.772Z</time>
      </trkpt>
      <trkpt lat="49.069499" lon="12.395295">
        <ele>602.334908</ele>
        <time>2026-03-12T10:31:20.773Z</time>
      </trkpt>
      <trkpt lat="49.069508" lon="12.395174">
        <ele>602.567006</ele>
        <time>2026-03-12T10:31:26.367Z</time>
      </trkpt>
      <trkpt lat="49.069443" lon="12.394709">
        <ele>603.473209</ele>
        <time>2026-03-12T10:31:48.013Z</time>
      </trkpt>
      <trkpt lat="49.069273" lon="12.393982">
        <ele>604.372322</ele>
        <time>2026-03-12T10:32:23.171Z</time>
      </trkpt>
      <trkpt lat="49.068944" lon="12.393500">
        <ele>604.020738</ele>
        <time>2026-03-12T10:32:54.843Z</time>
      </trkpt>
      <trkpt lat="49.068709" lon="12.393086">
        <ele>603.744053</ele>
        <time>2026-03-12T10:33:19.778Z</time>
      </trkpt>
      <trkpt lat="49.068488" lon="12.392559">
        <ele>603.428000</ele>
        <time>2026-03-12T10:33:48.299Z</time>
      </trkpt>
      <trkpt lat="49.067961" lon="12.392125">
        <ele>603.389921</ele>
        <time>2026-03-12T10:34:29.939Z</time>
      </trkpt>
      <trkpt lat="49.067859" lon="12.392055">
        <ele>603.566194</ele>
        <time>2026-03-12T10:34:37.699Z</time>
      </trkpt>
      <trkpt lat="49.067716" lon="12.391936">
        <ele>603.822911</ele>
        <time>2026-03-12T10:34:49.028Z</time>
      </trkpt>
      <trkpt lat="49.067787" lon="12.391785">
        <ele>604.014845</ele>
        <time>2026-03-12T10:34:52.139Z</time>
      </trkpt>
      <trkpt lat="49.067814" lon="12.391642">
        <ele>604.168525</ele>
        <time>2026-03-12T10:34:54.886Z</time>
      </trkpt>
      <trkpt lat="49.067712" lon="12.391601">
        <ele>604.334777</ele>
        <time>2026-03-12T10:34:58.068Z</time>
      </trkpt>
      <trkpt lat="49.067680" lon="12.391539">
        <ele>604.416283</ele>
        <time>2026-03-12T10:34:59.714Z</time>
      </trkpt>
      <trkpt lat="49.067555" lon="12.390971">
        <ele>605.035042</ele>
        <time>2026-03-12T10:35:13.836Z</time>
      </trkpt>
      <trkpt lat="49.067239" lon="12.390263">
        <ele>605.919704</ele>
        <time>2026-03-12T10:35:41.181Z</time>
      </trkpt>
      <trkpt lat="49.067074" lon="12.389984">
        <ele>606.156936</ele>
        <time>2026-03-12T10:35:54.790Z</time>
      </trkpt>
      <trkpt lat="49.067083" lon="12.389891">
        <ele>606.214141</ele>
        <time>2026-03-12T10:35:58.643Z</time>
      </trkpt>
      <trkpt lat="49.067042" lon="12.389709">
        <ele>606.331252</ele>
        <time>2026-03-12T10:36:06.390Z</time>
      </trkpt>
      <trkpt lat="49.066994" lon="12.389604">
        <ele>606.409161</ele>
        <time>2026-03-12T10:36:11.097Z</time>
      </trkpt>
      <trkpt lat="49.066926" lon="12.389561">
        <ele>606.477523</ele>
        <time>2026-03-12T10:36:14.784Z</time>
      </trkpt>
      <trkpt lat="49.066110" lon="12.389504">
        <ele>607.236190</ele>
        <time>2026-03-12T10:36:43.987Z</time>
      </trkpt>
      <trkpt lat="49.065979" lon="12.389486">
        <ele>607.358351</ele>
        <time>2026-03-12T10:36:47.747Z</time>
      </trkpt>
      <trkpt lat="49.065734" lon="12.389323">
        <ele>607.606577</ele>
        <time>2026-03-12T10:36:54.732Z</time>
      </trkpt>
      <trkpt lat="49.065895" lon="12.388971">
        <ele>606.077515</ele>
        <time>2026-03-12T10:37:01.572Z</time>
      </trkpt>
      <trkpt lat="49.066457" lon="12.388062">
        <ele>601.536568</ele>
        <time>2026-03-12T10:37:19.988Z</time>
      </trkpt>
      <trkpt lat="49.066457" lon="12.388062">
        <ele>601.536568</ele>
        <time>2026-03-12T10:37:19.994Z</time>
      </trkpt>
      <trkpt lat="49.066657" lon="12.387610">
        <ele>599.554906</ele>
        <time>2026-03-12T10:37:28.284Z</time>
      </trkpt>
      <trkpt lat="49.066753" lon="12.387191">
        <ele>597.942179</ele>
        <time>2026-03-12T10:37:35.195Z</time>
      </trkpt>
      <trkpt lat="49.066704" lon="12.386664">
        <ele>597.109953</ele>
        <time>2026-03-12T10:37:43.812Z</time>
      </trkpt>
      <trkpt lat="49.066696" lon="12.386242">
        <ele>596.613750</ele>
        <time>2026-03-12T10:37:50.987Z</time>
      </trkpt>
      <trkpt lat="49.066739" lon="12.385676">
        <ele>595.944048</ele>
        <time>2026-03-12T10:38:01.273Z</time>
      </trkpt>
      <trkpt lat="49.066709" lon="12.384411">
        <ele>594.456265</ele>
        <time>2026-03-12T10:38:18.134Z</time>
      </trkpt>
      <trkpt lat="49.066659" lon="12.384186">
        <ele>594.150701</ele>
        <time>2026-03-12T10:38:21.903Z</time>
      </trkpt>
      <trkpt lat="49.066604" lon="12.384108">
        <ele>594.000815</ele>
        <time>2026-03-12T10:38:23.633Z</time>
      </trkpt>
      <trkpt lat="49.066536" lon="12.383866">
        <ele>593.656391</ele>
        <time>2026-03-12T10:38:29.467Z</time>
      </trkpt>
      <trkpt lat="49.066474" lon="12.383308">
        <ele>592.916094</ele>
        <time>2026-03-12T10:38:40.730Z</time>
      </trkpt>
      <trkpt lat="49.066379" lon="12.383150">
        <ele>592.635590</ele>
        <time>2026-03-12T10:38:44.712Z</time>
      </trkpt>
      <trkpt lat="49.066152" lon="12.382999">
        <ele>592.141231</ele>
        <time>2026-03-12T10:38:51.419Z</time>
      </trkpt>
      <trkpt lat="49.066144" lon="12.382815">
        <ele>591.900024</ele>
        <time>2026-03-12T10:38:53.322Z</time>
      </trkpt>
      <trkpt lat="49.064892" lon="12.382453">
        <ele>587.916860</ele>
        <time>2026-03-12T10:39:10.656Z</time>
      </trkpt>
      <trkpt lat="49.064789" lon="12.382300">
        <ele>587.347684</ele>
        <time>2026-03-12T10:39:14.151Z</time>
      </trkpt>
      <trkpt lat="49.064238" lon="12.381934">
        <ele>584.968009</ele>
        <time>2026-03-12T10:39:29.339Z</time>
      </trkpt>
      <trkpt lat="49.063847" lon="12.381635">
        <ele>582.916812</ele>
        <time>2026-03-12T10:39:40.718Z</time>
      </trkpt>
      <trkpt lat="49.063708" lon="12.381419">
        <ele>581.586438</ele>
        <time>2026-03-12T10:39:45.775Z</time>
      </trkpt>
      <trkpt lat="49.063635" lon="12.381044">
        <ele>579.867412</ele>
        <time>2026-03-12T10:39:52.110Z</time>
      </trkpt>
      <trkpt lat="49.063558" lon="12.380898">
        <ele>579.043842</ele>
        <time>2026-03-12T10:39:55.072Z</time>
      </trkpt>
      <trkpt lat="49.063317" lon="12.380850">
        <ele>577.413870</ele>
        <time>2026-03-12T10:40:00.788Z</time>
      </trkpt>
      <trkpt lat="49.062922" lon="12.380621">
        <ele>574.580113</ele>
        <time>2026-03-12T10:40:10.284Z</time>
      </trkpt>
      <trkpt lat="49.062804" lon="12.380496">
        <ele>573.616796</ele>
        <time>2026-03-12T10:40:13.417Z</time>
      </trkpt>
      <trkpt lat="49.062605" lon="12.380385">
        <ele>572.195860</ele>
        <time>2026-03-12T10:40:17.942Z</time>
      </trkpt>
      <trkpt lat="49.062438" lon="12.380348">
        <ele>570.674488</ele>
        <time>2026-03-12T10:40:21.528Z</time>
      </trkpt>
      <trkpt lat="49.062318" lon="12.380358">
        <ele>569.317408</ele>
        <time>2026-03-12T10:40:24.072Z</time>
      </trkpt>
      <trkpt lat="49.062182" lon="12.380294">
        <ele>567.710321</ele>
        <time>2026-03-12T10:40:27.065Z</time>
      </trkpt>
      <trkpt lat="49.062003" lon="12.380139">
        <ele>565.386327</ele>
        <time>2026-03-12T10:40:31.372Z</time>
      </trkpt>
      <trkpt lat="49.061837" lon="12.379876">
        <ele>562.684373</ele>
        <time>2026-03-12T10:40:36.338Z</time>
      </trkpt>
      <trkpt lat="49.061755" lon="12.379638">
        <ele>560.694774</ele>
        <time>2026-03-12T10:40:40.001Z</time>
      </trkpt>
      <trkpt lat="49.061734" lon="12.379490">
        <ele>559.574318</ele>
        <time>2026-03-12T10:40:42.054Z</time>
      </trkpt>
      <trkpt lat="49.061803" lon="12.379186">
        <ele>557.193851</ele>
        <time>2026-03-12T10:40:46.458Z</time>
      </trkpt>
      <trkpt lat="49.061748" lon="12.379126">
        <ele>556.430425</ele>
        <time>2026-03-12T10:40:47.868Z</time>
      </trkpt>
      <trkpt lat="49.061662" lon="12.379102">
        <ele>555.443195</ele>
        <time>2026-03-12T10:40:49.702Z</time>
      </trkpt>
      <trkpt lat="49.061607" lon="12.379129">
        <ele>554.790785</ele>
        <time>2026-03-12T10:40:50.908Z</time>
      </trkpt>
      <trkpt lat="49.061544" lon="12.379301">
        <ele>553.332786</ele>
        <time>2026-03-12T10:40:53.625Z</time>
      </trkpt>
      <trkpt lat="49.061488" lon="12.379282">
        <ele>552.684986</ele>
        <time>2026-03-12T10:40:54.545Z</time>
      </trkpt>
      <trkpt lat="49.061459" lon="12.379213">
        <ele>552.078443</ele>
        <time>2026-03-12T10:40:55.430Z</time>
      </trkpt>
      <trkpt lat="49.061443" lon="12.378906">
        <ele>550.311009</ele>
        <time>2026-03-12T10:40:58.720Z</time>
      </trkpt>
      <trkpt lat="49.061465" lon="12.378401">
        <ele>547.822816</ele>
        <time>2026-03-12T10:41:04.208Z</time>
      </trkpt>
      <trkpt lat="49.061398" lon="12.378148">
        <ele>546.481259</ele>
        <time>2026-03-12T10:41:07.196Z</time>
      </trkpt>
      <trkpt lat="49.061215" lon="12.377943">
        <ele>544.778044</ele>
        <time>2026-03-12T10:41:11.038Z</time>
      </trkpt>
      <trkpt lat="49.060637" lon="12.377639">
        <ele>540.191062</ele>
        <time>2026-03-12T10:41:21.821Z</time>
      </trkpt>
      <trkpt lat="49.060548" lon="12.376863">
        <ele>537.280696</ele>
        <time>2026-03-12T10:41:28.835Z</time>
      </trkpt>
      <trkpt lat="49.060220" lon="12.374515">
        <ele>533.000907</ele>
        <time>2026-03-12T10:41:52.018Z</time>
      </trkpt>
      <trkpt lat="49.060200" lon="12.374384">
        <ele>533.138571</ele>
        <time>2026-03-12T10:41:53.548Z</time>
      </trkpt>
      <trkpt lat="49.060114" lon="12.374404">
        <ele>533.415481</ele>
        <time>2026-03-12T10:41:55.298Z</time>
      </trkpt>
      <trkpt lat="49.059922" lon="12.374278">
        <ele>534.080753</ele>
        <time>2026-03-12T10:41:59.954Z</time>
      </trkpt>
      <trkpt lat="49.059564" lon="12.373971">
        <ele>535.387903</ele>
        <time>2026-03-12T10:42:12.416Z</time>
      </trkpt>
      <trkpt lat="49.059356" lon="12.373940">
        <ele>536.053144</ele>
        <time>2026-03-12T10:42:20.384Z</time>
      </trkpt>
      <trkpt lat="49.058824" lon="12.374095">
        <ele>537.777156</ele>
        <time>2026-03-12T10:42:46.129Z</time>
      </trkpt>
      <trkpt lat="49.058423" lon="12.374354">
        <ele>539.108384</ele>
        <time>2026-03-12T10:43:09.782Z</time>
      </trkpt>
      <trkpt lat="49.058293" lon="12.374489">
        <ele>539.554341</ele>
        <time>2026-03-12T10:43:18.417Z</time>
      </trkpt>
      <trkpt lat="49.058033" lon="12.374614">
        <ele>540.327447</ele>
        <time>2026-03-12T10:43:32.524Z</time>
      </trkpt>
      <trkpt lat="49.057545" lon="12.374630">
        <ele>541.711767</ele>
        <time>2026-03-12T10:43:52.217Z</time>
      </trkpt>
      <trkpt lat="49.057396" lon="12.374585">
        <ele>542.142538</ele>
        <time>2026-03-12T10:43:56.568Z</time>
      </trkpt>
      <trkpt lat="49.057211" lon="12.374368">
        <ele>542.804297</ele>
        <time>2026-03-12T10:44:01.566Z</time>
      </trkpt>
      <trkpt lat="49.057119" lon="12.374205">
        <ele>543.204106</ele>
        <time>2026-03-12T10:44:04.049Z</time>
      </trkpt>
      <trkpt lat="49.056976" lon="12.373755">
        <ele>543.376947</ele>
        <time>2026-03-12T10:44:09.660Z</time>
      </trkpt>
      <trkpt lat="49.056874" lon="12.373635">
        <ele>542.999533</ele>
        <time>2026-03-12T10:44:11.729Z</time>
      </trkpt>
      <trkpt lat="49.056553" lon="12.373368">
        <ele>541.928220</ele>
        <time>2026-03-12T10:44:17.235Z</time>
      </trkpt>
      <trkpt lat="49.056435" lon="12.373270">
        <ele>541.534541</ele>
        <time>2026-03-12T10:44:19.192Z</time>
      </trkpt>
      <trkpt lat="49.056348" lon="12.373144">
        <ele>541.183057</ele>
        <time>2026-03-12T10:44:20.925Z</time>
      </trkpt>
      <trkpt lat="49.056539" lon="12.372751">
        <ele>540.243472</ele>
        <time>2026-03-12T10:44:25.607Z</time>
      </trkpt>
      <trkpt lat="49.056566" lon="12.372634">
        <ele>540.005271</ele>
        <time>2026-03-12T10:44:26.827Z</time>
      </trkpt>
      <trkpt lat="49.056601" lon="12.372346">
        <ele>539.442790</ele>
        <time>2026-03-12T10:44:29.761Z</time>
      </trkpt>
      <trkpt lat="49.056558" lon="12.371737">
        <ele>538.471209</ele>
        <time>2026-03-12T10:44:36.118Z</time>
      </trkpt>
      <trkpt lat="49.056560" lon="12.371033">
        <ele>538.353427</ele>
        <time>2026-03-12T10:44:43.709Z</time>
      </trkpt>
      <trkpt lat="49.056517" lon="12.370844">
        <ele>538.319956</ele>
        <time>2026-03-12T10:44:45.889Z</time>
      </trkpt>
      <trkpt lat="49.056352" lon="12.370453">
        <ele>538.242151</ele>
        <time>2026-03-12T10:44:51.667Z</time>
      </trkpt>
      <trkpt lat="49.056292" lon="12.370280">
        <ele>538.209404</ele>
        <time>2026-03-12T10:44:54.731Z</time>
      </trkpt>
      <trkpt lat="49.056275" lon="12.370089">
        <ele>538.177156</ele>
        <time>2026-03-12T10:44:58.180Z</time>
      </trkpt>
      <trkpt lat="49.056283" lon="12.369962">
        <ele>538.155810</ele>
        <time>2026-03-12T10:45:00.540Z</time>
      </trkpt>
      <trkpt lat="49.056412" lon="12.369366">
        <ele>538.050800</ele>
        <time>2026-03-12T10:45:12.301Z</time>
      </trkpt>
      <trkpt lat="49.056491" lon="12.369178">
        <ele>538.137323</ele>
        <time>2026-03-12T10:45:16.274Z</time>
      </trkpt>
      <trkpt lat="49.056568" lon="12.368995">
        <ele>538.349824</ele>
        <time>2026-03-12T10:45:20.231Z</time>
      </trkpt>
      <trkpt lat="49.056772" lon="12.368714">
        <ele>538.759600</ele>
        <time>2026-03-12T10:45:28.570Z</time>
      </trkpt>
      <trkpt lat="49.056860" lon="12.368593">
        <ele>538.936224</ele>
        <time>2026-03-12T10:45:32.493Z</time>
      </trkpt>
      <trkpt lat="49.057034" lon="12.368361">
        <ele>539.280757</ele>
        <time>2026-03-12T10:45:40.157Z</time>
      </trkpt>
      <trkpt lat="49.057082" lon="12.368296">
        <ele>539.376446</ele>
        <time>2026-03-12T10:45:42.313Z</time>
      </trkpt>
      <trkpt lat="49.057308" lon="12.367969">
        <ele>539.840827</ele>
        <time>2026-03-12T10:45:52.105Z</time>
      </trkpt>
      <trkpt lat="49.057257" lon="12.367948">
        <ele>539.919592</ele>
        <time>2026-03-12T10:45:53.579Z</time>
      </trkpt>
      <trkpt lat="49.056680" lon="12.367719">
        <ele>540.717003</ele>
        <time>2026-03-12T10:46:06.165Z</time>
      </trkpt>
      <trkpt lat="49.056512" lon="12.366964">
        <ele>540.745913</ele>
        <time>2026-03-12T10:46:16.402Z</time>
      </trkpt>
      <trkpt lat="49.056297" lon="12.366698">
        <ele>540.761228</ele>
        <time>2026-03-12T10:46:22.197Z</time>
      </trkpt>
      <trkpt lat="49.055489" lon="12.365491">
        <ele>541.495539</ele>
        <time>2026-03-12T10:46:45.637Z</time>
      </trkpt>
      <trkpt lat="49.055275" lon="12.365216">
        <ele>542.474143</ele>
        <time>2026-03-12T10:46:53.105Z</time>
      </trkpt>
      <trkpt lat="49.054904" lon="12.364909">
        <ele>543.950368</ele>
        <time>2026-03-12T10:47:07.687Z</time>
      </trkpt>
      <trkpt lat="49.054595" lon="12.364449">
        <ele>545.460349</ele>
        <time>2026-03-12T10:47:26.050Z</time>
      </trkpt>
      <trkpt lat="49.054488" lon="12.364069">
        <ele>546.408415</ele>
        <time>2026-03-12T10:47:39.086Z</time>
      </trkpt>
      <trkpt lat="49.054416" lon="12.363424">
        <ele>549.514110</ele>
        <time>2026-03-12T10:48:03.151Z</time>
      </trkpt>
      <trkpt lat="49.054405" lon="12.363284">
        <ele>550.483009</ele>
        <time>2026-03-12T10:48:08.927Z</time>
      </trkpt>
      <trkpt lat="49.054398" lon="12.363188">
        <ele>551.146743</ele>
        <time>2026-03-12T10:48:13.028Z</time>
      </trkpt>
      <trkpt lat="49.054443" lon="12.362820">
        <ele>553.719095</ele>
        <time>2026-03-12T10:48:30.063Z</time>
      </trkpt>
      <trkpt lat="49.054516" lon="12.362554">
        <ele>555.700708</ele>
        <time>2026-03-12T10:48:44.278Z</time>
      </trkpt>
      <trkpt lat="49.054620" lon="12.361726">
        <ele>561.493843</ele>
        <time>2026-03-12T10:49:27.260Z</time>
      </trkpt>
      <trkpt lat="49.054617" lon="12.361400">
        <ele>563.734160</ele>
        <time>2026-03-12T10:49:45.501Z</time>
      </trkpt>
      <trkpt lat="49.054564" lon="12.361095">
        <ele>565.902384</ele>
        <time>2026-03-12T10:50:04.957Z</time>
      </trkpt>
      <trkpt lat="49.054556" lon="12.360747">
        <ele>567.949115</ele>
        <time>2026-03-12T10:50:26.982Z</time>
      </trkpt>
      <trkpt lat="49.054679" lon="12.360307">
        <ele>570.748294</ele>
        <time>2026-03-12T10:50:55.176Z</time>
      </trkpt>
      <trkpt lat="49.054871" lon="12.359814">
        <ele>574.104109</ele>
        <time>2026-03-12T10:51:25.640Z</time>
      </trkpt>
      <trkpt lat="49.054863" lon="12.359645">
        <ele>575.095606</ele>
        <time>2026-03-12T10:51:33.492Z</time>
      </trkpt>
      <trkpt lat="49.054808" lon="12.359525">
        <ele>575.952494</ele>
        <time>2026-03-12T10:51:39.873Z</time>
      </trkpt>
      <trkpt lat="49.054713" lon="12.359465">
        <ele>576.870553</ele>
        <time>2026-03-12T10:51:46.101Z</time>
      </trkpt>
      <trkpt lat="49.054363" lon="12.359640">
        <ele>580.159256</ele>
        <time>2026-03-12T10:52:04.804Z</time>
      </trkpt>
      <trkpt lat="49.054199" lon="12.359837">
        <ele>582.022939</ele>
        <time>2026-03-12T10:52:13.461Z</time>
      </trkpt>
      <trkpt lat="49.054080" lon="12.360167">
        <ele>581.835467</ele>
        <time>2026-03-12T10:52:20.211Z</time>
      </trkpt>
      <trkpt lat="49.053665" lon="12.360833">
        <ele>581.374901</ele>
        <time>2026-03-12T10:52:29.936Z</time>
      </trkpt>
      <trkpt lat="49.053373" lon="12.361242">
        <ele>581.071788</ele>
        <time>2026-03-12T10:52:36.119Z</time>
      </trkpt>
      <trkpt lat="49.053201" lon="12.361325">
        <ele>580.933835</ele>
        <time>2026-03-12T10:52:39.142Z</time>
      </trkpt>
      <trkpt lat="49.053028" lon="12.361291">
        <ele>580.800446</ele>
        <time>2026-03-12T10:52:42.402Z</time>
      </trkpt>
      <trkpt lat="49.052846" lon="12.361155">
        <ele>580.679907</ele>
        <time>2026-03-12T10:52:47.102Z</time>
      </trkpt>
      <trkpt lat="49.052661" lon="12.360889">
        <ele>582.579767</ele>
        <time>2026-03-12T10:52:55.343Z</time>
      </trkpt>
      <trkpt lat="49.052640" lon="12.360719">
        <ele>583.427129</ele>
        <time>2026-03-12T10:53:00.000Z</time>
      </trkpt>
      <trkpt lat="49.052670" lon="12.360309">
        <ele>585.447880</ele>
        <time>2026-03-12T10:53:13.604Z</time>
      </trkpt>
      <trkpt lat="49.052777" lon="12.359973">
        <ele>587.277694</ele>
        <time>2026-03-12T10:53:29.071Z</time>
      </trkpt>
      <trkpt lat="49.052858" lon="12.359502">
        <ele>589.662861</ele>
        <time>2026-03-12T10:53:53.444Z</time>
      </trkpt>
      <trkpt lat="49.052817" lon="12.359148">
        <ele>591.423696</ele>
        <time>2026-03-12T10:54:12.349Z</time>
      </trkpt>
      <trkpt lat="49.052576" lon="12.358167">
        <ele>597.027564</ele>
        <time>2026-03-12T10:55:04.906Z</time>
      </trkpt>
      <trkpt lat="49.052397" lon="12.358023">
        <ele>598.829857</ele>
        <time>2026-03-12T10:55:19.633Z</time>
      </trkpt>
      <trkpt lat="49.051803" lon="12.357692">
        <ele>604.462153</ele>
        <time>2026-03-12T10:56:03.798Z</time>
      </trkpt>
      <trkpt lat="49.051690" lon="12.357435">
        <ele>606.268646</ele>
        <time>2026-03-12T10:56:16.269Z</time>
      </trkpt>
      <trkpt lat="49.051226" lon="12.356598">
        <ele>611.996651</ele>
        <time>2026-03-12T10:56:54.249Z</time>
      </trkpt>
      <trkpt lat="49.051119" lon="12.356339">
        <ele>613.314549</ele>
        <time>2026-03-12T10:57:04.029Z</time>
      </trkpt>
      <trkpt lat="49.050985" lon="12.356155">
        <ele>614.498577</ele>
        <time>2026-03-12T10:57:13.082Z</time>
      </trkpt>
      <trkpt lat="49.050812" lon="12.356099">
        <ele>615.660129</ele>
        <time>2026-03-12T10:57:22.253Z</time>
      </trkpt>
      <trkpt lat="49.050646" lon="12.356124">
        <ele>616.755713</ele>
        <time>2026-03-12T10:57:31.455Z</time>
      </trkpt>
      <trkpt lat="49.050484" lon="12.356096">
        <ele>617.826533</ele>
        <time>2026-03-12T10:57:40.425Z</time>
      </trkpt>
      <trkpt lat="49.050081" lon="12.355911">
        <ele>620.590636</ele>
        <time>2026-03-12T10:58:03.161Z</time>
      </trkpt>
      <trkpt lat="49.049976" lon="12.355469">
        <ele>622.861150</ele>
        <time>2026-03-12T10:58:22.999Z</time>
      </trkpt>
      <trkpt lat="49.049974" lon="12.355114">
        <ele>624.936360</ele>
        <time>2026-03-12T10:58:39.091Z</time>
      </trkpt>
      <trkpt lat="49.050299" lon="12.354659">
        <ele>628.870307</ele>
        <time>2026-03-12T10:59:13.060Z</time>
      </trkpt>
      <trkpt lat="49.050620" lon="12.354380">
        <ele>632.165193</ele>
        <time>2026-03-12T10:59:45.146Z</time>
      </trkpt>
      <trkpt lat="49.050936" lon="12.354386">
        <ele>634.983780</ele>
        <time>2026-03-12T11:00:11.609Z</time>
      </trkpt>
      <trkpt lat="49.051198" lon="12.354292">
        <ele>637.384259</ele>
        <time>2026-03-12T11:00:33.454Z</time>
      </trkpt>
      <trkpt lat="49.051626" lon="12.354040">
        <ele>640.135600</ele>
        <time>2026-03-12T11:01:05.959Z</time>
      </trkpt>
      <trkpt lat="49.051960" lon="12.353939">
        <ele>642.012460</ele>
        <time>2026-03-12T11:01:29.618Z</time>
      </trkpt>
      <trkpt lat="49.052168" lon="12.353805">
        <ele>643.256987</ele>
        <time>2026-03-12T11:01:45.026Z</time>
      </trkpt>
      <trkpt lat="49.052171" lon="12.353208">
        <ele>645.413711</ele>
        <time>2026-03-12T11:02:08.586Z</time>
      </trkpt>
      <trkpt lat="49.052370" lon="12.352819">
        <ele>647.196398</ele>
        <time>2026-03-12T11:02:31.049Z</time>
      </trkpt>
      <trkpt lat="49.052428" lon="12.352565">
        <ele>647.539369</ele>
        <time>2026-03-12T11:02:43.283Z</time>
      </trkpt>
      <trkpt lat="49.052522" lon="12.352334">
        <ele>646.367591</ele>
        <time>2026-03-12T11:02:55.691Z</time>
      </trkpt>
      <trkpt lat="49.052789" lon="12.352190">
        <ele>644.505444</ele>
        <time>2026-03-12T11:03:15.399Z</time>
      </trkpt>
      <trkpt lat="49.052847" lon="12.351694">
        <ele>642.334199</ele>
        <time>2026-03-12T11:03:38.389Z</time>
      </trkpt>
      <trkpt lat="49.052854" lon="12.351153">
        <ele>640.002334</ele>
        <time>2026-03-12T11:04:03.071Z</time>
      </trkpt>
      <trkpt lat="49.052890" lon="12.350900">
        <ele>638.886642</ele>
        <time>2026-03-12T11:04:14.940Z</time>
      </trkpt>
      <trkpt lat="49.052724" lon="12.350613">
        <ele>637.237033</ele>
        <time>2026-03-12T11:04:32.464Z</time>
      </trkpt>
      <trkpt lat="49.052645" lon="12.350569">
        <ele>636.684031</ele>
        <time>2026-03-12T11:04:38.380Z</time>
      </trkpt>
      <trkpt lat="49.052274" lon="12.350818">
        <ele>632.341254</ele>
        <time>2026-03-12T11:05:06.731Z</time>
      </trkpt>
      <trkpt lat="49.052220" lon="12.350900">
        <ele>631.427346</ele>
        <time>2026-03-12T11:05:12.099Z</time>
      </trkpt>
      <trkpt lat="49.052192" lon="12.351031">
        <ele>630.344054</ele>
        <time>2026-03-12T11:05:18.419Z</time>
      </trkpt>
      <trkpt lat="49.052115" lon="12.351178">
        <ele>628.864580</ele>
        <time>2026-03-12T11:05:27.101Z</time>
      </trkpt>
      <trkpt lat="49.051870" lon="12.351574">
        <ele>624.583157</ele>
        <time>2026-03-12T11:05:52.107Z</time>
      </trkpt>
      <trkpt lat="49.051571" lon="12.351669">
        <ele>620.919405</ele>
        <time>2026-03-12T11:06:13.468Z</time>
      </trkpt>
      <trkpt lat="49.051337" lon="12.351856">
        <ele>617.750633</ele>
        <time>2026-03-12T11:06:31.879Z</time>
      </trkpt>
      <trkpt lat="49.051027" lon="12.351870">
        <ele>614.358819</ele>
        <time>2026-03-12T11:06:53.494Z</time>
      </trkpt>
      <trkpt lat="49.050994" lon="12.351937">
        <ele>614.183967</ele>
        <time>2026-03-12T11:06:54.744Z</time>
      </trkpt>
      <trkpt lat="49.050307" lon="12.352710">
        <ele>611.466764</ele>
        <time>2026-03-12T11:07:15.110Z</time>
      </trkpt>
      <trkpt lat="49.049535" lon="12.353268">
        <ele>608.746363</ele>
        <time>2026-03-12T11:07:47.029Z</time>
      </trkpt>
      <trkpt lat="49.048952" lon="12.354421">
        <ele>604.932493</ele>
        <time>2026-03-12T11:08:15.293Z</time>
      </trkpt>
      <trkpt lat="49.048795" lon="12.354536">
        <ele>604.236581</ele>
        <time>2026-03-12T11:08:19.689Z</time>
      </trkpt>
      <trkpt lat="49.048627" lon="12.354487">
        <ele>603.553109</ele>
        <time>2026-03-12T11:08:23.829Z</time>
      </trkpt>
      <trkpt lat="49.048532" lon="12.354215">
        <ele>602.745906</ele>
        <time>2026-03-12T11:08:26.778Z</time>
      </trkpt>
      <trkpt lat="49.048499" lon="12.353611">
        <ele>600.259367</ele>
        <time>2026-03-12T11:08:32.172Z</time>
      </trkpt>
      <trkpt lat="49.048522" lon="12.352948">
        <ele>594.671583</ele>
        <time>2026-03-12T11:08:37.819Z</time>
      </trkpt>
      <trkpt lat="49.048692" lon="12.352646">
        <ele>591.321118</ele>
        <time>2026-03-12T11:08:41.178Z</time>
      </trkpt>
      <trkpt lat="49.048692" lon="12.352646">
        <ele>591.321118</ele>
        <time>2026-03-12T11:08:41.211Z</time>
      </trkpt>
      <trkpt lat="49.048716" lon="12.352592">
        <ele>590.772005</ele>
        <time>2026-03-12T11:08:43.057Z</time>
      </trkpt>
      <trkpt lat="49.048586" lon="12.351622">
        <ele>582.439340</ele>
        <time>2026-03-12T11:09:11.057Z</time>
      </trkpt>
      <trkpt lat="49.048456" lon="12.350652">
        <ele>576.721464</ele>
        <time>2026-03-12T11:09:38.964Z</time>
      </trkpt>
      <trkpt lat="49.048169" lon="12.350493">
        <ele>575.151150</ele>
        <time>2026-03-12T11:09:52.056Z</time>
      </trkpt>
      <trkpt lat="49.048169" lon="12.350493">
        <ele>575.151150</ele>
        <time>2026-03-12T11:09:52.068Z</time>
      </trkpt>
      <trkpt lat="49.047649" lon="12.350294">
        <ele>572.393982</ele>
        <time>2026-03-12T11:10:00.360Z</time>
      </trkpt>
      <trkpt lat="49.047521" lon="12.350173">
        <ele>571.619571</ele>
        <time>2026-03-12T11:10:03.017Z</time>
      </trkpt>
      <trkpt lat="49.047420" lon="12.349940">
        <ele>570.677934</ele>
        <time>2026-03-12T11:10:06.645Z</time>
      </trkpt>
      <trkpt lat="49.047374" lon="12.349690">
        <ele>569.802643</ele>
        <time>2026-03-12T11:10:10.508Z</time>
      </trkpt>
      <trkpt lat="49.047378" lon="12.348952">
        <ele>570.324742</ele>
        <time>2026-03-12T11:10:23.694Z</time>
      </trkpt>
      <trkpt lat="49.047315" lon="12.348736">
        <ele>570.788148</ele>
        <time>2026-03-12T11:10:28.541Z</time>
      </trkpt>
      <trkpt lat="49.047137" lon="12.348420">
        <ele>571.604848</ele>
        <time>2026-03-12T11:10:37.986Z</time>
      </trkpt>
      <trkpt lat="49.047046" lon="12.348185">
        <ele>572.139855</ele>
        <time>2026-03-12T11:10:44.759Z</time>
      </trkpt>
      <trkpt lat="49.046967" lon="12.347906">
        <ele>572.735572</ele>
        <time>2026-03-12T11:10:52.749Z</time>
      </trkpt>
      <trkpt lat="49.046949" lon="12.347642">
        <ele>573.255832</ele>
        <time>2026-03-12T11:11:00.155Z</time>
      </trkpt>
      <trkpt lat="49.046944" lon="12.347362">
        <ele>573.804865</ele>
        <time>2026-03-12T11:11:08.497Z</time>
      </trkpt>
      <trkpt lat="49.046863" lon="12.347155">
        <ele>574.277414</ele>
        <time>2026-03-12T11:11:15.892Z</time>
      </trkpt>
      <trkpt lat="49.046324" lon="12.346686">
        <ele>576.760854</ele>
        <time>2026-03-12T11:11:45.655Z</time>
      </trkpt>
      <trkpt lat="49.046198" lon="12.346483">
        <ele>577.532843</ele>
        <time>2026-03-12T11:11:54.301Z</time>
      </trkpt>
      <trkpt lat="49.046006" lon="12.346116">
        <ele>578.829460</ele>
        <time>2026-03-12T11:12:08.078Z</time>
      </trkpt>
      <trkpt lat="49.045790" lon="12.346052">
        <ele>579.756427</ele>
        <time>2026-03-12T11:12:17.103Z</time>
      </trkpt>
      <trkpt lat="49.045213" lon="12.345978">
        <ele>582.207433</ele>
        <time>2026-03-12T11:12:37.027Z</time>
      </trkpt>
      <trkpt lat="49.044784" lon="12.346051">
        <ele>585.009891</ele>
        <time>2026-03-12T11:12:53.064Z</time>
      </trkpt>
      <trkpt lat="49.044552" lon="12.346029">
        <ele>586.519006</ele>
        <time>2026-03-12T11:13:03.442Z</time>
      </trkpt>
      <trkpt lat="49.044407" lon="12.345750">
        <ele>588.034212</ele>
        <time>2026-03-12T11:13:15.540Z</time>
      </trkpt>
      <trkpt lat="49.044349" lon="12.345458">
        <ele>589.332625</ele>
        <time>2026-03-12T11:13:27.051Z</time>
      </trkpt>
      <trkpt lat="49.044643" lon="12.344005">
        <ele>595.631176</ele>
        <time>2026-03-12T11:14:46.143Z</time>
      </trkpt>
      <trkpt lat="49.044655" lon="12.343402">
        <ele>597.971435</ele>
        <time>2026-03-12T11:15:17.197Z</time>
      </trkpt>
      <trkpt lat="49.044664" lon="12.342964">
        <ele>599.671376</ele>
        <time>2026-03-12T11:15:36.320Z</time>
      </trkpt>
      <trkpt lat="49.044577" lon="12.342444">
        <ele>601.753257</ele>
        <time>2026-03-12T11:15:56.246Z</time>
      </trkpt>
      <trkpt lat="49.044464" lon="12.341655">
        <ele>604.239154</ele>
        <time>2026-03-12T11:16:13.555Z</time>
      </trkpt>
      <trkpt lat="49.044549" lon="12.341137">
        <ele>602.872313</ele>
        <time>2026-03-12T11:16:21.200Z</time>
      </trkpt>
      <trkpt lat="49.044513" lon="12.340897">
        <ele>602.242105</ele>
        <time>2026-03-12T11:16:24.257Z</time>
      </trkpt>
      <trkpt lat="49.044662" lon="12.340509">
        <ele>601.091048</ele>
        <time>2026-03-12T11:16:29.337Z</time>
      </trkpt>
      <trkpt lat="49.044670" lon="12.340428">
        <ele>600.881372</ele>
        <time>2026-03-12T11:16:30.206Z</time>
      </trkpt>
      <trkpt lat="49.044509" lon="12.339942">
        <ele>599.487508</ele>
        <time>2026-03-12T11:16:35.744Z</time>
      </trkpt>
      <trkpt lat="49.044529" lon="12.339393">
        <ele>598.080065</ele>
        <time>2026-03-12T11:16:40.871Z</time>
      </trkpt>
      <trkpt lat="49.044428" lon="12.339159">
        <ele>597.046380</ele>
        <time>2026-03-12T11:16:43.379Z</time>
      </trkpt>
      <trkpt lat="49.044444" lon="12.339011">
        <ele>595.553203</ele>
        <time>2026-03-12T11:16:44.700Z</time>
      </trkpt>
      <trkpt lat="49.044424" lon="12.338765">
        <ele>593.085620</ele>
        <time>2026-03-12T11:16:46.856Z</time>
      </trkpt>
      <trkpt lat="49.044371" lon="12.338623">
        <ele>591.458973</ele>
        <time>2026-03-12T11:16:48.253Z</time>
      </trkpt>
      <trkpt lat="49.044295" lon="12.337421">
        <ele>579.438045</ele>
        <time>2026-03-12T11:16:58.366Z</time>
      </trkpt>
      <trkpt lat="49.044343" lon="12.336953">
        <ele>574.722619</ele>
        <time>2026-03-12T11:17:02.281Z</time>
      </trkpt>
      <trkpt lat="49.044387" lon="12.335702">
        <ele>561.852808</ele>
        <time>2026-03-12T11:17:12.610Z</time>
      </trkpt>
      <trkpt lat="49.044416" lon="12.335394">
        <ele>558.599099</ele>
        <time>2026-03-12T11:17:15.190Z</time>
      </trkpt>
      <trkpt lat="49.044400" lon="12.335185">
        <ele>556.398802</ele>
        <time>2026-03-12T11:17:16.947Z</time>
      </trkpt>
      <trkpt lat="49.044315" lon="12.334827">
        <ele>552.417294</ele>
        <time>2026-03-12T11:17:20.128Z</time>
      </trkpt>
      <trkpt lat="49.044140" lon="12.334392">
        <ele>547.080238</ele>
        <time>2026-03-12T11:17:24.436Z</time>
      </trkpt>
      <trkpt lat="49.044182" lon="12.333977">
        <ele>542.689282</ele>
        <time>2026-03-12T11:17:28.026Z</time>
      </trkpt>
      <trkpt lat="49.044084" lon="12.333145">
        <ele>535.975909</ele>
        <time>2026-03-12T11:17:35.355Z</time>
      </trkpt>
      <trkpt lat="49.043919" lon="12.332467">
        <ele>530.525122</ele>
        <time>2026-03-12T11:17:41.711Z</time>
      </trkpt>
      <trkpt lat="49.043927" lon="12.331555">
        <ele>523.650918</ele>
        <time>2026-03-12T11:17:49.693Z</time>
      </trkpt>
      <trkpt lat="49.044068" lon="12.330600">
        <ele>517.306333</ele>
        <time>2026-03-12T11:17:58.232Z</time>
      </trkpt>
      <trkpt lat="49.044161" lon="12.329405">
        <ele>510.315114</ele>
        <time>2026-03-12T11:18:08.946Z</time>
      </trkpt>
      <trkpt lat="49.044157" lon="12.329183">
        <ele>509.024900</ele>
        <time>2026-03-12T11:18:10.980Z</time>
      </trkpt>
      <trkpt lat="49.044282" lon="12.329133">
        <ele>507.879560</ele>
        <time>2026-03-12T11:18:12.811Z</time>
      </trkpt>
      <trkpt lat="49.044525" lon="12.329213">
        <ele>505.676242</ele>
        <time>2026-03-12T11:18:16.412Z</time>
      </trkpt>
      <trkpt lat="49.044811" lon="12.329130">
        <ele>504.590707</ele>
        <time>2026-03-12T11:18:20.807Z</time>
      </trkpt>
      <trkpt lat="49.044849" lon="12.328996">
        <ele>504.469197</ele>
        <time>2026-03-12T11:18:23.172Z</time>
      </trkpt>
      <trkpt lat="49.044997" lon="12.328819">
        <ele>504.230429</ele>
        <time>2026-03-12T11:18:27.976Z</time>
      </trkpt>
      <trkpt lat="49.045110" lon="12.328528">
        <ele>503.948940</ele>
        <time>2026-03-12T11:18:33.896Z</time>
      </trkpt>
      <trkpt lat="49.044930" lon="12.327304">
        <ele>502.904963</ele>
        <time>2026-03-12T11:18:59.357Z</time>
      </trkpt>
      <trkpt lat="49.044839" lon="12.326915">
        <ele>502.561222</ele>
        <time>2026-03-12T11:19:11.141Z</time>
      </trkpt>
      <trkpt lat="49.044645" lon="12.326524">
        <ele>502.979609</ele>
        <time>2026-03-12T11:19:27.638Z</time>
      </trkpt>
      <trkpt lat="49.044575" lon="12.326314">
        <ele>503.184826</ele>
        <time>2026-03-12T11:19:35.611Z</time>
      </trkpt>
      <trkpt lat="49.044574" lon="12.326176">
        <ele>503.305040</ele>
        <time>2026-03-12T11:19:40.049Z</time>
      </trkpt>
      <trkpt lat="49.044676" lon="12.325721">
        <ele>503.723912</ele>
        <time>2026-03-12T11:19:54.689Z</time>
      </trkpt>
      <trkpt lat="49.044747" lon="12.325552">
        <ele>503.898763</ele>
        <time>2026-03-12T11:20:00.442Z</time>
      </trkpt>
      <trkpt lat="49.045090" lon="12.325241">
        <ele>504.429003</ele>
        <time>2026-03-12T11:20:16.177Z</time>
      </trkpt>
      <trkpt lat="49.044930" lon="12.324593">
        <ele>504.670243</ele>
        <time>2026-03-12T11:20:25.528Z</time>
      </trkpt>
      <trkpt lat="49.044956" lon="12.323300">
        <ele>500.998917</ele>
        <time>2026-03-12T11:20:38.699Z</time>
      </trkpt>
      <trkpt lat="49.044915" lon="12.323078">
        <ele>500.344338</ele>
        <time>2026-03-12T11:20:40.946Z</time>
      </trkpt>
      <trkpt lat="49.044739" lon="12.322917">
        <ele>499.455800</ele>
        <time>2026-03-12T11:20:43.985Z</time>
      </trkpt>
      <trkpt lat="49.044209" lon="12.322607">
        <ele>496.999738</ele>
        <time>2026-03-12T11:20:52.389Z</time>
      </trkpt>
      <trkpt lat="49.044027" lon="12.322566">
        <ele>496.211142</ele>
        <time>2026-03-12T11:20:55.116Z</time>
      </trkpt>
      <trkpt lat="49.043773" lon="12.322745">
        <ele>495.011830</ele>
        <time>2026-03-12T11:20:59.271Z</time>
      </trkpt>
      <trkpt lat="49.043095" lon="12.323360">
        <ele>491.630697</ele>
        <time>2026-03-12T11:21:11.429Z</time>
      </trkpt>
      <trkpt lat="49.042908" lon="12.323567">
        <ele>490.640347</ele>
        <time>2026-03-12T11:21:15.092Z</time>
      </trkpt>
      <trkpt lat="49.042634" lon="12.323680">
        <ele>489.453887</ele>
        <time>2026-03-12T11:21:19.775Z</time>
      </trkpt>
      <trkpt lat="49.042370" lon="12.323696">
        <ele>489.643855</ele>
        <time>2026-03-12T11:21:24.396Z</time>
      </trkpt>
      <trkpt lat="49.041957" lon="12.323866">
        <ele>489.951426</ele>
        <time>2026-03-12T11:21:32.754Z</time>
      </trkpt>
      <trkpt lat="49.041663" lon="12.324044">
        <ele>490.178854</ele>
        <time>2026-03-12T11:21:40.553Z</time>
      </trkpt>
      <trkpt lat="49.041031" lon="12.324313">
        <ele>490.650624</ele>
        <time>2026-03-12T11:22:05.374Z</time>
      </trkpt>
      <trkpt lat="49.040785" lon="12.324326">
        <ele>490.752367</ele>
        <time>2026-03-12T11:22:14.696Z</time>
      </trkpt>
      <trkpt lat="49.040529" lon="12.324402">
        <ele>490.773535</ele>
        <time>2026-03-12T11:22:24.196Z</time>
      </trkpt>
      <trkpt lat="49.040357" lon="12.324282">
        <ele>490.788886</ele>
        <time>2026-03-12T11:22:30.633Z</time>
      </trkpt>
      <trkpt lat="49.040293" lon="12.324178">
        <ele>490.796475</ele>
        <time>2026-03-12T11:22:33.620Z</time>
      </trkpt>
      <trkpt lat="49.039943" lon="12.323193">
        <ele>490.856087</ele>
        <time>2026-03-12T11:22:50.928Z</time>
      </trkpt>
      <trkpt lat="49.039704" lon="12.322869">
        <ele>490.882039</ele>
        <time>2026-03-12T11:22:56.121Z</time>
      </trkpt>
      <trkpt lat="49.039433" lon="12.322586">
        <ele>490.244426</ele>
        <time>2026-03-12T11:23:00.976Z</time>
      </trkpt>
      <trkpt lat="49.039039" lon="12.322242">
        <ele>489.052286</ele>
        <time>2026-03-12T11:23:07.849Z</time>
      </trkpt>
      <trkpt lat="49.038741" lon="12.321812">
        <ele>487.975091</ele>
        <time>2026-03-12T11:23:14.466Z</time>
      </trkpt>
      <trkpt lat="49.038663" lon="12.321753">
        <ele>487.746462</ele>
        <time>2026-03-12T11:23:15.921Z</time>
      </trkpt>
      <trkpt lat="49.038255" lon="12.322102">
        <ele>486.518086</ele>
        <time>2026-03-12T11:23:29.305Z</time>
      </trkpt>
      <trkpt lat="49.038084" lon="12.322153">
        <ele>486.240535</ele>
        <time>2026-03-12T11:23:34.943Z</time>
      </trkpt>
      <trkpt lat="49.037884" lon="12.322158">
        <ele>486.616125</ele>
        <time>2026-03-12T11:23:42.322Z</time>
      </trkpt>
      <trkpt lat="49.037747" lon="12.322094">
        <ele>486.885163</ele>
        <time>2026-03-12T11:23:48.202Z</time>
      </trkpt>
      <trkpt lat="49.037356" lon="12.321616">
        <ele>487.826029</ele>
        <time>2026-03-12T11:24:11.488Z</time>
      </trkpt>
      <trkpt lat="49.036625" lon="12.320948">
        <ele>489.426085</ele>
        <time>2026-03-12T11:24:49.357Z</time>
      </trkpt>
      <trkpt lat="49.036625" lon="12.320948">
        <ele>489.426085</ele>
        <time>2026-03-12T11:24:49.362Z</time>
      </trkpt>
      <trkpt lat="49.036625" lon="12.320948">
        <ele>489.426085</ele>
        <time>2026-03-12T11:24:49.379Z</time>
      </trkpt>
      <trkpt lat="49.036486" lon="12.320766">
        <ele>489.616552</ele>
        <time>2026-03-12T11:24:57.215Z</time>
      </trkpt>
      <trkpt lat="49.036405" lon="12.320543">
        <ele>489.718401</ele>
        <time>2026-03-12T11:25:04.363Z</time>
      </trkpt>
      <trkpt lat="49.035669" lon="12.320547">
        <ele>490.166913</ele>
        <time>2026-03-12T11:25:35.841Z</time>
      </trkpt>
      <trkpt lat="49.034933" lon="12.320551">
        <ele>490.615426</ele>
        <time>2026-03-12T11:26:07.318Z</time>
      </trkpt>
      <trkpt lat="49.034197" lon="12.320554">
        <ele>490.109163</ele>
        <time>2026-03-12T11:26:38.798Z</time>
      </trkpt>
      <trkpt lat="49.034197" lon="12.320554">
        <ele>490.109163</ele>
        <time>2026-03-12T11:26:38.819Z</time>
      </trkpt>
      <trkpt lat="49.033694" lon="12.318907">
        <ele>489.197940</ele>
        <time>2026-03-12T11:27:14.367Z</time>
      </trkpt>
      <trkpt lat="49.033546" lon="12.318624">
        <ele>489.000266</ele>
        <time>2026-03-12T11:27:22.083Z</time>
      </trkpt>
      <trkpt lat="49.033275" lon="12.318391">
        <ele>488.741165</ele>
        <time>2026-03-12T11:27:29.287Z</time>
      </trkpt>
      <trkpt lat="49.032952" lon="12.318333">
        <ele>488.470285</ele>
        <time>2026-03-12T11:27:36.896Z</time>
      </trkpt>
      <trkpt lat="49.032523" lon="12.318546">
        <ele>488.094524</ele>
        <time>2026-03-12T11:27:46.045Z</time>
      </trkpt>
      <trkpt lat="49.032062" lon="12.318414">
        <ele>487.085999</ele>
        <time>2026-03-12T11:27:54.309Z</time>
      </trkpt>
      <trkpt lat="49.032062" lon="12.318414">
        <ele>487.085999</ele>
        <time>2026-03-12T11:27:54.323Z</time>
      </trkpt>
      <trkpt lat="49.032093" lon="12.318422">
        <ele>486.832112</ele>
        <time>2026-03-12T11:27:55.668Z</time>
      </trkpt>
      <trkpt lat="49.031508" lon="12.317591">
        <ele>480.376670</ele>
        <time>2026-03-12T11:28:29.887Z</time>
      </trkpt>
      <trkpt lat="49.030922" lon="12.316759">
        <ele>473.911675</ele>
        <time>2026-03-12T11:29:04.292Z</time>
      </trkpt>
      <trkpt lat="49.030337" lon="12.315927">
        <ele>460.020815</ele>
        <time>2026-03-12T11:29:38.866Z</time>
      </trkpt>
      <trkpt lat="49.029752" lon="12.315095">
        <ele>445.282511</ele>
        <time>2026-03-12T11:30:13.666Z</time>
      </trkpt>
      <trkpt lat="49.029166" lon="12.314264">
        <ele>429.568015</ele>
        <time>2026-03-12T11:30:48.492Z</time>
      </trkpt>
      <trkpt lat="49.028581" lon="12.313432">
        <ele>413.334446</ele>
        <time>2026-03-12T11:31:23.263Z</time>
      </trkpt>
      <trkpt lat="49.027995" lon="12.312600">
        <ele>398.098658</ele>
        <time>2026-03-12T11:31:58.052Z</time>
      </trkpt>
      <trkpt lat="49.027410" lon="12.311768">
        <ele>384.386254</ele>
        <time>2026-03-12T11:32:32.712Z</time>
      </trkpt>
      <trkpt lat="49.027410" lon="12.311768">
        <ele>384.386254</ele>
        <time>2026-03-12T11:32:32.725Z</time>
      </trkpt>
      <trkpt lat="49.027317" lon="12.311567">
        <ele>381.621066</ele>
        <time>2026-03-12T11:32:35.944Z</time>
      </trkpt>
      <trkpt lat="49.027073" lon="12.310720">
        <ele>371.947378</ele>
        <time>2026-03-12T11:32:48.209Z</time>
      </trkpt>
      <trkpt lat="49.027067" lon="12.310455">
        <ele>370.360971</ele>
        <time>2026-03-12T11:32:51.791Z</time>
      </trkpt>
      <trkpt lat="49.027100" lon="12.310227">
        <ele>368.964039</ele>
        <time>2026-03-12T11:32:54.981Z</time>
      </trkpt>
      <trkpt lat="49.027126" lon="12.310137">
        <ele>368.375636</ele>
        <time>2026-03-12T11:32:56.338Z</time>
      </trkpt>
      <trkpt lat="49.027248" lon="12.310045">
        <ele>367.133814</ele>
        <time>2026-03-12T11:32:59.235Z</time>
      </trkpt>
      <trkpt lat="49.027280" lon="12.309926">
        <ele>366.364309</ele>
        <time>2026-03-12T11:33:01.038Z</time>
      </trkpt>
      <trkpt lat="49.027162" lon="12.309466">
        <ele>363.409081</ele>
        <time>2026-03-12T11:33:08.079Z</time>
      </trkpt>
      <trkpt lat="49.027117" lon="12.309248">
        <ele>362.041712</ele>
        <time>2026-03-12T11:33:11.410Z</time>
      </trkpt>
      <trkpt lat="49.026999" lon="12.308806">
        <ele>359.186497</ele>
        <time>2026-03-12T11:33:15.389Z</time>
      </trkpt>
      <trkpt lat="49.026580" lon="12.307906">
        <ele>355.122531</ele>
        <time>2026-03-12T11:33:25.257Z</time>
      </trkpt>
      <trkpt lat="49.026532" lon="12.307661">
        <ele>354.621002</ele>
        <time>2026-03-12T11:33:27.774Z</time>
      </trkpt>
      <trkpt lat="49.026498" lon="12.307310">
        <ele>353.925086</ele>
        <time>2026-03-12T11:33:31.670Z</time>
      </trkpt>
      <trkpt lat="49.026488" lon="12.306852">
        <ele>353.026275</ele>
        <time>2026-03-12T11:33:36.821Z</time>
      </trkpt>
      <trkpt lat="49.026530" lon="12.306237">
        <ele>351.813501</ele>
        <time>2026-03-12T11:33:43.255Z</time>
      </trkpt>
      <trkpt lat="49.026472" lon="12.305819">
        <ele>350.981093</ele>
        <time>2026-03-12T11:33:47.228Z</time>
      </trkpt>
      <trkpt lat="49.026316" lon="12.305177">
        <ele>350.981093</ele>
        <time>2026-03-12T11:33:53.149Z</time>
      </trkpt>
      <trkpt lat="49.026111" lon="12.304518">
        <ele>350.981093</ele>
        <time>2026-03-12T11:33:59.653Z</time>
      </trkpt>
      <trkpt lat="49.026087" lon="12.304446">
        <ele>350.981093</ele>
        <time>2026-03-12T11:34:00.397Z</time>
      </trkpt>
      <trkpt lat="49.026006" lon="12.304225">
        <ele>350.981093</ele>
        <time>2026-03-12T11:34:02.843Z</time>
      </trkpt>
      <trkpt lat="49.025680" lon="12.303737">
        <ele>350.981093</ele>
        <time>2026-03-12T11:34:09.369Z</time>
      </trkpt>
      <trkpt lat="49.025459" lon="12.303480">
        <ele>350.981093</ele>
        <time>2026-03-12T11:34:13.475Z</time>
      </trkpt>
      <trkpt lat="49.025164" lon="12.303315">
        <ele>350.981093</ele>
        <time>2026-03-12T11:34:18.622Z</time>
      </trkpt>
      <trkpt lat="49.025071" lon="12.303242">
        <ele>350.981093</ele>
        <time>2026-03-12T11:34:20.638Z</time>
      </trkpt>
      <trkpt lat="49.024927" lon="12.303038">
        <ele>350.981093</ele>
        <time>2026-03-12T11:34:24.559Z</time>
      </trkpt>
      <trkpt lat="49.024907" lon="12.302967">
        <ele>350.981093</ele>
        <time>2026-03-12T11:34:25.545Z</time>
      </trkpt>
    </trkseg>
  </trk>
</gpx>