<?xml version='1.0' encoding='UTF-8'?>
<gpx version="1.1" creator="https://www.komoot.de" xmlns="http://www.topografix.com/GPX/1/1" xmlns:xsi="http://www.w3.org/2001/XMLSchema-instance" xsi:schemaLocation="http://www.topografix.com/GPX/1/1 http://www.topografix.com/GPX/1/1/gpx.xsd">
  <metadata>
    <name>SR02 The Raindrop Chase</name>
    <author>
      <link href="https://www.komoot.de">
        <text>komoot</text>
        <type>text/html</type>
      </link>
    </author>
  </metadata>
  <trk>
    <name>SR02 The Raindrop Chase</name>
    <trkseg>
      <trkpt lat="49.018204" lon="12.302533">
        <ele>325.356238</ele>
        <time>2026-05-06T14:30:45.484Z</time>
      </trkpt>
      <trkpt lat="49.017319" lon="12.302352">
        <ele>325.356238</ele>
        <time>2026-05-06T14:31:02.849Z</time>
      </trkpt>
      <trkpt lat="49.017185" lon="12.302323">
        <ele>325.381364</ele>
        <time>2026-05-06T14:31:05.472Z</time>
      </trkpt>
      <trkpt lat="49.016784" lon="12.302229">
        <ele>325.460420</ele>
        <time>2026-05-06T14:31:13.180Z</time>
      </trkpt>
      <trkpt lat="49.016602" lon="12.302230">
        <ele>325.495884</ele>
        <time>2026-05-06T14:31:16.529Z</time>
      </trkpt>
      <trkpt lat="49.016554" lon="12.306497">
        <ele>325.502897</ele>
        <time>2026-05-06T14:31:48.835Z</time>
      </trkpt>
      <trkpt lat="49.016510" lon="12.308536">
        <ele>325.661176</ele>
        <time>2026-05-06T14:32:06.055Z</time>
      </trkpt>
      <trkpt lat="49.016440" lon="12.309996">
        <ele>325.690396</ele>
        <time>2026-05-06T14:32:18.121Z</time>
      </trkpt>
      <trkpt lat="49.016295" lon="12.311644">
        <ele>325.577318</ele>
        <time>2026-05-06T14:32:30.522Z</time>
      </trkpt>
      <trkpt lat="49.016123" lon="12.312922">
        <ele>325.659899</ele>
        <time>2026-05-06T14:32:40.348Z</time>
      </trkpt>
      <trkpt lat="49.015816" lon="12.314678">
        <ele>325.897561</ele>
        <time>2026-05-06T14:32:56.414Z</time>
      </trkpt>
      <trkpt lat="49.015653" lon="12.315442">
        <ele>325.946457</ele>
        <time>2026-05-06T14:33:03.555Z</time>
      </trkpt>
      <trkpt lat="49.015625" lon="12.315807">
        <ele>325.966622</ele>
        <time>2026-05-06T14:33:06.656Z</time>
      </trkpt>
      <trkpt lat="49.015582" lon="12.316384">
        <ele>325.998487</ele>
        <time>2026-05-06T14:33:11.486Z</time>
      </trkpt>
      <trkpt lat="49.015525" lon="12.316471">
        <ele>326.005235</ele>
        <time>2026-05-06T14:33:12.479Z</time>
      </trkpt>
      <trkpt lat="49.015301" lon="12.316814">
        <ele>326.031796</ele>
        <time>2026-05-06T14:33:16.245Z</time>
      </trkpt>
      <trkpt lat="49.015104" lon="12.317693">
        <ele>326.018940</ele>
        <time>2026-05-06T14:33:22.878Z</time>
      </trkpt>
      <trkpt lat="49.014603" lon="12.319732">
        <ele>325.849903</ele>
        <time>2026-05-06T14:33:39.681Z</time>
      </trkpt>
      <trkpt lat="49.014515" lon="12.320083">
        <ele>325.879481</ele>
        <time>2026-05-06T14:33:42.851Z</time>
      </trkpt>
      <trkpt lat="49.014401" lon="12.320595">
        <ele>325.946123</ele>
        <time>2026-05-06T14:33:47.302Z</time>
      </trkpt>
      <trkpt lat="49.014318" lon="12.320876">
        <ele>325.984107</ele>
        <time>2026-05-06T14:33:49.857Z</time>
      </trkpt>
      <trkpt lat="49.014261" lon="12.321055">
        <ele>326.008632</ele>
        <time>2026-05-06T14:33:51.480Z</time>
      </trkpt>
      <trkpt lat="49.014186" lon="12.321304">
        <ele>326.042404</ele>
        <time>2026-05-06T14:33:53.726Z</time>
      </trkpt>
      <trkpt lat="49.014097" lon="12.321579">
        <ele>326.080200</ele>
        <time>2026-05-06T14:33:56.239Z</time>
      </trkpt>
      <trkpt lat="49.013988" lon="12.321920">
        <ele>326.126955</ele>
        <time>2026-05-06T14:33:59.379Z</time>
      </trkpt>
      <trkpt lat="49.013907" lon="12.322207">
        <ele>326.165464</ele>
        <time>2026-05-06T14:34:02.080Z</time>
      </trkpt>
      <trkpt lat="49.013827" lon="12.322575">
        <ele>326.249725</ele>
        <time>2026-05-06T14:34:05.509Z</time>
      </trkpt>
      <trkpt lat="49.013806" lon="12.322778">
        <ele>326.304102</ele>
        <time>2026-05-06T14:34:07.366Z</time>
      </trkpt>
      <trkpt lat="49.013787" lon="12.323046">
        <ele>326.375427</ele>
        <time>2026-05-06T14:34:09.781Z</time>
      </trkpt>
      <trkpt lat="49.013773" lon="12.323174">
        <ele>326.409763</ele>
        <time>2026-05-06T14:34:10.961Z</time>
      </trkpt>
      <trkpt lat="49.013752" lon="12.323264">
        <ele>326.435038</ele>
        <time>2026-05-06T14:34:11.802Z</time>
      </trkpt>
      <trkpt lat="49.013501" lon="12.324202">
        <ele>326.703091</ele>
        <time>2026-05-06T14:34:21.068Z</time>
      </trkpt>
      <trkpt lat="49.013172" lon="12.325012">
        <ele>326.869012</ele>
        <time>2026-05-06T14:34:29.538Z</time>
      </trkpt>
      <trkpt lat="49.012907" lon="12.325572">
        <ele>326.724620</ele>
        <time>2026-05-06T14:34:34.823Z</time>
      </trkpt>
      <trkpt lat="49.012383" lon="12.326506">
        <ele>326.467618</ele>
        <time>2026-05-06T14:34:43.400Z</time>
      </trkpt>
      <trkpt lat="49.011750" lon="12.327462">
        <ele>326.207946</ele>
        <time>2026-05-06T14:34:53.022Z</time>
      </trkpt>
      <trkpt lat="49.011108" lon="12.328389">
        <ele>325.971850</ele>
        <time>2026-05-06T14:35:03.150Z</time>
      </trkpt>
      <trkpt lat="49.010451" lon="12.329262">
        <ele>325.793143</ele>
        <time>2026-05-06T14:35:13.428Z</time>
      </trkpt>
      <trkpt lat="49.008878" lon="12.331162">
        <ele>325.659773</ele>
        <time>2026-05-06T14:35:36.731Z</time>
      </trkpt>
      <trkpt lat="49.008206" lon="12.332049">
        <ele>325.743119</ele>
        <time>2026-05-06T14:35:47.808Z</time>
      </trkpt>
      <trkpt lat="49.007307" lon="12.333412">
        <ele>326.059434</ele>
        <time>2026-05-06T14:36:05.323Z</time>
      </trkpt>
      <trkpt lat="49.007201" lon="12.333609">
        <ele>326.108297</ele>
        <time>2026-05-06T14:36:07.585Z</time>
      </trkpt>
      <trkpt lat="49.007129" lon="12.333808">
        <ele>326.151880</ele>
        <time>2026-05-06T14:36:09.536Z</time>
      </trkpt>
      <trkpt lat="49.007077" lon="12.334048">
        <ele>326.200352</ele>
        <time>2026-05-06T14:36:11.670Z</time>
      </trkpt>
      <trkpt lat="49.007045" lon="12.334337">
        <ele>326.256558</ele>
        <time>2026-05-06T14:36:14.049Z</time>
      </trkpt>
      <trkpt lat="49.007146" lon="12.335692">
        <ele>326.132135</ele>
        <time>2026-05-06T14:36:24.424Z</time>
      </trkpt>
      <trkpt lat="49.007101" lon="12.336058">
        <ele>326.080208</ele>
        <time>2026-05-06T14:36:27.052Z</time>
      </trkpt>
      <trkpt lat="49.007002" lon="12.336326">
        <ele>326.037317</ele>
        <time>2026-05-06T14:36:29.228Z</time>
      </trkpt>
      <trkpt lat="49.006406" lon="12.337472">
        <ele>325.934185</ele>
        <time>2026-05-06T14:36:40.111Z</time>
      </trkpt>
      <trkpt lat="49.005488" lon="12.339032">
        <ele>326.015413</ele>
        <time>2026-05-06T14:36:57.546Z</time>
      </trkpt>
      <trkpt lat="49.005304" lon="12.339132">
        <ele>326.008953</ele>
        <time>2026-05-06T14:37:00.142Z</time>
      </trkpt>
      <trkpt lat="49.004153" lon="12.339257">
        <ele>325.931379</ele>
        <time>2026-05-06T14:37:14.269Z</time>
      </trkpt>
      <trkpt lat="49.003939" lon="12.339339">
        <ele>325.916545</ele>
        <time>2026-05-06T14:37:16.713Z</time>
      </trkpt>
      <trkpt lat="49.003829" lon="12.339469">
        <ele>325.907188</ele>
        <time>2026-05-06T14:37:18.249Z</time>
      </trkpt>
      <trkpt lat="49.003416" lon="12.340196">
        <ele>325.783467</ele>
        <time>2026-05-06T14:37:25.106Z</time>
      </trkpt>
      <trkpt lat="49.002409" lon="12.341862">
        <ele>325.480695</ele>
        <time>2026-05-06T14:37:42.184Z</time>
      </trkpt>
      <trkpt lat="49.001576" lon="12.343111">
        <ele>325.502958</ele>
        <time>2026-05-06T14:37:56.794Z</time>
      </trkpt>
      <trkpt lat="49.001133" lon="12.343693">
        <ele>325.552271</ele>
        <time>2026-05-06T14:38:03.973Z</time>
      </trkpt>
      <trkpt lat="49.000334" lon="12.344626">
        <ele>325.865522</ele>
        <time>2026-05-06T14:38:16.310Z</time>
      </trkpt>
      <trkpt lat="48.999417" lon="12.345516">
        <ele>326.197563</ele>
        <time>2026-05-06T14:38:32.176Z</time>
      </trkpt>
      <trkpt lat="48.998607" lon="12.346158">
        <ele>326.468191</ele>
        <time>2026-05-06T14:38:44.227Z</time>
      </trkpt>
      <trkpt lat="48.998005" lon="12.346570">
        <ele>326.576636</ele>
        <time>2026-05-06T14:38:52.118Z</time>
      </trkpt>
      <trkpt lat="48.997819" lon="12.346733">
        <ele>326.546653</ele>
        <time>2026-05-06T14:38:54.468Z</time>
      </trkpt>
      <trkpt lat="48.997428" lon="12.347391">
        <ele>326.465258</ele>
        <time>2026-05-06T14:39:00.621Z</time>
      </trkpt>
      <trkpt lat="48.997170" lon="12.347663">
        <ele>326.421419</ele>
        <time>2026-05-06T14:39:04.287Z</time>
      </trkpt>
      <trkpt lat="48.996867" lon="12.347814">
        <ele>326.376870</ele>
        <time>2026-05-06T14:39:08.619Z</time>
      </trkpt>
      <trkpt lat="48.996234" lon="12.347980">
        <ele>326.296860</ele>
        <time>2026-05-06T14:39:17.062Z</time>
      </trkpt>
      <trkpt lat="48.995795" lon="12.348057">
        <ele>326.244214</ele>
        <time>2026-05-06T14:39:22.302Z</time>
      </trkpt>
      <trkpt lat="48.994950" lon="12.348223">
        <ele>326.142712</ele>
        <time>2026-05-06T14:39:31.812Z</time>
      </trkpt>
      <trkpt lat="48.993370" lon="12.348693">
        <ele>325.403057</ele>
        <time>2026-05-06T14:39:49.102Z</time>
      </trkpt>
      <trkpt lat="48.993325" lon="12.348705">
        <ele>325.381755</ele>
        <time>2026-05-06T14:39:49.600Z</time>
      </trkpt>
      <trkpt lat="48.992850" lon="12.348771">
        <ele>325.273045</ele>
        <time>2026-05-06T14:39:54.917Z</time>
      </trkpt>
      <trkpt lat="48.992444" lon="12.348826">
        <ele>325.236407</ele>
        <time>2026-05-06T14:39:59.568Z</time>
      </trkpt>
      <trkpt lat="48.992120" lon="12.348881">
        <ele>325.207103</ele>
        <time>2026-05-06T14:40:03.377Z</time>
      </trkpt>
      <trkpt lat="48.992065" lon="12.348888">
        <ele>325.202142</ele>
        <time>2026-05-06T14:40:04.039Z</time>
      </trkpt>
      <trkpt lat="48.991501" lon="12.348939">
        <ele>325.151356</ele>
        <time>2026-05-06T14:40:10.813Z</time>
      </trkpt>
      <trkpt lat="48.990620" lon="12.349023">
        <ele>325.471026</ele>
        <time>2026-05-06T14:40:22.728Z</time>
      </trkpt>
      <trkpt lat="48.990408" lon="12.349020">
        <ele>325.566296</ele>
        <time>2026-05-06T14:40:25.855Z</time>
      </trkpt>
      <trkpt lat="48.990086" lon="12.349121">
        <ele>325.714026</ele>
        <time>2026-05-06T14:40:30.858Z</time>
      </trkpt>
      <trkpt lat="48.989772" lon="12.349337">
        <ele>325.868836</ele>
        <time>2026-05-06T14:40:35.934Z</time>
      </trkpt>
      <trkpt lat="48.989113" lon="12.349954">
        <ele>325.443236</ele>
        <time>2026-05-06T14:40:45.313Z</time>
      </trkpt>
      <trkpt lat="48.988928" lon="12.350121">
        <ele>325.262783</ele>
        <time>2026-05-06T14:40:47.515Z</time>
      </trkpt>
      <trkpt lat="48.987759" lon="12.350791">
        <ele>324.256199</ele>
        <time>2026-05-06T14:40:59.190Z</time>
      </trkpt>
      <trkpt lat="48.987587" lon="12.351005">
        <ele>324.104639</ele>
        <time>2026-05-06T14:41:01.316Z</time>
      </trkpt>
      <trkpt lat="48.987448" lon="12.351323">
        <ele>323.933497</ele>
        <time>2026-05-06T14:41:03.785Z</time>
      </trkpt>
      <trkpt lat="48.985767" lon="12.354707">
        <ele>323.030134</ele>
        <time>2026-05-06T14:41:36.012Z</time>
      </trkpt>
      <trkpt lat="48.985726" lon="12.354971">
        <ele>323.046425</ele>
        <time>2026-05-06T14:41:38.213Z</time>
      </trkpt>
      <trkpt lat="48.985565" lon="12.357003">
        <ele>323.356157</ele>
        <time>2026-05-06T14:41:55.613Z</time>
      </trkpt>
      <trkpt lat="48.985369" lon="12.359537">
        <ele>323.750884</ele>
        <time>2026-05-06T14:42:17.892Z</time>
      </trkpt>
      <trkpt lat="48.984508" lon="12.359642">
        <ele>323.808597</ele>
        <time>2026-05-06T14:42:28.338Z</time>
      </trkpt>
      <trkpt lat="48.983722" lon="12.359687">
        <ele>323.697028</ele>
        <time>2026-05-06T14:42:37.350Z</time>
      </trkpt>
      <trkpt lat="48.983020" lon="12.359685">
        <ele>323.602235</ele>
        <time>2026-05-06T14:42:45.377Z</time>
      </trkpt>
      <trkpt lat="48.982463" lon="12.359642">
        <ele>323.557293</ele>
        <time>2026-05-06T14:42:51.859Z</time>
      </trkpt>
      <trkpt lat="48.981191" lon="12.359440">
        <ele>323.499698</ele>
        <time>2026-05-06T14:43:07.133Z</time>
      </trkpt>
      <trkpt lat="48.979971" lon="12.359079">
        <ele>323.886538</ele>
        <time>2026-05-06T14:43:22.933Z</time>
      </trkpt>
      <trkpt lat="48.978695" lon="12.358513">
        <ele>324.415404</ele>
        <time>2026-05-06T14:43:41.973Z</time>
      </trkpt>
      <trkpt lat="48.978165" lon="12.358249">
        <ele>324.661214</ele>
        <time>2026-05-06T14:43:49.675Z</time>
      </trkpt>
      <trkpt lat="48.977718" lon="12.358026">
        <ele>324.757965</ele>
        <time>2026-05-06T14:43:55.819Z</time>
      </trkpt>
      <trkpt lat="48.973015" lon="12.355538">
        <ele>322.415224</ele>
        <time>2026-05-06T14:44:49.146Z</time>
      </trkpt>
      <trkpt lat="48.972926" lon="12.355492">
        <ele>322.375853</ele>
        <time>2026-05-06T14:44:50.097Z</time>
      </trkpt>
      <trkpt lat="48.972940" lon="12.355428">
        <ele>322.357303</ele>
        <time>2026-05-06T14:44:50.659Z</time>
      </trkpt>
      <trkpt lat="48.972771" lon="12.355287">
        <ele>322.307241</ele>
        <time>2026-05-06T14:44:52.748Z</time>
      </trkpt>
      <trkpt lat="48.972770" lon="12.355213">
        <ele>322.333516</ele>
        <time>2026-05-06T14:44:53.265Z</time>
      </trkpt>
      <trkpt lat="48.971220" lon="12.354487">
        <ele>323.210486</ele>
        <time>2026-05-06T14:45:16.832Z</time>
      </trkpt>
      <trkpt lat="48.970985" lon="12.354417">
        <ele>323.298029</ele>
        <time>2026-05-06T14:45:20.556Z</time>
      </trkpt>
      <trkpt lat="48.970968" lon="12.354512">
        <ele>323.314015</ele>
        <time>2026-05-06T14:45:21.509Z</time>
      </trkpt>
      <trkpt lat="48.970852" lon="12.354465">
        <ele>323.343700</ele>
        <time>2026-05-06T14:45:23.265Z</time>
      </trkpt>
      <trkpt lat="48.969586" lon="12.354032">
        <ele>323.664592</ele>
        <time>2026-05-06T14:45:39.541Z</time>
      </trkpt>
      <trkpt lat="48.968707" lon="12.353841">
        <ele>323.672569</ele>
        <time>2026-05-06T14:45:49.771Z</time>
      </trkpt>
      <trkpt lat="48.968070" lon="12.353773">
        <ele>323.641341</ele>
        <time>2026-05-06T14:45:57.286Z</time>
      </trkpt>
      <trkpt lat="48.967222" lon="12.353757">
        <ele>323.677775</ele>
        <time>2026-05-06T14:46:07.735Z</time>
      </trkpt>
      <trkpt lat="48.966520" lon="12.353806">
        <ele>323.779474</ele>
        <time>2026-05-06T14:46:16.674Z</time>
      </trkpt>
      <trkpt lat="48.965647" lon="12.353943">
        <ele>323.904010</ele>
        <time>2026-05-06T14:46:27.636Z</time>
      </trkpt>
      <trkpt lat="48.962699" lon="12.354705">
        <ele>324.531173</ele>
        <time>2026-05-06T14:47:05.303Z</time>
      </trkpt>
      <trkpt lat="48.961919" lon="12.354832">
        <ele>324.877618</ele>
        <time>2026-05-06T14:47:16.668Z</time>
      </trkpt>
      <trkpt lat="48.961493" lon="12.354860">
        <ele>325.135725</ele>
        <time>2026-05-06T14:47:22.888Z</time>
      </trkpt>
      <trkpt lat="48.961128" lon="12.354876">
        <ele>325.356759</ele>
        <time>2026-05-06T14:47:28.129Z</time>
      </trkpt>
      <trkpt lat="48.960414" lon="12.354872">
        <ele>325.767562</ele>
        <time>2026-05-06T14:47:37.996Z</time>
      </trkpt>
      <trkpt lat="48.959852" lon="12.354820">
        <ele>325.931968</ele>
        <time>2026-05-06T14:47:45.415Z</time>
      </trkpt>
      <trkpt lat="48.959201" lon="12.354708">
        <ele>326.123267</ele>
        <time>2026-05-06T14:47:53.774Z</time>
      </trkpt>
      <trkpt lat="48.958355" lon="12.354495">
        <ele>326.368207</ele>
        <time>2026-05-06T14:48:04.951Z</time>
      </trkpt>
      <trkpt lat="48.958339" lon="12.354590">
        <ele>326.385996</ele>
        <time>2026-05-06T14:48:05.794Z</time>
      </trkpt>
      <trkpt lat="48.958311" lon="12.354624">
        <ele>326.395888</ele>
        <time>2026-05-06T14:48:06.249Z</time>
      </trkpt>
      <trkpt lat="48.957951" lon="12.354545">
        <ele>326.496359</ele>
        <time>2026-05-06T14:48:11.013Z</time>
      </trkpt>
      <trkpt lat="48.957887" lon="12.354556">
        <ele>326.514151</ele>
        <time>2026-05-06T14:48:11.850Z</time>
      </trkpt>
      <trkpt lat="48.957768" lon="12.354643">
        <ele>326.550614</ele>
        <time>2026-05-06T14:48:13.603Z</time>
      </trkpt>
      <trkpt lat="48.957602" lon="12.354949">
        <ele>326.622608</ele>
        <time>2026-05-06T14:48:17.078Z</time>
      </trkpt>
      <trkpt lat="48.957530" lon="12.355132">
        <ele>326.661304</ele>
        <time>2026-05-06T14:48:18.946Z</time>
      </trkpt>
      <trkpt lat="48.957147" lon="12.356296">
        <ele>326.715815</ele>
        <time>2026-05-06T14:48:29.910Z</time>
      </trkpt>
      <trkpt lat="48.957007" lon="12.357006">
        <ele>326.659149</ele>
        <time>2026-05-06T14:48:35.481Z</time>
      </trkpt>
      <trkpt lat="48.956935" lon="12.357724">
        <ele>326.603630</ele>
        <time>2026-05-06T14:48:40.797Z</time>
      </trkpt>
      <trkpt lat="48.956907" lon="12.358469">
        <ele>326.543570</ele>
        <time>2026-05-06T14:48:46.207Z</time>
      </trkpt>
      <trkpt lat="48.956957" lon="12.359706">
        <ele>326.427941</ele>
        <time>2026-05-06T14:48:55.543Z</time>
      </trkpt>
      <trkpt lat="48.957203" lon="12.361053">
        <ele>326.309430</ele>
        <time>2026-05-06T14:49:06.685Z</time>
      </trkpt>
      <trkpt lat="48.957313" lon="12.361799">
        <ele>326.355931</ele>
        <time>2026-05-06T14:49:12.876Z</time>
      </trkpt>
      <trkpt lat="48.957536" lon="12.362839">
        <ele>326.422470</ele>
        <time>2026-05-06T14:49:21.680Z</time>
      </trkpt>
      <trkpt lat="48.957583" lon="12.362925">
        <ele>326.429275</ele>
        <time>2026-05-06T14:49:22.584Z</time>
      </trkpt>
      <trkpt lat="48.957605" lon="12.363046">
        <ele>326.436911</ele>
        <time>2026-05-06T14:49:23.591Z</time>
      </trkpt>
      <trkpt lat="48.958288" lon="12.367382">
        <ele>326.790443</ele>
        <time>2026-05-06T14:50:00.674Z</time>
      </trkpt>
      <trkpt lat="48.958243" lon="12.367400">
        <ele>326.791720</ele>
        <time>2026-05-06T14:50:04.893Z</time>
      </trkpt>
      <trkpt lat="48.958225" lon="12.367502">
        <ele>326.793622</ele>
        <time>2026-05-06T14:50:11.202Z</time>
      </trkpt>
      <trkpt lat="48.958161" lon="12.367514">
        <ele>326.795391</ele>
        <time>2026-05-06T14:50:17.070Z</time>
      </trkpt>
      <trkpt lat="48.958257" lon="12.368383">
        <ele>326.811265</ele>
        <time>2026-05-06T14:50:24.080Z</time>
      </trkpt>
      <trkpt lat="48.958348" lon="12.369551">
        <ele>326.597861</ele>
        <time>2026-05-06T14:50:33.078Z</time>
      </trkpt>
      <trkpt lat="48.958364" lon="12.369770">
        <ele>326.532611</ele>
        <time>2026-05-06T14:50:34.629Z</time>
      </trkpt>
      <trkpt lat="48.958385" lon="12.370078">
        <ele>326.440916</ele>
        <time>2026-05-06T14:50:36.750Z</time>
      </trkpt>
      <trkpt lat="48.958394" lon="12.370199">
        <ele>326.404857</ele>
        <time>2026-05-06T14:50:37.578Z</time>
      </trkpt>
      <trkpt lat="48.958404" lon="12.370351">
        <ele>326.359622</ele>
        <time>2026-05-06T14:50:38.622Z</time>
      </trkpt>
      <trkpt lat="48.958446" lon="12.370935">
        <ele>326.185655</ele>
        <time>2026-05-06T14:50:42.716Z</time>
      </trkpt>
      <trkpt lat="48.958457" lon="12.371093">
        <ele>326.138606</ele>
        <time>2026-05-06T14:50:43.845Z</time>
      </trkpt>
      <trkpt lat="48.958497" lon="12.371642">
        <ele>325.992898</ele>
        <time>2026-05-06T14:50:47.782Z</time>
      </trkpt>
      <trkpt lat="48.958525" lon="12.372060">
        <ele>325.936210</ele>
        <time>2026-05-06T14:50:50.703Z</time>
      </trkpt>
      <trkpt lat="48.958681" lon="12.374313">
        <ele>325.638873</ele>
        <time>2026-05-06T14:51:08.132Z</time>
      </trkpt>
      <trkpt lat="48.958700" lon="12.374593">
        <ele>325.641856</ele>
        <time>2026-05-06T14:51:10.436Z</time>
      </trkpt>
      <trkpt lat="48.958935" lon="12.378130">
        <ele>325.672113</ele>
        <time>2026-05-06T14:51:39.085Z</time>
      </trkpt>
      <trkpt lat="48.959058" lon="12.379993">
        <ele>325.674616</ele>
        <time>2026-05-06T14:51:53.760Z</time>
      </trkpt>
      <trkpt lat="48.959113" lon="12.380988">
        <ele>325.660345</ele>
        <time>2026-05-06T14:52:01.623Z</time>
      </trkpt>
      <trkpt lat="48.959134" lon="12.381353">
        <ele>325.655108</ele>
        <time>2026-05-06T14:52:04.495Z</time>
      </trkpt>
      <trkpt lat="48.959191" lon="12.382192">
        <ele>325.643052</ele>
        <time>2026-05-06T14:52:11.185Z</time>
      </trkpt>
      <trkpt lat="48.959263" lon="12.383245">
        <ele>325.638746</ele>
        <time>2026-05-06T14:52:19.697Z</time>
      </trkpt>
      <trkpt lat="48.959354" lon="12.384432">
        <ele>325.637535</ele>
        <time>2026-05-06T14:52:29.320Z</time>
      </trkpt>
      <trkpt lat="48.959603" lon="12.388229">
        <ele>325.334166</ele>
        <time>2026-05-06T14:52:58.838Z</time>
      </trkpt>
      <trkpt lat="48.959669" lon="12.390152">
        <ele>324.954345</ele>
        <time>2026-05-06T14:53:12.849Z</time>
      </trkpt>
      <trkpt lat="48.959640" lon="12.391549">
        <ele>324.777418</ele>
        <time>2026-05-06T14:53:22.969Z</time>
      </trkpt>
      <trkpt lat="48.959521" lon="12.392920">
        <ele>324.651286</ele>
        <time>2026-05-06T14:53:33.823Z</time>
      </trkpt>
      <trkpt lat="48.959343" lon="12.394052">
        <ele>324.673312</ele>
        <time>2026-05-06T14:53:43.701Z</time>
      </trkpt>
      <trkpt lat="48.959334" lon="12.394092">
        <ele>324.676790</ele>
        <time>2026-05-06T14:53:44.051Z</time>
      </trkpt>
      <trkpt lat="48.959316" lon="12.394175">
        <ele>324.683981</ele>
        <time>2026-05-06T14:53:44.778Z</time>
      </trkpt>
      <trkpt lat="48.959527" lon="12.394266">
        <ele>324.711459</ele>
        <time>2026-05-06T14:53:47.624Z</time>
      </trkpt>
      <trkpt lat="48.959655" lon="12.394240">
        <ele>324.727639</ele>
        <time>2026-05-06T14:53:49.291Z</time>
      </trkpt>
      <trkpt lat="48.959735" lon="12.394188">
        <ele>324.738537</ele>
        <time>2026-05-06T14:53:50.375Z</time>
      </trkpt>
      <trkpt lat="48.959709" lon="12.394341">
        <ele>324.751539</ele>
        <time>2026-05-06T14:53:51.693Z</time>
      </trkpt>
      <trkpt lat="48.958981" lon="12.395905">
        <ele>324.847444</ele>
        <time>2026-05-06T14:54:06.704Z</time>
      </trkpt>
      <trkpt lat="48.958386" lon="12.397496">
        <ele>324.867620</ele>
        <time>2026-05-06T14:54:21.374Z</time>
      </trkpt>
      <trkpt lat="48.958158" lon="12.398000">
        <ele>324.931825</ele>
        <time>2026-05-06T14:54:26.549Z</time>
      </trkpt>
      <trkpt lat="48.957815" lon="12.398656">
        <ele>325.025413</ele>
        <time>2026-05-06T14:54:33.693Z</time>
      </trkpt>
      <trkpt lat="48.957336" lon="12.399533">
        <ele>325.152723</ele>
        <time>2026-05-06T14:54:43.229Z</time>
      </trkpt>
      <trkpt lat="48.956865" lon="12.400332">
        <ele>325.097228</ele>
        <time>2026-05-06T14:54:51.662Z</time>
      </trkpt>
      <trkpt lat="48.956347" lon="12.401110">
        <ele>325.001401</ele>
        <time>2026-05-06T14:55:00.069Z</time>
      </trkpt>
      <trkpt lat="48.955955" lon="12.401670">
        <ele>324.928366</ele>
        <time>2026-05-06T14:55:06.159Z</time>
      </trkpt>
      <trkpt lat="48.954926" lon="12.402992">
        <ele>324.687566</ele>
        <time>2026-05-06T14:55:21.640Z</time>
      </trkpt>
      <trkpt lat="48.954390" lon="12.403613">
        <ele>324.608944</ele>
        <time>2026-05-06T14:55:29.582Z</time>
      </trkpt>
      <trkpt lat="48.953734" lon="12.404285">
        <ele>324.590671</ele>
        <time>2026-05-06T14:55:39.144Z</time>
      </trkpt>
      <trkpt lat="48.953540" lon="12.404587">
        <ele>324.584260</ele>
        <time>2026-05-06T14:55:42.517Z</time>
      </trkpt>
      <trkpt lat="48.953223" lon="12.405335">
        <ele>324.564516</ele>
        <time>2026-05-06T14:55:49.583Z</time>
      </trkpt>
      <trkpt lat="48.952684" lon="12.407085">
        <ele>324.470662</ele>
        <time>2026-05-06T14:56:04.523Z</time>
      </trkpt>
      <trkpt lat="48.952599" lon="12.407331">
        <ele>324.457165</ele>
        <time>2026-05-06T14:56:06.677Z</time>
      </trkpt>
      <trkpt lat="48.952402" lon="12.407759">
        <ele>324.476691</ele>
        <time>2026-05-06T14:56:10.787Z</time>
      </trkpt>
      <trkpt lat="48.952178" lon="12.408096">
        <ele>324.572166</ele>
        <time>2026-05-06T14:56:14.713Z</time>
      </trkpt>
      <trkpt lat="48.952042" lon="12.408235">
        <ele>324.621829</ele>
        <time>2026-05-06T14:56:16.810Z</time>
      </trkpt>
      <trkpt lat="48.951525" lon="12.408654">
        <ele>324.799406</ele>
        <time>2026-05-06T14:56:24.634Z</time>
      </trkpt>
      <trkpt lat="48.951009" lon="12.409187">
        <ele>324.988100</ele>
        <time>2026-05-06T14:56:33.192Z</time>
      </trkpt>
      <trkpt lat="48.950713" lon="12.409550">
        <ele>325.086792</ele>
        <time>2026-05-06T14:56:38.348Z</time>
      </trkpt>
      <trkpt lat="48.949664" lon="12.411070">
        <ele>325.456151</ele>
        <time>2026-05-06T14:56:56.874Z</time>
      </trkpt>
      <trkpt lat="48.949610" lon="12.411140">
        <ele>325.462047</ele>
        <time>2026-05-06T14:56:57.778Z</time>
      </trkpt>
      <trkpt lat="48.949427" lon="12.411350">
        <ele>325.481099</ele>
        <time>2026-05-06T14:57:00.590Z</time>
      </trkpt>
      <trkpt lat="48.949148" lon="12.411675">
        <ele>325.510306</ele>
        <time>2026-05-06T14:57:05.010Z</time>
      </trkpt>
      <trkpt lat="48.948847" lon="12.411927">
        <ele>325.538866</ele>
        <time>2026-05-06T14:57:09.385Z</time>
      </trkpt>
      <trkpt lat="48.948785" lon="12.411978">
        <ele>325.544725</ele>
        <time>2026-05-06T14:57:10.268Z</time>
      </trkpt>
      <trkpt lat="48.948579" lon="12.412218">
        <ele>325.566291</ele>
        <time>2026-05-06T14:57:13.568Z</time>
      </trkpt>
      <trkpt lat="48.948429" lon="12.412480">
        <ele>325.585270</ele>
        <time>2026-05-06T14:57:16.421Z</time>
      </trkpt>
      <trkpt lat="48.948060" lon="12.413153">
        <ele>325.459141</ele>
        <time>2026-05-06T14:57:22.992Z</time>
      </trkpt>
      <trkpt lat="48.947929" lon="12.413355">
        <ele>325.386443</ele>
        <time>2026-05-06T14:57:25.065Z</time>
      </trkpt>
      <trkpt lat="48.947852" lon="12.413402">
        <ele>325.354096</ele>
        <time>2026-05-06T14:57:25.998Z</time>
      </trkpt>
      <trkpt lat="48.947599" lon="12.413392">
        <ele>325.255412</ele>
        <time>2026-05-06T14:57:28.843Z</time>
      </trkpt>
      <trkpt lat="48.947211" lon="12.413212">
        <ele>325.097254</ele>
        <time>2026-05-06T14:57:33.225Z</time>
      </trkpt>
      <trkpt lat="48.946886" lon="12.413055">
        <ele>324.964303</ele>
        <time>2026-05-06T14:57:36.796Z</time>
      </trkpt>
      <trkpt lat="48.946618" lon="12.412972">
        <ele>324.850891</ele>
        <time>2026-05-06T14:57:39.749Z</time>
      </trkpt>
      <trkpt lat="48.946111" lon="12.412879">
        <ele>324.620811</ele>
        <time>2026-05-06T14:57:45.401Z</time>
      </trkpt>
      <trkpt lat="48.945984" lon="12.412860">
        <ele>324.563316</ele>
        <time>2026-05-06T14:57:46.792Z</time>
      </trkpt>
      <trkpt lat="48.945416" lon="12.412777">
        <ele>324.306229</ele>
        <time>2026-05-06T14:57:52.898Z</time>
      </trkpt>
      <trkpt lat="48.944899" lon="12.412701">
        <ele>324.085463</ele>
        <time>2026-05-06T14:57:58.655Z</time>
      </trkpt>
      <trkpt lat="48.944589" lon="12.412622">
        <ele>324.044544</ele>
        <time>2026-05-06T14:58:02.285Z</time>
      </trkpt>
      <trkpt lat="48.944180" lon="12.412558">
        <ele>323.991017</ele>
        <time>2026-05-06T14:58:06.932Z</time>
      </trkpt>
      <trkpt lat="48.943450" lon="12.412553">
        <ele>323.895981</ele>
        <time>2026-05-06T14:58:15.619Z</time>
      </trkpt>
      <trkpt lat="48.940658" lon="12.412623">
        <ele>324.053475</ele>
        <time>2026-05-06T14:58:50.313Z</time>
      </trkpt>
      <trkpt lat="48.939178" lon="12.412652">
        <ele>324.129700</ele>
        <time>2026-05-06T14:59:08.107Z</time>
      </trkpt>
      <trkpt lat="48.939039" lon="12.412654">
        <ele>324.140754</ele>
        <time>2026-05-06T14:59:09.816Z</time>
      </trkpt>
      <trkpt lat="48.938834" lon="12.412665">
        <ele>324.157066</ele>
        <time>2026-05-06T14:59:12.381Z</time>
      </trkpt>
      <trkpt lat="48.938636" lon="12.412723">
        <ele>324.173100</ele>
        <time>2026-05-06T14:59:14.899Z</time>
      </trkpt>
      <trkpt lat="48.938152" lon="12.413031">
        <ele>324.214815</ele>
        <time>2026-05-06T14:59:21.506Z</time>
      </trkpt>
      <trkpt lat="48.936044" lon="12.414158">
        <ele>324.525901</ele>
        <time>2026-05-06T14:59:49.678Z</time>
      </trkpt>
      <trkpt lat="48.933968" lon="12.415069">
        <ele>325.160118</ele>
        <time>2026-05-06T15:00:17.414Z</time>
      </trkpt>
      <trkpt lat="48.932496" lon="12.415577">
        <ele>325.973323</ele>
        <time>2026-05-06T15:00:38.854Z</time>
      </trkpt>
      <trkpt lat="48.930680" lon="12.416116">
        <ele>326.878712</ele>
        <time>2026-05-06T15:01:04.756Z</time>
      </trkpt>
      <trkpt lat="48.930345" lon="12.416216">
        <ele>326.859977</ele>
        <time>2026-05-06T15:01:08.933Z</time>
      </trkpt>
      <trkpt lat="48.928352" lon="12.416770">
        <ele>326.633042</ele>
        <time>2026-05-06T15:01:32.112Z</time>
      </trkpt>
      <trkpt lat="48.924934" lon="12.417786">
        <ele>326.166903</ele>
        <time>2026-05-06T15:02:12.482Z</time>
      </trkpt>
      <trkpt lat="48.923851" lon="12.418103">
        <ele>326.241874</ele>
        <time>2026-05-06T15:02:27.038Z</time>
      </trkpt>
      <trkpt lat="48.923195" lon="12.418354">
        <ele>326.087984</ele>
        <time>2026-05-06T15:02:34.708Z</time>
      </trkpt>
      <trkpt lat="48.923096" lon="12.418413">
        <ele>326.061979</ele>
        <time>2026-05-06T15:02:35.850Z</time>
      </trkpt>
      <trkpt lat="48.922899" lon="12.418642">
        <ele>326.001348</ele>
        <time>2026-05-06T15:02:38.471Z</time>
      </trkpt>
      <trkpt lat="48.922793" lon="12.418695">
        <ele>325.974058</ele>
        <time>2026-05-06T15:02:39.648Z</time>
      </trkpt>
      <trkpt lat="48.922669" lon="12.418747">
        <ele>325.942599</ele>
        <time>2026-05-06T15:02:41.008Z</time>
      </trkpt>
      <trkpt lat="48.922457" lon="12.418676">
        <ele>325.889506</ele>
        <time>2026-05-06T15:02:43.396Z</time>
      </trkpt>
      <trkpt lat="48.922306" lon="12.418708">
        <ele>325.852217</ele>
        <time>2026-05-06T15:02:45.142Z</time>
      </trkpt>
      <trkpt lat="48.921828" lon="12.418937">
        <ele>325.899865</ele>
        <time>2026-05-06T15:02:51.320Z</time>
      </trkpt>
      <trkpt lat="48.921492" lon="12.419140">
        <ele>326.012622</ele>
        <time>2026-05-06T15:02:56.170Z</time>
      </trkpt>
      <trkpt lat="48.921439" lon="12.419171">
        <ele>326.030332</ele>
        <time>2026-05-06T15:02:56.959Z</time>
      </trkpt>
      <trkpt lat="48.921385" lon="12.419202">
        <ele>326.048333</ele>
        <time>2026-05-06T15:02:57.780Z</time>
      </trkpt>
      <trkpt lat="48.921145" lon="12.419385">
        <ele>326.132061</ele>
        <time>2026-05-06T15:03:01.590Z</time>
      </trkpt>
      <trkpt lat="48.920735" lon="12.419811">
        <ele>326.286905</ele>
        <time>2026-05-06T15:03:08.565Z</time>
      </trkpt>
      <trkpt lat="48.919803" lon="12.420594">
        <ele>326.550561</ele>
        <time>2026-05-06T15:03:21.808Z</time>
      </trkpt>
      <trkpt lat="48.919727" lon="12.420657">
        <ele>326.570271</ele>
        <time>2026-05-06T15:03:22.833Z</time>
      </trkpt>
      <trkpt lat="48.919333" lon="12.420982">
        <ele>326.672338</ele>
        <time>2026-05-06T15:03:28.335Z</time>
      </trkpt>
      <trkpt lat="48.919020" lon="12.421335">
        <ele>326.761066</ele>
        <time>2026-05-06T15:03:33.556Z</time>
      </trkpt>
      <trkpt lat="48.918641" lon="12.421826">
        <ele>326.923516</ele>
        <time>2026-05-06T15:03:40.540Z</time>
      </trkpt>
      <trkpt lat="48.918173" lon="12.422498">
        <ele>327.142496</ele>
        <time>2026-05-06T15:03:49.394Z</time>
      </trkpt>
      <trkpt lat="48.918061" lon="12.422695">
        <ele>327.200753</ele>
        <time>2026-05-06T15:03:51.710Z</time>
      </trkpt>
      <trkpt lat="48.917988" lon="12.422913">
        <ele>327.255471</ele>
        <time>2026-05-06T15:03:53.840Z</time>
      </trkpt>
      <trkpt lat="48.917853" lon="12.423564">
        <ele>327.379435</ele>
        <time>2026-05-06T15:03:59.451Z</time>
      </trkpt>
      <trkpt lat="48.917742" lon="12.423903">
        <ele>327.347897</ele>
        <time>2026-05-06T15:04:02.267Z</time>
      </trkpt>
      <trkpt lat="48.917501" lon="12.424311">
        <ele>327.302215</ele>
        <time>2026-05-06T15:04:06.212Z</time>
      </trkpt>
      <trkpt lat="48.917164" lon="12.424006">
        <ele>327.252531</ele>
        <time>2026-05-06T15:04:10.587Z</time>
      </trkpt>
      <trkpt lat="48.917044" lon="12.424260">
        <ele>327.226481</ele>
        <time>2026-05-06T15:04:12.996Z</time>
      </trkpt>
      <trkpt lat="48.916969" lon="12.424415">
        <ele>327.210453</ele>
        <time>2026-05-06T15:04:14.500Z</time>
      </trkpt>
      <trkpt lat="48.916497" lon="12.425503">
        <ele>327.230055</ele>
        <time>2026-05-06T15:04:25.026Z</time>
      </trkpt>
      <trkpt lat="48.916088" lon="12.426557">
        <ele>327.355649</ele>
        <time>2026-05-06T15:04:35.304Z</time>
      </trkpt>
      <trkpt lat="48.915884" lon="12.427095">
        <ele>327.419382</ele>
        <time>2026-05-06T15:04:40.544Z</time>
      </trkpt>
      <trkpt lat="48.915078" lon="12.429132">
        <ele>327.701391</ele>
        <time>2026-05-06T15:05:00.834Z</time>
      </trkpt>
      <trkpt lat="48.914807" lon="12.429776">
        <ele>327.716502</ele>
        <time>2026-05-06T15:05:06.953Z</time>
      </trkpt>
      <trkpt lat="48.914626" lon="12.429509">
        <ele>327.617716</ele>
        <time>2026-05-06T15:05:10.976Z</time>
      </trkpt>
      <trkpt lat="48.914486" lon="12.430173">
        <ele>327.438131</ele>
        <time>2026-05-06T15:05:16.037Z</time>
      </trkpt>
      <trkpt lat="48.913889" lon="12.431428">
        <ele>327.051161</ele>
        <time>2026-05-06T15:05:26.844Z</time>
      </trkpt>
      <trkpt lat="48.913502" lon="12.432162">
        <ele>326.926010</ele>
        <time>2026-05-06T15:05:33.634Z</time>
      </trkpt>
      <trkpt lat="48.912484" lon="12.433919">
        <ele>326.676890</ele>
        <time>2026-05-06T15:05:52.155Z</time>
      </trkpt>
      <trkpt lat="48.912087" lon="12.434526">
        <ele>326.646103</ele>
        <time>2026-05-06T15:05:58.981Z</time>
      </trkpt>
      <trkpt lat="48.910274" lon="12.437114">
        <ele>326.456744</ele>
        <time>2026-05-06T15:06:28.185Z</time>
      </trkpt>
      <trkpt lat="48.909478" lon="12.438343">
        <ele>326.593858</ele>
        <time>2026-05-06T15:06:42.193Z</time>
      </trkpt>
      <trkpt lat="48.909118" lon="12.438929">
        <ele>326.671265</ele>
        <time>2026-05-06T15:06:49.027Z</time>
      </trkpt>
      <trkpt lat="48.909103" lon="12.438988">
        <ele>326.677369</ele>
        <time>2026-05-06T15:06:49.565Z</time>
      </trkpt>
      <trkpt lat="48.909058" lon="12.439154">
        <ele>326.694698</ele>
        <time>2026-05-06T15:06:51.109Z</time>
      </trkpt>
      <trkpt lat="48.908045" lon="12.441153">
        <ele>326.961097</ele>
        <time>2026-05-06T15:07:12.609Z</time>
      </trkpt>
      <trkpt lat="48.907765" lon="12.441866">
        <ele>326.942123</ele>
        <time>2026-05-06T15:07:18.920Z</time>
      </trkpt>
      <trkpt lat="48.907376" lon="12.443072">
        <ele>326.772099</ele>
        <time>2026-05-06T15:07:28.989Z</time>
      </trkpt>
      <trkpt lat="48.907356" lon="12.443141">
        <ele>326.762555</ele>
        <time>2026-05-06T15:07:29.553Z</time>
      </trkpt>
      <trkpt lat="48.906983" lon="12.444577">
        <ele>326.637630</ele>
        <time>2026-05-06T15:07:41.072Z</time>
      </trkpt>
      <trkpt lat="48.906799" lon="12.445569">
        <ele>326.612988</ele>
        <time>2026-05-06T15:07:49.552Z</time>
      </trkpt>
      <trkpt lat="48.906556" lon="12.447309">
        <ele>326.584353</ele>
        <time>2026-05-06T15:08:03.541Z</time>
      </trkpt>
      <trkpt lat="48.906478" lon="12.448033">
        <ele>326.580228</ele>
        <time>2026-05-06T15:08:09.261Z</time>
      </trkpt>
      <trkpt lat="48.906430" lon="12.449030">
        <ele>326.574607</ele>
        <time>2026-05-06T15:08:17.042Z</time>
      </trkpt>
      <trkpt lat="48.906420" lon="12.450368">
        <ele>326.835381</ele>
        <time>2026-05-06T15:08:28.522Z</time>
      </trkpt>
      <trkpt lat="48.906441" lon="12.451057">
        <ele>327.000532</ele>
        <time>2026-05-06T15:08:34.684Z</time>
      </trkpt>
      <trkpt lat="48.906455" lon="12.451492">
        <ele>327.104813</ele>
        <time>2026-05-06T15:08:38.525Z</time>
      </trkpt>
      <trkpt lat="48.906385" lon="12.451642">
        <ele>327.148860</ele>
        <time>2026-05-06T15:08:40.145Z</time>
      </trkpt>
      <trkpt lat="48.905821" lon="12.452119">
        <ele>327.327546</ele>
        <time>2026-05-06T15:08:49.078Z</time>
      </trkpt>
      <trkpt lat="48.905906" lon="12.452345">
        <ele>327.367283</ele>
        <time>2026-05-06T15:08:51.499Z</time>
      </trkpt>
      <trkpt lat="48.906084" lon="12.452719">
        <ele>327.437751</ele>
        <time>2026-05-06T15:08:55.528Z</time>
      </trkpt>
      <trkpt lat="48.906580" lon="12.453591">
        <ele>327.613737</ele>
        <time>2026-05-06T15:09:04.922Z</time>
      </trkpt>
      <trkpt lat="48.906740" lon="12.453992">
        <ele>327.647344</ele>
        <time>2026-05-06T15:09:08.479Z</time>
      </trkpt>
      <trkpt lat="48.906898" lon="12.454754">
        <ele>327.651331</ele>
        <time>2026-05-06T15:09:14.353Z</time>
      </trkpt>
      <trkpt lat="48.907034" lon="12.455642">
        <ele>327.655881</ele>
        <time>2026-05-06T15:09:21.354Z</time>
      </trkpt>
      <trkpt lat="48.907031" lon="12.455802">
        <ele>327.656679</ele>
        <time>2026-05-06T15:09:22.711Z</time>
      </trkpt>
      <trkpt lat="48.907058" lon="12.455948">
        <ele>327.657436</ele>
        <time>2026-05-06T15:09:24.033Z</time>
      </trkpt>
      <trkpt lat="48.907210" lon="12.456376">
        <ele>327.670382</ele>
        <time>2026-05-06T15:09:28.428Z</time>
      </trkpt>
      <trkpt lat="48.907325" lon="12.456960">
        <ele>327.888330</ele>
        <time>2026-05-06T15:09:33.916Z</time>
      </trkpt>
      <trkpt lat="48.907470" lon="12.457911">
        <ele>328.237339</ele>
        <time>2026-05-06T15:09:43.092Z</time>
      </trkpt>
      <trkpt lat="48.907478" lon="12.458162">
        <ele>328.327176</ele>
        <time>2026-05-06T15:09:45.442Z</time>
      </trkpt>
      <trkpt lat="48.907438" lon="12.458816">
        <ele>328.561990</ele>
        <time>2026-05-06T15:09:51.476Z</time>
      </trkpt>
      <trkpt lat="48.907282" lon="12.459800">
        <ele>328.696543</ele>
        <time>2026-05-06T15:10:00.383Z</time>
      </trkpt>
      <trkpt lat="48.907085" lon="12.460835">
        <ele>328.775423</ele>
        <time>2026-05-06T15:10:09.155Z</time>
      </trkpt>
      <trkpt lat="48.907008" lon="12.461513">
        <ele>328.825791</ele>
        <time>2026-05-06T15:10:14.474Z</time>
      </trkpt>
      <trkpt lat="48.906985" lon="12.462231">
        <ele>328.898194</ele>
        <time>2026-05-06T15:10:19.816Z</time>
      </trkpt>
      <trkpt lat="48.907091" lon="12.465732">
        <ele>329.895200</ele>
        <time>2026-05-06T15:10:49.822Z</time>
      </trkpt>
      <trkpt lat="48.907072" lon="12.465980">
        <ele>330.038982</ele>
        <time>2026-05-06T15:10:52.399Z</time>
      </trkpt>
      <trkpt lat="48.907024" lon="12.466152">
        <ele>330.146588</ele>
        <time>2026-05-06T15:10:54.354Z</time>
      </trkpt>
      <trkpt lat="48.906939" lon="12.466278">
        <ele>330.250563</ele>
        <time>2026-05-06T15:10:56.267Z</time>
      </trkpt>
      <trkpt lat="48.906848" lon="12.466356">
        <ele>330.342073</ele>
        <time>2026-05-06T15:10:57.984Z</time>
      </trkpt>
      <trkpt lat="48.906689" lon="12.466425">
        <ele>330.486934</ele>
        <time>2026-05-06T15:11:00.796Z</time>
      </trkpt>
      <trkpt lat="48.906579" lon="12.466508">
        <ele>330.594509</ele>
        <time>2026-05-06T15:11:02.958Z</time>
      </trkpt>
      <trkpt lat="48.906392" lon="12.466793">
        <ele>330.781464</ele>
        <time>2026-05-06T15:11:07.855Z</time>
      </trkpt>
      <trkpt lat="48.906323" lon="12.466848">
        <ele>330.822578</ele>
        <time>2026-05-06T15:11:09.230Z</time>
      </trkpt>
      <trkpt lat="48.905906" lon="12.467057">
        <ele>331.054305</ele>
        <time>2026-05-06T15:11:16.614Z</time>
      </trkpt>
      <trkpt lat="48.905416" lon="12.467436">
        <ele>331.344430</ele>
        <time>2026-05-06T15:11:24.148Z</time>
      </trkpt>
      <trkpt lat="48.905367" lon="12.467737">
        <ele>331.452009</ele>
        <time>2026-05-06T15:11:26.530Z</time>
      </trkpt>
      <trkpt lat="48.905240" lon="12.468047">
        <ele>331.578734</ele>
        <time>2026-05-06T15:11:29.313Z</time>
      </trkpt>
      <trkpt lat="48.905207" lon="12.468124">
        <ele>331.610624</ele>
        <time>2026-05-06T15:11:29.957Z</time>
      </trkpt>
      <trkpt lat="48.905132" lon="12.468368">
        <ele>331.565763</ele>
        <time>2026-05-06T15:11:31.900Z</time>
      </trkpt>
      <trkpt lat="48.905031" lon="12.468994">
        <ele>331.042191</ele>
        <time>2026-05-06T15:11:36.143Z</time>
      </trkpt>
      <trkpt lat="48.904969" lon="12.469444">
        <ele>330.668727</ele>
        <time>2026-05-06T15:11:38.956Z</time>
      </trkpt>
      <trkpt lat="48.904965" lon="12.470007">
        <ele>330.211394</ele>
        <time>2026-05-06T15:11:42.386Z</time>
      </trkpt>
      <trkpt lat="48.904982" lon="12.470120">
        <ele>330.117234</ele>
        <time>2026-05-06T15:11:43.106Z</time>
      </trkpt>
      <trkpt lat="48.905074" lon="12.470309">
        <ele>329.926203</ele>
        <time>2026-05-06T15:11:44.545Z</time>
      </trkpt>
      <trkpt lat="48.905461" lon="12.470780">
        <ele>329.330069</ele>
        <time>2026-05-06T15:11:49.232Z</time>
      </trkpt>
      <trkpt lat="48.905513" lon="12.470843">
        <ele>329.258528</ele>
        <time>2026-05-06T15:11:49.862Z</time>
      </trkpt>
      <trkpt lat="48.905643" lon="12.471072">
        <ele>329.044480</ele>
        <time>2026-05-06T15:11:51.787Z</time>
      </trkpt>
      <trkpt lat="48.905707" lon="12.471233">
        <ele>328.911381</ele>
        <time>2026-05-06T15:11:52.956Z</time>
      </trkpt>
      <trkpt lat="48.905799" lon="12.471621">
        <ele>328.619598</ele>
        <time>2026-05-06T15:11:55.536Z</time>
      </trkpt>
      <trkpt lat="48.905890" lon="12.472170">
        <ele>328.219079</ele>
        <time>2026-05-06T15:11:59.160Z</time>
      </trkpt>
      <trkpt lat="48.905894" lon="12.472406">
        <ele>328.052078</ele>
        <time>2026-05-06T15:12:00.719Z</time>
      </trkpt>
      <trkpt lat="48.905818" lon="12.474125">
        <ele>327.204313</ele>
        <time>2026-05-06T15:12:12.803Z</time>
      </trkpt>
      <trkpt lat="48.905709" lon="12.475179">
        <ele>326.866878</ele>
        <time>2026-05-06T15:12:20.590Z</time>
      </trkpt>
      <trkpt lat="48.905700" lon="12.476016">
        <ele>326.587438</ele>
        <time>2026-05-06T15:12:26.542Z</time>
      </trkpt>
      <trkpt lat="48.905701" lon="12.476259">
        <ele>326.479840</ele>
        <time>2026-05-06T15:12:28.224Z</time>
      </trkpt>
      <trkpt lat="48.905748" lon="12.476987">
        <ele>326.155943</ele>
        <time>2026-05-06T15:12:33.457Z</time>
      </trkpt>
      <trkpt lat="48.905800" lon="12.477330">
        <ele>326.000081</ele>
        <time>2026-05-06T15:12:36.043Z</time>
      </trkpt>
      <trkpt lat="48.905957" lon="12.478008">
        <ele>325.681790</ele>
        <time>2026-05-06T15:12:40.947Z</time>
      </trkpt>
      <trkpt lat="48.906198" lon="12.478744">
        <ele>325.313091</ele>
        <time>2026-05-06T15:12:46.300Z</time>
      </trkpt>
      <trkpt lat="48.906347" lon="12.479244">
        <ele>325.059771</ele>
        <time>2026-05-06T15:12:49.852Z</time>
      </trkpt>
      <trkpt lat="48.906363" lon="12.479524">
        <ele>324.930084</ele>
        <time>2026-05-06T15:12:51.791Z</time>
      </trkpt>
      <trkpt lat="48.906335" lon="12.479665">
        <ele>324.862118</ele>
        <time>2026-05-06T15:12:52.865Z</time>
      </trkpt>
      <trkpt lat="48.906223" lon="12.479894">
        <ele>324.730407</ele>
        <time>2026-05-06T15:12:54.862Z</time>
      </trkpt>
      <trkpt lat="48.905891" lon="12.480155">
        <ele>324.468061</ele>
        <time>2026-05-06T15:12:58.593Z</time>
      </trkpt>
      <trkpt lat="48.905765" lon="12.480306">
        <ele>324.355460</ele>
        <time>2026-05-06T15:13:00.232Z</time>
      </trkpt>
      <trkpt lat="48.905577" lon="12.480811">
        <ele>324.166611</ele>
        <time>2026-05-06T15:13:04.485Z</time>
      </trkpt>
      <trkpt lat="48.905844" lon="12.480992">
        <ele>324.172083</ele>
        <time>2026-05-06T15:13:08.297Z</time>
      </trkpt>
      <trkpt lat="48.905881" lon="12.481017">
        <ele>324.172841</ele>
        <time>2026-05-06T15:13:08.841Z</time>
      </trkpt>
      <trkpt lat="48.905931" lon="12.481052">
        <ele>324.173872</ele>
        <time>2026-05-06T15:13:09.571Z</time>
      </trkpt>
      <trkpt lat="48.906075" lon="12.481158">
        <ele>324.176867</ele>
        <time>2026-05-06T15:13:11.798Z</time>
      </trkpt>
      <trkpt lat="48.905749" lon="12.482287">
        <ele>324.192042</ele>
        <time>2026-05-06T15:13:22.232Z</time>
      </trkpt>
      <trkpt lat="48.905117" lon="12.484173">
        <ele>323.895482</ele>
        <time>2026-05-06T15:13:37.963Z</time>
      </trkpt>
      <trkpt lat="48.905187" lon="12.484254">
        <ele>323.870380</ele>
        <time>2026-05-06T15:13:39.300Z</time>
      </trkpt>
      <trkpt lat="48.905175" lon="12.484379">
        <ele>323.846680</ele>
        <time>2026-05-06T15:13:40.212Z</time>
      </trkpt>
      <trkpt lat="48.904524" lon="12.486113">
        <ele>323.325343</ele>
        <time>2026-05-06T15:13:54.831Z</time>
      </trkpt>
      <trkpt lat="48.904431" lon="12.486419">
        <ele>323.218499</ele>
        <time>2026-05-06T15:13:57.236Z</time>
      </trkpt>
      <trkpt lat="48.904294" lon="12.486753">
        <ele>323.093725</ele>
        <time>2026-05-06T15:13:59.983Z</time>
      </trkpt>
      <trkpt lat="48.903429" lon="12.488671">
        <ele>322.573392</ele>
        <time>2026-05-06T15:14:16.238Z</time>
      </trkpt>
      <trkpt lat="48.903302" lon="12.488922">
        <ele>322.520216</ele>
        <time>2026-05-06T15:14:18.714Z</time>
      </trkpt>
      <trkpt lat="48.903064" lon="12.489405">
        <ele>322.418877</ele>
        <time>2026-05-06T15:14:23.592Z</time>
      </trkpt>
      <trkpt lat="48.902774" lon="12.489900">
        <ele>322.371269</ele>
        <time>2026-05-06T15:14:29.281Z</time>
      </trkpt>
      <trkpt lat="48.902719" lon="12.489987">
        <ele>322.376462</ele>
        <time>2026-05-06T15:14:30.357Z</time>
      </trkpt>
      <trkpt lat="48.902609" lon="12.490164">
        <ele>322.386941</ele>
        <time>2026-05-06T15:14:32.524Z</time>
      </trkpt>
      <trkpt lat="48.902277" lon="12.490660">
        <ele>322.417396</ele>
        <time>2026-05-06T15:14:38.715Z</time>
      </trkpt>
      <trkpt lat="48.901761" lon="12.491328">
        <ele>322.461740</ele>
        <time>2026-05-06T15:14:46.805Z</time>
      </trkpt>
      <trkpt lat="48.901640" lon="12.491473">
        <ele>322.471821</ele>
        <time>2026-05-06T15:14:48.528Z</time>
      </trkpt>
      <trkpt lat="48.901556" lon="12.491611">
        <ele>322.452532</ele>
        <time>2026-05-06T15:14:49.898Z</time>
      </trkpt>
      <trkpt lat="48.901534" lon="12.491706">
        <ele>322.426611</ele>
        <time>2026-05-06T15:14:50.626Z</time>
      </trkpt>
      <trkpt lat="48.901495" lon="12.491801">
        <ele>322.397788</ele>
        <time>2026-05-06T15:14:51.421Z</time>
      </trkpt>
      <trkpt lat="48.901467" lon="12.491865">
        <ele>322.378004</ele>
        <time>2026-05-06T15:14:51.976Z</time>
      </trkpt>
      <trkpt lat="48.901630" lon="12.492028">
        <ele>322.301640</ele>
        <time>2026-05-06T15:14:54.092Z</time>
      </trkpt>
      <trkpt lat="48.901599" lon="12.492100">
        <ele>322.279491</ele>
        <time>2026-05-06T15:14:54.698Z</time>
      </trkpt>
      <trkpt lat="48.901493" lon="12.492891">
        <ele>322.071746</ele>
        <time>2026-05-06T15:15:00.350Z</time>
      </trkpt>
      <trkpt lat="48.901389" lon="12.495934">
        <ele>321.319641</ele>
        <time>2026-05-06T15:15:22.828Z</time>
      </trkpt>
      <trkpt lat="48.901291" lon="12.498682">
        <ele>320.584391</ele>
        <time>2026-05-06T15:15:42.576Z</time>
      </trkpt>
      <trkpt lat="48.901268" lon="12.499366">
        <ele>320.393130</ele>
        <time>2026-05-06T15:15:47.473Z</time>
      </trkpt>
      <trkpt lat="48.901161" lon="12.504954">
        <ele>319.838152</ele>
        <time>2026-05-06T15:16:30.682Z</time>
      </trkpt>
      <trkpt lat="48.901106" lon="12.505432">
        <ele>319.784344</ele>
        <time>2026-05-06T15:16:34.251Z</time>
      </trkpt>
      <trkpt lat="48.901724" lon="12.505788">
        <ele>319.671568</ele>
        <time>2026-05-06T15:16:41.497Z</time>
      </trkpt>
      <trkpt lat="48.902562" lon="12.506182">
        <ele>319.536785</ele>
        <time>2026-05-06T15:16:51.736Z</time>
      </trkpt>
      <trkpt lat="48.902938" lon="12.506358">
        <ele>319.637717</ele>
        <time>2026-05-06T15:16:57.177Z</time>
      </trkpt>
      <trkpt lat="48.903410" lon="12.506504">
        <ele>319.761293</ele>
        <time>2026-05-06T15:17:03.701Z</time>
      </trkpt>
      <trkpt lat="48.903595" lon="12.506533">
        <ele>319.809009</ele>
        <time>2026-05-06T15:17:06.197Z</time>
      </trkpt>
      <trkpt lat="48.903742" lon="12.506498">
        <ele>319.847183</ele>
        <time>2026-05-06T15:17:08.204Z</time>
      </trkpt>
      <trkpt lat="48.903843" lon="12.506449">
        <ele>319.874381</ele>
        <time>2026-05-06T15:17:09.619Z</time>
      </trkpt>
      <trkpt lat="48.904082" lon="12.507138">
        <ele>319.968686</ele>
        <time>2026-05-06T15:17:16.097Z</time>
      </trkpt>
      <trkpt lat="48.904164" lon="12.507823">
        <ele>319.821644</ele>
        <time>2026-05-06T15:17:21.465Z</time>
      </trkpt>
      <trkpt lat="48.904159" lon="12.508185">
        <ele>319.745178</ele>
        <time>2026-05-06T15:17:23.997Z</time>
      </trkpt>
      <trkpt lat="48.904059" lon="12.509519">
        <ele>319.461629</ele>
        <time>2026-05-06T15:17:33.593Z</time>
      </trkpt>
      <trkpt lat="48.903983" lon="12.510105">
        <ele>319.310340</ele>
        <time>2026-05-06T15:17:37.913Z</time>
      </trkpt>
      <trkpt lat="48.903959" lon="12.510732">
        <ele>319.133779</ele>
        <time>2026-05-06T15:17:42.327Z</time>
      </trkpt>
      <trkpt lat="48.903894" lon="12.511168">
        <ele>319.008098</ele>
        <time>2026-05-06T15:17:45.464Z</time>
      </trkpt>
      <trkpt lat="48.903835" lon="12.511402">
        <ele>318.937642</ele>
        <time>2026-05-06T15:17:47.238Z</time>
      </trkpt>
      <trkpt lat="48.903669" lon="12.511820">
        <ele>318.800352</ele>
        <time>2026-05-06T15:17:50.740Z</time>
      </trkpt>
      <trkpt lat="48.903669" lon="12.511914">
        <ele>318.773927</ele>
        <time>2026-05-06T15:17:51.401Z</time>
      </trkpt>
      <trkpt lat="48.903668" lon="12.511962">
        <ele>318.760426</ele>
        <time>2026-05-06T15:17:51.746Z</time>
      </trkpt>
      <trkpt lat="48.903670" lon="12.512100">
        <ele>318.721622</ele>
        <time>2026-05-06T15:17:52.762Z</time>
      </trkpt>
      <trkpt lat="48.903433" lon="12.515031">
        <ele>318.513666</ele>
        <time>2026-05-06T15:18:15.922Z</time>
      </trkpt>
      <trkpt lat="48.903405" lon="12.515122">
        <ele>318.505559</ele>
        <time>2026-05-06T15:18:16.755Z</time>
      </trkpt>
      <trkpt lat="48.903274" lon="12.515256">
        <ele>318.471384</ele>
        <time>2026-05-06T15:18:18.734Z</time>
      </trkpt>
      <trkpt lat="48.903286" lon="12.515488">
        <ele>318.438267</ele>
        <time>2026-05-06T15:18:20.625Z</time>
      </trkpt>
      <trkpt lat="48.903226" lon="12.516444">
        <ele>318.301603</ele>
        <time>2026-05-06T15:18:28.156Z</time>
      </trkpt>
      <trkpt lat="48.902891" lon="12.520772">
        <ele>317.282853</ele>
        <time>2026-05-06T15:18:59.478Z</time>
      </trkpt>
      <trkpt lat="48.902856" lon="12.521200">
        <ele>317.223838</ele>
        <time>2026-05-06T15:19:02.661Z</time>
      </trkpt>
      <trkpt lat="48.902806" lon="12.521596">
        <ele>317.168663</ele>
        <time>2026-05-06T15:19:05.697Z</time>
      </trkpt>
      <trkpt lat="48.902633" lon="12.522047">
        <ele>317.097213</ele>
        <time>2026-05-06T15:19:09.650Z</time>
      </trkpt>
      <trkpt lat="48.902637" lon="12.522164">
        <ele>317.081182</ele>
        <time>2026-05-06T15:19:10.531Z</time>
      </trkpt>
      <trkpt lat="48.902676" lon="12.522255">
        <ele>317.066318</ele>
        <time>2026-05-06T15:19:11.389Z</time>
      </trkpt>
      <trkpt lat="48.902535" lon="12.522378">
        <ele>317.032485</ele>
        <time>2026-05-06T15:19:13.319Z</time>
      </trkpt>
      <trkpt lat="48.902337" lon="12.522368">
        <ele>316.991247</ele>
        <time>2026-05-06T15:19:15.650Z</time>
      </trkpt>
      <trkpt lat="48.902067" lon="12.522315">
        <ele>316.957223</ele>
        <time>2026-05-06T15:19:18.874Z</time>
      </trkpt>
      <trkpt lat="48.901982" lon="12.522334">
        <ele>316.957568</ele>
        <time>2026-05-06T15:19:19.882Z</time>
      </trkpt>
      <trkpt lat="48.901931" lon="12.522410">
        <ele>316.957854</ele>
        <time>2026-05-06T15:19:20.731Z</time>
      </trkpt>
      <trkpt lat="48.901897" lon="12.522547">
        <ele>316.958241</ele>
        <time>2026-05-06T15:19:21.845Z</time>
      </trkpt>
      <trkpt lat="48.901478" lon="12.525311">
        <ele>316.918135</ele>
        <time>2026-05-06T15:19:44.791Z</time>
      </trkpt>
      <trkpt lat="48.901190" lon="12.527193">
        <ele>316.781418</ele>
        <time>2026-05-06T15:19:59.668Z</time>
      </trkpt>
      <trkpt lat="48.901196" lon="12.527247">
        <ele>316.777543</ele>
        <time>2026-05-06T15:20:00.065Z</time>
      </trkpt>
      <trkpt lat="48.901243" lon="12.527356">
        <ele>316.764088</ele>
        <time>2026-05-06T15:20:01.036Z</time>
      </trkpt>
      <trkpt lat="48.901249" lon="12.527380">
        <ele>316.758616</ele>
        <time>2026-05-06T15:20:01.223Z</time>
      </trkpt>
      <trkpt lat="48.900927" lon="12.529519">
        <ele>316.290955</ele>
        <time>2026-05-06T15:20:17.533Z</time>
      </trkpt>
      <trkpt lat="48.900836" lon="12.529893">
        <ele>316.205964</ele>
        <time>2026-05-06T15:20:20.381Z</time>
      </trkpt>
      <trkpt lat="48.901114" lon="12.530159">
        <ele>315.993436</ele>
        <time>2026-05-06T15:20:23.871Z</time>
      </trkpt>
      <trkpt lat="48.899908" lon="12.532727">
        <ele>315.010521</ele>
        <time>2026-05-06T15:20:45.182Z</time>
      </trkpt>
      <trkpt lat="48.899178" lon="12.534407">
        <ele>315.291887</ele>
        <time>2026-05-06T15:21:04.204Z</time>
      </trkpt>
      <trkpt lat="48.898922" lon="12.534816">
        <ele>315.436691</ele>
        <time>2026-05-06T15:21:09.656Z</time>
      </trkpt>
      <trkpt lat="48.898744" lon="12.535184">
        <ele>315.553838</ele>
        <time>2026-05-06T15:21:13.840Z</time>
      </trkpt>
      <trkpt lat="48.898117" lon="12.536839">
        <ele>315.990230</ele>
        <time>2026-05-06T15:21:29.728Z</time>
      </trkpt>
      <trkpt lat="48.897987" lon="12.536950">
        <ele>316.008728</ele>
        <time>2026-05-06T15:21:31.651Z</time>
      </trkpt>
      <trkpt lat="48.897579" lon="12.537097">
        <ele>316.060753</ele>
        <time>2026-05-06T15:21:37.002Z</time>
      </trkpt>
      <trkpt lat="48.897492" lon="12.537240">
        <ele>316.076647</ele>
        <time>2026-05-06T15:21:38.616Z</time>
      </trkpt>
      <trkpt lat="48.897491" lon="12.537400">
        <ele>316.089699</ele>
        <time>2026-05-06T15:21:39.941Z</time>
      </trkpt>
      <trkpt lat="48.897490" lon="12.537508">
        <ele>316.098509</ele>
        <time>2026-05-06T15:21:40.819Z</time>
      </trkpt>
      <trkpt lat="48.897675" lon="12.537981">
        <ele>316.143405</ele>
        <time>2026-05-06T15:21:45.295Z</time>
      </trkpt>
      <trkpt lat="48.897699" lon="12.538165">
        <ele>316.158706</ele>
        <time>2026-05-06T15:21:46.803Z</time>
      </trkpt>
      <trkpt lat="48.897345" lon="12.539395">
        <ele>316.114526</ele>
        <time>2026-05-06T15:21:57.441Z</time>
      </trkpt>
      <trkpt lat="48.896870" lon="12.541470">
        <ele>315.975066</ele>
        <time>2026-05-06T15:22:14.082Z</time>
      </trkpt>
      <trkpt lat="48.896625" lon="12.543145">
        <ele>315.950070</ele>
        <time>2026-05-06T15:22:27.812Z</time>
      </trkpt>
      <trkpt lat="48.896529" lon="12.544487">
        <ele>315.928718</ele>
        <time>2026-05-06T15:22:38.882Z</time>
      </trkpt>
      <trkpt lat="48.896346" lon="12.545776">
        <ele>315.906614</ele>
        <time>2026-05-06T15:22:49.132Z</time>
      </trkpt>
      <trkpt lat="48.896215" lon="12.546225">
        <ele>315.898380</ele>
        <time>2026-05-06T15:22:52.925Z</time>
      </trkpt>
      <trkpt lat="48.896142" lon="12.546585">
        <ele>315.911110</ele>
        <time>2026-05-06T15:22:55.859Z</time>
      </trkpt>
      <trkpt lat="48.895769" lon="12.548615">
        <ele>316.058685</ele>
        <time>2026-05-06T15:23:12.372Z</time>
      </trkpt>
      <trkpt lat="48.895726" lon="12.548877">
        <ele>316.077591</ele>
        <time>2026-05-06T15:23:14.802Z</time>
      </trkpt>
      <trkpt lat="48.895603" lon="12.549491">
        <ele>316.344014</ele>
        <time>2026-05-06T15:23:21.008Z</time>
      </trkpt>
      <trkpt lat="48.895198" lon="12.551057">
        <ele>317.202358</ele>
        <time>2026-05-06T15:23:37.936Z</time>
      </trkpt>
      <trkpt lat="48.894829" lon="12.553025">
        <ele>317.889455</ele>
        <time>2026-05-06T15:23:56.709Z</time>
      </trkpt>
      <trkpt lat="48.894647" lon="12.553350">
        <ele>318.005459</ele>
        <time>2026-05-06T15:24:00.221Z</time>
      </trkpt>
      <trkpt lat="48.894072" lon="12.554183">
        <ele>318.315433</ele>
        <time>2026-05-06T15:24:10.481Z</time>
      </trkpt>
      <trkpt lat="48.893954" lon="12.554366">
        <ele>318.373280</ele>
        <time>2026-05-06T15:24:12.657Z</time>
      </trkpt>
      <trkpt lat="48.893658" lon="12.554996">
        <ele>318.548032</ele>
        <time>2026-05-06T15:24:19.127Z</time>
      </trkpt>
      <trkpt lat="48.893465" lon="12.555455">
        <ele>318.670993</ele>
        <time>2026-05-06T15:24:23.989Z</time>
      </trkpt>
      <trkpt lat="48.893815" lon="12.555482">
        <ele>318.791289</ele>
        <time>2026-05-06T15:24:29.067Z</time>
      </trkpt>
      <trkpt lat="48.894172" lon="12.555580">
        <ele>318.923653</ele>
        <time>2026-05-06T15:24:34.107Z</time>
      </trkpt>
      <trkpt lat="48.894433" lon="12.555751">
        <ele>319.031785</ele>
        <time>2026-05-06T15:24:37.777Z</time>
      </trkpt>
      <trkpt lat="48.894555" lon="12.555797">
        <ele>319.079611</ele>
        <time>2026-05-06T15:24:39.370Z</time>
      </trkpt>
      <trkpt lat="48.895060" lon="12.555902">
        <ele>319.273550</ele>
        <time>2026-05-06T15:24:45.725Z</time>
      </trkpt>
      <trkpt lat="48.895904" lon="12.556209">
        <ele>319.552104</ele>
        <time>2026-05-06T15:24:57.762Z</time>
      </trkpt>
      <trkpt lat="48.896184" lon="12.556297">
        <ele>319.586791</ele>
        <time>2026-05-06T15:25:01.462Z</time>
      </trkpt>
      <trkpt lat="48.896494" lon="12.556355">
        <ele>319.624683</ele>
        <time>2026-05-06T15:25:05.508Z</time>
      </trkpt>
      <trkpt lat="48.897181" lon="12.556377">
        <ele>319.708048</ele>
        <time>2026-05-06T15:25:14.733Z</time>
      </trkpt>
      <trkpt lat="48.899015" lon="12.556449">
        <ele>318.769209</ele>
        <time>2026-05-06T15:25:33.660Z</time>
      </trkpt>
      <trkpt lat="48.899167" lon="12.556458">
        <ele>318.671482</ele>
        <time>2026-05-06T15:25:35.088Z</time>
      </trkpt>
      <trkpt lat="48.899482" lon="12.556456">
        <ele>318.571452</ele>
        <time>2026-05-06T15:25:38.591Z</time>
      </trkpt>
      <trkpt lat="48.900171" lon="12.556476">
        <ele>318.501680</ele>
        <time>2026-05-06T15:25:47.407Z</time>
      </trkpt>
      <trkpt lat="48.900618" lon="12.556490">
        <ele>318.456413</ele>
        <time>2026-05-06T15:25:52.619Z</time>
      </trkpt>
      <trkpt lat="48.901829" lon="12.556603">
        <ele>318.232345</ele>
        <time>2026-05-06T15:26:07.146Z</time>
      </trkpt>
      <trkpt lat="48.904603" lon="12.556708">
        <ele>317.419300</ele>
        <time>2026-05-06T15:26:37.798Z</time>
      </trkpt>
      <trkpt lat="48.904598" lon="12.556796">
        <ele>317.400320</ele>
        <time>2026-05-06T15:26:38.511Z</time>
      </trkpt>
      <trkpt lat="48.904585" lon="12.556992">
        <ele>317.396632</ele>
        <time>2026-05-06T15:26:40.105Z</time>
      </trkpt>
      <trkpt lat="48.904321" lon="12.559801">
        <ele>317.469705</ele>
        <time>2026-05-06T15:27:03.548Z</time>
      </trkpt>
      <trkpt lat="48.904332" lon="12.560090">
        <ele>317.474013</ele>
        <time>2026-05-06T15:27:05.876Z</time>
      </trkpt>
      <trkpt lat="48.904375" lon="12.560196">
        <ele>317.475867</ele>
        <time>2026-05-06T15:27:06.870Z</time>
      </trkpt>
      <trkpt lat="48.904731" lon="12.560563">
        <ele>317.485604</ele>
        <time>2026-05-06T15:27:12.031Z</time>
      </trkpt>
      <trkpt lat="48.904757" lon="12.560587">
        <ele>317.486292</ele>
        <time>2026-05-06T15:27:12.393Z</time>
      </trkpt>
      <trkpt lat="48.905000" lon="12.560819">
        <ele>317.492788</ele>
        <time>2026-05-06T15:27:15.773Z</time>
      </trkpt>
      <trkpt lat="48.905070" lon="12.560887">
        <ele>317.494668</ele>
        <time>2026-05-06T15:27:16.752Z</time>
      </trkpt>
      <trkpt lat="48.905140" lon="12.560956">
        <ele>317.496557</ele>
        <time>2026-05-06T15:27:17.723Z</time>
      </trkpt>
      <trkpt lat="48.901013" lon="12.570737">
        <ele>317.812245</ele>
        <time>2026-05-06T15:28:50.607Z</time>
      </trkpt>
      <trkpt lat="48.900945" lon="12.570941">
        <ele>317.917023</ele>
        <time>2026-05-06T15:28:52.834Z</time>
      </trkpt>
      <trkpt lat="48.901261" lon="12.571276">
        <ele>318.185430</ele>
        <time>2026-05-06T15:28:58.780Z</time>
      </trkpt>
      <trkpt lat="48.901040" lon="12.571944">
        <ele>318.528004</ele>
        <time>2026-05-06T15:29:06.695Z</time>
      </trkpt>
      <trkpt lat="48.900798" lon="12.572969">
        <ele>319.026916</ele>
        <time>2026-05-06T15:29:17.387Z</time>
      </trkpt>
      <trkpt lat="48.900656" lon="12.573815">
        <ele>318.831252</ele>
        <time>2026-05-06T15:29:23.953Z</time>
      </trkpt>
      <trkpt lat="48.900505" lon="12.575147">
        <ele>318.437919</ele>
        <time>2026-05-06T15:29:33.013Z</time>
      </trkpt>
      <trkpt lat="48.900432" lon="12.575911">
        <ele>318.241417</ele>
        <time>2026-05-06T15:29:38.243Z</time>
      </trkpt>
      <trkpt lat="48.900373" lon="12.576600">
        <ele>318.146302</ele>
        <time>2026-05-06T15:29:43.382Z</time>
      </trkpt>
      <trkpt lat="48.900365" lon="12.576697">
        <ele>318.132919</ele>
        <time>2026-05-06T15:29:44.133Z</time>
      </trkpt>
      <trkpt lat="48.900345" lon="12.576934">
        <ele>318.100210</ele>
        <time>2026-05-06T15:29:46.106Z</time>
      </trkpt>
      <trkpt lat="48.900179" lon="12.578783">
        <ele>317.917873</ele>
        <time>2026-05-06T15:30:00.823Z</time>
      </trkpt>
      <trkpt lat="48.900159" lon="12.578996">
        <ele>317.934118</ele>
        <time>2026-05-06T15:30:02.438Z</time>
      </trkpt>
      <trkpt lat="48.900016" lon="12.580450">
        <ele>318.045119</ele>
        <time>2026-05-06T15:30:14.067Z</time>
      </trkpt>
      <trkpt lat="48.899853" lon="12.581137">
        <ele>318.099773</ele>
        <time>2026-05-06T15:30:20.702Z</time>
      </trkpt>
      <trkpt lat="48.899719" lon="12.581496">
        <ele>318.122475</ele>
        <time>2026-05-06T15:30:24.450Z</time>
      </trkpt>
      <trkpt lat="48.899433" lon="12.582038">
        <ele>318.160694</ele>
        <time>2026-05-06T15:30:30.720Z</time>
      </trkpt>
      <trkpt lat="48.899484" lon="12.582123">
        <ele>318.167022</ele>
        <time>2026-05-06T15:30:31.698Z</time>
      </trkpt>
      <trkpt lat="48.899444" lon="12.582226">
        <ele>318.173601</ele>
        <time>2026-05-06T15:30:32.791Z</time>
      </trkpt>
      <trkpt lat="48.899449" lon="12.582368">
        <ele>318.181421</ele>
        <time>2026-05-06T15:30:33.982Z</time>
      </trkpt>
      <trkpt lat="48.899524" lon="12.582491">
        <ele>318.190646</ele>
        <time>2026-05-06T15:30:35.420Z</time>
      </trkpt>
      <trkpt lat="48.899575" lon="12.582559">
        <ele>318.196319</ele>
        <time>2026-05-06T15:30:36.314Z</time>
      </trkpt>
      <trkpt lat="48.899597" lon="12.582624">
        <ele>318.200339</ele>
        <time>2026-05-06T15:30:36.932Z</time>
      </trkpt>
      <trkpt lat="48.899524" lon="12.582679">
        <ele>318.207154</ele>
        <time>2026-05-06T15:30:37.907Z</time>
      </trkpt>
      <trkpt lat="48.899862" lon="12.583194">
        <ele>318.247171</ele>
        <time>2026-05-06T15:30:43.218Z</time>
      </trkpt>
      <trkpt lat="48.900188" lon="12.583690">
        <ele>317.873960</ele>
        <time>2026-05-06T15:30:47.834Z</time>
      </trkpt>
      <trkpt lat="48.900457" lon="12.584116">
        <ele>317.543222</ele>
        <time>2026-05-06T15:30:51.739Z</time>
      </trkpt>
      <trkpt lat="48.900691" lon="12.584474">
        <ele>317.260551</ele>
        <time>2026-05-06T15:30:55.011Z</time>
      </trkpt>
      <trkpt lat="48.900867" lon="12.584738">
        <ele>317.050025</ele>
        <time>2026-05-06T15:30:57.487Z</time>
      </trkpt>
      <trkpt lat="48.900998" lon="12.584955">
        <ele>316.885065</ele>
        <time>2026-05-06T15:30:59.450Z</time>
      </trkpt>
      <trkpt lat="48.901278" lon="12.585390">
        <ele>316.616312</ele>
        <time>2026-05-06T15:31:03.580Z</time>
      </trkpt>
      <trkpt lat="48.901556" lon="12.585807">
        <ele>316.422612</ele>
        <time>2026-05-06T15:31:07.783Z</time>
      </trkpt>
      <trkpt lat="48.902778" lon="12.587622">
        <ele>315.782865</ele>
        <time>2026-05-06T15:31:26.654Z</time>
      </trkpt>
      <trkpt lat="48.902799" lon="12.587651">
        <ele>315.780511</ele>
        <time>2026-05-06T15:31:26.993Z</time>
      </trkpt>
      <trkpt lat="48.902769" lon="12.587759">
        <ele>315.774114</ele>
        <time>2026-05-06T15:31:28.213Z</time>
      </trkpt>
      <trkpt lat="48.902679" lon="12.587843">
        <ele>315.765351</ele>
        <time>2026-05-06T15:31:29.921Z</time>
      </trkpt>
      <trkpt lat="48.901260" lon="12.587797">
        <ele>315.711393</ele>
        <time>2026-05-06T15:31:53.602Z</time>
      </trkpt>
      <trkpt lat="48.901175" lon="12.587860">
        <ele>315.721611</ele>
        <time>2026-05-06T15:31:55.205Z</time>
      </trkpt>
      <trkpt lat="48.901123" lon="12.587977">
        <ele>315.731644</ele>
        <time>2026-05-06T15:31:56.778Z</time>
      </trkpt>
      <trkpt lat="48.901109" lon="12.588122">
        <ele>315.742055</ele>
        <time>2026-05-06T15:31:58.403Z</time>
      </trkpt>
      <trkpt lat="48.901191" lon="12.588770">
        <ele>315.788934</ele>
        <time>2026-05-06T15:32:05.687Z</time>
      </trkpt>
      <trkpt lat="48.901215" lon="12.589967">
        <ele>315.883552</ele>
        <time>2026-05-06T15:32:18.947Z</time>
      </trkpt>
      <trkpt lat="48.901241" lon="12.590230">
        <ele>315.943918</ele>
        <time>2026-05-06T15:32:21.947Z</time>
      </trkpt>
      <trkpt lat="48.901304" lon="12.590510">
        <ele>316.011091</ele>
        <time>2026-05-06T15:32:25.308Z</time>
      </trkpt>
      <trkpt lat="48.901406" lon="12.590802">
        <ele>316.086145</ele>
        <time>2026-05-06T15:32:29.099Z</time>
      </trkpt>
      <trkpt lat="48.901583" lon="12.591156">
        <ele>316.187096</ele>
        <time>2026-05-06T15:32:32.978Z</time>
      </trkpt>
      <trkpt lat="48.902605" lon="12.592946">
        <ele>316.592286</ele>
        <time>2026-05-06T15:32:54.116Z</time>
      </trkpt>
      <trkpt lat="48.903028" lon="12.593881">
        <ele>316.703870</ele>
        <time>2026-05-06T15:33:03.552Z</time>
      </trkpt>
      <trkpt lat="48.903518" lon="12.595309">
        <ele>316.520628</ele>
        <time>2026-05-06T15:33:15.554Z</time>
      </trkpt>
      <trkpt lat="48.903675" lon="12.595903">
        <ele>316.373871</ele>
        <time>2026-05-06T15:33:20.088Z</time>
      </trkpt>
      <trkpt lat="48.903810" lon="12.596562">
        <ele>316.215644</ele>
        <time>2026-05-06T15:33:24.988Z</time>
      </trkpt>
      <trkpt lat="48.903996" lon="12.597857">
        <ele>316.030822</ele>
        <time>2026-05-06T15:33:34.740Z</time>
      </trkpt>
      <trkpt lat="48.904058" lon="12.598543">
        <ele>315.957710</ele>
        <time>2026-05-06T15:33:40.118Z</time>
      </trkpt>
      <trkpt lat="48.904088" lon="12.599201">
        <ele>315.888070</ele>
        <time>2026-05-06T15:33:45.342Z</time>
      </trkpt>
      <trkpt lat="48.904091" lon="12.599940">
        <ele>315.833015</ele>
        <time>2026-05-06T15:33:51.288Z</time>
      </trkpt>
      <trkpt lat="48.904027" lon="12.601854">
        <ele>315.769368</ele>
        <time>2026-05-06T15:34:06.295Z</time>
      </trkpt>
      <trkpt lat="48.903911" lon="12.604195">
        <ele>315.736907</ele>
        <time>2026-05-06T15:34:24.490Z</time>
      </trkpt>
      <trkpt lat="48.903844" lon="12.605529">
        <ele>315.746487</ele>
        <time>2026-05-06T15:34:35.573Z</time>
      </trkpt>
      <trkpt lat="48.903799" lon="12.607160">
        <ele>315.809325</ele>
        <time>2026-05-06T15:34:49.137Z</time>
      </trkpt>
      <trkpt lat="48.903872" lon="12.607503">
        <ele>315.823203</ele>
        <time>2026-05-06T15:34:51.969Z</time>
      </trkpt>
      <trkpt lat="48.904058" lon="12.607993">
        <ele>315.787422</ele>
        <time>2026-05-06T15:34:56.286Z</time>
      </trkpt>
      <trkpt lat="48.904647" lon="12.609168">
        <ele>315.528437</ele>
        <time>2026-05-06T15:35:07.154Z</time>
      </trkpt>
      <trkpt lat="48.904727" lon="12.609333">
        <ele>315.492502</ele>
        <time>2026-05-06T15:35:08.648Z</time>
      </trkpt>
      <trkpt lat="48.906036" lon="12.612015">
        <ele>314.887383</ele>
        <time>2026-05-06T15:35:33.441Z</time>
      </trkpt>
      <trkpt lat="48.906116" lon="12.612172">
        <ele>314.852628</ele>
        <time>2026-05-06T15:35:34.935Z</time>
      </trkpt>
      <trkpt lat="48.906450" lon="12.612816">
        <ele>314.773257</ele>
        <time>2026-05-06T15:35:41.121Z</time>
      </trkpt>
      <trkpt lat="48.906823" lon="12.613769">
        <ele>314.665941</ele>
        <time>2026-05-06T15:35:49.691Z</time>
      </trkpt>
      <trkpt lat="48.906956" lon="12.614228">
        <ele>314.617408</ele>
        <time>2026-05-06T15:35:53.601Z</time>
      </trkpt>
      <trkpt lat="48.907052" lon="12.614644">
        <ele>314.622938</ele>
        <time>2026-05-06T15:35:56.976Z</time>
      </trkpt>
      <trkpt lat="48.907069" lon="12.615166">
        <ele>314.735931</ele>
        <time>2026-05-06T15:36:01.058Z</time>
      </trkpt>
      <trkpt lat="48.907052" lon="12.615626">
        <ele>314.835538</ele>
        <time>2026-05-06T15:36:04.857Z</time>
      </trkpt>
      <trkpt lat="48.907025" lon="12.616094">
        <ele>314.937107</ele>
        <time>2026-05-06T15:36:09.010Z</time>
      </trkpt>
      <trkpt lat="48.907038" lon="12.616466">
        <ele>315.017646</ele>
        <time>2026-05-06T15:36:12.438Z</time>
      </trkpt>
      <trkpt lat="48.907131" lon="12.616828">
        <ele>315.101675</ele>
        <time>2026-05-06T15:36:16.101Z</time>
      </trkpt>
      <trkpt lat="48.907311" lon="12.617125">
        <ele>315.195366</ele>
        <time>2026-05-06T15:36:19.877Z</time>
      </trkpt>
      <trkpt lat="48.907581" lon="12.617414">
        <ele>315.392937</ele>
        <time>2026-05-06T15:36:24.612Z</time>
      </trkpt>
      <trkpt lat="48.907658" lon="12.617521">
        <ele>315.455348</ele>
        <time>2026-05-06T15:36:26.160Z</time>
      </trkpt>
      <trkpt lat="48.907812" lon="12.617860">
        <ele>315.617447</ele>
        <time>2026-05-06T15:36:30.228Z</time>
      </trkpt>
      <trkpt lat="48.907973" lon="12.618758">
        <ele>315.983590</ele>
        <time>2026-05-06T15:36:38.821Z</time>
      </trkpt>
      <trkpt lat="48.908069" lon="12.619358">
        <ele>316.226497</ele>
        <time>2026-05-06T15:36:44.302Z</time>
      </trkpt>
      <trkpt lat="48.908116" lon="12.619657">
        <ele>316.264816</ele>
        <time>2026-05-06T15:36:46.951Z</time>
      </trkpt>
      <trkpt lat="48.908143" lon="12.619843">
        <ele>316.270753</ele>
        <time>2026-05-06T15:36:48.594Z</time>
      </trkpt>
      <trkpt lat="48.908291" lon="12.621064">
        <ele>316.309454</ele>
        <time>2026-05-06T15:36:59.046Z</time>
      </trkpt>
      <trkpt lat="48.908327" lon="12.621420">
        <ele>316.320682</ele>
        <time>2026-05-06T15:37:01.796Z</time>
      </trkpt>
      <trkpt lat="48.908375" lon="12.621634">
        <ele>316.327730</ele>
        <time>2026-05-06T15:37:03.540Z</time>
      </trkpt>
      <trkpt lat="48.908593" lon="12.622257">
        <ele>316.237564</ele>
        <time>2026-05-06T15:37:08.645Z</time>
      </trkpt>
      <trkpt lat="48.908670" lon="12.622554">
        <ele>316.081501</ele>
        <time>2026-05-06T15:37:10.940Z</time>
      </trkpt>
      <trkpt lat="48.908681" lon="12.622729">
        <ele>315.995569</ele>
        <time>2026-05-06T15:37:12.258Z</time>
      </trkpt>
      <trkpt lat="48.908716" lon="12.623061">
        <ele>315.831209</ele>
        <time>2026-05-06T15:37:14.650Z</time>
      </trkpt>
      <trkpt lat="48.908746" lon="12.623316">
        <ele>315.704581</ele>
        <time>2026-05-06T15:37:16.429Z</time>
      </trkpt>
      <trkpt lat="48.908771" lon="12.623707">
        <ele>315.512554</ele>
        <time>2026-05-06T15:37:19.023Z</time>
      </trkpt>
      <trkpt lat="48.908773" lon="12.623871">
        <ele>315.432375</ele>
        <time>2026-05-06T15:37:20.084Z</time>
      </trkpt>
      <trkpt lat="48.908773" lon="12.623941">
        <ele>315.398158</ele>
        <time>2026-05-06T15:37:20.516Z</time>
      </trkpt>
      <trkpt lat="48.908816" lon="12.624353">
        <ele>315.194245</ele>
        <time>2026-05-06T15:37:23.161Z</time>
      </trkpt>
      <trkpt lat="48.908663" lon="12.624387">
        <ele>315.079250</ele>
        <time>2026-05-06T15:37:24.687Z</time>
      </trkpt>
      <trkpt lat="48.908544" lon="12.624493">
        <ele>314.992543</ele>
        <time>2026-05-06T15:37:26.058Z</time>
      </trkpt>
      <trkpt lat="48.908501" lon="12.624649">
        <ele>314.955606</ele>
        <time>2026-05-06T15:37:27.183Z</time>
      </trkpt>
      <trkpt lat="48.908496" lon="12.624697">
        <ele>314.944994</ele>
        <time>2026-05-06T15:37:27.512Z</time>
      </trkpt>
      <trkpt lat="48.908452" lon="12.625131">
        <ele>314.849107</ele>
        <time>2026-05-06T15:37:30.526Z</time>
      </trkpt>
      <trkpt lat="48.908457" lon="12.625422">
        <ele>314.785544</ele>
        <time>2026-05-06T15:37:32.565Z</time>
      </trkpt>
      <trkpt lat="48.908589" lon="12.625975">
        <ele>314.657078</ele>
        <time>2026-05-06T15:37:36.574Z</time>
      </trkpt>
      <trkpt lat="48.908924" lon="12.627309">
        <ele>314.492858</ele>
        <time>2026-05-06T15:37:48.888Z</time>
      </trkpt>
      <trkpt lat="48.909302" lon="12.628597">
        <ele>314.911783</ele>
        <time>2026-05-06T15:38:02.366Z</time>
      </trkpt>
      <trkpt lat="48.909478" lon="12.629036">
        <ele>315.064502</ele>
        <time>2026-05-06T15:38:07.046Z</time>
      </trkpt>
      <trkpt lat="48.909494" lon="12.629064">
        <ele>315.075521</ele>
        <time>2026-05-06T15:38:07.361Z</time>
      </trkpt>
      <trkpt lat="48.909511" lon="12.629283">
        <ele>315.141013</ele>
        <time>2026-05-06T15:38:09.253Z</time>
      </trkpt>
      <trkpt lat="48.909756" lon="12.630327">
        <ele>315.104666</ele>
        <time>2026-05-06T15:38:17.723Z</time>
      </trkpt>
      <trkpt lat="48.909925" lon="12.631615">
        <ele>314.923660</ele>
        <time>2026-05-06T15:38:27.339Z</time>
      </trkpt>
      <trkpt lat="48.909897" lon="12.633288">
        <ele>314.745497</ele>
        <time>2026-05-06T15:38:39.916Z</time>
      </trkpt>
      <trkpt lat="48.909741" lon="12.634709">
        <ele>314.616235</ele>
        <time>2026-05-06T15:38:51.142Z</time>
      </trkpt>
      <trkpt lat="48.909452" lon="12.637008">
        <ele>314.571953</ele>
        <time>2026-05-06T15:39:09.329Z</time>
      </trkpt>
      <trkpt lat="48.909339" lon="12.638320">
        <ele>314.636692</ele>
        <time>2026-05-06T15:39:20.329Z</time>
      </trkpt>
      <trkpt lat="48.909311" lon="12.638939">
        <ele>314.698552</ele>
        <time>2026-05-06T15:39:25.615Z</time>
      </trkpt>
      <trkpt lat="48.909254" lon="12.640112">
        <ele>314.815819</ele>
        <time>2026-05-06T15:39:35.468Z</time>
      </trkpt>
      <trkpt lat="48.909259" lon="12.640687">
        <ele>314.778911</ele>
        <time>2026-05-06T15:39:40.037Z</time>
      </trkpt>
      <trkpt lat="48.909297" lon="12.641571">
        <ele>314.633725</ele>
        <time>2026-05-06T15:39:46.754Z</time>
      </trkpt>
      <trkpt lat="48.909382" lon="12.642499">
        <ele>314.480169</ele>
        <time>2026-05-06T15:39:53.660Z</time>
      </trkpt>
      <trkpt lat="48.909571" lon="12.643807">
        <ele>314.268314</ele>
        <time>2026-05-06T15:40:03.200Z</time>
      </trkpt>
      <trkpt lat="48.909938" lon="12.645396">
        <ele>314.008696</ele>
        <time>2026-05-06T15:40:15.995Z</time>
      </trkpt>
      <trkpt lat="48.910227" lon="12.646543">
        <ele>314.027228</ele>
        <time>2026-05-06T15:40:26.115Z</time>
      </trkpt>
      <trkpt lat="48.910374" lon="12.647371">
        <ele>314.080934</ele>
        <time>2026-05-06T15:40:33.153Z</time>
      </trkpt>
      <trkpt lat="48.910497" lon="12.648190">
        <ele>314.133539</ele>
        <time>2026-05-06T15:40:39.774Z</time>
      </trkpt>
      <trkpt lat="48.910566" lon="12.648920">
        <ele>314.319118</ele>
        <time>2026-05-06T15:40:45.819Z</time>
      </trkpt>
      <trkpt lat="48.910621" lon="12.649778">
        <ele>314.555819</ele>
        <time>2026-05-06T15:40:53.741Z</time>
      </trkpt>
      <trkpt lat="48.910637" lon="12.650518">
        <ele>314.759113</ele>
        <time>2026-05-06T15:41:00.694Z</time>
      </trkpt>
      <trkpt lat="48.910659" lon="12.651116">
        <ele>314.892954</ele>
        <time>2026-05-06T15:41:06.098Z</time>
      </trkpt>
      <trkpt lat="48.910636" lon="12.651629">
        <ele>314.905547</ele>
        <time>2026-05-06T15:41:10.560Z</time>
      </trkpt>
      <trkpt lat="48.910560" lon="12.652227">
        <ele>314.920465</ele>
        <time>2026-05-06T15:41:15.518Z</time>
      </trkpt>
      <trkpt lat="48.910520" lon="12.652541">
        <ele>314.928299</ele>
        <time>2026-05-06T15:41:17.951Z</time>
      </trkpt>
      <trkpt lat="48.910504" lon="12.652965">
        <ele>314.938701</ele>
        <time>2026-05-06T15:41:21.011Z</time>
      </trkpt>
      <trkpt lat="48.909632" lon="12.661315">
        <ele>314.441208</ele>
        <time>2026-05-06T15:42:26.440Z</time>
      </trkpt>
      <trkpt lat="48.909518" lon="12.662613">
        <ele>314.430878</ele>
        <time>2026-05-06T15:42:36.970Z</time>
      </trkpt>
      <trkpt lat="48.909421" lon="12.663726">
        <ele>314.453143</ele>
        <time>2026-05-06T15:42:46.087Z</time>
      </trkpt>
      <trkpt lat="48.909370" lon="12.664257">
        <ele>314.463786</ele>
        <time>2026-05-06T15:42:50.385Z</time>
      </trkpt>
      <trkpt lat="48.909343" lon="12.664499">
        <ele>314.468654</ele>
        <time>2026-05-06T15:42:52.340Z</time>
      </trkpt>
      <trkpt lat="48.908904" lon="12.668573">
        <ele>314.304157</ele>
        <time>2026-05-06T15:43:24.475Z</time>
      </trkpt>
      <trkpt lat="48.908579" lon="12.670983">
        <ele>314.287808</ele>
        <time>2026-05-06T15:43:44.545Z</time>
      </trkpt>
      <trkpt lat="48.907730" lon="12.676547">
        <ele>314.098895</ele>
        <time>2026-05-06T15:44:28.548Z</time>
      </trkpt>
      <trkpt lat="48.907633" lon="12.677573">
        <ele>314.163065</ele>
        <time>2026-05-06T15:44:37.426Z</time>
      </trkpt>
      <trkpt lat="48.907612" lon="12.678839">
        <ele>314.232912</ele>
        <time>2026-05-06T15:44:48.368Z</time>
      </trkpt>
      <trkpt lat="48.907639" lon="12.679304">
        <ele>314.257360</ele>
        <time>2026-05-06T15:44:52.110Z</time>
      </trkpt>
      <trkpt lat="48.907645" lon="12.679500">
        <ele>314.267636</ele>
        <time>2026-05-06T15:44:53.646Z</time>
      </trkpt>
      <trkpt lat="48.907687" lon="12.679631">
        <ele>314.275269</ele>
        <time>2026-05-06T15:44:54.777Z</time>
      </trkpt>
      <trkpt lat="48.907899" lon="12.679795">
        <ele>314.294219</ele>
        <time>2026-05-06T15:44:57.592Z</time>
      </trkpt>
      <trkpt lat="48.908023" lon="12.679869">
        <ele>314.304832</ele>
        <time>2026-05-06T15:44:59.155Z</time>
      </trkpt>
      <trkpt lat="48.908533" lon="12.680120">
        <ele>314.346104</ele>
        <time>2026-05-06T15:45:05.471Z</time>
      </trkpt>
      <trkpt lat="48.909725" lon="12.680729">
        <ele>314.438411</ele>
        <time>2026-05-06T15:45:20.761Z</time>
      </trkpt>
      <trkpt lat="48.910878" lon="12.681517">
        <ele>314.897755</ele>
        <time>2026-05-06T15:45:37.518Z</time>
      </trkpt>
      <trkpt lat="48.910092" lon="12.682437">
        <ele>315.421019</ele>
        <time>2026-05-06T15:45:51.476Z</time>
      </trkpt>
      <trkpt lat="48.909708" lon="12.682927">
        <ele>315.887881</ele>
        <time>2026-05-06T15:45:58.441Z</time>
      </trkpt>
      <trkpt lat="48.909504" lon="12.683200">
        <ele>316.140964</ele>
        <time>2026-05-06T15:46:02.417Z</time>
      </trkpt>
      <trkpt lat="48.909492" lon="12.683270">
        <ele>316.185256</ele>
        <time>2026-05-06T15:46:03.127Z</time>
      </trkpt>
      <trkpt lat="48.909515" lon="12.683324">
        <ele>316.224653</ele>
        <time>2026-05-06T15:46:03.761Z</time>
      </trkpt>
      <trkpt lat="48.909820" lon="12.684029">
        <ele>316.741410</ele>
        <time>2026-05-06T15:46:12.494Z</time>
      </trkpt>
      <trkpt lat="48.910266" lon="12.685119">
        <ele>317.615679</ele>
        <time>2026-05-06T15:46:27.124Z</time>
      </trkpt>
      <trkpt lat="48.910382" lon="12.685193">
        <ele>317.751093</ele>
        <time>2026-05-06T15:46:29.303Z</time>
      </trkpt>
      <trkpt lat="48.910259" lon="12.685650">
        <ele>318.100511</ele>
        <time>2026-05-06T15:46:34.809Z</time>
      </trkpt>
      <trkpt lat="48.910218" lon="12.685890">
        <ele>318.275968</ele>
        <time>2026-05-06T15:46:37.322Z</time>
      </trkpt>
      <trkpt lat="48.910127" lon="12.686497">
        <ele>318.716490</ele>
        <time>2026-05-06T15:46:50.588Z</time>
      </trkpt>
      <trkpt lat="48.910108" lon="12.686643">
        <ele>318.821800</ele>
        <time>2026-05-06T15:46:51.888Z</time>
      </trkpt>
      <trkpt lat="48.910068" lon="12.686981">
        <ele>318.904901</ele>
        <time>2026-05-06T15:46:54.790Z</time>
      </trkpt>
      <trkpt lat="48.910011" lon="12.687467">
        <ele>318.920142</ele>
        <time>2026-05-06T15:46:58.540Z</time>
      </trkpt>
      <trkpt lat="48.909850" lon="12.688750">
        <ele>318.960467</ele>
        <time>2026-05-06T15:47:08.497Z</time>
      </trkpt>
      <trkpt lat="48.909804" lon="12.689142">
        <ele>318.972761</ele>
        <time>2026-05-06T15:47:11.758Z</time>
      </trkpt>
      <trkpt lat="48.909745" lon="12.689655">
        <ele>319.079862</ele>
        <time>2026-05-06T15:47:16.167Z</time>
      </trkpt>
      <trkpt lat="48.909685" lon="12.690090">
        <ele>319.278738</ele>
        <time>2026-05-06T15:47:19.914Z</time>
      </trkpt>
      <trkpt lat="48.909551" lon="12.691017">
        <ele>319.703429</ele>
        <time>2026-05-06T15:47:27.304Z</time>
      </trkpt>
      <trkpt lat="48.909538" lon="12.691104">
        <ele>319.743350</ele>
        <time>2026-05-06T15:47:28.020Z</time>
      </trkpt>
      <trkpt lat="48.909450" lon="12.691694">
        <ele>320.014053</ele>
        <time>2026-05-06T15:47:34.322Z</time>
      </trkpt>
      <trkpt lat="48.909400" lon="12.692047">
        <ele>320.175627</ele>
        <time>2026-05-06T15:47:38.642Z</time>
      </trkpt>
      <trkpt lat="48.909380" lon="12.692193">
        <ele>320.283638</ele>
        <time>2026-05-06T15:47:40.539Z</time>
      </trkpt>
      <trkpt lat="48.909373" lon="12.692240">
        <ele>320.330075</ele>
        <time>2026-05-06T15:47:41.122Z</time>
      </trkpt>
      <trkpt lat="48.909355" lon="12.692368">
        <ele>320.456207</ele>
        <time>2026-05-06T15:47:42.911Z</time>
      </trkpt>
      <trkpt lat="48.909322" lon="12.692601">
        <ele>320.685879</ele>
        <time>2026-05-06T15:47:46.018Z</time>
      </trkpt>
      <trkpt lat="48.909304" lon="12.692732">
        <ele>320.814840</ele>
        <time>2026-05-06T15:47:47.700Z</time>
      </trkpt>
      <trkpt lat="48.909274" lon="12.692858">
        <ele>320.943975</ele>
        <time>2026-05-06T15:47:49.460Z</time>
      </trkpt>
      <trkpt lat="48.909172" lon="12.692962">
        <ele>321.123991</ele>
        <time>2026-05-06T15:47:51.873Z</time>
      </trkpt>
      <trkpt lat="48.908990" lon="12.692966">
        <ele>321.390849</ele>
        <time>2026-05-06T15:47:55.404Z</time>
      </trkpt>
      <trkpt lat="48.908834" lon="12.692969">
        <ele>321.619579</ele>
        <time>2026-05-06T15:47:58.315Z</time>
      </trkpt>
      <trkpt lat="48.908507" lon="12.692976">
        <ele>322.099042</ele>
        <time>2026-05-06T15:48:04.440Z</time>
      </trkpt>
      <trkpt lat="48.908280" lon="12.692958">
        <ele>322.432299</ele>
        <time>2026-05-06T15:48:08.158Z</time>
      </trkpt>
      <trkpt lat="48.907937" lon="12.692790">
        <ele>322.744335</ele>
        <time>2026-05-06T15:48:12.972Z</time>
      </trkpt>
      <trkpt lat="48.907906" lon="12.692771">
        <ele>322.702786</ele>
        <time>2026-05-06T15:48:13.356Z</time>
      </trkpt>
      <trkpt lat="48.907358" lon="12.692429">
        <ele>321.966419</ele>
        <time>2026-05-06T15:48:19.006Z</time>
      </trkpt>
      <trkpt lat="48.907307" lon="12.692398">
        <ele>321.898142</ele>
        <time>2026-05-06T15:48:19.500Z</time>
      </trkpt>
      <trkpt lat="48.907198" lon="12.692354">
        <ele>321.757944</ele>
        <time>2026-05-06T15:48:20.521Z</time>
      </trkpt>
      <trkpt lat="48.907161" lon="12.692338">
        <ele>321.710123</ele>
        <time>2026-05-06T15:48:20.867Z</time>
      </trkpt>
      <trkpt lat="48.907099" lon="12.692312">
        <ele>321.630170</ele>
        <time>2026-05-06T15:48:21.441Z</time>
      </trkpt>
      <trkpt lat="48.906818" lon="12.692213">
        <ele>321.271584</ele>
        <time>2026-05-06T15:48:24.065Z</time>
      </trkpt>
      <trkpt lat="48.906796" lon="12.692206">
        <ele>321.243642</ele>
        <time>2026-05-06T15:48:24.265Z</time>
      </trkpt>
      <trkpt lat="48.906489" lon="12.692130">
        <ele>320.856957</ele>
        <time>2026-05-06T15:48:27.131Z</time>
      </trkpt>
      <trkpt lat="48.906350" lon="12.692098">
        <ele>320.682184</ele>
        <time>2026-05-06T15:48:28.454Z</time>
      </trkpt>
      <trkpt lat="48.906298" lon="12.692089">
        <ele>320.617120</ele>
        <time>2026-05-06T15:48:28.964Z</time>
      </trkpt>
      <trkpt lat="48.906089" lon="12.692073">
        <ele>320.345573</ele>
        <time>2026-05-06T15:48:30.964Z</time>
      </trkpt>
      <trkpt lat="48.905966" lon="12.692080">
        <ele>320.185595</ele>
        <time>2026-05-06T15:48:32.131Z</time>
      </trkpt>
      <trkpt lat="48.905827" lon="12.692097">
        <ele>320.004351</ele>
        <time>2026-05-06T15:48:33.425Z</time>
      </trkpt>
      <trkpt lat="48.905614" lon="12.692165">
        <ele>319.721481</ele>
        <time>2026-05-06T15:48:35.502Z</time>
      </trkpt>
      <trkpt lat="48.905579" lon="12.691875">
        <ele>319.469590</ele>
        <time>2026-05-06T15:48:40.702Z</time>
      </trkpt>
      <trkpt lat="48.905577" lon="12.691722">
        <ele>319.338854</ele>
        <time>2026-05-06T15:48:43.392Z</time>
      </trkpt>
      <trkpt lat="48.905579" lon="12.691875">
        <ele>319.208119</ele>
        <time>2026-05-06T15:48:46.082Z</time>
      </trkpt>
      <trkpt lat="48.905135" lon="12.691941">
        <ele>318.628295</ele>
        <time>2026-05-06T15:48:50.349Z</time>
      </trkpt>
      <trkpt lat="48.905144" lon="12.692252">
        <ele>318.362345</ele>
        <time>2026-05-06T15:48:52.346Z</time>
      </trkpt>
      <trkpt lat="48.904755" lon="12.692288">
        <ele>318.164675</ele>
        <time>2026-05-06T15:48:56.231Z</time>
      </trkpt>
      <trkpt lat="48.904445" lon="12.692296">
        <ele>318.062388</ele>
        <time>2026-05-06T15:48:59.616Z</time>
      </trkpt>
      <trkpt lat="48.904348" lon="12.692302">
        <ele>318.030360</ele>
        <time>2026-05-06T15:49:00.908Z</time>
      </trkpt>
      <trkpt lat="48.904030" lon="12.692371">
        <ele>317.924387</ele>
        <time>2026-05-06T15:49:04.977Z</time>
      </trkpt>
      <trkpt lat="48.903750" lon="12.692605">
        <ele>317.818991</ele>
        <time>2026-05-06T15:49:08.449Z</time>
      </trkpt>
      <trkpt lat="48.903632" lon="12.692779">
        <ele>317.764776</ele>
        <time>2026-05-06T15:49:10.490Z</time>
      </trkpt>
      <trkpt lat="48.903418" lon="12.693026">
        <ele>317.676064</ele>
        <time>2026-05-06T15:49:13.837Z</time>
      </trkpt>
      <trkpt lat="48.903245" lon="12.693124">
        <ele>317.586668</ele>
        <time>2026-05-06T15:49:16.052Z</time>
      </trkpt>
      <trkpt lat="48.903119" lon="12.693148">
        <ele>317.525176</ele>
        <time>2026-05-06T15:49:17.608Z</time>
      </trkpt>
      <trkpt lat="48.902920" lon="12.693125">
        <ele>317.428532</ele>
        <time>2026-05-06T15:49:19.971Z</time>
      </trkpt>
      <trkpt lat="48.902601" lon="12.693205">
        <ele>317.271970</ele>
        <time>2026-05-06T15:49:23.804Z</time>
      </trkpt>
      <trkpt lat="48.902200" lon="12.693421">
        <ele>317.065970</ele>
        <time>2026-05-06T15:49:28.221Z</time>
      </trkpt>
      <trkpt lat="48.901619" lon="12.693863">
        <ele>316.750328</ele>
        <time>2026-05-06T15:49:34.775Z</time>
      </trkpt>
      <trkpt lat="48.900925" lon="12.694500">
        <ele>316.350026</ele>
        <time>2026-05-06T15:49:42.924Z</time>
      </trkpt>
      <trkpt lat="48.900562" lon="12.694948">
        <ele>316.119172</ele>
        <time>2026-05-06T15:49:48.059Z</time>
      </trkpt>
      <trkpt lat="48.900266" lon="12.695433">
        <ele>315.937248</ele>
        <time>2026-05-06T15:49:53.509Z</time>
      </trkpt>
      <trkpt lat="48.899884" lon="12.696407">
        <ele>316.521013</ele>
        <time>2026-05-06T15:50:03.623Z</time>
      </trkpt>
      <trkpt lat="48.899628" lon="12.697160">
        <ele>316.957351</ele>
        <time>2026-05-06T15:50:12.256Z</time>
      </trkpt>
      <trkpt lat="48.899491" lon="12.697666">
        <ele>317.239019</ele>
        <time>2026-05-06T15:50:18.193Z</time>
      </trkpt>
      <trkpt lat="48.899214" lon="12.699085">
        <ele>318.207006</ele>
        <time>2026-05-06T15:50:33.836Z</time>
      </trkpt>
      <trkpt lat="48.899188" lon="12.699133">
        <ele>318.248785</ele>
        <time>2026-05-06T15:50:34.551Z</time>
      </trkpt>
      <trkpt lat="48.899147" lon="12.699147">
        <ele>318.291722</ele>
        <time>2026-05-06T15:50:35.262Z</time>
      </trkpt>
      <trkpt lat="48.898805" lon="12.701394">
        <ele>319.334303</ele>
        <time>2026-05-06T15:50:57.600Z</time>
      </trkpt>
      <trkpt lat="48.898473" lon="12.702807">
        <ele>319.588707</ele>
        <time>2026-05-06T15:51:09.552Z</time>
      </trkpt>
      <trkpt lat="48.897261" lon="12.707560">
        <ele>319.278536</ele>
        <time>2026-05-06T15:51:47.783Z</time>
      </trkpt>
      <trkpt lat="48.897098" lon="12.708315">
        <ele>319.355444</ele>
        <time>2026-05-06T15:51:55.323Z</time>
      </trkpt>
      <trkpt lat="48.896982" lon="12.708992">
        <ele>319.588432</ele>
        <time>2026-05-06T15:52:02.318Z</time>
      </trkpt>
      <trkpt lat="48.896897" lon="12.709673">
        <ele>319.819272</ele>
        <time>2026-05-06T15:52:09.131Z</time>
      </trkpt>
      <trkpt lat="48.896874" lon="12.709917">
        <ele>319.901361</ele>
        <time>2026-05-06T15:52:11.445Z</time>
      </trkpt>
      <trkpt lat="48.896884" lon="12.710179">
        <ele>319.988760</ele>
        <time>2026-05-06T15:52:13.829Z</time>
      </trkpt>
      <trkpt lat="48.896856" lon="12.710547">
        <ele>320.112130</ele>
        <time>2026-05-06T15:52:16.878Z</time>
      </trkpt>
      <trkpt lat="48.896813" lon="12.710675">
        <ele>320.160000</ele>
        <time>2026-05-06T15:52:17.985Z</time>
      </trkpt>
      <trkpt lat="48.896807" lon="12.711419">
        <ele>320.037124</ele>
        <time>2026-05-06T15:52:23.414Z</time>
      </trkpt>
      <trkpt lat="48.896897" lon="12.712833">
        <ele>319.658637</ele>
        <time>2026-05-06T15:52:33.330Z</time>
      </trkpt>
      <trkpt lat="48.896921" lon="12.712951">
        <ele>319.625728</ele>
        <time>2026-05-06T15:52:34.208Z</time>
      </trkpt>
      <trkpt lat="48.896975" lon="12.712995">
        <ele>319.600902</ele>
        <time>2026-05-06T15:52:34.880Z</time>
      </trkpt>
      <trkpt lat="48.896982" lon="12.713063">
        <ele>319.582564</ele>
        <time>2026-05-06T15:52:35.374Z</time>
      </trkpt>
      <trkpt lat="48.896977" lon="12.713184">
        <ele>319.550263</ele>
        <time>2026-05-06T15:52:36.246Z</time>
      </trkpt>
      <trkpt lat="48.896977" lon="12.713285">
        <ele>319.523354</ele>
        <time>2026-05-06T15:52:36.986Z</time>
      </trkpt>
      <trkpt lat="48.897009" lon="12.713332">
        <ele>319.505327</ele>
        <time>2026-05-06T15:52:37.479Z</time>
      </trkpt>
      <trkpt lat="48.897036" lon="12.713422">
        <ele>319.478970</ele>
        <time>2026-05-06T15:52:38.210Z</time>
      </trkpt>
      <trkpt lat="48.896996" lon="12.713581">
        <ele>319.459145</ele>
        <time>2026-05-06T15:52:39.465Z</time>
      </trkpt>
      <trkpt lat="48.897022" lon="12.714002">
        <ele>319.419616</ele>
        <time>2026-05-06T15:52:42.657Z</time>
      </trkpt>
      <trkpt lat="48.897164" lon="12.715229">
        <ele>319.303153</ele>
        <time>2026-05-06T15:52:52.366Z</time>
      </trkpt>
      <trkpt lat="48.897291" lon="12.716312">
        <ele>319.217517</ele>
        <time>2026-05-06T15:53:00.870Z</time>
      </trkpt>
      <trkpt lat="48.897226" lon="12.716310">
        <ele>319.217697</ele>
        <time>2026-05-06T15:53:01.909Z</time>
      </trkpt>
      <trkpt lat="48.897363" lon="12.717412">
        <ele>319.219732</ele>
        <time>2026-05-06T15:53:10.747Z</time>
      </trkpt>
      <trkpt lat="48.897493" lon="12.719478">
        <ele>319.303284</ele>
        <time>2026-05-06T15:53:27.650Z</time>
      </trkpt>
      <trkpt lat="48.897532" lon="12.719976">
        <ele>319.358237</ele>
        <time>2026-05-06T15:53:31.853Z</time>
      </trkpt>
      <trkpt lat="48.897578" lon="12.720701">
        <ele>319.438045</ele>
        <time>2026-05-06T15:53:37.925Z</time>
      </trkpt>
      <trkpt lat="48.897613" lon="12.721397">
        <ele>319.514530</ele>
        <time>2026-05-06T15:53:43.688Z</time>
      </trkpt>
      <trkpt lat="48.897570" lon="12.722187">
        <ele>319.686610</ele>
        <time>2026-05-06T15:53:50.424Z</time>
      </trkpt>
      <trkpt lat="48.897556" lon="12.722449">
        <ele>319.746308</ele>
        <time>2026-05-06T15:53:52.812Z</time>
      </trkpt>
      <trkpt lat="48.897472" lon="12.723013">
        <ele>319.877643</ele>
        <time>2026-05-06T15:53:57.988Z</time>
      </trkpt>
      <trkpt lat="48.897322" lon="12.723656">
        <ele>320.032594</ele>
        <time>2026-05-06T15:54:03.892Z</time>
      </trkpt>
      <trkpt lat="48.897458" lon="12.723773">
        <ele>320.086570</ele>
        <time>2026-05-06T15:54:05.908Z</time>
      </trkpt>
      <trkpt lat="48.897121" lon="12.724620">
        <ele>320.359427</ele>
        <time>2026-05-06T15:54:14.438Z</time>
      </trkpt>
      <trkpt lat="48.896853" lon="12.725216">
        <ele>320.570248</ele>
        <time>2026-05-06T15:54:21.036Z</time>
      </trkpt>
      <trkpt lat="48.896799" lon="12.725264">
        <ele>320.598025</ele>
        <time>2026-05-06T15:54:21.870Z</time>
      </trkpt>
      <trkpt lat="48.895988" lon="12.726449">
        <ele>321.001541</ele>
        <time>2026-05-06T15:54:37.657Z</time>
      </trkpt>
      <trkpt lat="48.895345" lon="12.727299">
        <ele>321.146312</ele>
        <time>2026-05-06T15:54:48.324Z</time>
      </trkpt>
      <trkpt lat="48.894983" lon="12.727735">
        <ele>321.224781</ele>
        <time>2026-05-06T15:54:53.711Z</time>
      </trkpt>
      <trkpt lat="48.894850" lon="12.727941">
        <ele>321.253588</ele>
        <time>2026-05-06T15:54:55.919Z</time>
      </trkpt>
      <trkpt lat="48.894357" lon="12.728551">
        <ele>321.321451</ele>
        <time>2026-05-06T15:55:03.531Z</time>
      </trkpt>
      <trkpt lat="48.893072" lon="12.730096">
        <ele>321.255213</ele>
        <time>2026-05-06T15:55:24.785Z</time>
      </trkpt>
      <trkpt lat="48.892520" lon="12.730761">
        <ele>321.009713</ele>
        <time>2026-05-06T15:55:32.186Z</time>
      </trkpt>
      <trkpt lat="48.891216" lon="12.732221">
        <ele>320.780214</ele>
        <time>2026-05-06T15:55:49.228Z</time>
      </trkpt>
      <trkpt lat="48.890885" lon="12.732573">
        <ele>320.767750</ele>
        <time>2026-05-06T15:55:55.331Z</time>
      </trkpt>
      <trkpt lat="48.890678" lon="12.732801">
        <ele>320.759863</ele>
        <time>2026-05-06T15:55:59.229Z</time>
      </trkpt>
      <trkpt lat="48.890035" lon="12.733290">
        <ele>320.839092</ele>
        <time>2026-05-06T15:56:09.760Z</time>
      </trkpt>
      <trkpt lat="48.889212" lon="12.733802">
        <ele>320.953888</ele>
        <time>2026-05-06T15:56:20.657Z</time>
      </trkpt>
      <trkpt lat="48.887693" lon="12.734595">
        <ele>319.922411</ele>
        <time>2026-05-06T15:56:37.046Z</time>
      </trkpt>
      <trkpt lat="48.886180" lon="12.735264">
        <ele>318.444958</ele>
        <time>2026-05-06T15:56:53.010Z</time>
      </trkpt>
      <trkpt lat="48.885542" lon="12.735797">
        <ele>317.716136</ele>
        <time>2026-05-06T15:57:00.251Z</time>
      </trkpt>
      <trkpt lat="48.885300" lon="12.736114">
        <ele>317.359256</ele>
        <time>2026-05-06T15:57:03.306Z</time>
      </trkpt>
      <trkpt lat="48.884893" lon="12.736809">
        <ele>316.675468</ele>
        <time>2026-05-06T15:57:09.148Z</time>
      </trkpt>
      <trkpt lat="48.884648" lon="12.737442">
        <ele>316.135791</ele>
        <time>2026-05-06T15:57:13.836Z</time>
      </trkpt>
      <trkpt lat="48.884497" lon="12.738116">
        <ele>315.734329</ele>
        <time>2026-05-06T15:57:18.502Z</time>
      </trkpt>
      <trkpt lat="48.883985" lon="12.739664">
        <ele>315.609394</ele>
        <time>2026-05-06T15:57:31.229Z</time>
      </trkpt>
      <trkpt lat="48.883871" lon="12.740028">
        <ele>315.580324</ele>
        <time>2026-05-06T15:57:34.781Z</time>
      </trkpt>
      <trkpt lat="48.883629" lon="12.741128">
        <ele>316.003902</ele>
        <time>2026-05-06T15:57:46.150Z</time>
      </trkpt>
      <trkpt lat="48.883459" lon="12.742088">
        <ele>316.609701</ele>
        <time>2026-05-06T15:57:56.935Z</time>
      </trkpt>
      <trkpt lat="48.883378" lon="12.742832">
        <ele>317.069218</ele>
        <time>2026-05-06T15:58:04.637Z</time>
      </trkpt>
      <trkpt lat="48.883386" lon="12.742920">
        <ele>317.123350</ele>
        <time>2026-05-06T15:58:05.505Z</time>
      </trkpt>
      <trkpt lat="48.883353" lon="12.743522">
        <ele>317.291045</ele>
        <time>2026-05-06T15:58:11.045Z</time>
      </trkpt>
      <trkpt lat="48.883297" lon="12.744783">
        <ele>317.498810</ele>
        <time>2026-05-06T15:58:21.468Z</time>
      </trkpt>
      <trkpt lat="48.883212" lon="12.747831">
        <ele>317.749225</ele>
        <time>2026-05-06T15:58:46.416Z</time>
      </trkpt>
      <trkpt lat="48.883133" lon="12.752498">
        <ele>317.801272</ele>
        <time>2026-05-06T15:59:23.255Z</time>
      </trkpt>
      <trkpt lat="48.883126" lon="12.753789">
        <ele>317.879423</ele>
        <time>2026-05-06T15:59:34.023Z</time>
      </trkpt>
      <trkpt lat="48.882982" lon="12.755297">
        <ele>317.963668</ele>
        <time>2026-05-06T15:59:46.528Z</time>
      </trkpt>
      <trkpt lat="48.882717" lon="12.756310">
        <ele>318.022996</ele>
        <time>2026-05-06T15:59:55.215Z</time>
      </trkpt>
      <trkpt lat="48.882565" lon="12.756785">
        <ele>318.147511</ele>
        <time>2026-05-06T15:59:59.467Z</time>
      </trkpt>
      <trkpt lat="48.882360" lon="12.757317">
        <ele>318.490264</ele>
        <time>2026-05-06T16:00:04.542Z</time>
      </trkpt>
      <trkpt lat="48.882129" lon="12.757800">
        <ele>318.822246</ele>
        <time>2026-05-06T16:00:09.709Z</time>
      </trkpt>
      <trkpt lat="48.881877" lon="12.758235">
        <ele>319.144496</ele>
        <time>2026-05-06T16:00:15.892Z</time>
      </trkpt>
      <trkpt lat="48.881537" lon="12.758736">
        <ele>319.544693</ele>
        <time>2026-05-06T16:00:24.090Z</time>
      </trkpt>
      <trkpt lat="48.881423" lon="12.758866">
        <ele>319.740871</ele>
        <time>2026-05-06T16:00:26.552Z</time>
      </trkpt>
      <trkpt lat="48.881350" lon="12.758955">
        <ele>319.877878</ele>
        <time>2026-05-06T16:00:28.203Z</time>
      </trkpt>
      <trkpt lat="48.881090" lon="12.759239">
        <ele>320.346638</ele>
        <time>2026-05-06T16:00:34.473Z</time>
      </trkpt>
      <trkpt lat="48.880372" lon="12.759816">
        <ele>321.535794</ele>
        <time>2026-05-06T16:00:50.349Z</time>
      </trkpt>
      <trkpt lat="48.880049" lon="12.760045">
        <ele>322.057644</ele>
        <time>2026-05-06T16:00:55.473Z</time>
      </trkpt>
      <trkpt lat="48.879212" lon="12.760722">
        <ele>320.895525</ele>
        <time>2026-05-06T16:01:05.193Z</time>
      </trkpt>
      <trkpt lat="48.878872" lon="12.761086">
        <ele>320.262511</ele>
        <time>2026-05-06T16:01:08.708Z</time>
      </trkpt>
      <trkpt lat="48.878539" lon="12.761594">
        <ele>319.544421</ele>
        <time>2026-05-06T16:01:12.704Z</time>
      </trkpt>
      <trkpt lat="48.877921" lon="12.762759">
        <ele>318.377132</ele>
        <time>2026-05-06T16:01:21.604Z</time>
      </trkpt>
      <trkpt lat="48.877618" lon="12.763517">
        <ele>317.697454</ele>
        <time>2026-05-06T16:01:27.834Z</time>
      </trkpt>
      <trkpt lat="48.876970" lon="12.765491">
        <ele>317.724602</ele>
        <time>2026-05-06T16:01:46.761Z</time>
      </trkpt>
      <trkpt lat="48.876680" lon="12.766490">
        <ele>317.972393</ele>
        <time>2026-05-06T16:01:56.581Z</time>
      </trkpt>
      <trkpt lat="48.876354" lon="12.767671">
        <ele>318.477606</ele>
        <time>2026-05-06T16:02:08.445Z</time>
      </trkpt>
      <trkpt lat="48.876118" lon="12.768816">
        <ele>318.950913</ele>
        <time>2026-05-06T16:02:20.151Z</time>
      </trkpt>
      <trkpt lat="48.875844" lon="12.770722">
        <ele>318.964746</ele>
        <time>2026-05-06T16:02:36.190Z</time>
      </trkpt>
      <trkpt lat="48.875708" lon="12.772495">
        <ele>319.135825</ele>
        <time>2026-05-06T16:02:48.755Z</time>
      </trkpt>
      <trkpt lat="48.875669" lon="12.773348">
        <ele>319.321647</ele>
        <time>2026-05-06T16:02:55.937Z</time>
      </trkpt>
      <trkpt lat="48.875831" lon="12.773524">
        <ele>319.387438</ele>
        <time>2026-05-06T16:02:58.988Z</time>
      </trkpt>
      <trkpt lat="48.876108" lon="12.774539">
        <ele>319.381432</ele>
        <time>2026-05-06T16:03:11.585Z</time>
      </trkpt>
      <trkpt lat="48.876274" lon="12.774921">
        <ele>319.196695</ele>
        <time>2026-05-06T16:03:15.627Z</time>
      </trkpt>
      <trkpt lat="48.876564" lon="12.775422">
        <ele>318.927409</ele>
        <time>2026-05-06T16:03:20.435Z</time>
      </trkpt>
      <trkpt lat="48.876479" lon="12.775395">
        <ele>318.874136</ele>
        <time>2026-05-06T16:03:21.278Z</time>
      </trkpt>
      <trkpt lat="48.876171" lon="12.775531">
        <ele>318.677375</ele>
        <time>2026-05-06T16:03:24.325Z</time>
      </trkpt>
      <trkpt lat="48.875991" lon="12.775622">
        <ele>318.561002</ele>
        <time>2026-05-06T16:03:26.045Z</time>
      </trkpt>
      <trkpt lat="48.875553" lon="12.775843">
        <ele>317.948765</ele>
        <time>2026-05-06T16:03:29.949Z</time>
      </trkpt>
      <trkpt lat="48.874279" lon="12.776489">
        <ele>315.421762</ele>
        <time>2026-05-06T16:03:41.783Z</time>
      </trkpt>
      <trkpt lat="48.871368" lon="12.777965">
        <ele>314.490585</ele>
        <time>2026-05-06T16:04:17.288Z</time>
      </trkpt>
      <trkpt lat="48.870887" lon="12.778191">
        <ele>314.497903</ele>
        <time>2026-05-06T16:04:23.802Z</time>
      </trkpt>
      <trkpt lat="48.869810" lon="12.778718">
        <ele>314.689122</ele>
        <time>2026-05-06T16:04:38.678Z</time>
      </trkpt>
      <trkpt lat="48.868926" lon="12.779290">
        <ele>314.873787</ele>
        <time>2026-05-06T16:04:50.782Z</time>
      </trkpt>
      <trkpt lat="48.866968" lon="12.780948">
        <ele>314.865034</ele>
        <time>2026-05-06T16:05:17.835Z</time>
      </trkpt>
      <trkpt lat="48.866758" lon="12.781058">
        <ele>314.849943</ele>
        <time>2026-05-06T16:05:20.550Z</time>
      </trkpt>
      <trkpt lat="48.866557" lon="12.781067">
        <ele>314.836282</ele>
        <time>2026-05-06T16:05:23.028Z</time>
      </trkpt>
      <trkpt lat="48.866310" lon="12.781003">
        <ele>314.819259</ele>
        <time>2026-05-06T16:05:26.110Z</time>
      </trkpt>
      <trkpt lat="48.865331" lon="12.780646">
        <ele>314.617825</ele>
        <time>2026-05-06T16:05:37.701Z</time>
      </trkpt>
      <trkpt lat="48.865126" lon="12.780487">
        <ele>314.525002</ele>
        <time>2026-05-06T16:05:40.277Z</time>
      </trkpt>
      <trkpt lat="48.864831" lon="12.780077">
        <ele>314.363787</ele>
        <time>2026-05-06T16:05:44.623Z</time>
      </trkpt>
      <trkpt lat="48.864670" lon="12.779791">
        <ele>314.263912</ele>
        <time>2026-05-06T16:05:47.248Z</time>
      </trkpt>
      <trkpt lat="48.864489" lon="12.779368">
        <ele>314.130026</ele>
        <time>2026-05-06T16:05:50.735Z</time>
      </trkpt>
      <trkpt lat="48.864377" lon="12.779165">
        <ele>314.059729</ele>
        <time>2026-05-06T16:05:52.604Z</time>
      </trkpt>
      <trkpt lat="48.864129" lon="12.778898">
        <ele>313.990752</ele>
        <time>2026-05-06T16:05:55.916Z</time>
      </trkpt>
      <trkpt lat="48.863203" lon="12.778114">
        <ele>313.762123</ele>
        <time>2026-05-06T16:06:07.780Z</time>
      </trkpt>
      <trkpt lat="48.862926" lon="12.777849">
        <ele>313.691526</ele>
        <time>2026-05-06T16:06:11.919Z</time>
      </trkpt>
      <trkpt lat="48.862602" lon="12.777711">
        <ele>313.747528</ele>
        <time>2026-05-06T16:06:16.292Z</time>
      </trkpt>
      <trkpt lat="48.862083" lon="12.777683">
        <ele>313.952412</ele>
        <time>2026-05-06T16:06:23.065Z</time>
      </trkpt>
      <trkpt lat="48.861955" lon="12.777729">
        <ele>314.004302</ele>
        <time>2026-05-06T16:06:24.839Z</time>
      </trkpt>
      <trkpt lat="48.861743" lon="12.777891">
        <ele>314.097914</ele>
        <time>2026-05-06T16:06:28.089Z</time>
      </trkpt>
      <trkpt lat="48.861585" lon="12.778029">
        <ele>314.169806</ele>
        <time>2026-05-06T16:06:30.630Z</time>
      </trkpt>
      <trkpt lat="48.861444" lon="12.778080">
        <ele>314.226986</ele>
        <time>2026-05-06T16:06:32.673Z</time>
      </trkpt>
      <trkpt lat="48.861182" lon="12.778103">
        <ele>314.330523</ele>
        <time>2026-05-06T16:06:36.383Z</time>
      </trkpt>
      <trkpt lat="48.860677" lon="12.778064">
        <ele>314.528098</ele>
        <time>2026-05-06T16:06:43.337Z</time>
      </trkpt>
      <trkpt lat="48.860218" lon="12.777947">
        <ele>314.709459</ele>
        <time>2026-05-06T16:06:49.803Z</time>
      </trkpt>
      <trkpt lat="48.859936" lon="12.777840">
        <ele>314.822720</ele>
        <time>2026-05-06T16:06:53.946Z</time>
      </trkpt>
      <trkpt lat="48.859665" lon="12.777689">
        <ele>314.935196</ele>
        <time>2026-05-06T16:06:57.848Z</time>
      </trkpt>
      <trkpt lat="48.859039" lon="12.777204">
        <ele>315.017140</ele>
        <time>2026-05-06T16:07:06.208Z</time>
      </trkpt>
      <trkpt lat="48.858604" lon="12.776889">
        <ele>314.936279</ele>
        <time>2026-05-06T16:07:11.685Z</time>
      </trkpt>
      <trkpt lat="48.858466" lon="12.776794">
        <ele>314.910856</ele>
        <time>2026-05-06T16:07:13.389Z</time>
      </trkpt>
      <trkpt lat="48.858393" lon="12.776791">
        <ele>314.898601</ele>
        <time>2026-05-06T16:07:14.193Z</time>
      </trkpt>
      <trkpt lat="48.858327" lon="12.776831">
        <ele>314.886677</ele>
        <time>2026-05-06T16:07:14.986Z</time>
      </trkpt>
      <trkpt lat="48.857388" lon="12.778834">
        <ele>314.613588</ele>
        <time>2026-05-06T16:07:33.623Z</time>
      </trkpt>
      <trkpt lat="48.856518" lon="12.780368">
        <ele>314.381840</ele>
        <time>2026-05-06T16:07:49.200Z</time>
      </trkpt>
      <trkpt lat="48.856246" lon="12.780959">
        <ele>314.295480</ele>
        <time>2026-05-06T16:07:54.674Z</time>
      </trkpt>
      <trkpt lat="48.855416" lon="12.783038">
        <ele>314.031862</ele>
        <time>2026-05-06T16:08:13.072Z</time>
      </trkpt>
      <trkpt lat="48.855040" lon="12.783760">
        <ele>313.943848</ele>
        <time>2026-05-06T16:08:20.093Z</time>
      </trkpt>
      <trkpt lat="48.854695" lon="12.784313">
        <ele>313.884619</ele>
        <time>2026-05-06T16:08:26.000Z</time>
      </trkpt>
      <trkpt lat="48.854238" lon="12.784847">
        <ele>313.932909</ele>
        <time>2026-05-06T16:08:33.163Z</time>
      </trkpt>
      <trkpt lat="48.853977" lon="12.785091">
        <ele>313.958578</ele>
        <time>2026-05-06T16:08:37.073Z</time>
      </trkpt>
      <trkpt lat="48.853652" lon="12.785377">
        <ele>313.990037</ele>
        <time>2026-05-06T16:08:41.887Z</time>
      </trkpt>
      <trkpt lat="48.852799" lon="12.786103">
        <ele>313.973418</ele>
        <time>2026-05-06T16:08:54.092Z</time>
      </trkpt>
      <trkpt lat="48.852181" lon="12.786608">
        <ele>313.893078</ele>
        <time>2026-05-06T16:09:02.278Z</time>
      </trkpt>
      <trkpt lat="48.851261" lon="12.787450">
        <ele>313.652414</ele>
        <time>2026-05-06T16:09:14.433Z</time>
      </trkpt>
      <trkpt lat="48.850650" lon="12.788256">
        <ele>313.358817</ele>
        <time>2026-05-06T16:09:23.355Z</time>
      </trkpt>
      <trkpt lat="48.850013" lon="12.789086">
        <ele>313.095611</ele>
        <time>2026-05-06T16:09:32.581Z</time>
      </trkpt>
      <trkpt lat="48.849333" lon="12.789820">
        <ele>312.899414</ele>
        <time>2026-05-06T16:09:42.029Z</time>
      </trkpt>
      <trkpt lat="48.848972" lon="12.790110">
        <ele>312.803363</ele>
        <time>2026-05-06T16:09:46.773Z</time>
      </trkpt>
      <trkpt lat="48.848608" lon="12.790320">
        <ele>312.734586</ele>
        <time>2026-05-06T16:09:51.353Z</time>
      </trkpt>
      <trkpt lat="48.848285" lon="12.790591">
        <ele>312.701570</ele>
        <time>2026-05-06T16:09:55.730Z</time>
      </trkpt>
      <trkpt lat="48.847483" lon="12.791598">
        <ele>312.608473</ele>
        <time>2026-05-06T16:10:07.937Z</time>
      </trkpt>
      <trkpt lat="48.846455" lon="12.793195">
        <ele>312.740246</ele>
        <time>2026-05-06T16:10:25.631Z</time>
      </trkpt>
      <trkpt lat="48.846056" lon="12.793882">
        <ele>312.824962</ele>
        <time>2026-05-06T16:10:33.820Z</time>
      </trkpt>
      <trkpt lat="48.845659" lon="12.794766">
        <ele>313.086776</ele>
        <time>2026-05-06T16:10:43.520Z</time>
      </trkpt>
      <trkpt lat="48.845415" lon="12.795289">
        <ele>313.243610</ele>
        <time>2026-05-06T16:10:49.256Z</time>
      </trkpt>
      <trkpt lat="48.845262" lon="12.795616">
        <ele>313.341764</ele>
        <time>2026-05-06T16:10:52.811Z</time>
      </trkpt>
      <trkpt lat="48.844967" lon="12.796169">
        <ele>313.481145</ele>
        <time>2026-05-06T16:10:58.844Z</time>
      </trkpt>
      <trkpt lat="48.844827" lon="12.796385">
        <ele>313.487110</ele>
        <time>2026-05-06T16:11:01.242Z</time>
      </trkpt>
      <trkpt lat="48.844294" lon="12.796985">
        <ele>313.506943</ele>
        <time>2026-05-06T16:11:08.935Z</time>
      </trkpt>
      <trkpt lat="48.844057" lon="12.797226">
        <ele>313.515469</ele>
        <time>2026-05-06T16:11:12.468Z</time>
      </trkpt>
      <trkpt lat="48.843650" lon="12.797717">
        <ele>313.531007</ele>
        <time>2026-05-06T16:11:18.886Z</time>
      </trkpt>
      <trkpt lat="48.843364" lon="12.798060">
        <ele>313.647440</ele>
        <time>2026-05-06T16:11:23.328Z</time>
      </trkpt>
      <trkpt lat="48.842755" lon="12.799317">
        <ele>314.001672</ele>
        <time>2026-05-06T16:11:37.325Z</time>
      </trkpt>
      <trkpt lat="48.842452" lon="12.799942">
        <ele>314.171792</ele>
        <time>2026-05-06T16:11:44.010Z</time>
      </trkpt>
      <trkpt lat="48.842214" lon="12.800455">
        <ele>314.280734</ele>
        <time>2026-05-06T16:11:49.546Z</time>
      </trkpt>
      <trkpt lat="48.842010" lon="12.800893">
        <ele>314.373870</ele>
        <time>2026-05-06T16:11:54.422Z</time>
      </trkpt>
      <trkpt lat="48.841907" lon="12.801132">
        <ele>314.423456</ele>
        <time>2026-05-06T16:11:57.028Z</time>
      </trkpt>
      <trkpt lat="48.841688" lon="12.801642">
        <ele>314.529154</ele>
        <time>2026-05-06T16:12:02.463Z</time>
      </trkpt>
      <trkpt lat="48.841642" lon="12.801781">
        <ele>314.556159</ele>
        <time>2026-05-06T16:12:03.766Z</time>
      </trkpt>
      <trkpt lat="48.841567" lon="12.802012">
        <ele>314.600868</ele>
        <time>2026-05-06T16:12:05.777Z</time>
      </trkpt>
      <trkpt lat="48.841358" lon="12.802591">
        <ele>314.395441</ele>
        <time>2026-05-06T16:12:10.642Z</time>
      </trkpt>
      <trkpt lat="48.841187" lon="12.803142">
        <ele>314.120996</ele>
        <time>2026-05-06T16:12:14.903Z</time>
      </trkpt>
      <trkpt lat="48.841106" lon="12.803404">
        <ele>313.990588</ele>
        <time>2026-05-06T16:12:16.850Z</time>
      </trkpt>
      <trkpt lat="48.840899" lon="12.804062">
        <ele>313.662026</ele>
        <time>2026-05-06T16:12:21.588Z</time>
      </trkpt>
      <trkpt lat="48.840733" lon="12.804208">
        <ele>313.530732</ele>
        <time>2026-05-06T16:12:23.486Z</time>
      </trkpt>
      <trkpt lat="48.840594" lon="12.804437">
        <ele>313.393892</ele>
        <time>2026-05-06T16:12:25.539Z</time>
      </trkpt>
      <trkpt lat="48.840300" lon="12.804744">
        <ele>313.324624</ele>
        <time>2026-05-06T16:12:29.198Z</time>
      </trkpt>
      <trkpt lat="48.840183" lon="12.804844">
        <ele>313.298558</ele>
        <time>2026-05-06T16:12:30.647Z</time>
      </trkpt>
      <trkpt lat="48.840032" lon="12.804959">
        <ele>313.265761</ele>
        <time>2026-05-06T16:12:32.547Z</time>
      </trkpt>
      <trkpt lat="48.839396" lon="12.805319">
        <ele>313.133978</ele>
        <time>2026-05-06T16:12:40.880Z</time>
      </trkpt>
      <trkpt lat="48.838582" lon="12.805759">
        <ele>313.059517</ele>
        <time>2026-05-06T16:12:52.231Z</time>
      </trkpt>
      <trkpt lat="48.837744" lon="12.806208">
        <ele>313.088657</ele>
        <time>2026-05-06T16:13:02.703Z</time>
      </trkpt>
      <trkpt lat="48.836655" lon="12.806784">
        <ele>313.117355</ele>
        <time>2026-05-06T16:13:16.555Z</time>
      </trkpt>
      <trkpt lat="48.836202" lon="12.806976">
        <ele>313.126223</ele>
        <time>2026-05-06T16:13:22.303Z</time>
      </trkpt>
      <trkpt lat="48.835614" lon="12.807114">
        <ele>313.137443</ele>
        <time>2026-05-06T16:13:29.687Z</time>
      </trkpt>
      <trkpt lat="48.834805" lon="12.807305">
        <ele>313.084642</ele>
        <time>2026-05-06T16:13:39.442Z</time>
      </trkpt>
      <trkpt lat="48.834821" lon="12.807453">
        <ele>313.077393</ele>
        <time>2026-05-06T16:13:40.999Z</time>
      </trkpt>
      <trkpt lat="48.834544" lon="12.807538">
        <ele>313.056644</ele>
        <time>2026-05-06T16:13:44.203Z</time>
      </trkpt>
      <trkpt lat="48.833372" lon="12.808151">
        <ele>313.150937</ele>
        <time>2026-05-06T16:13:59.055Z</time>
      </trkpt>
      <trkpt lat="48.833158" lon="12.808218">
        <ele>313.206983</ele>
        <time>2026-05-06T16:14:01.884Z</time>
      </trkpt>
      <trkpt lat="48.832965" lon="12.808237">
        <ele>313.256592</ele>
        <time>2026-05-06T16:14:04.449Z</time>
      </trkpt>
      <trkpt lat="48.831404" lon="12.808277">
        <ele>313.580986</ele>
        <time>2026-05-06T16:14:25.708Z</time>
      </trkpt>
      <trkpt lat="48.830971" lon="12.808321">
        <ele>313.647458</ele>
        <time>2026-05-06T16:14:31.077Z</time>
      </trkpt>
      <trkpt lat="48.830569" lon="12.808435">
        <ele>313.710097</ele>
        <time>2026-05-06T16:14:35.882Z</time>
      </trkpt>
      <trkpt lat="48.830136" lon="12.808561">
        <ele>313.766652</ele>
        <time>2026-05-06T16:14:40.832Z</time>
      </trkpt>
      <trkpt lat="48.829237" lon="12.808789">
        <ele>313.861052</ele>
        <time>2026-05-06T16:14:51.340Z</time>
      </trkpt>
      <trkpt lat="48.828641" lon="12.808819">
        <ele>313.922814</ele>
        <time>2026-05-06T16:14:59.469Z</time>
      </trkpt>
      <trkpt lat="48.827919" lon="12.808810">
        <ele>314.044351</ele>
        <time>2026-05-06T16:15:10.202Z</time>
      </trkpt>
      <trkpt lat="48.827653" lon="12.808742">
        <ele>314.091619</ele>
        <time>2026-05-06T16:15:14.285Z</time>
      </trkpt>
      <trkpt lat="48.826728" lon="12.808447">
        <ele>314.133185</ele>
        <time>2026-05-06T16:15:25.381Z</time>
      </trkpt>
      <trkpt lat="48.825985" lon="12.808275">
        <ele>312.907445</ele>
        <time>2026-05-06T16:15:32.462Z</time>
      </trkpt>
      <trkpt lat="48.825862" lon="12.808220">
        <ele>312.698334</ele>
        <time>2026-05-06T16:15:33.567Z</time>
      </trkpt>
      <trkpt lat="48.825817" lon="12.808155">
        <ele>312.597058</ele>
        <time>2026-05-06T16:15:34.096Z</time>
      </trkpt>
      <trkpt lat="48.825780" lon="12.808037">
        <ele>312.456726</ele>
        <time>2026-05-06T16:15:34.834Z</time>
      </trkpt>
      <trkpt lat="48.825687" lon="12.807613">
        <ele>311.976878</ele>
        <time>2026-05-06T16:15:37.349Z</time>
      </trkpt>
      <trkpt lat="48.825674" lon="12.807566">
        <ele>311.922141</ele>
        <time>2026-05-06T16:15:37.639Z</time>
      </trkpt>
      <trkpt lat="48.825610" lon="12.807313">
        <ele>311.631133</ele>
        <time>2026-05-06T16:15:39.218Z</time>
      </trkpt>
      <trkpt lat="48.825533" lon="12.807213">
        <ele>311.465911</ele>
        <time>2026-05-06T16:15:41.829Z</time>
      </trkpt>
      <trkpt lat="48.825457" lon="12.807177">
        <ele>311.336077</ele>
        <time>2026-05-06T16:15:43.907Z</time>
      </trkpt>
      <trkpt lat="48.825317" lon="12.807193">
        <ele>311.307940</ele>
        <time>2026-05-06T16:15:47.628Z</time>
      </trkpt>
      <trkpt lat="48.825133" lon="12.807471">
        <ele>311.299903</ele>
        <time>2026-05-06T16:15:54.650Z</time>
      </trkpt>
      <trkpt lat="48.825023" lon="12.807738">
        <ele>311.293481</ele>
        <time>2026-05-06T16:15:57.006Z</time>
      </trkpt>
      <trkpt lat="48.824389" lon="12.807891">
        <ele>311.273601</ele>
        <time>2026-05-06T16:16:04.291Z</time>
      </trkpt>
      <trkpt lat="48.823769" lon="12.807489">
        <ele>311.349449</ele>
        <time>2026-05-06T16:16:11.942Z</time>
      </trkpt>
      <trkpt lat="48.823605" lon="12.807229">
        <ele>311.550837</ele>
        <time>2026-05-06T16:16:14.634Z</time>
      </trkpt>
      <trkpt lat="48.823572" lon="12.807117">
        <ele>311.619466</ele>
        <time>2026-05-06T16:16:17.433Z</time>
      </trkpt>
      <trkpt lat="48.823433" lon="12.806973">
        <ele>311.762402</ele>
        <time>2026-05-06T16:16:23.173Z</time>
      </trkpt>
      <trkpt lat="48.823302" lon="12.807002">
        <ele>311.874865</ele>
        <time>2026-05-06T16:16:25.229Z</time>
      </trkpt>
      <trkpt lat="48.823202" lon="12.807039">
        <ele>311.962301</ele>
        <time>2026-05-06T16:16:26.812Z</time>
      </trkpt>
      <trkpt lat="48.822801" lon="12.806872">
        <ele>312.315532</ele>
        <time>2026-05-06T16:16:33.039Z</time>
      </trkpt>
      <trkpt lat="48.822741" lon="12.806762">
        <ele>312.395428</ele>
        <time>2026-05-06T16:16:34.414Z</time>
      </trkpt>
      <trkpt lat="48.822657" lon="12.806606">
        <ele>312.508146</ele>
        <time>2026-05-06T16:16:36.294Z</time>
      </trkpt>
      <trkpt lat="48.821835" lon="12.805178">
        <ele>313.147299</ele>
        <time>2026-05-06T16:16:51.276Z</time>
      </trkpt>
      <trkpt lat="48.821746" lon="12.805092">
        <ele>313.188761</ele>
        <time>2026-05-06T16:16:52.631Z</time>
      </trkpt>
      <trkpt lat="48.821704" lon="12.805051">
        <ele>313.208385</ele>
        <time>2026-05-06T16:16:53.279Z</time>
      </trkpt>
      <trkpt lat="48.821648" lon="12.804997">
        <ele>313.234458</ele>
        <time>2026-05-06T16:16:54.143Z</time>
      </trkpt>
      <trkpt lat="48.821207" lon="12.804834">
        <ele>313.412854</ele>
        <time>2026-05-06T16:17:00.079Z</time>
      </trkpt>
      <trkpt lat="48.820057" lon="12.804256">
        <ele>316.147380</ele>
        <time>2026-05-06T16:17:20.869Z</time>
      </trkpt>
      <trkpt lat="48.819162" lon="12.803762">
        <ele>318.807348</ele>
        <time>2026-05-06T16:17:44.952Z</time>
      </trkpt>
      <trkpt lat="48.818944" lon="12.803654">
        <ele>319.631819</ele>
        <time>2026-05-06T16:17:51.654Z</time>
      </trkpt>
      <trkpt lat="48.818735" lon="12.803474">
        <ele>320.495700</ele>
        <time>2026-05-06T16:17:58.496Z</time>
      </trkpt>
      <trkpt lat="48.818693" lon="12.803419">
        <ele>320.695097</ele>
        <time>2026-05-06T16:18:00.037Z</time>
      </trkpt>
      <trkpt lat="48.818374" lon="12.803078">
        <ele>322.097693</ele>
        <time>2026-05-06T16:18:10.202Z</time>
      </trkpt>
      <trkpt lat="48.818246" lon="12.802972">
        <ele>322.621892</ele>
        <time>2026-05-06T16:18:13.721Z</time>
      </trkpt>
      <trkpt lat="48.817923" lon="12.802798">
        <ele>323.854139</ele>
        <time>2026-05-06T16:18:21.451Z</time>
      </trkpt>
      <trkpt lat="48.816690" lon="12.802413">
        <ele>325.406059</ele>
        <time>2026-05-06T16:18:41.192Z</time>
      </trkpt>
      <trkpt lat="48.816570" lon="12.802386">
        <ele>325.491860</ele>
        <time>2026-05-06T16:18:42.639Z</time>
      </trkpt>
      <trkpt lat="48.816129" lon="12.802173">
        <ele>325.819170</ele>
        <time>2026-05-06T16:18:48.049Z</time>
      </trkpt>
      <trkpt lat="48.815901" lon="12.802049">
        <ele>325.934826</ele>
        <time>2026-05-06T16:18:50.813Z</time>
      </trkpt>
      <trkpt lat="48.815770" lon="12.801978">
        <ele>325.898245</ele>
        <time>2026-05-06T16:18:52.400Z</time>
      </trkpt>
      <trkpt lat="48.815559" lon="12.801858">
        <ele>325.838990</ele>
        <time>2026-05-06T16:18:54.973Z</time>
      </trkpt>
      <trkpt lat="48.815271" lon="12.801720">
        <ele>325.759566</ele>
        <time>2026-05-06T16:18:58.584Z</time>
      </trkpt>
      <trkpt lat="48.815240" lon="12.801708">
        <ele>325.751153</ele>
        <time>2026-05-06T16:18:58.960Z</time>
      </trkpt>
      <trkpt lat="48.814856" lon="12.801612">
        <ele>325.648803</ele>
        <time>2026-05-06T16:19:03.632Z</time>
      </trkpt>
      <trkpt lat="48.814310" lon="12.801516">
        <ele>325.504249</ele>
        <time>2026-05-06T16:19:09.887Z</time>
      </trkpt>
      <trkpt lat="48.814165" lon="12.801492">
        <ele>325.437250</ele>
        <time>2026-05-06T16:19:11.485Z</time>
      </trkpt>
      <trkpt lat="48.812946" lon="12.801315">
        <ele>324.275438</ele>
        <time>2026-05-06T16:19:23.651Z</time>
      </trkpt>
      <trkpt lat="48.811588" lon="12.801087">
        <ele>323.537517</ele>
        <time>2026-05-06T16:19:36.995Z</time>
      </trkpt>
      <trkpt lat="48.811334" lon="12.801036">
        <ele>323.465972</ele>
        <time>2026-05-06T16:19:39.869Z</time>
      </trkpt>
      <trkpt lat="48.810221" lon="12.800880">
        <ele>323.752139</ele>
        <time>2026-05-06T16:19:56.196Z</time>
      </trkpt>
      <trkpt lat="48.809402" lon="12.800802">
        <ele>324.722641</ele>
        <time>2026-05-06T16:20:10.007Z</time>
      </trkpt>
      <trkpt lat="48.808756" lon="12.800808">
        <ele>325.465011</ele>
        <time>2026-05-06T16:20:20.712Z</time>
      </trkpt>
      <trkpt lat="48.807067" lon="12.800900">
        <ele>326.990189</ele>
        <time>2026-05-06T16:20:46.011Z</time>
      </trkpt>
      <trkpt lat="48.805917" lon="12.801042">
        <ele>327.308491</ele>
        <time>2026-05-06T16:21:01.639Z</time>
      </trkpt>
      <trkpt lat="48.805349" lon="12.801092">
        <ele>327.455501</ele>
        <time>2026-05-06T16:21:08.519Z</time>
      </trkpt>
      <trkpt lat="48.803825" lon="12.801179">
        <ele>327.049714</ele>
        <time>2026-05-06T16:21:25.459Z</time>
      </trkpt>
      <trkpt lat="48.803635" lon="12.801195">
        <ele>326.991535</ele>
        <time>2026-05-06T16:21:27.581Z</time>
      </trkpt>
      <trkpt lat="48.803341" lon="12.801289">
        <ele>326.919052</ele>
        <time>2026-05-06T16:21:30.959Z</time>
      </trkpt>
      <trkpt lat="48.803126" lon="12.801418">
        <ele>326.889108</ele>
        <time>2026-05-06T16:21:33.579Z</time>
      </trkpt>
      <trkpt lat="48.802889" lon="12.801633">
        <ele>326.853348</ele>
        <time>2026-05-06T16:21:36.745Z</time>
      </trkpt>
      <trkpt lat="48.802634" lon="12.801985">
        <ele>326.808708</ele>
        <time>2026-05-06T16:21:40.872Z</time>
      </trkpt>
      <trkpt lat="48.802246" lon="12.802830">
        <ele>326.720829</ele>
        <time>2026-05-06T16:21:49.035Z</time>
      </trkpt>
      <trkpt lat="48.802110" lon="12.803039">
        <ele>326.698756</ele>
        <time>2026-05-06T16:21:51.340Z</time>
      </trkpt>
      <trkpt lat="48.802028" lon="12.803118">
        <ele>326.694436</ele>
        <time>2026-05-06T16:21:52.501Z</time>
      </trkpt>
      <trkpt lat="48.801735" lon="12.803307">
        <ele>326.680275</ele>
        <time>2026-05-06T16:21:56.302Z</time>
      </trkpt>
      <trkpt lat="48.801499" lon="12.803372">
        <ele>326.669605</ele>
        <time>2026-05-06T16:21:59.187Z</time>
      </trkpt>
      <trkpt lat="48.801311" lon="12.803385">
        <ele>326.661233</ele>
        <time>2026-05-06T16:22:01.454Z</time>
      </trkpt>
      <trkpt lat="48.801173" lon="12.803340">
        <ele>326.654954</ele>
        <time>2026-05-06T16:22:03.157Z</time>
      </trkpt>
      <trkpt lat="48.801125" lon="12.803319">
        <ele>326.652732</ele>
        <time>2026-05-06T16:22:03.765Z</time>
      </trkpt>
      <trkpt lat="48.800977" lon="12.803237">
        <ele>326.645724</ele>
        <time>2026-05-06T16:22:05.646Z</time>
      </trkpt>
      <trkpt lat="48.800595" lon="12.804441">
        <ele>326.542983</ele>
        <time>2026-05-06T16:22:16.091Z</time>
      </trkpt>
      <trkpt lat="48.799868" lon="12.806824">
        <ele>326.007977</ele>
        <time>2026-05-06T16:22:35.945Z</time>
      </trkpt>
      <trkpt lat="48.799121" lon="12.808970">
        <ele>324.961423</ele>
        <time>2026-05-06T16:22:51.949Z</time>
      </trkpt>
      <trkpt lat="48.798770" lon="12.810078">
        <ele>325.079116</ele>
        <time>2026-05-06T16:23:02.262Z</time>
      </trkpt>
      <trkpt lat="48.798755" lon="12.810123">
        <ele>325.083944</ele>
        <time>2026-05-06T16:23:02.725Z</time>
      </trkpt>
      <trkpt lat="48.798499" lon="12.811042">
        <ele>325.179460</ele>
        <time>2026-05-06T16:23:11.940Z</time>
      </trkpt>
      <trkpt lat="48.798478" lon="12.811110">
        <ele>325.186650</ele>
        <time>2026-05-06T16:23:12.616Z</time>
      </trkpt>
      <trkpt lat="48.797910" lon="12.813132">
        <ele>325.305036</ele>
        <time>2026-05-06T16:23:30.601Z</time>
      </trkpt>
      <trkpt lat="48.796592" lon="12.817802">
        <ele>325.116697</ele>
        <time>2026-05-06T16:24:10.301Z</time>
      </trkpt>
      <trkpt lat="48.795006" lon="12.823090">
        <ele>324.788599</ele>
        <time>2026-05-06T16:24:55.922Z</time>
      </trkpt>
      <trkpt lat="48.794017" lon="12.826542">
        <ele>324.173942</ele>
        <time>2026-05-06T16:25:23.691Z</time>
      </trkpt>
      <trkpt lat="48.793713" lon="12.827610">
        <ele>324.227136</ele>
        <time>2026-05-06T16:25:32.614Z</time>
      </trkpt>
      <trkpt lat="48.792940" lon="12.830268">
        <ele>324.619069</ele>
        <time>2026-05-06T16:25:57.846Z</time>
      </trkpt>
      <trkpt lat="48.792582" lon="12.831483">
        <ele>324.929401</ele>
        <time>2026-05-06T16:26:09.299Z</time>
      </trkpt>
      <trkpt lat="48.792185" lon="12.832873">
        <ele>325.560729</ele>
        <time>2026-05-06T16:26:22.657Z</time>
      </trkpt>
      <trkpt lat="48.791859" lon="12.833988">
        <ele>326.025916</ele>
        <time>2026-05-06T16:26:35.554Z</time>
      </trkpt>
      <trkpt lat="48.791614" lon="12.834815">
        <ele>326.005394</ele>
        <time>2026-05-06T16:26:44.004Z</time>
      </trkpt>
      <trkpt lat="48.791146" lon="12.836392">
        <ele>325.965166</ele>
        <time>2026-05-06T16:26:56.456Z</time>
      </trkpt>
      <trkpt lat="48.790767" lon="12.837567">
        <ele>325.616317</ele>
        <time>2026-05-06T16:27:05.023Z</time>
      </trkpt>
      <trkpt lat="48.790501" lon="12.838370">
        <ele>325.376653</ele>
        <time>2026-05-06T16:27:11.811Z</time>
      </trkpt>
      <trkpt lat="48.790362" lon="12.838793">
        <ele>325.250607</ele>
        <time>2026-05-06T16:27:15.767Z</time>
      </trkpt>
      <trkpt lat="48.790194" lon="12.839282">
        <ele>325.352421</ele>
        <time>2026-05-06T16:27:20.718Z</time>
      </trkpt>
      <trkpt lat="48.789587" lon="12.841057">
        <ele>325.803622</ele>
        <time>2026-05-06T16:27:38.679Z</time>
      </trkpt>
      <trkpt lat="48.789386" lon="12.841785">
        <ele>325.816112</ele>
        <time>2026-05-06T16:27:45.207Z</time>
      </trkpt>
      <trkpt lat="48.788595" lon="12.844812">
        <ele>325.588580</ele>
        <time>2026-05-06T16:28:09.800Z</time>
      </trkpt>
      <trkpt lat="48.788437" lon="12.845415">
        <ele>325.540366</ele>
        <time>2026-05-06T16:28:14.846Z</time>
      </trkpt>
      <trkpt lat="48.788324" lon="12.845804">
        <ele>325.508780</ele>
        <time>2026-05-06T16:28:18.183Z</time>
      </trkpt>
      <trkpt lat="48.787779" lon="12.847685">
        <ele>325.478814</ele>
        <time>2026-05-06T16:28:34.492Z</time>
      </trkpt>
      <trkpt lat="48.787751" lon="12.847784">
        <ele>325.479682</ele>
        <time>2026-05-06T16:28:35.355Z</time>
      </trkpt>
      <trkpt lat="48.787552" lon="12.848409">
        <ele>325.485275</ele>
        <time>2026-05-06T16:28:41.039Z</time>
      </trkpt>
      <trkpt lat="48.787233" lon="12.849326">
        <ele>325.538051</ele>
        <time>2026-05-06T16:28:49.497Z</time>
      </trkpt>
      <trkpt lat="48.787111" lon="12.849571">
        <ele>325.563305</ele>
        <time>2026-05-06T16:28:51.979Z</time>
      </trkpt>
      <trkpt lat="48.787042" lon="12.849657">
        <ele>325.574449</ele>
        <time>2026-05-06T16:28:53.078Z</time>
      </trkpt>
      <trkpt lat="48.786974" lon="12.849684">
        <ele>325.583222</ele>
        <time>2026-05-06T16:28:53.946Z</time>
      </trkpt>
      <trkpt lat="48.786754" lon="12.849594">
        <ele>325.611662</ele>
        <time>2026-05-06T16:28:56.788Z</time>
      </trkpt>
      <trkpt lat="48.786531" lon="12.849430">
        <ele>325.642591</ele>
        <time>2026-05-06T16:29:01.020Z</time>
      </trkpt>
      <trkpt lat="48.786154" lon="12.849136">
        <ele>325.695494</ele>
        <time>2026-05-06T16:29:08.420Z</time>
      </trkpt>
      <trkpt lat="48.785684" lon="12.848794">
        <ele>325.795927</ele>
        <time>2026-05-06T16:29:17.213Z</time>
      </trkpt>
      <trkpt lat="48.785483" lon="12.848647">
        <ele>325.844626</ele>
        <time>2026-05-06T16:29:20.931Z</time>
      </trkpt>
      <trkpt lat="48.785345" lon="12.848546">
        <ele>325.878066</ele>
        <time>2026-05-06T16:29:23.495Z</time>
      </trkpt>
      <trkpt lat="48.785247" lon="12.848475">
        <ele>325.901768</ele>
        <time>2026-05-06T16:29:25.343Z</time>
      </trkpt>
      <trkpt lat="48.785014" lon="12.848305">
        <ele>325.958195</ele>
        <time>2026-05-06T16:29:29.818Z</time>
      </trkpt>
      <trkpt lat="48.784848" lon="12.848184">
        <ele>325.998389</ele>
        <time>2026-05-06T16:29:33.071Z</time>
      </trkpt>
      <trkpt lat="48.784735" lon="12.848167">
        <ele>326.023174</ele>
        <time>2026-05-06T16:29:35.084Z</time>
      </trkpt>
      <trkpt lat="48.784639" lon="12.848261">
        <ele>326.048110</ele>
        <time>2026-05-06T16:29:37.098Z</time>
      </trkpt>
      <trkpt lat="48.784509" lon="12.848673">
        <ele>326.099664</ele>
        <time>2026-05-06T16:29:42.396Z</time>
      </trkpt>
      <trkpt lat="48.784376" lon="12.849094">
        <ele>326.046920</ele>
        <time>2026-05-06T16:29:47.601Z</time>
      </trkpt>
      <trkpt lat="48.784259" lon="12.849465">
        <ele>326.000455</ele>
        <time>2026-05-06T16:29:52.162Z</time>
      </trkpt>
      <trkpt lat="48.784039" lon="12.850152">
        <ele>325.914164</ele>
        <time>2026-05-06T16:30:00.662Z</time>
      </trkpt>
      <trkpt lat="48.783357" lon="12.852458">
        <ele>324.914030</ele>
        <time>2026-05-06T16:30:25.079Z</time>
      </trkpt>
      <trkpt lat="48.783253" lon="12.852636">
        <ele>324.773439</ele>
        <time>2026-05-06T16:30:27.259Z</time>
      </trkpt>
      <trkpt lat="48.783192" lon="12.852543">
        <ele>324.695891</ele>
        <time>2026-05-06T16:30:28.457Z</time>
      </trkpt>
      <trkpt lat="48.782787" lon="12.851909">
        <ele>324.178114</ele>
        <time>2026-05-06T16:30:36.564Z</time>
      </trkpt>
      <trkpt lat="48.782436" lon="12.851363">
        <ele>323.905788</ele>
        <time>2026-05-06T16:30:43.739Z</time>
      </trkpt>
      <trkpt lat="48.782065" lon="12.850789">
        <ele>323.618737</ele>
        <time>2026-05-06T16:30:51.786Z</time>
      </trkpt>
      <trkpt lat="48.781661" lon="12.850246">
        <ele>323.326345</ele>
        <time>2026-05-06T16:31:00.493Z</time>
      </trkpt>
      <trkpt lat="48.781033" lon="12.849720">
        <ele>322.855501</ele>
        <time>2026-05-06T16:31:11.790Z</time>
      </trkpt>
      <trkpt lat="48.780983" lon="12.849686">
        <ele>322.816847</ele>
        <time>2026-05-06T16:31:12.605Z</time>
      </trkpt>
      <trkpt lat="48.780415" lon="12.849299">
        <ele>322.377590</ele>
        <time>2026-05-06T16:31:21.486Z</time>
      </trkpt>
      <trkpt lat="48.780062" lon="12.849162">
        <ele>322.120534</ele>
        <time>2026-05-06T16:31:26.543Z</time>
      </trkpt>
      <trkpt lat="48.780002" lon="12.849197">
        <ele>322.075185</ele>
        <time>2026-05-06T16:31:27.188Z</time>
      </trkpt>
      <trkpt lat="48.779866" lon="12.849472">
        <ele>321.942413</ele>
        <time>2026-05-06T16:31:29.492Z</time>
      </trkpt>
      <trkpt lat="48.779553" lon="12.850453">
        <ele>321.973028</ele>
        <time>2026-05-06T16:31:37.129Z</time>
      </trkpt>
      <trkpt lat="48.779420" lon="12.850639">
        <ele>321.980738</ele>
        <time>2026-05-06T16:31:39.258Z</time>
      </trkpt>
      <trkpt lat="48.779212" lon="12.850769">
        <ele>321.990327</ele>
        <time>2026-05-06T16:31:42.208Z</time>
      </trkpt>
      <trkpt lat="48.778957" lon="12.850869">
        <ele>322.001554</ele>
        <time>2026-05-06T16:31:46.051Z</time>
      </trkpt>
      <trkpt lat="48.778765" lon="12.851044">
        <ele>322.011101</ele>
        <time>2026-05-06T16:31:49.476Z</time>
      </trkpt>
      <trkpt lat="48.778705" lon="12.851229">
        <ele>322.016892</ele>
        <time>2026-05-06T16:31:51.673Z</time>
      </trkpt>
      <trkpt lat="48.778332" lon="12.852432">
        <ele>322.437775</ele>
        <time>2026-05-06T16:32:04.398Z</time>
      </trkpt>
      <trkpt lat="48.778169" lon="12.852810">
        <ele>322.583082</ele>
        <time>2026-05-06T16:32:08.460Z</time>
      </trkpt>
      <trkpt lat="48.777954" lon="12.853051">
        <ele>322.713556</ele>
        <time>2026-05-06T16:32:12.028Z</time>
      </trkpt>
      <trkpt lat="48.777483" lon="12.853365">
        <ele>322.893383</ele>
        <time>2026-05-06T16:32:18.430Z</time>
      </trkpt>
      <trkpt lat="48.777223" lon="12.853539">
        <ele>322.889128</ele>
        <time>2026-05-06T16:32:21.754Z</time>
      </trkpt>
      <trkpt lat="48.776969" lon="12.853742">
        <ele>322.884829</ele>
        <time>2026-05-06T16:32:25.083Z</time>
      </trkpt>
      <trkpt lat="48.776368" lon="12.854223">
        <ele>322.874654</ele>
        <time>2026-05-06T16:32:33.691Z</time>
      </trkpt>
      <trkpt lat="48.775942" lon="12.854586">
        <ele>322.806896</ele>
        <time>2026-05-06T16:32:39.499Z</time>
      </trkpt>
      <trkpt lat="48.775290" lon="12.855194">
        <ele>322.233605</ele>
        <time>2026-05-06T16:32:47.542Z</time>
      </trkpt>
      <trkpt lat="48.774676" lon="12.855706">
        <ele>321.708762</ele>
        <time>2026-05-06T16:32:54.526Z</time>
      </trkpt>
      <trkpt lat="48.774191" lon="12.856109">
        <ele>321.253256</ele>
        <time>2026-05-06T16:32:59.984Z</time>
      </trkpt>
      <trkpt lat="48.774071" lon="12.856255">
        <ele>321.117048</ele>
        <time>2026-05-06T16:33:01.520Z</time>
      </trkpt>
      <trkpt lat="48.773916" lon="12.856418">
        <ele>320.950047</ele>
        <time>2026-05-06T16:33:03.414Z</time>
      </trkpt>
      <trkpt lat="48.773846" lon="12.856471">
        <ele>320.880770</ele>
        <time>2026-05-06T16:33:04.212Z</time>
      </trkpt>
      <trkpt lat="48.773769" lon="12.856531">
        <ele>320.804118</ele>
        <time>2026-05-06T16:33:05.096Z</time>
      </trkpt>
      <trkpt lat="48.773727" lon="12.856564">
        <ele>320.762234</ele>
        <time>2026-05-06T16:33:05.593Z</time>
      </trkpt>
      <trkpt lat="48.773641" lon="12.856630">
        <ele>320.676891</ele>
        <time>2026-05-06T16:33:06.603Z</time>
      </trkpt>
      <trkpt lat="48.773532" lon="12.856714">
        <ele>320.568630</ele>
        <time>2026-05-06T16:33:07.878Z</time>
      </trkpt>
      <trkpt lat="48.773260" lon="12.856877">
        <ele>320.309657</ele>
        <time>2026-05-06T16:33:10.909Z</time>
      </trkpt>
      <trkpt lat="48.772846" lon="12.857123">
        <ele>319.923031</ele>
        <time>2026-05-06T16:33:15.462Z</time>
      </trkpt>
      <trkpt lat="48.772592" lon="12.857221">
        <ele>319.823395</ele>
        <time>2026-05-06T16:33:18.092Z</time>
      </trkpt>
      <trkpt lat="48.772549" lon="12.857130">
        <ele>319.795340</ele>
        <time>2026-05-06T16:33:18.845Z</time>
      </trkpt>
      <trkpt lat="48.772499" lon="12.857123">
        <ele>319.776250</ele>
        <time>2026-05-06T16:33:19.362Z</time>
      </trkpt>
      <trkpt lat="48.772454" lon="12.857174">
        <ele>319.754897</ele>
        <time>2026-05-06T16:33:19.947Z</time>
      </trkpt>
      <trkpt lat="48.772444" lon="12.857249">
        <ele>319.735725</ele>
        <time>2026-05-06T16:33:20.474Z</time>
      </trkpt>
      <trkpt lat="48.772147" lon="12.857436">
        <ele>319.613479</ele>
        <time>2026-05-06T16:33:23.933Z</time>
      </trkpt>
      <trkpt lat="48.772096" lon="12.857472">
        <ele>319.592095</ele>
        <time>2026-05-06T16:33:24.544Z</time>
      </trkpt>
      <trkpt lat="48.772051" lon="12.857505">
        <ele>319.573094</ele>
        <time>2026-05-06T16:33:25.104Z</time>
      </trkpt>
      <trkpt lat="48.771867" lon="12.857639">
        <ele>319.495502</ele>
        <time>2026-05-06T16:33:27.364Z</time>
      </trkpt>
      <trkpt lat="48.771820" lon="12.857673">
        <ele>319.475707</ele>
        <time>2026-05-06T16:33:27.956Z</time>
      </trkpt>
      <trkpt lat="48.771815" lon="12.857676">
        <ele>319.473663</ele>
        <time>2026-05-06T16:33:28.011Z</time>
      </trkpt>
      <trkpt lat="48.771456" lon="12.857944">
        <ele>319.321557</ele>
        <time>2026-05-06T16:33:32.565Z</time>
      </trkpt>
      <trkpt lat="48.771116" lon="12.858195">
        <ele>319.324431</ele>
        <time>2026-05-06T16:33:37.266Z</time>
      </trkpt>
      <trkpt lat="48.770509" lon="12.858607">
        <ele>319.626773</ele>
        <time>2026-05-06T16:33:46.730Z</time>
      </trkpt>
      <trkpt lat="48.769895" lon="12.859025">
        <ele>319.932755</ele>
        <time>2026-05-06T16:33:56.261Z</time>
      </trkpt>
      <trkpt lat="48.769513" lon="12.859284">
        <ele>320.039036</ele>
        <time>2026-05-06T16:34:01.987Z</time>
      </trkpt>
      <trkpt lat="48.769468" lon="12.859357">
        <ele>320.027506</ele>
        <time>2026-05-06T16:34:02.884Z</time>
      </trkpt>
      <trkpt lat="48.769272" lon="12.859488">
        <ele>319.990021</ele>
        <time>2026-05-06T16:34:05.683Z</time>
      </trkpt>
      <trkpt lat="48.769246" lon="12.859505">
        <ele>319.985066</ele>
        <time>2026-05-06T16:34:06.040Z</time>
      </trkpt>
      <trkpt lat="48.768957" lon="12.859699">
        <ele>319.929755</ele>
        <time>2026-05-06T16:34:09.742Z</time>
      </trkpt>
      <trkpt lat="48.768864" lon="12.859764">
        <ele>319.911834</ele>
        <time>2026-05-06T16:34:10.867Z</time>
      </trkpt>
      <trkpt lat="48.768842" lon="12.859779">
        <ele>319.907613</ele>
        <time>2026-05-06T16:34:11.132Z</time>
      </trkpt>
      <trkpt lat="48.768710" lon="12.859872">
        <ele>319.882140</ele>
        <time>2026-05-06T16:34:12.703Z</time>
      </trkpt>
      <trkpt lat="48.768684" lon="12.859889">
        <ele>319.877185</ele>
        <time>2026-05-06T16:34:13.001Z</time>
      </trkpt>
      <trkpt lat="48.768525" lon="12.860000">
        <ele>319.846552</ele>
        <time>2026-05-06T16:34:14.885Z</time>
      </trkpt>
      <trkpt lat="48.768499" lon="12.860018">
        <ele>319.841550</ele>
        <time>2026-05-06T16:34:15.185Z</time>
      </trkpt>
      <trkpt lat="48.768370" lon="12.860108">
        <ele>319.816700</ele>
        <time>2026-05-06T16:34:16.726Z</time>
      </trkpt>
      <trkpt lat="48.767893" lon="12.860432">
        <ele>319.762440</ele>
        <time>2026-05-06T16:34:22.374Z</time>
      </trkpt>
      <trkpt lat="48.767682" lon="12.860574">
        <ele>319.789329</ele>
        <time>2026-05-06T16:34:24.956Z</time>
      </trkpt>
      <trkpt lat="48.767663" lon="12.860591">
        <ele>319.791899</ele>
        <time>2026-05-06T16:34:25.218Z</time>
      </trkpt>
      <trkpt lat="48.767411" lon="12.860760">
        <ele>319.823995</ele>
        <time>2026-05-06T16:34:28.442Z</time>
      </trkpt>
      <trkpt lat="48.767373" lon="12.860786">
        <ele>319.828851</ele>
        <time>2026-05-06T16:34:28.944Z</time>
      </trkpt>
      <trkpt lat="48.767305" lon="12.860832">
        <ele>319.837525</ele>
        <time>2026-05-06T16:34:29.852Z</time>
      </trkpt>
      <trkpt lat="48.767194" lon="12.860906">
        <ele>319.851649</ele>
        <time>2026-05-06T16:34:31.369Z</time>
      </trkpt>
      <trkpt lat="48.767080" lon="12.860983">
        <ele>319.866185</ele>
        <time>2026-05-06T16:34:33.014Z</time>
      </trkpt>
      <trkpt lat="48.766846" lon="12.861140">
        <ele>319.895991</ele>
        <time>2026-05-06T16:34:36.562Z</time>
      </trkpt>
      <trkpt lat="48.766622" lon="12.861291">
        <ele>319.924546</ele>
        <time>2026-05-06T16:34:39.979Z</time>
      </trkpt>
      <trkpt lat="48.766584" lon="12.861316">
        <ele>319.929371</ele>
        <time>2026-05-06T16:34:40.568Z</time>
      </trkpt>
      <trkpt lat="48.766373" lon="12.861440">
        <ele>319.955730</ele>
        <time>2026-05-06T16:34:43.615Z</time>
      </trkpt>
      <trkpt lat="48.765915" lon="12.861855">
        <ele>320.001570</ele>
        <time>2026-05-06T16:34:50.700Z</time>
      </trkpt>
      <trkpt lat="48.765792" lon="12.861986">
        <ele>320.014380</ele>
        <time>2026-05-06T16:34:52.646Z</time>
      </trkpt>
      <trkpt lat="48.765707" lon="12.862189">
        <ele>320.027893</ele>
        <time>2026-05-06T16:34:54.652Z</time>
      </trkpt>
      <trkpt lat="48.765696" lon="12.862485">
        <ele>320.044550</ele>
        <time>2026-05-06T16:34:57.043Z</time>
      </trkpt>
      <trkpt lat="48.766101" lon="12.864216">
        <ele>320.219173</ele>
        <time>2026-05-06T16:35:10.841Z</time>
      </trkpt>
      <trkpt lat="48.766112" lon="12.864491">
        <ele>320.264263</ele>
        <time>2026-05-06T16:35:12.977Z</time>
      </trkpt>
      <trkpt lat="48.766083" lon="12.864586">
        <ele>320.281398</ele>
        <time>2026-05-06T16:35:13.842Z</time>
      </trkpt>
      <trkpt lat="48.766061" lon="12.864651">
        <ele>320.293356</ele>
        <time>2026-05-06T16:35:14.663Z</time>
      </trkpt>
      <trkpt lat="48.766017" lon="12.864769">
        <ele>320.315545</ele>
        <time>2026-05-06T16:35:16.233Z</time>
      </trkpt>
      <trkpt lat="48.765904" lon="12.864982">
        <ele>320.360294</ele>
        <time>2026-05-06T16:35:19.531Z</time>
      </trkpt>
      <trkpt lat="48.765691" lon="12.865405">
        <ele>320.447415</ele>
        <time>2026-05-06T16:35:26.132Z</time>
      </trkpt>
      <trkpt lat="48.765555" lon="12.865672">
        <ele>320.502641</ele>
        <time>2026-05-06T16:35:30.280Z</time>
      </trkpt>
      <trkpt lat="48.765311" lon="12.866103">
        <ele>320.587538</ele>
        <time>2026-05-06T16:35:37.223Z</time>
      </trkpt>
      <trkpt lat="48.765223" lon="12.866325">
        <ele>320.621052</ele>
        <time>2026-05-06T16:35:40.241Z</time>
      </trkpt>
      <trkpt lat="48.765205" lon="12.866377">
        <ele>320.628650</ele>
        <time>2026-05-06T16:35:40.899Z</time>
      </trkpt>
      <trkpt lat="48.765115" lon="12.866279">
        <ele>320.650394</ele>
        <time>2026-05-06T16:35:42.821Z</time>
      </trkpt>
      <trkpt lat="48.765034" lon="12.866110">
        <ele>320.677427</ele>
        <time>2026-05-06T16:35:45.216Z</time>
      </trkpt>
      <trkpt lat="48.764880" lon="12.866167">
        <ele>320.708539</ele>
        <time>2026-05-06T16:35:59.821Z</time>
      </trkpt>
      <trkpt lat="48.764704" lon="12.866424">
        <ele>320.756484</ele>
        <time>2026-05-06T16:36:22.212Z</time>
      </trkpt>
      <trkpt lat="48.764563" lon="12.866939">
        <ele>320.828630</ele>
        <time>2026-05-06T16:36:55.498Z</time>
      </trkpt>
      <trkpt lat="48.764371" lon="12.867317">
        <ele>320.890369</ele>
        <time>2026-05-06T16:37:23.661Z</time>
      </trkpt>
      <trkpt lat="48.763548" lon="12.868028">
        <ele>321.398951</ele>
        <time>2026-05-06T16:38:50.332Z</time>
      </trkpt>
      <trkpt lat="48.763409" lon="12.867772">
        <ele>321.525169</ele>
        <time>2026-05-06T16:39:10.834Z</time>
      </trkpt>
      <trkpt lat="48.763310" lon="12.867652">
        <ele>321.598328</ele>
        <time>2026-05-06T16:39:22.714Z</time>
      </trkpt>
      <trkpt lat="48.763213" lon="12.867598">
        <ele>321.657981</ele>
        <time>2026-05-06T16:39:32.518Z</time>
      </trkpt>
      <trkpt lat="48.762978" lon="12.867582">
        <ele>321.793790</ele>
        <time>2026-05-06T16:39:54.978Z</time>
      </trkpt>
      <trkpt lat="48.762756" lon="12.867741">
        <ele>321.935522</ele>
        <time>2026-05-06T16:40:18.334Z</time>
      </trkpt>
      <trkpt lat="48.762377" lon="12.868317">
        <ele>321.672835</ele>
        <time>2026-05-06T16:40:25.980Z</time>
      </trkpt>
      <trkpt lat="48.762277" lon="12.868445">
        <ele>321.602686</ele>
        <time>2026-05-06T16:40:27.346Z</time>
      </trkpt>
      <trkpt lat="48.762222" lon="12.868548">
        <ele>321.555840</ele>
        <time>2026-05-06T16:40:28.262Z</time>
      </trkpt>
      <trkpt lat="48.762106" lon="12.868766">
        <ele>321.456826</ele>
        <time>2026-05-06T16:40:30.109Z</time>
      </trkpt>
      <trkpt lat="48.762331" lon="12.868982">
        <ele>321.314071</ele>
        <time>2026-05-06T16:40:53.404Z</time>
      </trkpt>
      <trkpt lat="48.762409" lon="12.869221">
        <ele>321.219820</ele>
        <time>2026-05-06T16:41:08.685Z</time>
      </trkpt>
      <trkpt lat="48.762298" lon="12.869688">
        <ele>321.044374</ele>
        <time>2026-05-06T16:41:36.841Z</time>
      </trkpt>
      <trkpt lat="48.762430" lon="12.869914">
        <ele>320.883743</ele>
        <time>2026-05-06T16:41:41.977Z</time>
      </trkpt>
      <trkpt lat="48.763769" lon="12.871293">
        <ele>319.009357</ele>
        <time>2026-05-06T16:42:25.751Z</time>
      </trkpt>
      <trkpt lat="48.764246" lon="12.871736">
        <ele>319.087399</ele>
        <time>2026-05-06T16:42:42.305Z</time>
      </trkpt>
      <trkpt lat="48.764280" lon="12.871757">
        <ele>319.102093</ele>
        <time>2026-05-06T16:42:43.430Z</time>
      </trkpt>
      <trkpt lat="48.764246" lon="12.871736">
        <ele>319.116787</ele>
        <time>2026-05-06T16:42:44.548Z</time>
      </trkpt>
      <trkpt lat="48.763769" lon="12.871293">
        <ele>319.340653</ele>
        <time>2026-05-06T16:43:01.828Z</time>
      </trkpt>
      <trkpt lat="48.762430" lon="12.869914">
        <ele>320.786484</ele>
        <time>2026-05-06T16:43:57.443Z</time>
      </trkpt>
      <trkpt lat="48.762298" lon="12.869688">
        <ele>321.039154</ele>
        <time>2026-05-06T16:44:04.697Z</time>
      </trkpt>
      <trkpt lat="48.762409" lon="12.869221">
        <ele>321.454561</ele>
        <time>2026-05-06T16:44:36.103Z</time>
      </trkpt>
      <trkpt lat="48.762331" lon="12.868982">
        <ele>321.677722</ele>
        <time>2026-05-06T16:44:52.816Z</time>
      </trkpt>
      <trkpt lat="48.762106" lon="12.868766">
        <ele>321.875799</ele>
        <time>2026-05-06T16:45:17.854Z</time>
      </trkpt>
      <trkpt lat="48.762222" lon="12.868548">
        <ele>321.816144</ele>
        <time>2026-05-06T16:45:20.678Z</time>
      </trkpt>
      <trkpt lat="48.762277" lon="12.868445">
        <ele>321.787920</ele>
        <time>2026-05-06T16:45:21.939Z</time>
      </trkpt>
      <trkpt lat="48.762377" lon="12.868317">
        <ele>321.745656</ele>
        <time>2026-05-06T16:45:23.803Z</time>
      </trkpt>
      <trkpt lat="48.762756" lon="12.867741">
        <ele>321.572365</ele>
        <time>2026-05-06T16:45:29.452Z</time>
      </trkpt>
      <trkpt lat="48.762978" lon="12.867582">
        <ele>321.493064</ele>
        <time>2026-05-06T16:45:50.650Z</time>
      </trkpt>
      <trkpt lat="48.763213" lon="12.867598">
        <ele>321.417079</ele>
        <time>2026-05-06T16:46:11.089Z</time>
      </trkpt>
      <trkpt lat="48.763310" lon="12.867652">
        <ele>321.383703</ele>
        <time>2026-05-06T16:46:20.145Z</time>
      </trkpt>
      <trkpt lat="48.763409" lon="12.867772">
        <ele>321.342770</ele>
        <time>2026-05-06T16:46:31.198Z</time>
      </trkpt>
      <trkpt lat="48.763548" lon="12.868028">
        <ele>321.282391</ele>
        <time>2026-05-06T16:46:50.452Z</time>
      </trkpt>
      <trkpt lat="48.764371" lon="12.867317">
        <ele>321.037851</ele>
        <time>2026-05-06T16:48:15.737Z</time>
      </trkpt>
      <trkpt lat="48.764563" lon="12.866939">
        <ele>320.956633</ele>
        <time>2026-05-06T16:48:44.697Z</time>
      </trkpt>
      <trkpt lat="48.764704" lon="12.866424">
        <ele>320.861722</ele>
        <time>2026-05-06T16:49:18.190Z</time>
      </trkpt>
      <trkpt lat="48.764880" lon="12.866167">
        <ele>320.773063</ele>
        <time>2026-05-06T16:49:40.112Z</time>
      </trkpt>
      <trkpt lat="48.765034" lon="12.866110">
        <ele>320.714716</ele>
        <time>2026-05-06T16:49:54.373Z</time>
      </trkpt>
      <trkpt lat="48.765115" lon="12.866279">
        <ele>320.664020</ele>
        <time>2026-05-06T16:49:56.542Z</time>
      </trkpt>
      <trkpt lat="48.765205" lon="12.866377">
        <ele>320.623244</ele>
        <time>2026-05-06T16:49:58.283Z</time>
      </trkpt>
      <trkpt lat="48.765223" lon="12.866325">
        <ele>320.608994</ele>
        <time>2026-05-06T16:49:58.896Z</time>
      </trkpt>
      <trkpt lat="48.765311" lon="12.866103">
        <ele>320.546144</ele>
        <time>2026-05-06T16:50:01.541Z</time>
      </trkpt>
      <trkpt lat="48.765555" lon="12.865672">
        <ele>320.408303</ele>
        <time>2026-05-06T16:50:07.112Z</time>
      </trkpt>
      <trkpt lat="48.765691" lon="12.865405">
        <ele>320.326437</ele>
        <time>2026-05-06T16:50:10.395Z</time>
      </trkpt>
      <trkpt lat="48.765904" lon="12.864982">
        <ele>320.197291</ele>
        <time>2026-05-06T16:50:15.568Z</time>
      </trkpt>
      <trkpt lat="48.766017" lon="12.864769">
        <ele>320.197174</ele>
        <time>2026-05-06T16:50:18.278Z</time>
      </trkpt>
      <trkpt lat="48.766061" lon="12.864651">
        <ele>320.197393</ele>
        <time>2026-05-06T16:50:19.668Z</time>
      </trkpt>
      <trkpt lat="48.766083" lon="12.864586">
        <ele>320.197511</ele>
        <time>2026-05-06T16:50:20.434Z</time>
      </trkpt>
      <trkpt lat="48.766112" lon="12.864491">
        <ele>320.197679</ele>
        <time>2026-05-06T16:50:21.238Z</time>
      </trkpt>
      <trkpt lat="48.766101" lon="12.864216">
        <ele>320.198124</ele>
        <time>2026-05-06T16:50:23.497Z</time>
      </trkpt>
      <trkpt lat="48.765696" lon="12.862485">
        <ele>320.201086</ele>
        <time>2026-05-06T16:50:39.134Z</time>
      </trkpt>
      <trkpt lat="48.765707" lon="12.862189">
        <ele>320.203958</ele>
        <time>2026-05-06T16:50:41.458Z</time>
      </trkpt>
      <trkpt lat="48.765792" lon="12.861986">
        <ele>320.206523</ele>
        <time>2026-05-06T16:50:43.291Z</time>
      </trkpt>
      <trkpt lat="48.765915" lon="12.861855">
        <ele>320.208955</ele>
        <time>2026-05-06T16:50:45.067Z</time>
      </trkpt>
      <trkpt lat="48.766373" lon="12.861440">
        <ele>320.217586</ele>
        <time>2026-05-06T16:50:51.558Z</time>
      </trkpt>
      <trkpt lat="48.766241" lon="12.860931">
        <ele>320.223420</ele>
        <time>2026-05-06T16:50:55.952Z</time>
      </trkpt>
      <trkpt lat="48.766205" lon="12.860834">
        <ele>320.224607</ele>
        <time>2026-05-06T16:50:56.852Z</time>
      </trkpt>
      <trkpt lat="48.766125" lon="12.860626">
        <ele>320.227175</ele>
        <time>2026-05-06T16:50:58.762Z</time>
      </trkpt>
      <trkpt lat="48.766064" lon="12.860464">
        <ele>320.229165</ele>
        <time>2026-05-06T16:51:00.239Z</time>
      </trkpt>
      <trkpt lat="48.766041" lon="12.860409">
        <ele>320.229860</ele>
        <time>2026-05-06T16:51:00.749Z</time>
      </trkpt>
      <trkpt lat="48.766009" lon="12.860321">
        <ele>320.224678</ele>
        <time>2026-05-06T16:51:01.555Z</time>
      </trkpt>
      <trkpt lat="48.765891" lon="12.860041">
        <ele>320.196180</ele>
        <time>2026-05-06T16:51:04.296Z</time>
      </trkpt>
      <trkpt lat="48.765791" lon="12.859804">
        <ele>320.172049</ele>
        <time>2026-05-06T16:51:06.658Z</time>
      </trkpt>
      <trkpt lat="48.765565" lon="12.859270">
        <ele>320.117631</ele>
        <time>2026-05-06T16:51:11.881Z</time>
      </trkpt>
      <trkpt lat="48.765250" lon="12.858525">
        <ele>320.041731</ele>
        <time>2026-05-06T16:51:18.506Z</time>
      </trkpt>
      <trkpt lat="48.764983" lon="12.857794">
        <ele>319.952138</ele>
        <time>2026-05-06T16:51:24.519Z</time>
      </trkpt>
      <trkpt lat="48.764681" lon="12.856788">
        <ele>319.792426</ele>
        <time>2026-05-06T16:51:32.582Z</time>
      </trkpt>
      <trkpt lat="48.764264" lon="12.854911">
        <ele>319.657348</ele>
        <time>2026-05-06T16:51:48.308Z</time>
      </trkpt>
      <trkpt lat="48.764187" lon="12.854436">
        <ele>319.698207</ele>
        <time>2026-05-06T16:51:52.310Z</time>
      </trkpt>
      <trkpt lat="48.764007" lon="12.853599">
        <ele>319.771749</ele>
        <time>2026-05-06T16:51:59.677Z</time>
      </trkpt>
      <trkpt lat="48.763661" lon="12.852220">
        <ele>319.807971</ele>
        <time>2026-05-06T16:52:12.088Z</time>
      </trkpt>
      <trkpt lat="48.763514" lon="12.851489">
        <ele>319.786439</ele>
        <time>2026-05-06T16:52:18.070Z</time>
      </trkpt>
      <trkpt lat="48.763479" lon="12.851279">
        <ele>319.780337</ele>
        <time>2026-05-06T16:52:19.725Z</time>
      </trkpt>
      <trkpt lat="48.763385" lon="12.850678">
        <ele>319.762935</ele>
        <time>2026-05-06T16:52:24.379Z</time>
      </trkpt>
      <trkpt lat="48.763274" lon="12.850224">
        <ele>319.742883</ele>
        <time>2026-05-06T16:52:27.967Z</time>
      </trkpt>
      <trkpt lat="48.762812" lon="12.847352">
        <ele>319.563555</ele>
        <time>2026-05-06T16:52:50.848Z</time>
      </trkpt>
      <trkpt lat="48.762515" lon="12.845088">
        <ele>319.682914</ele>
        <time>2026-05-06T16:53:09.869Z</time>
      </trkpt>
      <trkpt lat="48.762473" lon="12.843987">
        <ele>319.941539</ele>
        <time>2026-05-06T16:53:19.382Z</time>
      </trkpt>
      <trkpt lat="48.762496" lon="12.843464">
        <ele>320.069907</ele>
        <time>2026-05-06T16:53:23.995Z</time>
      </trkpt>
      <trkpt lat="48.762555" lon="12.843163">
        <ele>320.146813</ele>
        <time>2026-05-06T16:53:26.752Z</time>
      </trkpt>
      <trkpt lat="48.762763" lon="12.842821">
        <ele>320.260772</ele>
        <time>2026-05-06T16:53:30.853Z</time>
      </trkpt>
      <trkpt lat="48.762818" lon="12.842569">
        <ele>320.325782</ele>
        <time>2026-05-06T16:53:33.195Z</time>
      </trkpt>
      <trkpt lat="48.762793" lon="12.842199">
        <ele>320.463354</ele>
        <time>2026-05-06T16:53:36.534Z</time>
      </trkpt>
      <trkpt lat="48.762647" lon="12.840965">
        <ele>320.998197</ele>
        <time>2026-05-06T16:53:48.263Z</time>
      </trkpt>
      <trkpt lat="48.762640" lon="12.840472">
        <ele>321.208563</ele>
        <time>2026-05-06T16:53:53.014Z</time>
      </trkpt>
      <trkpt lat="48.762681" lon="12.840211">
        <ele>321.323025</ele>
        <time>2026-05-06T16:53:55.648Z</time>
      </trkpt>
      <trkpt lat="48.762926" lon="12.839267">
        <ele>321.657325</ele>
        <time>2026-05-06T16:54:05.491Z</time>
      </trkpt>
      <trkpt lat="48.762922" lon="12.838550">
        <ele>321.836379</ele>
        <time>2026-05-06T16:54:12.137Z</time>
      </trkpt>
      <trkpt lat="48.762984" lon="12.838417">
        <ele>321.877057</ele>
        <time>2026-05-06T16:54:13.552Z</time>
      </trkpt>
      <trkpt lat="48.762922" lon="12.838278">
        <ele>321.918968</ele>
        <time>2026-05-06T16:54:15.017Z</time>
      </trkpt>
      <trkpt lat="48.762847" lon="12.837356">
        <ele>322.150954</ele>
        <time>2026-05-06T16:54:22.592Z</time>
      </trkpt>
      <trkpt lat="48.762865" lon="12.836576">
        <ele>322.218449</ele>
        <time>2026-05-06T16:54:28.560Z</time>
      </trkpt>
      <trkpt lat="48.762844" lon="12.835904">
        <ele>322.240054</ele>
        <time>2026-05-06T16:54:34.051Z</time>
      </trkpt>
      <trkpt lat="48.762769" lon="12.835017">
        <ele>322.268774</ele>
        <time>2026-05-06T16:54:41.494Z</time>
      </trkpt>
      <trkpt lat="48.762693" lon="12.834309">
        <ele>322.274039</ele>
        <time>2026-05-06T16:54:47.351Z</time>
      </trkpt>
      <trkpt lat="48.762519" lon="12.833172">
        <ele>322.164640</ele>
        <time>2026-05-06T16:54:56.671Z</time>
      </trkpt>
      <trkpt lat="48.762604" lon="12.832940">
        <ele>322.139763</ele>
        <time>2026-05-06T16:54:58.687Z</time>
      </trkpt>
      <trkpt lat="48.762758" lon="12.832959">
        <ele>322.117794</ele>
        <time>2026-05-06T16:55:00.419Z</time>
      </trkpt>
      <trkpt lat="48.763032" lon="12.832845">
        <ele>322.077397</ele>
        <time>2026-05-06T16:55:03.532Z</time>
      </trkpt>
      <trkpt lat="48.764926" lon="12.831951">
        <ele>321.646761</ele>
        <time>2026-05-06T16:55:26.080Z</time>
      </trkpt>
      <trkpt lat="48.764696" lon="12.830227">
        <ele>321.507361</ele>
        <time>2026-05-06T16:55:39.623Z</time>
      </trkpt>
      <trkpt lat="48.764636" lon="12.829285">
        <ele>321.441719</ele>
        <time>2026-05-06T16:55:46.985Z</time>
      </trkpt>
      <trkpt lat="48.764608" lon="12.827979">
        <ele>321.492986</ele>
        <time>2026-05-06T16:55:57.544Z</time>
      </trkpt>
      <trkpt lat="48.764540" lon="12.826583">
        <ele>321.580751</ele>
        <time>2026-05-06T16:56:08.996Z</time>
      </trkpt>
      <trkpt lat="48.764538" lon="12.823604">
        <ele>322.217726</ele>
        <time>2026-05-06T16:56:35.112Z</time>
      </trkpt>
      <trkpt lat="48.764517" lon="12.823293">
        <ele>322.311962</ele>
        <time>2026-05-06T16:56:37.885Z</time>
      </trkpt>
      <trkpt lat="48.764479" lon="12.822964">
        <ele>322.412971</ele>
        <time>2026-05-06T16:56:40.847Z</time>
      </trkpt>
      <trkpt lat="48.764384" lon="12.822502">
        <ele>322.559325</ele>
        <time>2026-05-06T16:56:45.131Z</time>
      </trkpt>
      <trkpt lat="48.764178" lon="12.821732">
        <ele>322.810630</ele>
        <time>2026-05-06T16:56:52.529Z</time>
      </trkpt>
      <trkpt lat="48.764033" lon="12.821073">
        <ele>323.020729</ele>
        <time>2026-05-06T16:56:58.718Z</time>
      </trkpt>
      <trkpt lat="48.763933" lon="12.820217">
        <ele>323.349219</ele>
        <time>2026-05-06T16:57:06.636Z</time>
      </trkpt>
      <trkpt lat="48.763934" lon="12.819276">
        <ele>323.711632</ele>
        <time>2026-05-06T16:57:15.587Z</time>
      </trkpt>
      <trkpt lat="48.764003" lon="12.817893">
        <ele>324.238432</ele>
        <time>2026-05-06T16:57:28.498Z</time>
      </trkpt>
      <trkpt lat="48.763990" lon="12.817397">
        <ele>324.420286</ele>
        <time>2026-05-06T16:57:32.950Z</time>
      </trkpt>
      <trkpt lat="48.763955" lon="12.817064">
        <ele>324.543823</ele>
        <time>2026-05-06T16:57:35.955Z</time>
      </trkpt>
      <trkpt lat="48.763773" lon="12.815788">
        <ele>325.022109</ele>
        <time>2026-05-06T16:57:47.759Z</time>
      </trkpt>
      <trkpt lat="48.763654" lon="12.814798">
        <ele>325.398300</ele>
        <time>2026-05-06T16:57:57.367Z</time>
      </trkpt>
      <trkpt lat="48.763632" lon="12.814672">
        <ele>325.447264</ele>
        <time>2026-05-06T16:57:58.599Z</time>
      </trkpt>
      <trkpt lat="48.763523" lon="12.814106">
        <ele>325.668770</ele>
        <time>2026-05-06T16:58:04.154Z</time>
      </trkpt>
      <trkpt lat="48.763505" lon="12.814028">
        <ele>325.699814</ele>
        <time>2026-05-06T16:58:04.948Z</time>
      </trkpt>
      <trkpt lat="48.763328" lon="12.813277">
        <ele>325.999418</ele>
        <time>2026-05-06T16:58:12.320Z</time>
      </trkpt>
      <trkpt lat="48.762919" lon="12.811130">
        <ele>326.470177</ele>
        <time>2026-05-06T16:58:31.561Z</time>
      </trkpt>
      <trkpt lat="48.762312" lon="12.807892">
        <ele>326.912897</ele>
        <time>2026-05-06T16:58:59.976Z</time>
      </trkpt>
      <trkpt lat="48.762029" lon="12.806427">
        <ele>327.022772</ele>
        <time>2026-05-06T16:59:11.833Z</time>
      </trkpt>
      <trkpt lat="48.761514" lon="12.803308">
        <ele>327.441853</ele>
        <time>2026-05-06T16:59:39.124Z</time>
      </trkpt>
      <trkpt lat="48.761149" lon="12.801716">
        <ele>327.712953</ele>
        <time>2026-05-06T16:59:53.944Z</time>
      </trkpt>
      <trkpt lat="48.760731" lon="12.800300">
        <ele>327.932186</ele>
        <time>2026-05-06T17:00:06.187Z</time>
      </trkpt>
      <trkpt lat="48.761026" lon="12.800046">
        <ele>328.053922</ele>
        <time>2026-05-06T17:00:10.739Z</time>
      </trkpt>
      <trkpt lat="48.761139" lon="12.799956">
        <ele>328.152937</ele>
        <time>2026-05-06T17:00:12.520Z</time>
      </trkpt>
      <trkpt lat="48.761534" lon="12.799646">
        <ele>328.497964</ele>
        <time>2026-05-06T17:00:18.961Z</time>
      </trkpt>
      <trkpt lat="48.761641" lon="12.799574">
        <ele>328.588776</ele>
        <time>2026-05-06T17:00:20.695Z</time>
      </trkpt>
      <trkpt lat="48.761775" lon="12.799488">
        <ele>328.701656</ele>
        <time>2026-05-06T17:00:22.861Z</time>
      </trkpt>
      <trkpt lat="48.761848" lon="12.799433">
        <ele>328.764891</ele>
        <time>2026-05-06T17:00:24.081Z</time>
      </trkpt>
      <trkpt lat="48.762408" lon="12.798974">
        <ele>329.258705</ele>
        <time>2026-05-06T17:00:34.287Z</time>
      </trkpt>
      <trkpt lat="48.762584" lon="12.798785">
        <ele>329.396773</ele>
        <time>2026-05-06T17:00:37.704Z</time>
      </trkpt>
      <trkpt lat="48.763227" lon="12.797885">
        <ele>329.628842</ele>
        <time>2026-05-06T17:00:49.299Z</time>
      </trkpt>
      <trkpt lat="48.763632" lon="12.797212">
        <ele>329.788181</ele>
        <time>2026-05-06T17:00:56.452Z</time>
      </trkpt>
      <trkpt lat="48.764038" lon="12.796430">
        <ele>329.857541</ele>
        <time>2026-05-06T17:01:04.224Z</time>
      </trkpt>
      <trkpt lat="48.764708" lon="12.794652">
        <ele>329.853534</ele>
        <time>2026-05-06T17:01:20.941Z</time>
      </trkpt>
      <trkpt lat="48.765813" lon="12.791447">
        <ele>329.683022</ele>
        <time>2026-05-06T17:01:48.702Z</time>
      </trkpt>
      <trkpt lat="48.766071" lon="12.790556">
        <ele>329.704740</ele>
        <time>2026-05-06T17:01:56.349Z</time>
      </trkpt>
      <trkpt lat="48.766314" lon="12.789575">
        <ele>329.766095</ele>
        <time>2026-05-06T17:02:05.066Z</time>
      </trkpt>
      <trkpt lat="48.766377" lon="12.789356">
        <ele>329.869962</ele>
        <time>2026-05-06T17:02:07.211Z</time>
      </trkpt>
      <trkpt lat="48.766514" lon="12.789026">
        <ele>330.039490</ele>
        <time>2026-05-06T17:02:10.859Z</time>
      </trkpt>
      <trkpt lat="48.766891" lon="12.788521">
        <ele>330.371154</ele>
        <time>2026-05-06T17:02:18.092Z</time>
      </trkpt>
      <trkpt lat="48.767338" lon="12.788044">
        <ele>330.731557</ele>
        <time>2026-05-06T17:02:26.091Z</time>
      </trkpt>
      <trkpt lat="48.767527" lon="12.787827">
        <ele>330.887867</ele>
        <time>2026-05-06T17:02:29.764Z</time>
      </trkpt>
      <trkpt lat="48.767620" lon="12.787667">
        <ele>330.948940</ele>
        <time>2026-05-06T17:02:31.936Z</time>
      </trkpt>
      <trkpt lat="48.767697" lon="12.787380">
        <ele>331.021251</ele>
        <time>2026-05-06T17:02:34.990Z</time>
      </trkpt>
      <trkpt lat="48.767706" lon="12.787059">
        <ele>331.096227</ele>
        <time>2026-05-06T17:02:38.016Z</time>
      </trkpt>
      <trkpt lat="48.767679" lon="12.786851">
        <ele>331.145699</ele>
        <time>2026-05-06T17:02:39.930Z</time>
      </trkpt>
      <trkpt lat="48.767581" lon="12.786390">
        <ele>331.258736</ele>
        <time>2026-05-06T17:02:44.060Z</time>
      </trkpt>
      <trkpt lat="48.767475" lon="12.786074">
        <ele>331.341479</ele>
        <time>2026-05-06T17:02:46.984Z</time>
      </trkpt>
      <trkpt lat="48.767396" lon="12.785836">
        <ele>331.403664</ele>
        <time>2026-05-06T17:02:49.154Z</time>
      </trkpt>
      <trkpt lat="48.767244" lon="12.785309">
        <ele>331.537906</ele>
        <time>2026-05-06T17:02:53.909Z</time>
      </trkpt>
      <trkpt lat="48.767146" lon="12.784873">
        <ele>331.537793</ele>
        <time>2026-05-06T17:02:57.497Z</time>
      </trkpt>
      <trkpt lat="48.767083" lon="12.784427">
        <ele>331.525344</ele>
        <time>2026-05-06T17:03:00.831Z</time>
      </trkpt>
      <trkpt lat="48.767043" lon="12.784151">
        <ele>331.517632</ele>
        <time>2026-05-06T17:03:02.923Z</time>
      </trkpt>
      <trkpt lat="48.767012" lon="12.783702">
        <ele>331.505311</ele>
        <time>2026-05-06T17:03:06.350Z</time>
      </trkpt>
      <trkpt lat="48.766925" lon="12.783531">
        <ele>331.499415</ele>
        <time>2026-05-06T17:03:08.003Z</time>
      </trkpt>
      <trkpt lat="48.766849" lon="12.783385">
        <ele>331.494338</ele>
        <time>2026-05-06T17:03:09.435Z</time>
      </trkpt>
      <trkpt lat="48.766514" lon="12.782807">
        <ele>331.476923</ele>
        <time>2026-05-06T17:03:16.042Z</time>
      </trkpt>
      <trkpt lat="48.766205" lon="12.782408">
        <ele>331.508269</ele>
        <time>2026-05-06T17:03:21.489Z</time>
      </trkpt>
      <trkpt lat="48.765957" lon="12.782157">
        <ele>331.531300</ele>
        <time>2026-05-06T17:03:25.043Z</time>
      </trkpt>
      <trkpt lat="48.766098" lon="12.781814">
        <ele>331.551883</ele>
        <time>2026-05-06T17:03:28.187Z</time>
      </trkpt>
      <trkpt lat="48.766333" lon="12.781376">
        <ele>331.580640</ele>
        <time>2026-05-06T17:03:32.656Z</time>
      </trkpt>
      <trkpt lat="48.766487" lon="12.781182">
        <ele>331.596103</ele>
        <time>2026-05-06T17:03:35.098Z</time>
      </trkpt>
      <trkpt lat="48.766921" lon="12.780635">
        <ele>331.622622</ele>
        <time>2026-05-06T17:03:42.132Z</time>
      </trkpt>
      <trkpt lat="48.767954" lon="12.779457">
        <ele>331.657309</ele>
        <time>2026-05-06T17:03:58.231Z</time>
      </trkpt>
      <trkpt lat="48.768515" lon="12.778803">
        <ele>331.266580</ele>
        <time>2026-05-06T17:04:06.352Z</time>
      </trkpt>
      <trkpt lat="48.770424" lon="12.776579">
        <ele>329.522959</ele>
        <time>2026-05-06T17:04:30.375Z</time>
      </trkpt>
      <trkpt lat="48.771161" lon="12.775636">
        <ele>329.094990</ele>
        <time>2026-05-06T17:04:41.285Z</time>
      </trkpt>
      <trkpt lat="48.772327" lon="12.774024">
        <ele>329.318869</ele>
        <time>2026-05-06T17:05:01.174Z</time>
      </trkpt>
      <trkpt lat="48.772715" lon="12.773365">
        <ele>329.600296</ele>
        <time>2026-05-06T17:05:09.546Z</time>
      </trkpt>
      <trkpt lat="48.772928" lon="12.772916">
        <ele>329.776481</ele>
        <time>2026-05-06T17:05:14.836Z</time>
      </trkpt>
      <trkpt lat="48.773309" lon="12.771978">
        <ele>330.127384</ele>
        <time>2026-05-06T17:05:24.830Z</time>
      </trkpt>
      <trkpt lat="48.773595" lon="12.770976">
        <ele>330.269996</ele>
        <time>2026-05-06T17:05:33.660Z</time>
      </trkpt>
      <trkpt lat="48.773737" lon="12.770296">
        <ele>330.356640</ele>
        <time>2026-05-06T17:05:39.317Z</time>
      </trkpt>
      <trkpt lat="48.773961" lon="12.768862">
        <ele>330.594710</ele>
        <time>2026-05-06T17:05:51.954Z</time>
      </trkpt>
      <trkpt lat="48.773972" lon="12.768768">
        <ele>330.617603</ele>
        <time>2026-05-06T17:05:52.824Z</time>
      </trkpt>
      <trkpt lat="48.774267" lon="12.766452">
        <ele>331.137144</ele>
        <time>2026-05-06T17:06:13.854Z</time>
      </trkpt>
      <trkpt lat="48.774377" lon="12.765979">
        <ele>331.154294</ele>
        <time>2026-05-06T17:06:18.130Z</time>
      </trkpt>
      <trkpt lat="48.774534" lon="12.765583">
        <ele>331.170096</ele>
        <time>2026-05-06T17:06:21.985Z</time>
      </trkpt>
      <trkpt lat="48.775081" lon="12.764526">
        <ele>331.216047</ele>
        <time>2026-05-06T17:06:32.492Z</time>
      </trkpt>
      <trkpt lat="48.775979" lon="12.762632">
        <ele>330.921410</ele>
        <time>2026-05-06T17:06:49.763Z</time>
      </trkpt>
      <trkpt lat="48.776216" lon="12.762138">
        <ele>330.837945</ele>
        <time>2026-05-06T17:06:54.500Z</time>
      </trkpt>
      <trkpt lat="48.777183" lon="12.760339">
        <ele>330.873372</ele>
        <time>2026-05-06T17:07:13.482Z</time>
      </trkpt>
      <trkpt lat="48.777474" lon="12.759760">
        <ele>330.879692</ele>
        <time>2026-05-06T17:07:19.221Z</time>
      </trkpt>
      <trkpt lat="48.778102" lon="12.758648">
        <ele>330.881275</ele>
        <time>2026-05-06T17:07:30.598Z</time>
      </trkpt>
      <trkpt lat="48.778328" lon="12.758363">
        <ele>330.881757</ele>
        <time>2026-05-06T17:07:34.183Z</time>
      </trkpt>
      <trkpt lat="48.779176" lon="12.757443">
        <ele>331.017139</ele>
        <time>2026-05-06T17:07:47.556Z</time>
      </trkpt>
      <trkpt lat="48.779689" lon="12.756834">
        <ele>331.138224</ele>
        <time>2026-05-06T17:07:56.017Z</time>
      </trkpt>
      <trkpt lat="48.780425" lon="12.755892">
        <ele>331.152930</ele>
        <time>2026-05-06T17:08:07.827Z</time>
      </trkpt>
      <trkpt lat="48.780696" lon="12.755587">
        <ele>331.113179</ele>
        <time>2026-05-06T17:08:11.707Z</time>
      </trkpt>
      <trkpt lat="48.781292" lon="12.754981">
        <ele>331.028655</ele>
        <time>2026-05-06T17:08:19.883Z</time>
      </trkpt>
      <trkpt lat="48.781332" lon="12.754947">
        <ele>331.023253</ele>
        <time>2026-05-06T17:08:20.422Z</time>
      </trkpt>
      <trkpt lat="48.782062" lon="12.754389">
        <ele>331.053630</ele>
        <time>2026-05-06T17:08:29.903Z</time>
      </trkpt>
      <trkpt lat="48.782991" lon="12.753816">
        <ele>331.127875</ele>
        <time>2026-05-06T17:08:42.825Z</time>
      </trkpt>
      <trkpt lat="48.783244" lon="12.753620">
        <ele>331.099191</ele>
        <time>2026-05-06T17:08:46.676Z</time>
      </trkpt>
      <trkpt lat="48.783731" lon="12.753188">
        <ele>330.952088</ele>
        <time>2026-05-06T17:08:53.586Z</time>
      </trkpt>
      <trkpt lat="48.784070" lon="12.753027">
        <ele>330.859456</ele>
        <time>2026-05-06T17:08:57.533Z</time>
      </trkpt>
      <trkpt lat="48.784063" lon="12.751429">
        <ele>330.540941</ele>
        <time>2026-05-06T17:09:08.683Z</time>
      </trkpt>
      <trkpt lat="48.784198" lon="12.751136">
        <ele>330.447378</ele>
        <time>2026-05-06T17:09:11.150Z</time>
      </trkpt>
      <trkpt lat="48.784592" lon="12.751053">
        <ele>330.289394</ele>
        <time>2026-05-06T17:09:15.476Z</time>
      </trkpt>
      <trkpt lat="48.785300" lon="12.750979">
        <ele>330.007535</ele>
        <time>2026-05-06T17:09:23.595Z</time>
      </trkpt>
      <trkpt lat="48.785636" lon="12.750957">
        <ele>329.943312</ele>
        <time>2026-05-06T17:09:27.491Z</time>
      </trkpt>
      <trkpt lat="48.786283" lon="12.751004">
        <ele>329.907578</ele>
        <time>2026-05-06T17:09:34.994Z</time>
      </trkpt>
      <trkpt lat="48.786792" lon="12.751084">
        <ele>329.879348</ele>
        <time>2026-05-06T17:09:41.213Z</time>
      </trkpt>
      <trkpt lat="48.786903" lon="12.751114">
        <ele>329.873128</ele>
        <time>2026-05-06T17:09:42.606Z</time>
      </trkpt>
      <trkpt lat="48.787065" lon="12.750464">
        <ele>329.844924</ele>
        <time>2026-05-06T17:09:50.273Z</time>
      </trkpt>
      <trkpt lat="48.787061" lon="12.750286">
        <ele>329.835877</ele>
        <time>2026-05-06T17:09:52.242Z</time>
      </trkpt>
      <trkpt lat="48.786991" lon="12.749789">
        <ele>329.810059</ele>
        <time>2026-05-06T17:09:57.844Z</time>
      </trkpt>
      <trkpt lat="48.786993" lon="12.749638">
        <ele>329.802387</ele>
        <time>2026-05-06T17:09:59.505Z</time>
      </trkpt>
      <trkpt lat="48.787097" lon="12.749251">
        <ele>329.781155</ele>
        <time>2026-05-06T17:10:04.070Z</time>
      </trkpt>
      <trkpt lat="48.787694" lon="12.748136">
        <ele>329.704655</ele>
        <time>2026-05-06T17:10:18.962Z</time>
      </trkpt>
      <trkpt lat="48.787825" lon="12.747819">
        <ele>329.677715</ele>
        <time>2026-05-06T17:10:22.848Z</time>
      </trkpt>
      <trkpt lat="48.788408" lon="12.745885">
        <ele>329.524597</ele>
        <time>2026-05-06T17:10:45.840Z</time>
      </trkpt>
      <trkpt lat="48.788656" lon="12.745288">
        <ele>329.525306</ele>
        <time>2026-05-06T17:10:53.497Z</time>
      </trkpt>
      <trkpt lat="48.789420" lon="12.743973">
        <ele>329.539638</ele>
        <time>2026-05-06T17:11:12.706Z</time>
      </trkpt>
      <trkpt lat="48.789582" lon="12.743647">
        <ele>329.537740</ele>
        <time>2026-05-06T17:11:17.110Z</time>
      </trkpt>
      <trkpt lat="48.789773" lon="12.743146">
        <ele>329.501626</ele>
        <time>2026-05-06T17:11:23.222Z</time>
      </trkpt>
      <trkpt lat="48.790314" lon="12.741450">
        <ele>329.384061</ele>
        <time>2026-05-06T17:11:42.944Z</time>
      </trkpt>
      <trkpt lat="48.790488" lon="12.741039">
        <ele>329.415490</ele>
        <time>2026-05-06T17:11:48.248Z</time>
      </trkpt>
      <trkpt lat="48.791719" lon="12.738991">
        <ele>329.771717</ele>
        <time>2026-05-06T17:12:20.366Z</time>
      </trkpt>
      <trkpt lat="48.792350" lon="12.737696">
        <ele>329.765366</ele>
        <time>2026-05-06T17:12:37.674Z</time>
      </trkpt>
      <trkpt lat="48.793147" lon="12.736213">
        <ele>329.869712</ele>
        <time>2026-05-06T17:12:58.347Z</time>
      </trkpt>
      <trkpt lat="48.793863" lon="12.735175">
        <ele>330.012289</ele>
        <time>2026-05-06T17:13:15.599Z</time>
      </trkpt>
      <trkpt lat="48.794352" lon="12.734578">
        <ele>330.225310</ele>
        <time>2026-05-06T17:13:26.603Z</time>
      </trkpt>
      <trkpt lat="48.794645" lon="12.734213">
        <ele>330.362181</ele>
        <time>2026-05-06T17:13:33.274Z</time>
      </trkpt>
      <trkpt lat="48.795015" lon="12.733620">
        <ele>330.556478</ele>
        <time>2026-05-06T17:13:42.781Z</time>
      </trkpt>
      <trkpt lat="48.795257" lon="12.733107">
        <ele>330.694496</ele>
        <time>2026-05-06T17:13:50.188Z</time>
      </trkpt>
      <trkpt lat="48.795562" lon="12.732360">
        <ele>330.832957</ele>
        <time>2026-05-06T17:14:00.694Z</time>
      </trkpt>
      <trkpt lat="48.795668" lon="12.732170">
        <ele>330.872184</ele>
        <time>2026-05-06T17:14:03.707Z</time>
      </trkpt>
      <trkpt lat="48.795777" lon="12.732110">
        <ele>330.899914</ele>
        <time>2026-05-06T17:14:05.860Z</time>
      </trkpt>
      <trkpt lat="48.796474" lon="12.731911">
        <ele>331.069533</ele>
        <time>2026-05-06T17:14:18.116Z</time>
      </trkpt>
      <trkpt lat="48.796903" lon="12.731636">
        <ele>330.819899</ele>
        <time>2026-05-06T17:14:25.209Z</time>
      </trkpt>
      <trkpt lat="48.797686" lon="12.731261">
        <ele>330.129378</ele>
        <time>2026-05-06T17:14:36.785Z</time>
      </trkpt>
      <trkpt lat="48.798336" lon="12.730890">
        <ele>329.589085</ele>
        <time>2026-05-06T17:14:46.385Z</time>
      </trkpt>
      <trkpt lat="48.798624" lon="12.730633">
        <ele>329.594483</ele>
        <time>2026-05-06T17:14:51.230Z</time>
      </trkpt>
      <trkpt lat="48.798757" lon="12.730365">
        <ele>329.598055</ele>
        <time>2026-05-06T17:14:54.564Z</time>
      </trkpt>
      <trkpt lat="48.799303" lon="12.729098">
        <ele>329.614169</ele>
        <time>2026-05-06T17:15:11.727Z</time>
      </trkpt>
      <trkpt lat="48.799471" lon="12.728552">
        <ele>330.041399</ele>
        <time>2026-05-06T17:15:19.487Z</time>
      </trkpt>
      <trkpt lat="48.799761" lon="12.727378">
        <ele>331.777460</ele>
        <time>2026-05-06T17:15:38.072Z</time>
      </trkpt>
      <trkpt lat="48.799866" lon="12.727058">
        <ele>332.272461</ele>
        <time>2026-05-06T17:15:44.051Z</time>
      </trkpt>
      <trkpt lat="48.800069" lon="12.726605">
        <ele>333.031069</ele>
        <time>2026-05-06T17:15:53.611Z</time>
      </trkpt>
      <trkpt lat="48.800816" lon="12.725179">
        <ele>335.461323</ele>
        <time>2026-05-06T17:16:25.015Z</time>
      </trkpt>
      <trkpt lat="48.802175" lon="12.722509">
        <ele>337.915431</ele>
        <time>2026-05-06T17:17:07.587Z</time>
      </trkpt>
      <trkpt lat="48.802917" lon="12.721124">
        <ele>338.185106</ele>
        <time>2026-05-06T17:17:26.807Z</time>
      </trkpt>
      <trkpt lat="48.804283" lon="12.718819">
        <ele>338.068850</ele>
        <time>2026-05-06T17:18:00.851Z</time>
      </trkpt>
      <trkpt lat="48.804392" lon="12.718616">
        <ele>338.040039</ele>
        <time>2026-05-06T17:18:03.577Z</time>
      </trkpt>
      <trkpt lat="48.804539" lon="12.718827">
        <ele>338.006253</ele>
        <time>2026-05-06T17:18:21.735Z</time>
      </trkpt>
      <trkpt lat="48.805321" lon="12.718834">
        <ele>337.792511</ele>
        <time>2026-05-06T17:18:44.194Z</time>
      </trkpt>
      <trkpt lat="48.805272" lon="12.720904">
        <ele>337.299945</ele>
        <time>2026-05-06T17:19:23.466Z</time>
      </trkpt>
      <trkpt lat="48.805321" lon="12.718834">
        <ele>337.760569</ele>
        <time>2026-05-06T17:20:06.978Z</time>
      </trkpt>
      <trkpt lat="48.804539" lon="12.718827">
        <ele>337.938978</ele>
        <time>2026-05-06T17:20:31.899Z</time>
      </trkpt>
      <trkpt lat="48.804392" lon="12.718616">
        <ele>337.955765</ele>
        <time>2026-05-06T17:20:50.425Z</time>
      </trkpt>
      <trkpt lat="48.804627" lon="12.718209">
        <ele>337.985347</ele>
        <time>2026-05-06T17:20:56.516Z</time>
      </trkpt>
      <trkpt lat="48.806050" lon="12.714970">
        <ele>337.681256</ele>
        <time>2026-05-06T17:21:37.603Z</time>
      </trkpt>
      <trkpt lat="48.806739" lon="12.713500">
        <ele>337.116146</ele>
        <time>2026-05-06T17:21:55.314Z</time>
      </trkpt>
      <trkpt lat="48.807147" lon="12.712933">
        <ele>336.835867</ele>
        <time>2026-05-06T17:22:03.656Z</time>
      </trkpt>
      <trkpt lat="48.807481" lon="12.712552">
        <ele>336.654113</ele>
        <time>2026-05-06T17:22:09.999Z</time>
      </trkpt>
      <trkpt lat="48.807727" lon="12.711643">
        <ele>336.411163</ele>
        <time>2026-05-06T17:22:17.299Z</time>
      </trkpt>
      <trkpt lat="48.807793" lon="12.711323">
        <ele>336.328266</ele>
        <time>2026-05-06T17:22:20.814Z</time>
      </trkpt>
      <trkpt lat="48.807957" lon="12.710551">
        <ele>336.127735</ele>
        <time>2026-05-06T17:22:29.133Z</time>
      </trkpt>
      <trkpt lat="48.808292" lon="12.709621">
        <ele>335.861090</ele>
        <time>2026-05-06T17:22:39.459Z</time>
      </trkpt>
      <trkpt lat="48.808340" lon="12.709490">
        <ele>335.823174</ele>
        <time>2026-05-06T17:22:40.935Z</time>
      </trkpt>
      <trkpt lat="48.808436" lon="12.709191">
        <ele>335.739042</ele>
        <time>2026-05-06T17:22:44.200Z</time>
      </trkpt>
      <trkpt lat="48.808526" lon="12.708982">
        <ele>335.675884</ele>
        <time>2026-05-06T17:22:46.656Z</time>
      </trkpt>
      <trkpt lat="48.808651" lon="12.708775">
        <ele>335.604851</ele>
        <time>2026-05-06T17:22:49.436Z</time>
      </trkpt>
      <trkpt lat="48.809367" lon="12.707473">
        <ele>335.704633</ele>
        <time>2026-05-06T17:23:07.528Z</time>
      </trkpt>
      <trkpt lat="48.809445" lon="12.707298">
        <ele>335.793987</ele>
        <time>2026-05-06T17:23:10.100Z</time>
      </trkpt>
      <trkpt lat="48.809706" lon="12.707363">
        <ele>335.963808</ele>
        <time>2026-05-06T17:23:13.943Z</time>
      </trkpt>
      <trkpt lat="48.809903" lon="12.707454">
        <ele>336.096021</ele>
        <time>2026-05-06T17:23:17.048Z</time>
      </trkpt>
      <trkpt lat="48.810408" lon="12.707901">
        <ele>336.471339</ele>
        <time>2026-05-06T17:23:26.304Z</time>
      </trkpt>
      <trkpt lat="48.810782" lon="12.708201">
        <ele>336.766641</ele>
        <time>2026-05-06T17:23:33.370Z</time>
      </trkpt>
      <trkpt lat="48.811647" lon="12.708780">
        <ele>337.440784</ele>
        <time>2026-05-06T17:23:47.845Z</time>
      </trkpt>
      <trkpt lat="48.812242" lon="12.709061">
        <ele>337.756286</ele>
        <time>2026-05-06T17:23:55.679Z</time>
      </trkpt>
      <trkpt lat="48.813614" lon="12.709577">
        <ele>337.005117</ele>
        <time>2026-05-06T17:24:10.624Z</time>
      </trkpt>
      <trkpt lat="48.813993" lon="12.709713">
        <ele>336.777652</ele>
        <time>2026-05-06T17:24:14.605Z</time>
      </trkpt>
      <trkpt lat="48.814689" lon="12.709893">
        <ele>336.268155</ele>
        <time>2026-05-06T17:24:21.855Z</time>
      </trkpt>
      <trkpt lat="48.815455" lon="12.710043">
        <ele>335.710798</ele>
        <time>2026-05-06T17:24:29.920Z</time>
      </trkpt>
      <trkpt lat="48.816510" lon="12.710192">
        <ele>334.630436</ele>
        <time>2026-05-06T17:24:41.033Z</time>
      </trkpt>
      <trkpt lat="48.817000" lon="12.710231">
        <ele>334.093446</ele>
        <time>2026-05-06T17:24:45.883Z</time>
      </trkpt>
      <trkpt lat="48.818393" lon="12.710549">
        <ele>332.084364</ele>
        <time>2026-05-06T17:24:58.795Z</time>
      </trkpt>
      <trkpt lat="48.818619" lon="12.710622">
        <ele>331.717533</ele>
        <time>2026-05-06T17:25:00.898Z</time>
      </trkpt>
      <trkpt lat="48.818860" lon="12.710782">
        <ele>331.299952</ele>
        <time>2026-05-06T17:25:03.328Z</time>
      </trkpt>
      <trkpt lat="48.819314" lon="12.711125">
        <ele>330.632690</ele>
        <time>2026-05-06T17:25:08.148Z</time>
      </trkpt>
      <trkpt lat="48.819465" lon="12.711275">
        <ele>330.511700</ele>
        <time>2026-05-06T17:25:09.914Z</time>
      </trkpt>
      <trkpt lat="48.822209" lon="12.713986">
        <ele>328.735916</ele>
        <time>2026-05-06T17:25:45.738Z</time>
      </trkpt>
      <trkpt lat="48.822990" lon="12.713021">
        <ele>328.337357</ele>
        <time>2026-05-06T17:26:01.381Z</time>
      </trkpt>
      <trkpt lat="48.823641" lon="12.712186">
        <ele>327.987230</ele>
        <time>2026-05-06T17:26:14.419Z</time>
      </trkpt>
      <trkpt lat="48.824284" lon="12.711429">
        <ele>327.509738</ele>
        <time>2026-05-06T17:26:26.727Z</time>
      </trkpt>
      <trkpt lat="48.824510" lon="12.711253">
        <ele>327.360673</ele>
        <time>2026-05-06T17:26:30.531Z</time>
      </trkpt>
      <trkpt lat="48.825373" lon="12.710688">
        <ele>326.717257</ele>
        <time>2026-05-06T17:26:44.236Z</time>
      </trkpt>
      <trkpt lat="48.826588" lon="12.709690">
        <ele>325.446396</ele>
        <time>2026-05-06T17:27:03.872Z</time>
      </trkpt>
      <trkpt lat="48.826615" lon="12.709668">
        <ele>325.418205</ele>
        <time>2026-05-06T17:27:04.321Z</time>
      </trkpt>
      <trkpt lat="48.827133" lon="12.709305">
        <ele>324.923271</ele>
        <time>2026-05-06T17:27:12.564Z</time>
      </trkpt>
      <trkpt lat="48.827500" lon="12.709302">
        <ele>324.609514</ele>
        <time>2026-05-06T17:27:17.904Z</time>
      </trkpt>
      <trkpt lat="48.827823" lon="12.709233">
        <ele>324.330660</ele>
        <time>2026-05-06T17:27:22.580Z</time>
      </trkpt>
      <trkpt lat="48.827930" lon="12.709140">
        <ele>324.225268</ele>
        <time>2026-05-06T17:27:24.329Z</time>
      </trkpt>
      <trkpt lat="48.828200" lon="12.708778">
        <ele>323.917389</ele>
        <time>2026-05-06T17:27:29.420Z</time>
      </trkpt>
      <trkpt lat="48.828066" lon="12.708529">
        <ele>323.773222</ele>
        <time>2026-05-06T17:27:31.570Z</time>
      </trkpt>
      <trkpt lat="48.827989" lon="12.708213">
        <ele>323.749980</ele>
        <time>2026-05-06T17:27:33.884Z</time>
      </trkpt>
      <trkpt lat="48.827918" lon="12.707610">
        <ele>323.707725</ele>
        <time>2026-05-06T17:27:38.268Z</time>
      </trkpt>
      <trkpt lat="48.827637" lon="12.705181">
        <ele>323.804103</ele>
        <time>2026-05-06T17:27:59.347Z</time>
      </trkpt>
      <trkpt lat="48.827461" lon="12.704373">
        <ele>324.044548</ele>
        <time>2026-05-06T17:28:06.999Z</time>
      </trkpt>
      <trkpt lat="48.826982" lon="12.702327">
        <ele>324.740568</ele>
        <time>2026-05-06T17:28:26.438Z</time>
      </trkpt>
      <trkpt lat="48.826806" lon="12.701144">
        <ele>325.178664</ele>
        <time>2026-05-06T17:28:37.568Z</time>
      </trkpt>
      <trkpt lat="48.826628" lon="12.699716">
        <ele>325.861442</ele>
        <time>2026-05-06T17:28:51.295Z</time>
      </trkpt>
      <trkpt lat="48.826574" lon="12.698444">
        <ele>326.526529</ele>
        <time>2026-05-06T17:29:03.597Z</time>
      </trkpt>
      <trkpt lat="48.826573" lon="12.697795">
        <ele>326.886739</ele>
        <time>2026-05-06T17:29:10.179Z</time>
      </trkpt>
      <trkpt lat="48.826610" lon="12.697160">
        <ele>327.298263</ele>
        <time>2026-05-06T17:29:16.739Z</time>
      </trkpt>
      <trkpt lat="48.826920" lon="12.694645">
        <ele>328.701067</ele>
        <time>2026-05-06T17:29:42.493Z</time>
      </trkpt>
      <trkpt lat="48.826933" lon="12.693912">
        <ele>328.888470</ele>
        <time>2026-05-06T17:29:49.084Z</time>
      </trkpt>
      <trkpt lat="48.826900" lon="12.690150">
        <ele>329.243031</ele>
        <time>2026-05-06T17:30:19.331Z</time>
      </trkpt>
      <trkpt lat="48.826998" lon="12.689174">
        <ele>329.196546</ele>
        <time>2026-05-06T17:30:27.040Z</time>
      </trkpt>
      <trkpt lat="48.827678" lon="12.683857">
        <ele>328.825759</ele>
        <time>2026-05-06T17:31:08.923Z</time>
      </trkpt>
      <trkpt lat="48.827711" lon="12.683428">
        <ele>328.808660</ele>
        <time>2026-05-06T17:31:12.353Z</time>
      </trkpt>
      <trkpt lat="48.827693" lon="12.682753">
        <ele>328.781915</ele>
        <time>2026-05-06T17:31:17.505Z</time>
      </trkpt>
      <trkpt lat="48.827690" lon="12.682700">
        <ele>328.779809</ele>
        <time>2026-05-06T17:31:17.906Z</time>
      </trkpt>
      <trkpt lat="48.827664" lon="12.682030">
        <ele>328.753238</ele>
        <time>2026-05-06T17:31:23.157Z</time>
      </trkpt>
      <trkpt lat="48.827706" lon="12.681669">
        <ele>328.751180</ele>
        <time>2026-05-06T17:31:26.143Z</time>
      </trkpt>
      <trkpt lat="48.827740" lon="12.681508">
        <ele>328.772384</ele>
        <time>2026-05-06T17:31:27.534Z</time>
      </trkpt>
      <trkpt lat="48.828408" lon="12.679334">
        <ele>329.073253</ele>
        <time>2026-05-06T17:31:47.831Z</time>
      </trkpt>
      <trkpt lat="48.829031" lon="12.677273">
        <ele>329.280837</ele>
        <time>2026-05-06T17:32:06.520Z</time>
      </trkpt>
      <trkpt lat="48.829256" lon="12.676403">
        <ele>329.408651</ele>
        <time>2026-05-06T17:32:14.203Z</time>
      </trkpt>
      <trkpt lat="48.829643" lon="12.674792">
        <ele>329.758756</ele>
        <time>2026-05-06T17:32:28.917Z</time>
      </trkpt>
      <trkpt lat="48.830491" lon="12.670832">
        <ele>330.771132</ele>
        <time>2026-05-06T17:33:06.130Z</time>
      </trkpt>
      <trkpt lat="48.831567" lon="12.665803">
        <ele>331.149538</ele>
        <time>2026-05-06T17:33:49.576Z</time>
      </trkpt>
      <trkpt lat="48.831659" lon="12.665473">
        <ele>331.096930</ele>
        <time>2026-05-06T17:33:52.362Z</time>
      </trkpt>
      <trkpt lat="48.831819" lon="12.664962">
        <ele>331.013865</ele>
        <time>2026-05-06T17:33:56.681Z</time>
      </trkpt>
      <trkpt lat="48.832298" lon="12.663780">
        <ele>330.812082</ele>
        <time>2026-05-06T17:34:06.624Z</time>
      </trkpt>
      <trkpt lat="48.832521" lon="12.663056">
        <ele>330.702624</ele>
        <time>2026-05-06T17:34:12.359Z</time>
      </trkpt>
      <trkpt lat="48.832634" lon="12.662600">
        <ele>330.635904</ele>
        <time>2026-05-06T17:34:15.979Z</time>
      </trkpt>
      <trkpt lat="48.832759" lon="12.661943">
        <ele>330.542255</ele>
        <time>2026-05-06T17:34:21.262Z</time>
      </trkpt>
      <trkpt lat="48.832810" lon="12.661511">
        <ele>330.482156</ele>
        <time>2026-05-06T17:34:24.844Z</time>
      </trkpt>
      <trkpt lat="48.832858" lon="12.660926">
        <ele>330.522048</ele>
        <time>2026-05-06T17:34:29.806Z</time>
      </trkpt>
      <trkpt lat="48.832878" lon="12.660206">
        <ele>330.609780</ele>
        <time>2026-05-06T17:34:35.997Z</time>
      </trkpt>
      <trkpt lat="48.832847" lon="12.659275">
        <ele>330.723266</ele>
        <time>2026-05-06T17:34:43.881Z</time>
      </trkpt>
      <trkpt lat="48.832394" lon="12.655789">
        <ele>330.963667</ele>
        <time>2026-05-06T17:35:12.757Z</time>
      </trkpt>
      <trkpt lat="48.832056" lon="12.653345">
        <ele>331.291338</ele>
        <time>2026-05-06T17:35:34.017Z</time>
      </trkpt>
      <trkpt lat="48.831975" lon="12.652723">
        <ele>331.358510</ele>
        <time>2026-05-06T17:35:39.052Z</time>
      </trkpt>
      <trkpt lat="48.831948" lon="12.652069">
        <ele>331.427182</ele>
        <time>2026-05-06T17:35:44.211Z</time>
      </trkpt>
      <trkpt lat="48.831962" lon="12.651799">
        <ele>331.455564</ele>
        <time>2026-05-06T17:35:46.377Z</time>
      </trkpt>
      <trkpt lat="48.831962" lon="12.651781">
        <ele>331.457450</ele>
        <time>2026-05-06T17:35:46.528Z</time>
      </trkpt>
      <trkpt lat="48.832025" lon="12.651131">
        <ele>331.526302</ele>
        <time>2026-05-06T17:35:51.896Z</time>
      </trkpt>
      <trkpt lat="48.832095" lon="12.650788">
        <ele>331.563935</ele>
        <time>2026-05-06T17:35:54.942Z</time>
      </trkpt>
      <trkpt lat="48.832793" lon="12.648441">
        <ele>332.595765</ele>
        <time>2026-05-06T17:36:19.303Z</time>
      </trkpt>
      <trkpt lat="48.833089" lon="12.647408">
        <ele>332.985686</ele>
        <time>2026-05-06T17:36:29.873Z</time>
      </trkpt>
      <trkpt lat="48.833417" lon="12.646259">
        <ele>333.381514</ele>
        <time>2026-05-06T17:36:41.156Z</time>
      </trkpt>
      <trkpt lat="48.833543" lon="12.645988">
        <ele>333.486376</ele>
        <time>2026-05-06T17:36:44.060Z</time>
      </trkpt>
      <trkpt lat="48.833748" lon="12.645661">
        <ele>333.592734</ele>
        <time>2026-05-06T17:36:47.919Z</time>
      </trkpt>
      <trkpt lat="48.834148" lon="12.645293">
        <ele>333.576655</ele>
        <time>2026-05-06T17:36:53.751Z</time>
      </trkpt>
      <trkpt lat="48.834533" lon="12.644929">
        <ele>333.561063</ele>
        <time>2026-05-06T17:36:59.243Z</time>
      </trkpt>
      <trkpt lat="48.834651" lon="12.644761">
        <ele>333.555503</ele>
        <time>2026-05-06T17:37:01.158Z</time>
      </trkpt>
      <trkpt lat="48.834889" lon="12.644311">
        <ele>333.542438</ele>
        <time>2026-05-06T17:37:05.548Z</time>
      </trkpt>
      <trkpt lat="48.835070" lon="12.643968">
        <ele>333.529794</ele>
        <time>2026-05-06T17:37:08.808Z</time>
      </trkpt>
      <trkpt lat="48.836207" lon="12.641767">
        <ele>333.284672</ele>
        <time>2026-05-06T17:37:29.993Z</time>
      </trkpt>
      <trkpt lat="48.836694" lon="12.640971">
        <ele>333.428911</ele>
        <time>2026-05-06T17:37:39.226Z</time>
      </trkpt>
      <trkpt lat="48.836929" lon="12.640661">
        <ele>333.491667</ele>
        <time>2026-05-06T17:37:43.411Z</time>
      </trkpt>
      <trkpt lat="48.838151" lon="12.639306">
        <ele>333.544518</ele>
        <time>2026-05-06T17:38:02.780Z</time>
      </trkpt>
      <trkpt lat="48.839801" lon="12.637161">
        <ele>333.447971</ele>
        <time>2026-05-06T17:38:27.032Z</time>
      </trkpt>
      <trkpt lat="48.839993" lon="12.636921">
        <ele>333.450697</ele>
        <time>2026-05-06T17:38:30.247Z</time>
      </trkpt>
      <trkpt lat="48.840127" lon="12.636752">
        <ele>333.452606</ele>
        <time>2026-05-06T17:38:32.618Z</time>
      </trkpt>
      <trkpt lat="48.841532" lon="12.634889">
        <ele>334.479681</ele>
        <time>2026-05-06T17:39:00.760Z</time>
      </trkpt>
      <trkpt lat="48.841846" lon="12.634459">
        <ele>334.261562</ele>
        <time>2026-05-06T17:39:05.488Z</time>
      </trkpt>
      <trkpt lat="48.842738" lon="12.633258">
        <ele>333.055936</ele>
        <time>2026-05-06T17:39:16.789Z</time>
      </trkpt>
      <trkpt lat="48.842966" lon="12.632862">
        <ele>332.725640</ele>
        <time>2026-05-06T17:39:20.043Z</time>
      </trkpt>
      <trkpt lat="48.843154" lon="12.632266">
        <ele>332.546953</ele>
        <time>2026-05-06T17:39:24.345Z</time>
      </trkpt>
      <trkpt lat="48.843576" lon="12.629782">
        <ele>332.125424</ele>
        <time>2026-05-06T17:39:44.244Z</time>
      </trkpt>
      <trkpt lat="48.843511" lon="12.629766">
        <ele>332.148420</ele>
        <time>2026-05-06T17:39:45.127Z</time>
      </trkpt>
      <trkpt lat="48.843447" lon="12.629700">
        <ele>332.175432</ele>
        <time>2026-05-06T17:39:46.202Z</time>
      </trkpt>
      <trkpt lat="48.843440" lon="12.629643">
        <ele>332.188758</ele>
        <time>2026-05-06T17:39:46.718Z</time>
      </trkpt>
      <trkpt lat="48.843468" lon="12.629463">
        <ele>332.231268</ele>
        <time>2026-05-06T17:39:48.417Z</time>
      </trkpt>
      <trkpt lat="48.843638" lon="12.628872">
        <ele>332.379506</ele>
        <time>2026-05-06T17:39:54.414Z</time>
      </trkpt>
      <trkpt lat="48.843682" lon="12.628858">
        <ele>332.395206</ele>
        <time>2026-05-06T17:39:55.045Z</time>
      </trkpt>
      <trkpt lat="48.843742" lon="12.628730">
        <ele>332.431324</ele>
        <time>2026-05-06T17:39:56.541Z</time>
      </trkpt>
      <trkpt lat="48.844157" lon="12.627384">
        <ele>332.507243</ele>
        <time>2026-05-06T17:40:09.804Z</time>
      </trkpt>
      <trkpt lat="48.844274" lon="12.627000">
        <ele>332.425538</ele>
        <time>2026-05-06T17:40:12.962Z</time>
      </trkpt>
      <trkpt lat="48.844406" lon="12.626527">
        <ele>332.326337</ele>
        <time>2026-05-06T17:40:16.628Z</time>
      </trkpt>
      <trkpt lat="48.844469" lon="12.626299">
        <ele>332.278591</ele>
        <time>2026-05-06T17:40:18.408Z</time>
      </trkpt>
      <trkpt lat="48.844461" lon="12.626134">
        <ele>332.246646</ele>
        <time>2026-05-06T17:40:19.587Z</time>
      </trkpt>
      <trkpt lat="48.844412" lon="12.626055">
        <ele>332.225686</ele>
        <time>2026-05-06T17:40:20.352Z</time>
      </trkpt>
      <trkpt lat="48.844452" lon="12.625937">
        <ele>332.200057</ele>
        <time>2026-05-06T17:40:21.275Z</time>
      </trkpt>
      <trkpt lat="48.844503" lon="12.625774">
        <ele>332.165208</ele>
        <time>2026-05-06T17:40:22.511Z</time>
      </trkpt>
      <trkpt lat="48.844565" lon="12.625746">
        <ele>332.146232</ele>
        <time>2026-05-06T17:40:23.176Z</time>
      </trkpt>
      <trkpt lat="48.844651" lon="12.625651">
        <ele>332.115037</ele>
        <time>2026-05-06T17:40:24.245Z</time>
      </trkpt>
      <trkpt lat="48.844765" lon="12.625215">
        <ele>332.001487</ele>
        <time>2026-05-06T17:40:27.329Z</time>
      </trkpt>
      <trkpt lat="48.844744" lon="12.625057">
        <ele>331.961008</ele>
        <time>2026-05-06T17:40:28.427Z</time>
      </trkpt>
      <trkpt lat="48.844676" lon="12.624959">
        <ele>331.925245</ele>
        <time>2026-05-06T17:40:29.403Z</time>
      </trkpt>
      <trkpt lat="48.844709" lon="12.624824">
        <ele>331.889079</ele>
        <time>2026-05-06T17:40:30.397Z</time>
      </trkpt>
      <trkpt lat="48.844739" lon="12.624687">
        <ele>331.852820</ele>
        <time>2026-05-06T17:40:31.416Z</time>
      </trkpt>
      <trkpt lat="48.844776" lon="12.624637">
        <ele>331.833925</ele>
        <time>2026-05-06T17:40:31.943Z</time>
      </trkpt>
      <trkpt lat="48.844900" lon="12.624635">
        <ele>331.786604</ele>
        <time>2026-05-06T17:40:33.272Z</time>
      </trkpt>
      <trkpt lat="48.844951" lon="12.624586">
        <ele>331.763579</ele>
        <time>2026-05-06T17:40:33.922Z</time>
      </trkpt>
      <trkpt lat="48.845048" lon="12.624272">
        <ele>331.676469</ele>
        <time>2026-05-06T17:40:36.475Z</time>
      </trkpt>
      <trkpt lat="48.845062" lon="12.623881">
        <ele>331.578133</ele>
        <time>2026-05-06T17:40:39.439Z</time>
      </trkpt>
      <trkpt lat="48.845065" lon="12.623475">
        <ele>331.476169</ele>
        <time>2026-05-06T17:40:42.549Z</time>
      </trkpt>
      <trkpt lat="48.845111" lon="12.622577">
        <ele>331.604037</ele>
        <time>2026-05-06T17:40:50.162Z</time>
      </trkpt>
      <trkpt lat="48.845124" lon="12.622459">
        <ele>331.638655</ele>
        <time>2026-05-06T17:40:51.310Z</time>
      </trkpt>
      <trkpt lat="48.845159" lon="12.622198">
        <ele>331.715728</ele>
        <time>2026-05-06T17:40:53.884Z</time>
      </trkpt>
      <trkpt lat="48.845210" lon="12.621927">
        <ele>331.797285</ele>
        <time>2026-05-06T17:40:56.530Z</time>
      </trkpt>
      <trkpt lat="48.845288" lon="12.621554">
        <ele>331.910531</ele>
        <time>2026-05-06T17:40:59.929Z</time>
      </trkpt>
      <trkpt lat="48.845460" lon="12.620956">
        <ele>332.099367</ele>
        <time>2026-05-06T17:41:05.560Z</time>
      </trkpt>
      <trkpt lat="48.845525" lon="12.620768">
        <ele>332.160815</ele>
        <time>2026-05-06T17:41:07.494Z</time>
      </trkpt>
      <trkpt lat="48.845563" lon="12.620657">
        <ele>332.197019</ele>
        <time>2026-05-06T17:41:08.651Z</time>
      </trkpt>
      <trkpt lat="48.845601" lon="12.620546">
        <ele>332.266955</ele>
        <time>2026-05-06T17:41:09.871Z</time>
      </trkpt>
      <trkpt lat="48.845659" lon="12.620374">
        <ele>332.390463</ele>
        <time>2026-05-06T17:41:11.785Z</time>
      </trkpt>
      <trkpt lat="48.845729" lon="12.620384">
        <ele>332.458738</ele>
        <time>2026-05-06T17:41:12.824Z</time>
      </trkpt>
      <trkpt lat="48.845787" lon="12.620326">
        <ele>332.526163</ele>
        <time>2026-05-06T17:41:13.956Z</time>
      </trkpt>
      <trkpt lat="48.845808" lon="12.620228">
        <ele>332.592027</ele>
        <time>2026-05-06T17:41:15.015Z</time>
      </trkpt>
      <trkpt lat="48.845777" lon="12.620117">
        <ele>332.669085</ele>
        <time>2026-05-06T17:41:16.247Z</time>
      </trkpt>
      <trkpt lat="48.845836" lon="12.620039">
        <ele>332.745028</ele>
        <time>2026-05-06T17:41:17.452Z</time>
      </trkpt>
      <trkpt lat="48.846197" lon="12.619266">
        <ele>333.350764</ele>
        <time>2026-05-06T17:41:26.576Z</time>
      </trkpt>
      <trkpt lat="48.846352" lon="12.618898">
        <ele>333.629978</ele>
        <time>2026-05-06T17:41:31.103Z</time>
      </trkpt>
      <trkpt lat="48.846361" lon="12.618877">
        <ele>333.645993</ele>
        <time>2026-05-06T17:41:31.393Z</time>
      </trkpt>
      <trkpt lat="48.846421" lon="12.618752">
        <ele>333.744866</ele>
        <time>2026-05-06T17:41:33.110Z</time>
      </trkpt>
      <trkpt lat="48.847001" lon="12.617326">
        <ele>335.109100</ele>
        <time>2026-05-06T17:41:51.594Z</time>
      </trkpt>
      <trkpt lat="48.847132" lon="12.616982">
        <ele>335.449179</ele>
        <time>2026-05-06T17:41:55.862Z</time>
      </trkpt>
      <trkpt lat="48.847419" lon="12.615893">
        <ele>336.292354</ele>
        <time>2026-05-06T17:42:08.543Z</time>
      </trkpt>
      <trkpt lat="48.847554" lon="12.615588">
        <ele>336.295686</ele>
        <time>2026-05-06T17:42:12.109Z</time>
      </trkpt>
      <trkpt lat="48.847754" lon="12.615304">
        <ele>336.299456</ele>
        <time>2026-05-06T17:42:15.970Z</time>
      </trkpt>
      <trkpt lat="48.847989" lon="12.615056">
        <ele>336.303396</ele>
        <time>2026-05-06T17:42:20.843Z</time>
      </trkpt>
      <trkpt lat="48.848758" lon="12.614241">
        <ele>336.245237</ele>
        <time>2026-05-06T17:42:34.814Z</time>
      </trkpt>
      <trkpt lat="48.848966" lon="12.614021">
        <ele>335.973552</ele>
        <time>2026-05-06T17:42:38.274Z</time>
      </trkpt>
      <trkpt lat="48.848963" lon="12.613862">
        <ele>335.861336</ele>
        <time>2026-05-06T17:42:39.263Z</time>
      </trkpt>
      <trkpt lat="48.849024" lon="12.613796">
        <ele>335.781058</ele>
        <time>2026-05-06T17:42:39.975Z</time>
      </trkpt>
      <trkpt lat="48.850584" lon="12.612103">
        <ele>333.917513</ele>
        <time>2026-05-06T17:42:58.834Z</time>
      </trkpt>
      <trkpt lat="48.852436" lon="12.609725">
        <ele>332.231909</ele>
        <time>2026-05-06T17:43:24.696Z</time>
      </trkpt>
      <trkpt lat="48.852939" lon="12.609150">
        <ele>331.840496</ele>
        <time>2026-05-06T17:43:31.308Z</time>
      </trkpt>
      <trkpt lat="48.853157" lon="12.608859">
        <ele>331.682827</ele>
        <time>2026-05-06T17:43:34.338Z</time>
      </trkpt>
      <trkpt lat="48.853944" lon="12.607811">
        <ele>331.114227</ele>
        <time>2026-05-06T17:43:45.403Z</time>
      </trkpt>
      <trkpt lat="48.856361" lon="12.605122">
        <ele>330.262900</ele>
        <time>2026-05-06T17:44:19.168Z</time>
      </trkpt>
      <trkpt lat="48.856605" lon="12.604879">
        <ele>330.233809</ele>
        <time>2026-05-06T17:44:22.605Z</time>
      </trkpt>
      <trkpt lat="48.859558" lon="12.602562">
        <ele>330.548200</ele>
        <time>2026-05-06T17:45:03.963Z</time>
      </trkpt>
      <trkpt lat="48.862948" lon="12.600243">
        <ele>331.509543</ele>
        <time>2026-05-06T17:45:52.780Z</time>
      </trkpt>
      <trkpt lat="48.864493" lon="12.599283">
        <ele>332.112356</ele>
        <time>2026-05-06T17:46:13.817Z</time>
      </trkpt>
      <trkpt lat="48.865370" lon="12.598750">
        <ele>332.585691</ele>
        <time>2026-05-06T17:46:27.279Z</time>
      </trkpt>
      <trkpt lat="48.865534" lon="12.598587">
        <ele>332.732856</ele>
        <time>2026-05-06T17:46:30.361Z</time>
      </trkpt>
      <trkpt lat="48.865624" lon="12.598295">
        <ele>332.904860</ele>
        <time>2026-05-06T17:46:33.705Z</time>
      </trkpt>
      <trkpt lat="48.865684" lon="12.598244">
        <ele>332.960601</ele>
        <time>2026-05-06T17:46:34.779Z</time>
      </trkpt>
      <trkpt lat="48.865786" lon="12.598226">
        <ele>333.043865</ele>
        <time>2026-05-06T17:46:36.421Z</time>
      </trkpt>
      <trkpt lat="48.865911" lon="12.598200">
        <ele>333.146167</ele>
        <time>2026-05-06T17:46:38.447Z</time>
      </trkpt>
      <trkpt lat="48.866000" lon="12.598369">
        <ele>333.261641</ele>
        <time>2026-05-06T17:46:40.738Z</time>
      </trkpt>
      <trkpt lat="48.866936" lon="12.597307">
        <ele>334.073191</ele>
        <time>2026-05-06T17:46:57.820Z</time>
      </trkpt>
      <trkpt lat="48.867082" lon="12.597044">
        <ele>334.085907</ele>
        <time>2026-05-06T17:47:00.598Z</time>
      </trkpt>
      <trkpt lat="48.867242" lon="12.596687">
        <ele>334.101868</ele>
        <time>2026-05-06T17:47:03.932Z</time>
      </trkpt>
      <trkpt lat="48.867620" lon="12.595806">
        <ele>334.140732</ele>
        <time>2026-05-06T17:47:12.083Z</time>
      </trkpt>
      <trkpt lat="48.867760" lon="12.595488">
        <ele>334.154870</ele>
        <time>2026-05-06T17:47:15.053Z</time>
      </trkpt>
      <trkpt lat="48.868012" lon="12.594916">
        <ele>334.062954</ele>
        <time>2026-05-06T17:47:20.514Z</time>
      </trkpt>
      <trkpt lat="48.868038" lon="12.594861">
        <ele>334.047298</ele>
        <time>2026-05-06T17:47:21.040Z</time>
      </trkpt>
      <trkpt lat="48.868367" lon="12.594112">
        <ele>333.839102</ele>
        <time>2026-05-06T17:47:27.395Z</time>
      </trkpt>
      <trkpt lat="48.868411" lon="12.594013">
        <ele>333.811483</ele>
        <time>2026-05-06T17:47:28.245Z</time>
      </trkpt>
      <trkpt lat="48.868528" lon="12.593746">
        <ele>333.737321</ele>
        <time>2026-05-06T17:47:30.505Z</time>
      </trkpt>
      <trkpt lat="48.868672" lon="12.593419">
        <ele>333.646356</ele>
        <time>2026-05-06T17:47:33.302Z</time>
      </trkpt>
      <trkpt lat="48.868875" lon="12.592958">
        <ele>333.526591</ele>
        <time>2026-05-06T17:47:37.336Z</time>
      </trkpt>
      <trkpt lat="48.868973" lon="12.592738">
        <ele>333.502525</ele>
        <time>2026-05-06T17:47:39.355Z</time>
      </trkpt>
      <trkpt lat="48.868994" lon="12.592684">
        <ele>333.496843</ele>
        <time>2026-05-06T17:47:39.845Z</time>
      </trkpt>
      <trkpt lat="48.869062" lon="12.592530">
        <ele>333.480043</ele>
        <time>2026-05-06T17:47:41.220Z</time>
      </trkpt>
      <trkpt lat="48.869083" lon="12.592479">
        <ele>333.474593</ele>
        <time>2026-05-06T17:47:41.676Z</time>
      </trkpt>
      <trkpt lat="48.869610" lon="12.591365">
        <ele>333.350307</ele>
        <time>2026-05-06T17:47:52.232Z</time>
      </trkpt>
      <trkpt lat="48.869664" lon="12.591268">
        <ele>333.338797</ele>
        <time>2026-05-06T17:47:53.306Z</time>
      </trkpt>
      <trkpt lat="48.870075" lon="12.590646">
        <ele>333.194496</ele>
        <time>2026-05-06T17:48:00.708Z</time>
      </trkpt>
      <trkpt lat="48.870841" lon="12.589864">
        <ele>332.745554</ele>
        <time>2026-05-06T17:48:10.600Z</time>
      </trkpt>
      <trkpt lat="48.871676" lon="12.589002">
        <ele>332.383960</ele>
        <time>2026-05-06T17:48:21.064Z</time>
      </trkpt>
      <trkpt lat="48.871806" lon="12.588866">
        <ele>332.371425</ele>
        <time>2026-05-06T17:48:22.802Z</time>
      </trkpt>
      <trkpt lat="48.872037" lon="12.588598">
        <ele>332.348345</ele>
        <time>2026-05-06T17:48:26.203Z</time>
      </trkpt>
      <trkpt lat="48.872382" lon="12.588214">
        <ele>332.314382</ele>
        <time>2026-05-06T17:48:31.548Z</time>
      </trkpt>
      <trkpt lat="48.872848" lon="12.587684">
        <ele>332.268156</ele>
        <time>2026-05-06T17:48:39.456Z</time>
      </trkpt>
      <trkpt lat="48.873082" lon="12.587413">
        <ele>332.058161</ele>
        <time>2026-05-06T17:48:43.458Z</time>
      </trkpt>
      <trkpt lat="48.873800" lon="12.586604">
        <ele>331.372848</ele>
        <time>2026-05-06T17:48:53.226Z</time>
      </trkpt>
      <trkpt lat="48.874835" lon="12.585418">
        <ele>329.384487</ele>
        <time>2026-05-06T17:49:05.017Z</time>
      </trkpt>
      <trkpt lat="48.875158" lon="12.585117">
        <ele>328.525331</ele>
        <time>2026-05-06T17:49:08.278Z</time>
      </trkpt>
      <trkpt lat="48.875590" lon="12.584713">
        <ele>327.375134</ele>
        <time>2026-05-06T17:49:12.606Z</time>
      </trkpt>
      <trkpt lat="48.875722" lon="12.584587">
        <ele>327.021674</ele>
        <time>2026-05-06T17:49:13.940Z</time>
      </trkpt>
      <trkpt lat="48.876003" lon="12.584314">
        <ele>326.387348</ele>
        <time>2026-05-06T17:49:16.829Z</time>
      </trkpt>
      <trkpt lat="48.876256" lon="12.584069">
        <ele>325.859953</ele>
        <time>2026-05-06T17:49:19.420Z</time>
      </trkpt>
      <trkpt lat="48.876752" lon="12.583550">
        <ele>324.801310</ele>
        <time>2026-05-06T17:49:24.983Z</time>
      </trkpt>
      <trkpt lat="48.877107" lon="12.583129">
        <ele>324.009730</ele>
        <time>2026-05-06T17:49:29.351Z</time>
      </trkpt>
      <trkpt lat="48.877162" lon="12.583057">
        <ele>323.882124</ele>
        <time>2026-05-06T17:49:30.061Z</time>
      </trkpt>
      <trkpt lat="48.877406" lon="12.582739">
        <ele>323.525218</ele>
        <time>2026-05-06T17:49:33.224Z</time>
      </trkpt>
      <trkpt lat="48.877452" lon="12.582681">
        <ele>323.486725</ele>
        <time>2026-05-06T17:49:33.799Z</time>
      </trkpt>
      <trkpt lat="48.877839" lon="12.582234">
        <ele>323.173669</ele>
        <time>2026-05-06T17:49:38.565Z</time>
      </trkpt>
      <trkpt lat="48.877919" lon="12.582067">
        <ele>323.086143</ele>
        <time>2026-05-06T17:49:39.933Z</time>
      </trkpt>
      <trkpt lat="48.877980" lon="12.581810">
        <ele>322.970394</ele>
        <time>2026-05-06T17:49:41.759Z</time>
      </trkpt>
      <trkpt lat="48.878054" lon="12.581179">
        <ele>322.698863</ele>
        <time>2026-05-06T17:49:46.287Z</time>
      </trkpt>
      <trkpt lat="48.878148" lon="12.580851">
        <ele>322.547291</ele>
        <time>2026-05-06T17:49:49.150Z</time>
      </trkpt>
      <trkpt lat="48.878340" lon="12.580515">
        <ele>322.770460</ele>
        <time>2026-05-06T17:49:52.931Z</time>
      </trkpt>
      <trkpt lat="48.878366" lon="12.580487">
        <ele>322.815835</ele>
        <time>2026-05-06T17:49:53.370Z</time>
      </trkpt>
      <trkpt lat="48.878568" lon="12.580303">
        <ele>323.151182</ele>
        <time>2026-05-06T17:49:56.750Z</time>
      </trkpt>
      <trkpt lat="48.878663" lon="12.580224">
        <ele>323.305388</ele>
        <time>2026-05-06T17:49:58.393Z</time>
      </trkpt>
      <trkpt lat="48.878759" lon="12.580149">
        <ele>323.459096</ele>
        <time>2026-05-06T17:50:00.084Z</time>
      </trkpt>
      <trkpt lat="48.878862" lon="12.580041">
        <ele>323.637279</ele>
        <time>2026-05-06T17:50:02.076Z</time>
      </trkpt>
      <trkpt lat="48.879006" lon="12.579896">
        <ele>323.883246</ele>
        <time>2026-05-06T17:50:04.961Z</time>
      </trkpt>
      <trkpt lat="48.879280" lon="12.579517">
        <ele>324.410761</ele>
        <time>2026-05-06T17:50:11.758Z</time>
      </trkpt>
      <trkpt lat="48.879691" lon="12.578847">
        <ele>325.436090</ele>
        <time>2026-05-06T17:50:24.091Z</time>
      </trkpt>
      <trkpt lat="48.879827" lon="12.578615">
        <ele>325.948002</ele>
        <time>2026-05-06T17:50:28.319Z</time>
      </trkpt>
      <trkpt lat="48.879979" lon="12.578366">
        <ele>326.507594</ele>
        <time>2026-05-06T17:50:32.985Z</time>
      </trkpt>
      <trkpt lat="48.880756" lon="12.577160">
        <ele>329.288436</ele>
        <time>2026-05-06T17:50:56.052Z</time>
      </trkpt>
      <trkpt lat="48.880867" lon="12.576958">
        <ele>329.637227</ele>
        <time>2026-05-06T17:50:59.421Z</time>
      </trkpt>
      <trkpt lat="48.881029" lon="12.576600">
        <ele>329.993109</ele>
        <time>2026-05-06T17:51:04.733Z</time>
      </trkpt>
      <trkpt lat="48.881029" lon="12.576474">
        <ele>330.096294</ele>
        <time>2026-05-06T17:51:06.216Z</time>
      </trkpt>
      <trkpt lat="48.881011" lon="12.576021">
        <ele>330.467947</ele>
        <time>2026-05-06T17:51:11.202Z</time>
      </trkpt>
      <trkpt lat="48.881008" lon="12.575976">
        <ele>330.504988</ele>
        <time>2026-05-06T17:51:11.669Z</time>
      </trkpt>
      <trkpt lat="48.880905" lon="12.574794">
        <ele>331.481429</ele>
        <time>2026-05-06T17:51:23.337Z</time>
      </trkpt>
      <trkpt lat="48.880846" lon="12.574184">
        <ele>331.885624</ele>
        <time>2026-05-06T17:51:28.835Z</time>
      </trkpt>
      <trkpt lat="48.880779" lon="12.573653">
        <ele>332.097475</ele>
        <time>2026-05-06T17:51:33.814Z</time>
      </trkpt>
      <trkpt lat="48.880733" lon="12.573597">
        <ele>332.132584</ele>
        <time>2026-05-06T17:51:34.668Z</time>
      </trkpt>
      <trkpt lat="48.880633" lon="12.573340">
        <ele>332.249588</ele>
        <time>2026-05-06T17:51:37.458Z</time>
      </trkpt>
      <trkpt lat="48.880491" lon="12.572769">
        <ele>332.488781</ele>
        <time>2026-05-06T17:51:43.288Z</time>
      </trkpt>
      <trkpt lat="48.880484" lon="12.572732">
        <ele>332.503866</ele>
        <time>2026-05-06T17:51:43.645Z</time>
      </trkpt>
      <trkpt lat="48.880340" lon="12.571942">
        <ele>332.825077</ele>
        <time>2026-05-06T17:51:51.366Z</time>
      </trkpt>
      <trkpt lat="48.880267" lon="12.571506">
        <ele>332.838982</ele>
        <time>2026-05-06T17:51:55.421Z</time>
      </trkpt>
      <trkpt lat="48.880241" lon="12.571347">
        <ele>332.826809</ele>
        <time>2026-05-06T17:51:56.761Z</time>
      </trkpt>
      <trkpt lat="48.880215" lon="12.571191">
        <ele>332.814853</ele>
        <time>2026-05-06T17:51:58.037Z</time>
      </trkpt>
      <trkpt lat="48.880180" lon="12.570994">
        <ele>332.799691</ele>
        <time>2026-05-06T17:51:59.579Z</time>
      </trkpt>
      <trkpt lat="48.880053" lon="12.570256">
        <ele>332.743014</ele>
        <time>2026-05-06T17:52:05.046Z</time>
      </trkpt>
      <trkpt lat="48.879948" lon="12.569605">
        <ele>332.693212</ele>
        <time>2026-05-06T17:52:09.903Z</time>
      </trkpt>
      <trkpt lat="48.879866" lon="12.568952">
        <ele>332.722136</ele>
        <time>2026-05-06T17:52:14.950Z</time>
      </trkpt>
      <trkpt lat="48.879802" lon="12.568497">
        <ele>332.839317</ele>
        <time>2026-05-06T17:52:18.556Z</time>
      </trkpt>
      <trkpt lat="48.879704" lon="12.567717">
        <ele>333.039309</ele>
        <time>2026-05-06T17:52:25.373Z</time>
      </trkpt>
      <trkpt lat="48.879604" lon="12.566719">
        <ele>333.293552</ele>
        <time>2026-05-06T17:52:35.383Z</time>
      </trkpt>
      <trkpt lat="48.879706" lon="12.566688">
        <ele>333.333386</ele>
        <time>2026-05-06T17:52:36.965Z</time>
      </trkpt>
      <trkpt lat="48.879812" lon="12.566576">
        <ele>333.290857</ele>
        <time>2026-05-06T17:52:39.486Z</time>
      </trkpt>
      <trkpt lat="48.879898" lon="12.566333">
        <ele>333.162867</ele>
        <time>2026-05-06T17:52:42.875Z</time>
      </trkpt>
      <trkpt lat="48.880042" lon="12.566103">
        <ele>333.015578</ele>
        <time>2026-05-06T17:52:46.639Z</time>
      </trkpt>
      <trkpt lat="48.880054" lon="12.566066">
        <ele>332.996443</ele>
        <time>2026-05-06T17:52:47.129Z</time>
      </trkpt>
      <trkpt lat="48.880030" lon="12.565930">
        <ele>332.931134</ele>
        <time>2026-05-06T17:52:48.753Z</time>
      </trkpt>
      <trkpt lat="48.880095" lon="12.565836">
        <ele>332.867870</ele>
        <time>2026-05-06T17:52:50.362Z</time>
      </trkpt>
      <trkpt lat="48.880522" lon="12.565395">
        <ele>332.503828</ele>
        <time>2026-05-06T17:52:58.573Z</time>
      </trkpt>
      <trkpt lat="48.881118" lon="12.564960">
        <ele>331.810969</ele>
        <time>2026-05-06T17:53:07.330Z</time>
      </trkpt>
      <trkpt lat="48.882209" lon="12.564062">
        <ele>326.466052</ele>
        <time>2026-05-06T17:53:21.174Z</time>
      </trkpt>
      <trkpt lat="48.882193" lon="12.563971">
        <ele>326.199169</ele>
        <time>2026-05-06T17:53:21.845Z</time>
      </trkpt>
      <trkpt lat="48.882840" lon="12.563438">
        <ele>323.317759</ele>
        <time>2026-05-06T17:53:27.491Z</time>
      </trkpt>
      <trkpt lat="48.883104" lon="12.563222">
        <ele>322.312368</ele>
        <time>2026-05-06T17:53:29.857Z</time>
      </trkpt>
      <trkpt lat="48.883291" lon="12.563061">
        <ele>321.591690</ele>
        <time>2026-05-06T17:53:31.567Z</time>
      </trkpt>
      <trkpt lat="48.883496" lon="12.562803">
        <ele>320.699272</ele>
        <time>2026-05-06T17:53:33.723Z</time>
      </trkpt>
      <trkpt lat="48.883587" lon="12.562654">
        <ele>320.250813</ele>
        <time>2026-05-06T17:53:34.846Z</time>
      </trkpt>
      <trkpt lat="48.883778" lon="12.562271">
        <ele>319.190745</ele>
        <time>2026-05-06T17:53:37.654Z</time>
      </trkpt>
      <trkpt lat="48.883933" lon="12.562003">
        <ele>318.403639</ele>
        <time>2026-05-06T17:53:39.836Z</time>
      </trkpt>
      <trkpt lat="48.884056" lon="12.561819">
        <ele>318.175317</ele>
        <time>2026-05-06T17:53:41.450Z</time>
      </trkpt>
      <trkpt lat="48.884303" lon="12.561559">
        <ele>317.910077</ele>
        <time>2026-05-06T17:53:44.350Z</time>
      </trkpt>
      <trkpt lat="48.884454" lon="12.561437">
        <ele>317.759102</ele>
        <time>2026-05-06T17:53:46.098Z</time>
      </trkpt>
      <trkpt lat="48.884888" lon="12.561230">
        <ele>317.357494</ele>
        <time>2026-05-06T17:53:50.759Z</time>
      </trkpt>
      <trkpt lat="48.885291" lon="12.561087">
        <ele>316.992105</ele>
        <time>2026-05-06T17:53:55.374Z</time>
      </trkpt>
      <trkpt lat="48.885401" lon="12.561043">
        <ele>316.891676</ele>
        <time>2026-05-06T17:53:56.661Z</time>
      </trkpt>
      <trkpt lat="48.885597" lon="12.560963">
        <ele>316.712492</ele>
        <time>2026-05-06T17:53:58.935Z</time>
      </trkpt>
      <trkpt lat="48.885904" lon="12.560807">
        <ele>316.571282</ele>
        <time>2026-05-06T17:54:02.398Z</time>
      </trkpt>
      <trkpt lat="48.886375" lon="12.560425">
        <ele>316.338498</ele>
        <time>2026-05-06T17:54:07.964Z</time>
      </trkpt>
      <trkpt lat="48.886755" lon="12.559975">
        <ele>316.128469</ele>
        <time>2026-05-06T17:54:13.031Z</time>
      </trkpt>
      <trkpt lat="48.887003" lon="12.559632">
        <ele>315.982282</ele>
        <time>2026-05-06T17:54:16.754Z</time>
      </trkpt>
      <trkpt lat="48.887238" lon="12.559486">
        <ele>315.972837</ele>
        <time>2026-05-06T17:54:20.987Z</time>
      </trkpt>
      <trkpt lat="48.887303" lon="12.559475">
        <ele>315.995492</ele>
        <time>2026-05-06T17:54:22.094Z</time>
      </trkpt>
      <trkpt lat="48.887320" lon="12.559404">
        <ele>316.012703</ele>
        <time>2026-05-06T17:54:22.972Z</time>
      </trkpt>
      <trkpt lat="48.887356" lon="12.559353">
        <ele>316.029746</ele>
        <time>2026-05-06T17:54:23.817Z</time>
      </trkpt>
      <trkpt lat="48.887428" lon="12.559255">
        <ele>316.063217</ele>
        <time>2026-05-06T17:54:25.538Z</time>
      </trkpt>
      <trkpt lat="48.887514" lon="12.559133">
        <ele>316.103956</ele>
        <time>2026-05-06T17:54:27.125Z</time>
      </trkpt>
      <trkpt lat="48.888018" lon="12.558362">
        <ele>316.351586</ele>
        <time>2026-05-06T17:54:37.383Z</time>
      </trkpt>
      <trkpt lat="48.889559" lon="12.556153">
        <ele>317.002585</ele>
        <time>2026-05-06T17:55:05.080Z</time>
      </trkpt>
      <trkpt lat="48.890023" lon="12.555518">
        <ele>317.200425</ele>
        <time>2026-05-06T17:55:13.047Z</time>
      </trkpt>
      <trkpt lat="48.890433" lon="12.555132">
        <ele>317.361383</ele>
        <time>2026-05-06T17:55:19.251Z</time>
      </trkpt>
      <trkpt lat="48.890890" lon="12.554872">
        <ele>317.524255</ele>
        <time>2026-05-06T17:55:25.828Z</time>
      </trkpt>
      <trkpt lat="48.891221" lon="12.554771">
        <ele>317.636945</ele>
        <time>2026-05-06T17:55:30.456Z</time>
      </trkpt>
      <trkpt lat="48.891424" lon="12.554750">
        <ele>317.709680</ele>
        <time>2026-05-06T17:55:33.204Z</time>
      </trkpt>
      <trkpt lat="48.891664" lon="12.554747">
        <ele>317.804270</ele>
        <time>2026-05-06T17:55:36.457Z</time>
      </trkpt>
      <trkpt lat="48.892076" lon="12.554826">
        <ele>317.967930</ele>
        <time>2026-05-06T17:55:42.000Z</time>
      </trkpt>
      <trkpt lat="48.893296" lon="12.555348">
        <ele>318.479240</ele>
        <time>2026-05-06T17:55:58.661Z</time>
      </trkpt>
      <trkpt lat="48.893465" lon="12.555455">
        <ele>318.562009</ele>
        <time>2026-05-06T17:56:01.264Z</time>
      </trkpt>
      <trkpt lat="48.893815" lon="12.555482">
        <ele>318.720465</ele>
        <time>2026-05-06T17:56:06.400Z</time>
      </trkpt>
      <trkpt lat="48.894172" lon="12.555580">
        <ele>318.884490</ele>
        <time>2026-05-06T17:56:11.511Z</time>
      </trkpt>
      <trkpt lat="48.894433" lon="12.555751">
        <ele>319.012984</ele>
        <time>2026-05-06T17:56:15.275Z</time>
      </trkpt>
      <trkpt lat="48.894555" lon="12.555797">
        <ele>319.069816</ele>
        <time>2026-05-06T17:56:16.887Z</time>
      </trkpt>
      <trkpt lat="48.895060" lon="12.555902">
        <ele>319.279951</ele>
        <time>2026-05-06T17:56:23.242Z</time>
      </trkpt>
      <trkpt lat="48.895904" lon="12.556209">
        <ele>319.592534</ele>
        <time>2026-05-06T17:56:35.279Z</time>
      </trkpt>
      <trkpt lat="48.896184" lon="12.556297">
        <ele>319.695521</ele>
        <time>2026-05-06T17:56:38.979Z</time>
      </trkpt>
      <trkpt lat="48.896494" lon="12.556355">
        <ele>319.808026</ele>
        <time>2026-05-06T17:56:43.025Z</time>
      </trkpt>
      <trkpt lat="48.897181" lon="12.556377">
        <ele>319.623913</ele>
        <time>2026-05-06T17:56:52.251Z</time>
      </trkpt>
      <trkpt lat="48.899015" lon="12.556449">
        <ele>318.895027</ele>
        <time>2026-05-06T17:57:11.177Z</time>
      </trkpt>
      <trkpt lat="48.899167" lon="12.556458">
        <ele>318.832273</ele>
        <time>2026-05-06T17:57:12.606Z</time>
      </trkpt>
      <trkpt lat="48.899482" lon="12.556456">
        <ele>318.702319</ele>
        <time>2026-05-06T17:57:16.108Z</time>
      </trkpt>
      <trkpt lat="48.900171" lon="12.556476">
        <ele>318.418022</ele>
        <time>2026-05-06T17:57:24.925Z</time>
      </trkpt>
      <trkpt lat="48.900618" lon="12.556490">
        <ele>318.369670</ele>
        <time>2026-05-06T17:57:30.136Z</time>
      </trkpt>
      <trkpt lat="48.901829" lon="12.556603">
        <ele>318.265814</ele>
        <time>2026-05-06T17:57:44.663Z</time>
      </trkpt>
      <trkpt lat="48.904603" lon="12.556708">
        <ele>317.222764</ele>
        <time>2026-05-06T17:58:14.915Z</time>
      </trkpt>
      <trkpt lat="48.904628" lon="12.556550">
        <ele>317.189112</ele>
        <time>2026-05-06T17:58:16.117Z</time>
      </trkpt>
      <trkpt lat="48.906601" lon="12.556628">
        <ele>316.956112</ele>
        <time>2026-05-06T17:58:39.194Z</time>
      </trkpt>
      <trkpt lat="48.907190" lon="12.556729">
        <ele>316.980991</ele>
        <time>2026-05-06T17:58:46.658Z</time>
      </trkpt>
      <trkpt lat="48.907799" lon="12.557035">
        <ele>317.216517</ele>
        <time>2026-05-06T17:58:55.340Z</time>
      </trkpt>
      <trkpt lat="48.907961" lon="12.557159">
        <ele>317.296269</ele>
        <time>2026-05-06T17:58:57.872Z</time>
      </trkpt>
      <trkpt lat="48.908265" lon="12.557434">
        <ele>317.451808</ele>
        <time>2026-05-06T17:59:02.690Z</time>
      </trkpt>
      <trkpt lat="48.908806" lon="12.558060">
        <ele>317.750719</ele>
        <time>2026-05-06T17:59:11.967Z</time>
      </trkpt>
      <trkpt lat="48.909676" lon="12.559090">
        <ele>318.067790</ele>
        <time>2026-05-06T17:59:27.316Z</time>
      </trkpt>
      <trkpt lat="48.910056" lon="12.559446">
        <ele>318.192270</ele>
        <time>2026-05-06T17:59:32.685Z</time>
      </trkpt>
      <trkpt lat="48.910227" lon="12.559562">
        <ele>318.244495</ele>
        <time>2026-05-06T17:59:34.874Z</time>
      </trkpt>
      <trkpt lat="48.910312" lon="12.559620">
        <ele>318.270480</ele>
        <time>2026-05-06T17:59:35.968Z</time>
      </trkpt>
      <trkpt lat="48.910577" lon="12.559771">
        <ele>318.255744</ele>
        <time>2026-05-06T17:59:39.244Z</time>
      </trkpt>
      <trkpt lat="48.911166" lon="12.559993">
        <ele>318.201040</ele>
        <time>2026-05-06T17:59:46.264Z</time>
      </trkpt>
      <trkpt lat="48.911639" lon="12.560023">
        <ele>318.158361</ele>
        <time>2026-05-06T17:59:51.625Z</time>
      </trkpt>
      <trkpt lat="48.912186" lon="12.559930">
        <ele>318.132806</ele>
        <time>2026-05-06T17:59:58.544Z</time>
      </trkpt>
      <trkpt lat="48.913765" lon="12.559248">
        <ele>318.445426</ele>
        <time>2026-05-06T18:00:19.672Z</time>
      </trkpt>
      <trkpt lat="48.914482" lon="12.558923">
        <ele>318.627442</ele>
        <time>2026-05-06T18:00:28.817Z</time>
      </trkpt>
      <trkpt lat="48.915457" lon="12.558525">
        <ele>318.878675</ele>
        <time>2026-05-06T18:00:42.259Z</time>
      </trkpt>
      <trkpt lat="48.916128" lon="12.558386">
        <ele>318.881313</ele>
        <time>2026-05-06T18:00:51.333Z</time>
      </trkpt>
      <trkpt lat="48.916625" lon="12.558374">
        <ele>318.858980</ele>
        <time>2026-05-06T18:00:57.146Z</time>
      </trkpt>
      <trkpt lat="48.916641" lon="12.558046">
        <ele>318.849269</ele>
        <time>2026-05-06T18:00:59.629Z</time>
      </trkpt>
      <trkpt lat="48.916725" lon="12.556983">
        <ele>318.790380</ele>
        <time>2026-05-06T18:01:07.456Z</time>
      </trkpt>
      <trkpt lat="48.916789" lon="12.556842">
        <ele>318.768517</ele>
        <time>2026-05-06T18:01:08.670Z</time>
      </trkpt>
      <trkpt lat="48.916860" lon="12.556770">
        <ele>318.751952</ele>
        <time>2026-05-06T18:01:09.592Z</time>
      </trkpt>
      <trkpt lat="48.917240" lon="12.556459">
        <ele>318.668183</ele>
        <time>2026-05-06T18:01:14.304Z</time>
      </trkpt>
      <trkpt lat="48.917615" lon="12.556239">
        <ele>318.590155</ele>
        <time>2026-05-06T18:01:19.062Z</time>
      </trkpt>
      <trkpt lat="48.918124" lon="12.556048">
        <ele>318.488374</ele>
        <time>2026-05-06T18:01:25.733Z</time>
      </trkpt>
      <trkpt lat="48.919219" lon="12.555949">
        <ele>318.286304</ele>
        <time>2026-05-06T18:01:38.461Z</time>
      </trkpt>
      <trkpt lat="48.920371" lon="12.555904">
        <ele>318.115842</ele>
        <time>2026-05-06T18:01:51.300Z</time>
      </trkpt>
      <trkpt lat="48.920926" lon="12.555760">
        <ele>318.071810</ele>
        <time>2026-05-06T18:01:57.791Z</time>
      </trkpt>
      <trkpt lat="48.921785" lon="12.555452">
        <ele>318.026432</ele>
        <time>2026-05-06T18:02:08.724Z</time>
      </trkpt>
      <trkpt lat="48.922701" lon="12.554928">
        <ele>318.570723</ele>
        <time>2026-05-06T18:02:22.133Z</time>
      </trkpt>
      <trkpt lat="48.923887" lon="12.554206">
        <ele>319.178708</ele>
        <time>2026-05-06T18:02:40.813Z</time>
      </trkpt>
      <trkpt lat="48.924179" lon="12.554060">
        <ele>319.285963</ele>
        <time>2026-05-06T18:02:45.069Z</time>
      </trkpt>
      <trkpt lat="48.924173" lon="12.553909">
        <ele>319.320649</ele>
        <time>2026-05-06T18:02:46.405Z</time>
      </trkpt>
      <trkpt lat="48.924269" lon="12.553588">
        <ele>319.401516</ele>
        <time>2026-05-06T18:02:49.475Z</time>
      </trkpt>
      <trkpt lat="48.924447" lon="12.553276">
        <ele>319.496257</ele>
        <time>2026-05-06T18:02:52.944Z</time>
      </trkpt>
      <trkpt lat="48.924579" lon="12.553110">
        <ele>319.556011</ele>
        <time>2026-05-06T18:02:55.076Z</time>
      </trkpt>
      <trkpt lat="48.925500" lon="12.552183">
        <ele>319.341775</ele>
        <time>2026-05-06T18:03:07.383Z</time>
      </trkpt>
      <trkpt lat="48.926768" lon="12.550953">
        <ele>318.884901</ele>
        <time>2026-05-06T18:03:24.080Z</time>
      </trkpt>
      <trkpt lat="48.927104" lon="12.550654">
        <ele>318.783379</ele>
        <time>2026-05-06T18:03:28.581Z</time>
      </trkpt>
      <trkpt lat="48.927270" lon="12.550543">
        <ele>318.736086</ele>
        <time>2026-05-06T18:03:30.697Z</time>
      </trkpt>
      <trkpt lat="48.928327" lon="12.549865">
        <ele>318.354858</ele>
        <time>2026-05-06T18:03:43.906Z</time>
      </trkpt>
      <trkpt lat="48.927769" lon="12.548802">
        <ele>317.976528</ele>
        <time>2026-05-06T18:03:53.552Z</time>
      </trkpt>
      <trkpt lat="48.927716" lon="12.548699">
        <ele>317.940149</ele>
        <time>2026-05-06T18:03:54.444Z</time>
      </trkpt>
      <trkpt lat="48.927696" lon="12.548661">
        <ele>317.926611</ele>
        <time>2026-05-06T18:03:54.771Z</time>
      </trkpt>
      <trkpt lat="48.927667" lon="12.548608">
        <ele>317.907432</ele>
        <time>2026-05-06T18:03:55.228Z</time>
      </trkpt>
      <trkpt lat="48.927642" lon="12.548559">
        <ele>317.890182</ele>
        <time>2026-05-06T18:03:55.654Z</time>
      </trkpt>
      <trkpt lat="48.927381" lon="12.548047">
        <ele>317.763538</ele>
        <time>2026-05-06T18:04:00.201Z</time>
      </trkpt>
      <trkpt lat="48.927275" lon="12.547817">
        <ele>317.728337</ele>
        <time>2026-05-06T18:04:02.302Z</time>
      </trkpt>
      <trkpt lat="48.927255" lon="12.547752">
        <ele>317.719344</ele>
        <time>2026-05-06T18:04:02.852Z</time>
      </trkpt>
      <trkpt lat="48.927214" lon="12.547392">
        <ele>317.673565</ele>
        <time>2026-05-06T18:04:05.596Z</time>
      </trkpt>
      <trkpt lat="48.927227" lon="12.547174">
        <ele>317.646138</ele>
        <time>2026-05-06T18:04:07.256Z</time>
      </trkpt>
      <trkpt lat="48.927319" lon="12.546172">
        <ele>317.519372</ele>
        <time>2026-05-06T18:04:15.012Z</time>
      </trkpt>
      <trkpt lat="48.927337" lon="12.545564">
        <ele>317.470806</ele>
        <time>2026-05-06T18:04:20.039Z</time>
      </trkpt>
      <trkpt lat="48.927403" lon="12.545557">
        <ele>317.474565</ele>
        <time>2026-05-06T18:04:20.943Z</time>
      </trkpt>
      <trkpt lat="48.929346" lon="12.544330">
        <ele>317.517487</ele>
        <time>2026-05-06T18:04:46.642Z</time>
      </trkpt>
      <trkpt lat="48.930991" lon="12.543303">
        <ele>317.338613</ele>
        <time>2026-05-06T18:05:07.397Z</time>
      </trkpt>
      <trkpt lat="48.931146" lon="12.543202">
        <ele>317.322194</ele>
        <time>2026-05-06T18:05:09.371Z</time>
      </trkpt>
      <trkpt lat="48.931192" lon="12.543176">
        <ele>317.317416</ele>
        <time>2026-05-06T18:05:09.945Z</time>
      </trkpt>
      <trkpt lat="48.931285" lon="12.543119">
        <ele>317.307653</ele>
        <time>2026-05-06T18:05:11.118Z</time>
      </trkpt>
      <trkpt lat="48.931324" lon="12.543098">
        <ele>317.303625</ele>
        <time>2026-05-06T18:05:11.598Z</time>
      </trkpt>
      <trkpt lat="48.931357" lon="12.543079">
        <ele>317.300189</ele>
        <time>2026-05-06T18:05:12.014Z</time>
      </trkpt>
      <trkpt lat="48.932739" lon="12.542299">
        <ele>317.259091</ele>
        <time>2026-05-06T18:05:29.724Z</time>
      </trkpt>
      <trkpt lat="48.933160" lon="12.542095">
        <ele>317.301101</ele>
        <time>2026-05-06T18:05:35.245Z</time>
      </trkpt>
      <trkpt lat="48.933944" lon="12.541782">
        <ele>317.378168</ele>
        <time>2026-05-06T18:05:45.416Z</time>
      </trkpt>
      <trkpt lat="48.937367" lon="12.540366">
        <ele>317.492990</ele>
        <time>2026-05-06T18:06:28.799Z</time>
      </trkpt>
      <trkpt lat="48.938499" lon="12.539770">
        <ele>317.512115</ele>
        <time>2026-05-06T18:06:43.353Z</time>
      </trkpt>
      <trkpt lat="48.941376" lon="12.538301">
        <ele>317.670168</ele>
        <time>2026-05-06T18:07:20.418Z</time>
      </trkpt>
      <trkpt lat="48.941052" lon="12.535363">
        <ele>317.973746</ele>
        <time>2026-05-06T18:07:45.463Z</time>
      </trkpt>
      <trkpt lat="48.940936" lon="12.534307">
        <ele>318.092651</ele>
        <time>2026-05-06T18:07:54.129Z</time>
      </trkpt>
      <trkpt lat="48.940900" lon="12.533972">
        <ele>318.130350</ele>
        <time>2026-05-06T18:07:56.873Z</time>
      </trkpt>
      <trkpt lat="48.940756" lon="12.532617">
        <ele>318.281244</ele>
        <time>2026-05-06T18:08:08.316Z</time>
      </trkpt>
      <trkpt lat="48.940714" lon="12.532083">
        <ele>318.340252</ele>
        <time>2026-05-06T18:08:12.856Z</time>
      </trkpt>
      <trkpt lat="48.940711" lon="12.532045">
        <ele>318.344451</ele>
        <time>2026-05-06T18:08:13.175Z</time>
      </trkpt>
      <trkpt lat="48.940700" lon="12.531883">
        <ele>318.362320</ele>
        <time>2026-05-06T18:08:14.555Z</time>
      </trkpt>
      <trkpt lat="48.940684" lon="12.531676">
        <ele>318.385189</ele>
        <time>2026-05-06T18:08:16.320Z</time>
      </trkpt>
      <trkpt lat="48.940672" lon="12.531538">
        <ele>318.400462</ele>
        <time>2026-05-06T18:08:17.525Z</time>
      </trkpt>
      <trkpt lat="48.940311" lon="12.526205">
        <ele>319.022238</ele>
        <time>2026-05-06T18:09:02.044Z</time>
      </trkpt>
      <trkpt lat="48.940325" lon="12.526036">
        <ele>319.043083</ele>
        <time>2026-05-06T18:09:03.488Z</time>
      </trkpt>
      <trkpt lat="48.940420" lon="12.526082">
        <ele>319.061656</ele>
        <time>2026-05-06T18:09:04.746Z</time>
      </trkpt>
      <trkpt lat="48.940650" lon="12.526193">
        <ele>319.109411</ele>
        <time>2026-05-06T18:09:07.829Z</time>
      </trkpt>
      <trkpt lat="48.941086" lon="12.526300">
        <ele>319.216348</ele>
        <time>2026-05-06T18:09:13.519Z</time>
      </trkpt>
      <trkpt lat="48.941954" lon="12.526400">
        <ele>319.427130</ele>
        <time>2026-05-06T18:09:24.757Z</time>
      </trkpt>
      <trkpt lat="48.942563" lon="12.526375">
        <ele>319.556029</ele>
        <time>2026-05-06T18:09:32.735Z</time>
      </trkpt>
      <trkpt lat="48.942868" lon="12.526309">
        <ele>319.597444</ele>
        <time>2026-05-06T18:09:36.741Z</time>
      </trkpt>
      <trkpt lat="48.943511" lon="12.526091">
        <ele>319.686003</ele>
        <time>2026-05-06T18:09:44.825Z</time>
      </trkpt>
      <trkpt lat="48.943924" lon="12.525890">
        <ele>319.744292</ele>
        <time>2026-05-06T18:09:50.148Z</time>
      </trkpt>
      <trkpt lat="48.944191" lon="12.525720">
        <ele>319.772372</ele>
        <time>2026-05-06T18:09:53.753Z</time>
      </trkpt>
      <trkpt lat="48.944326" lon="12.525613">
        <ele>319.767105</ele>
        <time>2026-05-06T18:09:55.624Z</time>
      </trkpt>
      <trkpt lat="48.944746" lon="12.525243">
        <ele>319.750312</ele>
        <time>2026-05-06T18:10:01.491Z</time>
      </trkpt>
      <trkpt lat="48.945051" lon="12.524927">
        <ele>319.737544</ele>
        <time>2026-05-06T18:10:05.876Z</time>
      </trkpt>
      <trkpt lat="48.945810" lon="12.523960">
        <ele>319.684283</ele>
        <time>2026-05-06T18:10:17.647Z</time>
      </trkpt>
      <trkpt lat="48.946113" lon="12.523505">
        <ele>319.638608</ele>
        <time>2026-05-06T18:10:22.489Z</time>
      </trkpt>
      <trkpt lat="48.946917" lon="12.522168">
        <ele>319.512327</ele>
        <time>2026-05-06T18:10:36.570Z</time>
      </trkpt>
      <trkpt lat="48.947169" lon="12.521683">
        <ele>319.476452</ele>
        <time>2026-05-06T18:10:41.538Z</time>
      </trkpt>
      <trkpt lat="48.947176" lon="12.521668">
        <ele>319.475384</ele>
        <time>2026-05-06T18:10:41.685Z</time>
      </trkpt>
      <trkpt lat="48.947968" lon="12.519777">
        <ele>319.340024</ele>
        <time>2026-05-06T18:10:59.162Z</time>
      </trkpt>
      <trkpt lat="48.948423" lon="12.518486">
        <ele>319.225535</ele>
        <time>2026-05-06T18:11:09.829Z</time>
      </trkpt>
      <trkpt lat="48.948686" lon="12.517601">
        <ele>319.149630</ele>
        <time>2026-05-06T18:11:17.885Z</time>
      </trkpt>
      <trkpt lat="48.948809" lon="12.517261">
        <ele>319.205730</ele>
        <time>2026-05-06T18:11:21.184Z</time>
      </trkpt>
      <trkpt lat="48.948898" lon="12.517110">
        <ele>319.240404</ele>
        <time>2026-05-06T18:11:22.925Z</time>
      </trkpt>
      <trkpt lat="48.949162" lon="12.516797">
        <ele>319.327470</ele>
        <time>2026-05-06T18:11:27.327Z</time>
      </trkpt>
      <trkpt lat="48.949336" lon="12.516651">
        <ele>319.379168</ele>
        <time>2026-05-06T18:11:29.965Z</time>
      </trkpt>
      <trkpt lat="48.950555" lon="12.515856">
        <ele>319.676902</ele>
        <time>2026-05-06T18:11:47.061Z</time>
      </trkpt>
      <trkpt lat="48.950684" lon="12.515729">
        <ele>319.699637</ele>
        <time>2026-05-06T18:11:48.995Z</time>
      </trkpt>
      <trkpt lat="48.950803" lon="12.515551">
        <ele>319.724326</ele>
        <time>2026-05-06T18:11:51.115Z</time>
      </trkpt>
      <trkpt lat="48.951027" lon="12.515142">
        <ele>319.776088</ele>
        <time>2026-05-06T18:11:55.577Z</time>
      </trkpt>
      <trkpt lat="48.951070" lon="12.515047">
        <ele>319.787302</ele>
        <time>2026-05-06T18:11:56.563Z</time>
      </trkpt>
      <trkpt lat="48.951143" lon="12.514902">
        <ele>319.805060</ele>
        <time>2026-05-06T18:11:58.104Z</time>
      </trkpt>
      <trkpt lat="48.951159" lon="12.514868">
        <ele>319.809126</ele>
        <time>2026-05-06T18:11:58.453Z</time>
      </trkpt>
      <trkpt lat="48.951400" lon="12.514393">
        <ele>319.867467</ele>
        <time>2026-05-06T18:12:03.283Z</time>
      </trkpt>
      <trkpt lat="48.951689" lon="12.513949">
        <ele>319.808299</ele>
        <time>2026-05-06T18:12:08.182Z</time>
      </trkpt>
      <trkpt lat="48.951880" lon="12.513754">
        <ele>319.756515</ele>
        <time>2026-05-06T18:12:10.832Z</time>
      </trkpt>
      <trkpt lat="48.952242" lon="12.513458">
        <ele>319.663986</ele>
        <time>2026-05-06T18:12:15.333Z</time>
      </trkpt>
      <trkpt lat="48.952861" lon="12.512891">
        <ele>319.501317</ele>
        <time>2026-05-06T18:12:23.253Z</time>
      </trkpt>
      <trkpt lat="48.953465" lon="12.512161">
        <ele>319.533717</ele>
        <time>2026-05-06T18:12:32.710Z</time>
      </trkpt>
      <trkpt lat="48.953798" lon="12.511899">
        <ele>319.566859</ele>
        <time>2026-05-06T18:12:37.671Z</time>
      </trkpt>
      <trkpt lat="48.954111" lon="12.511724">
        <ele>319.596341</ele>
        <time>2026-05-06T18:12:42.049Z</time>
      </trkpt>
      <trkpt lat="48.954862" lon="12.511442">
        <ele>319.664218</ele>
        <time>2026-05-06T18:12:51.708Z</time>
      </trkpt>
      <trkpt lat="48.955598" lon="12.511228">
        <ele>319.729335</ele>
        <time>2026-05-06T18:13:00.641Z</time>
      </trkpt>
      <trkpt lat="48.956381" lon="12.511112">
        <ele>319.818347</ele>
        <time>2026-05-06T18:13:10.304Z</time>
      </trkpt>
      <trkpt lat="48.956997" lon="12.511067">
        <ele>320.036293</ele>
        <time>2026-05-06T18:13:18.602Z</time>
      </trkpt>
      <trkpt lat="48.957209" lon="12.510977">
        <ele>320.114071</ele>
        <time>2026-05-06T18:13:21.642Z</time>
      </trkpt>
      <trkpt lat="48.957383" lon="12.510862">
        <ele>320.181104</ele>
        <time>2026-05-06T18:13:24.278Z</time>
      </trkpt>
      <trkpt lat="48.957693" lon="12.510521">
        <ele>320.316248</ele>
        <time>2026-05-06T18:13:29.491Z</time>
      </trkpt>
      <trkpt lat="48.957762" lon="12.510405">
        <ele>320.352568</ele>
        <time>2026-05-06T18:13:30.855Z</time>
      </trkpt>
      <trkpt lat="48.957904" lon="12.510030">
        <ele>320.438232</ele>
        <time>2026-05-06T18:13:34.525Z</time>
      </trkpt>
      <trkpt lat="48.957946" lon="12.509579">
        <ele>320.484732</ele>
        <time>2026-05-06T18:13:38.309Z</time>
      </trkpt>
      <trkpt lat="48.957927" lon="12.509240">
        <ele>320.519464</ele>
        <time>2026-05-06T18:13:41.079Z</time>
      </trkpt>
      <trkpt lat="48.957939" lon="12.508668">
        <ele>320.577885</ele>
        <time>2026-05-06T18:13:45.795Z</time>
      </trkpt>
      <trkpt lat="48.957991" lon="12.508207">
        <ele>320.625634</ele>
        <time>2026-05-06T18:13:49.641Z</time>
      </trkpt>
      <trkpt lat="48.958089" lon="12.507700">
        <ele>320.679585</ele>
        <time>2026-05-06T18:13:53.858Z</time>
      </trkpt>
      <trkpt lat="48.958377" lon="12.506841">
        <ele>320.775453</ele>
        <time>2026-05-06T18:14:01.779Z</time>
      </trkpt>
      <trkpt lat="48.958394" lon="12.506793">
        <ele>320.780820</ele>
        <time>2026-05-06T18:14:02.248Z</time>
      </trkpt>
      <trkpt lat="48.958653" lon="12.506186">
        <ele>320.852051</ele>
        <time>2026-05-06T18:14:08.514Z</time>
      </trkpt>
      <trkpt lat="48.958862" lon="12.505730">
        <ele>320.906771</ele>
        <time>2026-05-06T18:14:13.071Z</time>
      </trkpt>
      <trkpt lat="48.958919" lon="12.505542">
        <ele>320.927146</ele>
        <time>2026-05-06T18:14:14.698Z</time>
      </trkpt>
      <trkpt lat="48.958972" lon="12.505111">
        <ele>320.970293</ele>
        <time>2026-05-06T18:14:18.210Z</time>
      </trkpt>
      <trkpt lat="48.959037" lon="12.505086">
        <ele>320.986033</ele>
        <time>2026-05-06T18:14:19.054Z</time>
      </trkpt>
      <trkpt lat="48.959105" lon="12.505059">
        <ele>321.009746</ele>
        <time>2026-05-06T18:14:19.933Z</time>
      </trkpt>
      <trkpt lat="48.959130" lon="12.505041">
        <ele>321.019077</ele>
        <time>2026-05-06T18:14:20.286Z</time>
      </trkpt>
      <trkpt lat="48.959371" lon="12.504834">
        <ele>321.112440</ele>
        <time>2026-05-06T18:14:23.875Z</time>
      </trkpt>
      <trkpt lat="48.959463" lon="12.504788">
        <ele>321.145115</ele>
        <time>2026-05-06T18:14:25.125Z</time>
      </trkpt>
      <trkpt lat="48.959623" lon="12.504792">
        <ele>321.199112</ele>
        <time>2026-05-06T18:14:27.201Z</time>
      </trkpt>
      <trkpt lat="48.959677" lon="12.504673">
        <ele>321.231161</ele>
        <time>2026-05-06T18:14:28.391Z</time>
      </trkpt>
      <trkpt lat="48.960018" lon="12.504386">
        <ele>321.362628</ele>
        <time>2026-05-06T18:14:33.343Z</time>
      </trkpt>
      <trkpt lat="48.960111" lon="12.504300">
        <ele>321.399342</ele>
        <time>2026-05-06T18:14:34.730Z</time>
      </trkpt>
      <trkpt lat="48.960313" lon="12.504145">
        <ele>321.475666</ele>
        <time>2026-05-06T18:14:37.752Z</time>
      </trkpt>
      <trkpt lat="48.960655" lon="12.503879">
        <ele>321.618430</ele>
        <time>2026-05-06T18:14:43.267Z</time>
      </trkpt>
      <trkpt lat="48.960867" lon="12.503591">
        <ele>321.770392</ele>
        <time>2026-05-06T18:14:47.580Z</time>
      </trkpt>
      <trkpt lat="48.960905" lon="12.503510">
        <ele>321.805357</ele>
        <time>2026-05-06T18:14:48.544Z</time>
      </trkpt>
      <trkpt lat="48.961058" lon="12.503001">
        <ele>322.001972</ele>
        <time>2026-05-06T18:14:53.799Z</time>
      </trkpt>
      <trkpt lat="48.961102" lon="12.502855">
        <ele>322.058394</ele>
        <time>2026-05-06T18:14:55.227Z</time>
      </trkpt>
      <trkpt lat="48.961196" lon="12.502552">
        <ele>322.176095</ele>
        <time>2026-05-06T18:14:58.212Z</time>
      </trkpt>
      <trkpt lat="48.961311" lon="12.502157">
        <ele>322.327854</ele>
        <time>2026-05-06T18:15:02.023Z</time>
      </trkpt>
      <trkpt lat="48.961589" lon="12.501193">
        <ele>322.627641</ele>
        <time>2026-05-06T18:15:11.241Z</time>
      </trkpt>
      <trkpt lat="48.961613" lon="12.501119">
        <ele>322.643346</ele>
        <time>2026-05-06T18:15:11.969Z</time>
      </trkpt>
      <trkpt lat="48.961733" lon="12.500781">
        <ele>322.716461</ele>
        <time>2026-05-06T18:15:15.221Z</time>
      </trkpt>
      <trkpt lat="48.961988" lon="12.500080">
        <ele>322.868952</ele>
        <time>2026-05-06T18:15:22.145Z</time>
      </trkpt>
      <trkpt lat="48.962421" lon="12.498758">
        <ele>323.059082</ele>
        <time>2026-05-06T18:15:34.869Z</time>
      </trkpt>
      <trkpt lat="48.962522" lon="12.498410">
        <ele>323.052995</ele>
        <time>2026-05-06T18:15:37.842Z</time>
      </trkpt>
      <trkpt lat="48.962644" lon="12.497976">
        <ele>323.045441</ele>
        <time>2026-05-06T18:15:41.453Z</time>
      </trkpt>
      <trkpt lat="48.962782" lon="12.497659">
        <ele>323.039356</ele>
        <time>2026-05-06T18:15:44.304Z</time>
      </trkpt>
      <trkpt lat="48.962984" lon="12.497009">
        <ele>323.027849</ele>
        <time>2026-05-06T18:15:49.620Z</time>
      </trkpt>
      <trkpt lat="48.963273" lon="12.495586">
        <ele>323.279865</ele>
        <time>2026-05-06T18:16:01.943Z</time>
      </trkpt>
      <trkpt lat="48.963415" lon="12.494982">
        <ele>323.424413</ele>
        <time>2026-05-06T18:16:07.745Z</time>
      </trkpt>
      <trkpt lat="48.963545" lon="12.494498">
        <ele>323.542234</ele>
        <time>2026-05-06T18:16:12.441Z</time>
      </trkpt>
      <trkpt lat="48.963615" lon="12.493952">
        <ele>323.722955</ele>
        <time>2026-05-06T18:16:17.348Z</time>
      </trkpt>
      <trkpt lat="48.963735" lon="12.492980">
        <ele>324.386179</ele>
        <time>2026-05-06T18:16:26.747Z</time>
      </trkpt>
      <trkpt lat="48.963801" lon="12.492597">
        <ele>324.651709</ele>
        <time>2026-05-06T18:16:30.632Z</time>
      </trkpt>
      <trkpt lat="48.964016" lon="12.491803">
        <ele>325.227652</ele>
        <time>2026-05-06T18:16:39.719Z</time>
      </trkpt>
      <trkpt lat="48.964122" lon="12.491345">
        <ele>325.552240</ele>
        <time>2026-05-06T18:16:45.215Z</time>
      </trkpt>
      <trkpt lat="48.964102" lon="12.491269">
        <ele>325.606387</ele>
        <time>2026-05-06T18:16:46.142Z</time>
      </trkpt>
      <trkpt lat="48.964177" lon="12.490959">
        <ele>325.824871</ele>
        <time>2026-05-06T18:16:50.076Z</time>
      </trkpt>
      <trkpt lat="48.964201" lon="12.490726">
        <ele>325.980841</ele>
        <time>2026-05-06T18:16:52.908Z</time>
      </trkpt>
      <trkpt lat="48.964221" lon="12.490476">
        <ele>326.147392</ele>
        <time>2026-05-06T18:16:55.888Z</time>
      </trkpt>
      <trkpt lat="48.964245" lon="12.489958">
        <ele>326.490804</ele>
        <time>2026-05-06T18:17:01.942Z</time>
      </trkpt>
      <trkpt lat="48.964347" lon="12.488801">
        <ele>327.262808</ele>
        <time>2026-05-06T18:17:13.200Z</time>
      </trkpt>
      <trkpt lat="48.964424" lon="12.488297">
        <ele>326.785077</ele>
        <time>2026-05-06T18:17:16.478Z</time>
      </trkpt>
      <trkpt lat="48.964348" lon="12.488180">
        <ele>326.612047</ele>
        <time>2026-05-06T18:17:17.479Z</time>
      </trkpt>
      <trkpt lat="48.964220" lon="12.488116">
        <ele>326.396321</ele>
        <time>2026-05-06T18:17:18.726Z</time>
      </trkpt>
      <trkpt lat="48.964011" lon="12.487951">
        <ele>326.019368</ele>
        <time>2026-05-06T18:17:20.868Z</time>
      </trkpt>
      <trkpt lat="48.963749" lon="12.487613">
        <ele>325.469569</ele>
        <time>2026-05-06T18:17:23.884Z</time>
      </trkpt>
      <trkpt lat="48.963667" lon="12.487426">
        <ele>325.233157</ele>
        <time>2026-05-06T18:17:25.166Z</time>
      </trkpt>
      <trkpt lat="48.963630" lon="12.487282">
        <ele>325.070588</ele>
        <time>2026-05-06T18:17:26.052Z</time>
      </trkpt>
      <trkpt lat="48.963619" lon="12.487114">
        <ele>324.893092</ele>
        <time>2026-05-06T18:17:26.990Z</time>
      </trkpt>
      <trkpt lat="48.963627" lon="12.486956">
        <ele>324.726493</ele>
        <time>2026-05-06T18:17:27.880Z</time>
      </trkpt>
      <trkpt lat="48.963749" lon="12.486378">
        <ele>324.290697</ele>
        <time>2026-05-06T18:17:31.400Z</time>
      </trkpt>
      <trkpt lat="48.963969" lon="12.485495">
        <ele>323.925998</ele>
        <time>2026-05-06T18:17:38.147Z</time>
      </trkpt>
      <trkpt lat="48.964218" lon="12.484678">
        <ele>323.578178</ele>
        <time>2026-05-06T18:17:45.296Z</time>
      </trkpt>
      <trkpt lat="48.964308" lon="12.484386">
        <ele>323.453615</ele>
        <time>2026-05-06T18:17:47.897Z</time>
      </trkpt>
      <trkpt lat="48.964693" lon="12.483296">
        <ele>323.044138</ele>
        <time>2026-05-06T18:17:57.360Z</time>
      </trkpt>
      <trkpt lat="48.964972" lon="12.482465">
        <ele>322.749590</ele>
        <time>2026-05-06T18:18:03.740Z</time>
      </trkpt>
      <trkpt lat="48.965304" lon="12.481252">
        <ele>322.358686</ele>
        <time>2026-05-06T18:18:12.623Z</time>
      </trkpt>
      <trkpt lat="48.965880" lon="12.479308">
        <ele>321.791879</ele>
        <time>2026-05-06T18:18:27.959Z</time>
      </trkpt>
      <trkpt lat="48.966249" lon="12.477848">
        <ele>322.106664</ele>
        <time>2026-05-06T18:18:41.651Z</time>
      </trkpt>
      <trkpt lat="48.966499" lon="12.477091">
        <ele>322.312625</ele>
        <time>2026-05-06T18:18:49.450Z</time>
      </trkpt>
      <trkpt lat="48.967281" lon="12.474899">
        <ele>323.066807</ele>
        <time>2026-05-06T18:19:12.037Z</time>
      </trkpt>
      <trkpt lat="48.967534" lon="12.474099">
        <ele>323.291669</ele>
        <time>2026-05-06T18:19:19.953Z</time>
      </trkpt>
      <trkpt lat="48.967697" lon="12.473443">
        <ele>323.304676</ele>
        <time>2026-05-06T18:19:25.962Z</time>
      </trkpt>
      <trkpt lat="48.967796" lon="12.472720">
        <ele>323.318371</ele>
        <time>2026-05-06T18:19:32.010Z</time>
      </trkpt>
      <trkpt lat="48.967869" lon="12.472337">
        <ele>323.325766</ele>
        <time>2026-05-06T18:19:35.124Z</time>
      </trkpt>
      <trkpt lat="48.968025" lon="12.471812">
        <ele>323.336452</ele>
        <time>2026-05-06T18:19:39.421Z</time>
      </trkpt>
      <trkpt lat="48.968245" lon="12.471008">
        <ele>323.146797</ele>
        <time>2026-05-06T18:19:45.606Z</time>
      </trkpt>
      <trkpt lat="48.968488" lon="12.470163">
        <ele>322.904781</ele>
        <time>2026-05-06T18:19:51.964Z</time>
      </trkpt>
      <trkpt lat="48.968517" lon="12.469992">
        <ele>322.858447</ele>
        <time>2026-05-06T18:19:53.228Z</time>
      </trkpt>
      <trkpt lat="48.968497" lon="12.469516">
        <ele>322.733317</ele>
        <time>2026-05-06T18:19:56.706Z</time>
      </trkpt>
      <trkpt lat="48.968492" lon="12.469388">
        <ele>322.699678</ele>
        <time>2026-05-06T18:19:57.644Z</time>
      </trkpt>
      <trkpt lat="48.968489" lon="12.469337">
        <ele>322.686245</ele>
        <time>2026-05-06T18:19:58.034Z</time>
      </trkpt>
      <trkpt lat="48.968487" lon="12.469263">
        <ele>322.666815</ele>
        <time>2026-05-06T18:19:58.596Z</time>
      </trkpt>
      <trkpt lat="48.968485" lon="12.469153">
        <ele>322.637946</ele>
        <time>2026-05-06T18:19:59.411Z</time>
      </trkpt>
      <trkpt lat="48.968509" lon="12.468802">
        <ele>322.729438</ele>
        <time>2026-05-06T18:20:02.142Z</time>
      </trkpt>
      <trkpt lat="48.968524" lon="12.468693">
        <ele>322.772051</ele>
        <time>2026-05-06T18:20:03.017Z</time>
      </trkpt>
      <trkpt lat="48.968600" lon="12.468360">
        <ele>322.906948</ele>
        <time>2026-05-06T18:20:05.956Z</time>
      </trkpt>
      <trkpt lat="48.968688" lon="12.467996">
        <ele>323.055370</ele>
        <time>2026-05-06T18:20:09.452Z</time>
      </trkpt>
      <trkpt lat="48.968733" lon="12.467888">
        <ele>323.104315</ele>
        <time>2026-05-06T18:20:10.653Z</time>
      </trkpt>
      <trkpt lat="48.969003" lon="12.467659">
        <ele>323.284436</ele>
        <time>2026-05-06T18:20:15.321Z</time>
      </trkpt>
      <trkpt lat="48.969389" lon="12.467392">
        <ele>323.531528</ele>
        <time>2026-05-06T18:20:21.933Z</time>
      </trkpt>
      <trkpt lat="48.969601" lon="12.467174">
        <ele>323.683966</ele>
        <time>2026-05-06T18:20:25.891Z</time>
      </trkpt>
      <trkpt lat="48.969826" lon="12.466863">
        <ele>323.910459</ele>
        <time>2026-05-06T18:20:30.583Z</time>
      </trkpt>
      <trkpt lat="48.970053" lon="12.466436">
        <ele>324.179353</ele>
        <time>2026-05-06T18:20:35.959Z</time>
      </trkpt>
      <trkpt lat="48.970247" lon="12.465991">
        <ele>324.440774</ele>
        <time>2026-05-06T18:20:40.919Z</time>
      </trkpt>
      <trkpt lat="48.970385" lon="12.465673">
        <ele>324.627327</ele>
        <time>2026-05-06T18:20:44.376Z</time>
      </trkpt>
      <trkpt lat="48.970419" lon="12.465596">
        <ele>324.672740</ele>
        <time>2026-05-06T18:20:45.220Z</time>
      </trkpt>
      <trkpt lat="48.970549" lon="12.465306">
        <ele>324.844592</ele>
        <time>2026-05-06T18:20:48.481Z</time>
      </trkpt>
      <trkpt lat="48.970579" lon="12.465242">
        <ele>324.883077</ele>
        <time>2026-05-06T18:20:49.205Z</time>
      </trkpt>
      <trkpt lat="48.971464" lon="12.463404">
        <ele>325.790902</ele>
        <time>2026-05-06T18:21:10.134Z</time>
      </trkpt>
      <trkpt lat="48.971791" lon="12.462831">
        <ele>326.082794</ele>
        <time>2026-05-06T18:21:17.191Z</time>
      </trkpt>
      <trkpt lat="48.972468" lon="12.461830">
        <ele>326.579622</ele>
        <time>2026-05-06T18:21:30.446Z</time>
      </trkpt>
      <trkpt lat="48.972884" lon="12.460990">
        <ele>326.943361</ele>
        <time>2026-05-06T18:21:40.027Z</time>
      </trkpt>
      <trkpt lat="48.973052" lon="12.460601">
        <ele>327.067997</ele>
        <time>2026-05-06T18:21:44.177Z</time>
      </trkpt>
      <trkpt lat="48.973339" lon="12.460044">
        <ele>327.212101</ele>
        <time>2026-05-06T18:21:50.394Z</time>
      </trkpt>
      <trkpt lat="48.974575" lon="12.458195">
        <ele>327.735923</ele>
        <time>2026-05-06T18:22:12.697Z</time>
      </trkpt>
      <trkpt lat="48.974780" lon="12.457968">
        <ele>327.808572</ele>
        <time>2026-05-06T18:22:15.817Z</time>
      </trkpt>
      <trkpt lat="48.975102" lon="12.457676">
        <ele>327.915992</ele>
        <time>2026-05-06T18:22:20.518Z</time>
      </trkpt>
      <trkpt lat="48.975708" lon="12.457280">
        <ele>328.129244</ele>
        <time>2026-05-06T18:22:29.083Z</time>
      </trkpt>
      <trkpt lat="48.978256" lon="12.455716">
        <ele>330.268100</ele>
        <time>2026-05-06T18:23:09.656Z</time>
      </trkpt>
      <trkpt lat="48.979910" lon="12.454704">
        <ele>331.905749</ele>
        <time>2026-05-06T18:23:36.798Z</time>
      </trkpt>
      <trkpt lat="48.982089" lon="12.453697">
        <ele>333.936210</ele>
        <time>2026-05-06T18:24:11.509Z</time>
      </trkpt>
      <trkpt lat="48.982498" lon="12.453543">
        <ele>334.227644</ele>
        <time>2026-05-06T18:24:17.477Z</time>
      </trkpt>
      <trkpt lat="48.983093" lon="12.453422">
        <ele>334.274202</ele>
        <time>2026-05-06T18:24:25.272Z</time>
      </trkpt>
      <trkpt lat="48.983081" lon="12.453268">
        <ele>334.282096</ele>
        <time>2026-05-06T18:24:26.540Z</time>
      </trkpt>
      <trkpt lat="48.982915" lon="12.450811">
        <ele>334.520113</ele>
        <time>2026-05-06T18:24:45.012Z</time>
      </trkpt>
      <trkpt lat="48.982903" lon="12.450631">
        <ele>334.551087</ele>
        <time>2026-05-06T18:24:46.461Z</time>
      </trkpt>
      <trkpt lat="48.982809" lon="12.449269">
        <ele>334.785540</ele>
        <time>2026-05-06T18:24:58.819Z</time>
      </trkpt>
      <trkpt lat="48.982704" lon="12.448372">
        <ele>335.126271</ele>
        <time>2026-05-06T18:25:07.941Z</time>
      </trkpt>
      <trkpt lat="48.985484" lon="12.447606">
        <ele>337.060124</ele>
        <time>2026-05-06T18:25:48.191Z</time>
      </trkpt>
      <trkpt lat="48.985917" lon="12.447529">
        <ele>337.377591</ele>
        <time>2026-05-06T18:25:54.427Z</time>
      </trkpt>
      <trkpt lat="48.986028" lon="12.447534">
        <ele>337.478789</ele>
        <time>2026-05-06T18:25:56.116Z</time>
      </trkpt>
      <trkpt lat="48.986097" lon="12.447576">
        <ele>337.546500</ele>
        <time>2026-05-06T18:25:57.206Z</time>
      </trkpt>
      <trkpt lat="48.986498" lon="12.448138">
        <ele>338.042986</ele>
        <time>2026-05-06T18:26:05.526Z</time>
      </trkpt>
      <trkpt lat="48.986597" lon="12.448182">
        <ele>338.136963</ele>
        <time>2026-05-06T18:26:07.102Z</time>
      </trkpt>
      <trkpt lat="48.986634" lon="12.448154">
        <ele>338.174610</ele>
        <time>2026-05-06T18:26:07.770Z</time>
      </trkpt>
      <trkpt lat="48.986669" lon="12.448223">
        <ele>338.226764</ele>
        <time>2026-05-06T18:26:08.622Z</time>
      </trkpt>
      <trkpt lat="48.986745" lon="12.448146">
        <ele>338.309933</ele>
        <time>2026-05-06T18:26:10.075Z</time>
      </trkpt>
      <trkpt lat="48.986866" lon="12.447884">
        <ele>338.501527</ele>
        <time>2026-05-06T18:26:13.344Z</time>
      </trkpt>
      <trkpt lat="48.987445" lon="12.446091">
        <ele>339.175036</ele>
        <time>2026-05-06T18:26:32.669Z</time>
      </trkpt>
      <trkpt lat="48.987896" lon="12.444353">
        <ele>339.247148</ele>
        <time>2026-05-06T18:26:47.144Z</time>
      </trkpt>
      <trkpt lat="48.988260" lon="12.442700">
        <ele>338.364654</ele>
        <time>2026-05-06T18:26:59.031Z</time>
      </trkpt>
      <trkpt lat="48.989134" lon="12.438936">
        <ele>333.938724</ele>
        <time>2026-05-06T18:27:23.694Z</time>
      </trkpt>
      <trkpt lat="48.989357" lon="12.437868">
        <ele>331.593268</ele>
        <time>2026-05-06T18:27:29.685Z</time>
      </trkpt>
      <trkpt lat="48.989549" lon="12.436406">
        <ele>328.783572</ele>
        <time>2026-05-06T18:27:37.361Z</time>
      </trkpt>
      <trkpt lat="48.989831" lon="12.434865">
        <ele>326.369196</ele>
        <time>2026-05-06T18:27:46.499Z</time>
      </trkpt>
      <trkpt lat="48.990069" lon="12.433572">
        <ele>325.352639</ele>
        <time>2026-05-06T18:27:56.568Z</time>
      </trkpt>
      <trkpt lat="48.990251" lon="12.432827">
        <ele>325.247154</ele>
        <time>2026-05-06T18:28:03.602Z</time>
      </trkpt>
      <trkpt lat="48.990287" lon="12.432183">
        <ele>325.161390</ele>
        <time>2026-05-06T18:28:08.634Z</time>
      </trkpt>
      <trkpt lat="48.990325" lon="12.431991">
        <ele>325.134779</ele>
        <time>2026-05-06T18:28:10.066Z</time>
      </trkpt>
      <trkpt lat="48.990643" lon="12.430655">
        <ele>324.753778</ele>
        <time>2026-05-06T18:28:19.927Z</time>
      </trkpt>
      <trkpt lat="48.991558" lon="12.425542">
        <ele>323.023354</ele>
        <time>2026-05-06T18:28:58.135Z</time>
      </trkpt>
      <trkpt lat="48.990855" lon="12.425455">
        <ele>322.516984</ele>
        <time>2026-05-06T18:29:05.256Z</time>
      </trkpt>
      <trkpt lat="48.990485" lon="12.425421">
        <ele>322.250865</ele>
        <time>2026-05-06T18:29:08.951Z</time>
      </trkpt>
      <trkpt lat="48.990427" lon="12.425369">
        <ele>322.202554</ele>
        <time>2026-05-06T18:29:09.616Z</time>
      </trkpt>
      <trkpt lat="48.990412" lon="12.425272">
        <ele>322.155605</ele>
        <time>2026-05-06T18:29:10.280Z</time>
      </trkpt>
      <trkpt lat="48.990440" lon="12.424941">
        <ele>322.067170</ele>
        <time>2026-05-06T18:29:12.518Z</time>
      </trkpt>
      <trkpt lat="48.990501" lon="12.424098">
        <ele>321.857045</ele>
        <time>2026-05-06T18:29:18.607Z</time>
      </trkpt>
      <trkpt lat="48.990499" lon="12.423810">
        <ele>321.785687</ele>
        <time>2026-05-06T18:29:20.730Z</time>
      </trkpt>
      <trkpt lat="48.990491" lon="12.422992">
        <ele>321.583000</ele>
        <time>2026-05-06T18:29:26.858Z</time>
      </trkpt>
      <trkpt lat="48.990539" lon="12.422216">
        <ele>321.448615</ele>
        <time>2026-05-06T18:29:33.002Z</time>
      </trkpt>
      <trkpt lat="48.990677" lon="12.420460">
        <ele>321.355969</ele>
        <time>2026-05-06T18:29:46.825Z</time>
      </trkpt>
      <trkpt lat="48.990712" lon="12.419905">
        <ele>321.326761</ele>
        <time>2026-05-06T18:29:51.141Z</time>
      </trkpt>
      <trkpt lat="48.990703" lon="12.419655">
        <ele>321.298128</ele>
        <time>2026-05-06T18:29:53.088Z</time>
      </trkpt>
      <trkpt lat="48.990680" lon="12.419446">
        <ele>321.262849</ele>
        <time>2026-05-06T18:29:54.734Z</time>
      </trkpt>
      <trkpt lat="48.990578" lon="12.419041">
        <ele>321.190630</ele>
        <time>2026-05-06T18:29:58.037Z</time>
      </trkpt>
      <trkpt lat="48.990100" lon="12.417996">
        <ele>320.978563</ele>
        <time>2026-05-06T18:30:07.318Z</time>
      </trkpt>
      <trkpt lat="48.989623" lon="12.416959">
        <ele>320.871724</ele>
        <time>2026-05-06T18:30:16.721Z</time>
      </trkpt>
      <trkpt lat="48.989508" lon="12.416619">
        <ele>320.876519</ele>
        <time>2026-05-06T18:30:19.651Z</time>
      </trkpt>
      <trkpt lat="48.989455" lon="12.416360">
        <ele>320.879919</ele>
        <time>2026-05-06T18:30:21.747Z</time>
      </trkpt>
      <trkpt lat="48.989429" lon="12.416023">
        <ele>320.884173</ele>
        <time>2026-05-06T18:30:24.436Z</time>
      </trkpt>
      <trkpt lat="48.989444" lon="12.415476">
        <ele>320.891035</ele>
        <time>2026-05-06T18:30:28.985Z</time>
      </trkpt>
      <trkpt lat="48.989634" lon="12.414813">
        <ele>320.924122</ele>
        <time>2026-05-06T18:30:35.319Z</time>
      </trkpt>
      <trkpt lat="48.989763" lon="12.414547">
        <ele>321.004670</ele>
        <time>2026-05-06T18:30:38.261Z</time>
      </trkpt>
      <trkpt lat="48.991171" lon="12.412160">
        <ele>321.682714</ele>
        <time>2026-05-06T18:31:06.311Z</time>
      </trkpt>
      <trkpt lat="48.991291" lon="12.411916">
        <ele>321.722007</ele>
        <time>2026-05-06T18:31:08.910Z</time>
      </trkpt>
      <trkpt lat="48.991398" lon="12.411608">
        <ele>321.766917</ele>
        <time>2026-05-06T18:31:11.830Z</time>
      </trkpt>
      <trkpt lat="48.991462" lon="12.411344">
        <ele>321.803184</ele>
        <time>2026-05-06T18:31:14.157Z</time>
      </trkpt>
      <trkpt lat="48.991503" lon="12.411050">
        <ele>321.841916</ele>
        <time>2026-05-06T18:31:16.612Z</time>
      </trkpt>
      <trkpt lat="48.991499" lon="12.410801">
        <ele>321.874012</ele>
        <time>2026-05-06T18:31:18.621Z</time>
      </trkpt>
      <trkpt lat="48.991464" lon="12.410530">
        <ele>321.909604</ele>
        <time>2026-05-06T18:31:20.845Z</time>
      </trkpt>
      <trkpt lat="48.991243" lon="12.409468">
        <ele>321.783691</ele>
        <time>2026-05-06T18:31:29.671Z</time>
      </trkpt>
      <trkpt lat="48.990803" lon="12.407565">
        <ele>321.521331</ele>
        <time>2026-05-06T18:31:44.434Z</time>
      </trkpt>
      <trkpt lat="48.990687" lon="12.406612">
        <ele>321.400306</ele>
        <time>2026-05-06T18:31:51.489Z</time>
      </trkpt>
      <trkpt lat="48.990685" lon="12.405774">
        <ele>321.295670</ele>
        <time>2026-05-06T18:31:57.715Z</time>
      </trkpt>
      <trkpt lat="48.990704" lon="12.405461">
        <ele>321.256421</ele>
        <time>2026-05-06T18:32:00.121Z</time>
      </trkpt>
      <trkpt lat="48.990799" lon="12.404828">
        <ele>321.270589</ele>
        <time>2026-05-06T18:32:05.589Z</time>
      </trkpt>
      <trkpt lat="48.991006" lon="12.404006">
        <ele>321.404756</ele>
        <time>2026-05-06T18:32:13.335Z</time>
      </trkpt>
      <trkpt lat="48.991074" lon="12.403783">
        <ele>321.442228</ele>
        <time>2026-05-06T18:32:15.477Z</time>
      </trkpt>
      <trkpt lat="48.991341" lon="12.403130">
        <ele>321.559471</ele>
        <time>2026-05-06T18:32:21.996Z</time>
      </trkpt>
      <trkpt lat="48.991686" lon="12.402572">
        <ele>321.642127</ele>
        <time>2026-05-06T18:32:28.456Z</time>
      </trkpt>
      <trkpt lat="48.992267" lon="12.401796">
        <ele>321.669647</ele>
        <time>2026-05-06T18:32:37.927Z</time>
      </trkpt>
      <trkpt lat="48.992538" lon="12.401338">
        <ele>321.684061</ele>
        <time>2026-05-06T18:32:42.721Z</time>
      </trkpt>
      <trkpt lat="48.992739" lon="12.400929">
        <ele>321.696005</ele>
        <time>2026-05-06T18:32:46.684Z</time>
      </trkpt>
      <trkpt lat="48.993130" lon="12.399868">
        <ele>321.777905</ele>
        <time>2026-05-06T18:32:56.341Z</time>
      </trkpt>
      <trkpt lat="48.993255" lon="12.399426">
        <ele>321.813759</ele>
        <time>2026-05-06T18:33:00.296Z</time>
      </trkpt>
      <trkpt lat="48.993532" lon="12.398201">
        <ele>321.915917</ele>
        <time>2026-05-06T18:33:11.290Z</time>
      </trkpt>
      <trkpt lat="48.993701" lon="12.396778">
        <ele>322.123668</ele>
        <time>2026-05-06T18:33:23.591Z</time>
      </trkpt>
      <trkpt lat="48.993765" lon="12.395527">
        <ele>322.300039</ele>
        <time>2026-05-06T18:33:33.947Z</time>
      </trkpt>
      <trkpt lat="48.993854" lon="12.394387">
        <ele>322.356437</ele>
        <time>2026-05-06T18:33:43.375Z</time>
      </trkpt>
      <trkpt lat="48.993915" lon="12.393995">
        <ele>322.376228</ele>
        <time>2026-05-06T18:33:46.675Z</time>
      </trkpt>
      <trkpt lat="48.994086" lon="12.393183">
        <ele>322.418121</ele>
        <time>2026-05-06T18:33:53.658Z</time>
      </trkpt>
      <trkpt lat="48.994344" lon="12.391991">
        <ele>322.392999</ele>
        <time>2026-05-06T18:34:03.372Z</time>
      </trkpt>
      <trkpt lat="48.994399" lon="12.391462">
        <ele>322.370833</ele>
        <time>2026-05-06T18:34:07.339Z</time>
      </trkpt>
      <trkpt lat="48.994386" lon="12.390916">
        <ele>322.348221</ele>
        <time>2026-05-06T18:34:11.542Z</time>
      </trkpt>
      <trkpt lat="48.994264" lon="12.390190">
        <ele>322.334014</ele>
        <time>2026-05-06T18:34:17.620Z</time>
      </trkpt>
      <trkpt lat="48.993830" lon="12.388838">
        <ele>322.788621</ele>
        <time>2026-05-06T18:34:30.146Z</time>
      </trkpt>
      <trkpt lat="48.993750" lon="12.388425">
        <ele>322.918686</ele>
        <time>2026-05-06T18:34:34.539Z</time>
      </trkpt>
      <trkpt lat="48.993712" lon="12.387856">
        <ele>323.091435</ele>
        <time>2026-05-06T18:34:40.339Z</time>
      </trkpt>
      <trkpt lat="48.993717" lon="12.387565">
        <ele>323.145997</ele>
        <time>2026-05-06T18:34:43.161Z</time>
      </trkpt>
      <trkpt lat="48.993777" lon="12.387036">
        <ele>323.139945</ele>
        <time>2026-05-06T18:34:47.985Z</time>
      </trkpt>
      <trkpt lat="48.993925" lon="12.386484">
        <ele>323.133222</ele>
        <time>2026-05-06T18:34:53.160Z</time>
      </trkpt>
      <trkpt lat="48.994936" lon="12.383789">
        <ele>322.787850</ele>
        <time>2026-05-06T18:35:15.264Z</time>
      </trkpt>
      <trkpt lat="48.994990" lon="12.383592">
        <ele>322.744099</ele>
        <time>2026-05-06T18:35:16.845Z</time>
      </trkpt>
      <trkpt lat="48.995013" lon="12.383375">
        <ele>322.699055</ele>
        <time>2026-05-06T18:35:18.504Z</time>
      </trkpt>
      <trkpt lat="48.995069" lon="12.383197">
        <ele>322.658602</ele>
        <time>2026-05-06T18:35:20.038Z</time>
      </trkpt>
      <trkpt lat="48.994746" lon="12.382576">
        <ele>322.580913</ele>
        <time>2026-05-06T18:35:26.306Z</time>
      </trkpt>
      <trkpt lat="48.994602" lon="12.382164">
        <ele>322.624168</ele>
        <time>2026-05-06T18:35:30.171Z</time>
      </trkpt>
      <trkpt lat="48.994474" lon="12.381637">
        <ele>322.676238</ele>
        <time>2026-05-06T18:35:34.737Z</time>
      </trkpt>
      <trkpt lat="48.994425" lon="12.381327">
        <ele>322.705784</ele>
        <time>2026-05-06T18:35:37.265Z</time>
      </trkpt>
      <trkpt lat="48.994386" lon="12.380761">
        <ele>322.758519</ele>
        <time>2026-05-06T18:35:41.901Z</time>
      </trkpt>
      <trkpt lat="48.994424" lon="12.380053">
        <ele>322.870835</ele>
        <time>2026-05-06T18:35:47.958Z</time>
      </trkpt>
      <trkpt lat="48.994520" lon="12.379458">
        <ele>323.094740</ele>
        <time>2026-05-06T18:35:53.500Z</time>
      </trkpt>
      <trkpt lat="48.994873" lon="12.377638">
        <ele>323.788260</ele>
        <time>2026-05-06T18:36:11.605Z</time>
      </trkpt>
      <trkpt lat="48.994969" lon="12.377672">
        <ele>323.815193</ele>
        <time>2026-05-06T18:36:12.923Z</time>
      </trkpt>
      <trkpt lat="48.995060" lon="12.376889">
        <ele>323.858615</ele>
        <time>2026-05-06T18:36:19.589Z</time>
      </trkpt>
      <trkpt lat="48.995107" lon="12.376129">
        <ele>323.900299</ele>
        <time>2026-05-06T18:36:25.526Z</time>
      </trkpt>
      <trkpt lat="48.995103" lon="12.374986">
        <ele>323.963130</ele>
        <time>2026-05-06T18:36:34.157Z</time>
      </trkpt>
      <trkpt lat="48.994899" lon="12.372663">
        <ele>324.110513</ele>
        <time>2026-05-06T18:36:53.599Z</time>
      </trkpt>
      <trkpt lat="48.994598" lon="12.369375">
        <ele>324.420432</ele>
        <time>2026-05-06T18:37:20.878Z</time>
      </trkpt>
      <trkpt lat="48.994325" lon="12.365786">
        <ele>324.739515</ele>
        <time>2026-05-06T18:37:51.179Z</time>
      </trkpt>
      <trkpt lat="48.994306" lon="12.365201">
        <ele>324.736302</ele>
        <time>2026-05-06T18:37:55.744Z</time>
      </trkpt>
      <trkpt lat="48.994269" lon="12.364238">
        <ele>324.731009</ele>
        <time>2026-05-06T18:38:02.869Z</time>
      </trkpt>
      <trkpt lat="48.994274" lon="12.362857">
        <ele>324.791130</ele>
        <time>2026-05-06T18:38:13.592Z</time>
      </trkpt>
      <trkpt lat="48.994296" lon="12.361395">
        <ele>324.862115</ele>
        <time>2026-05-06T18:38:25.883Z</time>
      </trkpt>
      <trkpt lat="48.994336" lon="12.361078">
        <ele>324.933018</ele>
        <time>2026-05-06T18:38:28.798Z</time>
      </trkpt>
      <trkpt lat="48.994407" lon="12.360857">
        <ele>324.987066</ele>
        <time>2026-05-06T18:38:31.051Z</time>
      </trkpt>
      <trkpt lat="48.994357" lon="12.360749">
        <ele>325.016098</ele>
        <time>2026-05-06T18:38:33.824Z</time>
      </trkpt>
      <trkpt lat="48.994344" lon="12.360486">
        <ele>325.074028</ele>
        <time>2026-05-06T18:38:36.211Z</time>
      </trkpt>
      <trkpt lat="48.994430" lon="12.360337">
        <ele>325.117615</ele>
        <time>2026-05-06T18:38:38.010Z</time>
      </trkpt>
      <trkpt lat="48.994451" lon="12.360196">
        <ele>325.149373</ele>
        <time>2026-05-06T18:38:39.309Z</time>
      </trkpt>
      <trkpt lat="48.994495" lon="12.360039">
        <ele>325.186871</ele>
        <time>2026-05-06T18:38:40.803Z</time>
      </trkpt>
      <trkpt lat="48.994397" lon="12.359900">
        <ele>325.231685</ele>
        <time>2026-05-06T18:38:42.571Z</time>
      </trkpt>
      <trkpt lat="48.994345" lon="12.359746">
        <ele>325.269727</ele>
        <time>2026-05-06T18:38:44.048Z</time>
      </trkpt>
      <trkpt lat="48.994302" lon="12.359352">
        <ele>325.357456</ele>
        <time>2026-05-06T18:38:47.399Z</time>
      </trkpt>
      <trkpt lat="48.994298" lon="12.358892">
        <ele>325.458501</ele>
        <time>2026-05-06T18:38:51.173Z</time>
      </trkpt>
      <trkpt lat="48.994251" lon="12.358861">
        <ele>325.465602</ele>
        <time>2026-05-06T18:38:51.818Z</time>
      </trkpt>
      <trkpt lat="48.994318" lon="12.357833">
        <ele>325.535681</ele>
        <time>2026-05-06T18:39:00.396Z</time>
      </trkpt>
      <trkpt lat="48.994329" lon="12.357242">
        <ele>325.575788</ele>
        <time>2026-05-06T18:39:05.176Z</time>
      </trkpt>
      <trkpt lat="48.994255" lon="12.356386">
        <ele>325.634358</ele>
        <time>2026-05-06T18:39:11.988Z</time>
      </trkpt>
      <trkpt lat="48.993960" lon="12.354559">
        <ele>325.808967</ele>
        <time>2026-05-06T18:39:27.630Z</time>
      </trkpt>
      <trkpt lat="48.993909" lon="12.354327">
        <ele>325.832349</ele>
        <time>2026-05-06T18:39:30.366Z</time>
      </trkpt>
      <trkpt lat="48.993881" lon="12.354198">
        <ele>325.845334</ele>
        <time>2026-05-06T18:39:31.860Z</time>
      </trkpt>
      <trkpt lat="48.993623" lon="12.353246">
        <ele>325.892810</ele>
        <time>2026-05-06T18:39:43.449Z</time>
      </trkpt>
      <trkpt lat="48.993487" lon="12.352598">
        <ele>325.862424</ele>
        <time>2026-05-06T18:39:50.965Z</time>
      </trkpt>
      <trkpt lat="48.993462" lon="12.351915">
        <ele>325.831872</ele>
        <time>2026-05-06T18:39:58.285Z</time>
      </trkpt>
      <trkpt lat="48.993462" lon="12.351890">
        <ele>325.830756</ele>
        <time>2026-05-06T18:39:58.551Z</time>
      </trkpt>
      <trkpt lat="48.993511" lon="12.351039">
        <ele>325.792602</ele>
        <time>2026-05-06T18:40:07.340Z</time>
      </trkpt>
      <trkpt lat="48.993462" lon="12.350018">
        <ele>325.786609</ele>
        <time>2026-05-06T18:40:17.902Z</time>
      </trkpt>
      <trkpt lat="48.993373" lon="12.349167">
        <ele>325.786609</ele>
        <time>2026-05-06T18:40:24.484Z</time>
      </trkpt>
    </trkseg>
  </trk>
</gpx>