<?xml version='1.0' encoding='UTF-8'?>
<gpx version="1.1" creator="https://www.komoot.de" xmlns="http://www.topografix.com/GPX/1/1" xmlns:xsi="http://www.w3.org/2001/XMLSchema-instance" xsi:schemaLocation="http://www.topografix.com/GPX/1/1 http://www.topografix.com/GPX/1/1/gpx.xsd">
  <metadata>
    <name>SR06 Zinzenzeller Rodeo</name>
    <author>
      <link href="https://www.komoot.de">
        <text>komoot</text>
        <type>text/html</type>
      </link>
    </author>
  </metadata>
  <trk>
    <name>SR06 Zinzenzeller Rodeo</name>
    <trkseg>
      <trkpt lat="49.017460" lon="12.302380">
        <ele>325.787697</ele>
        <time>2026-02-16T16:19:47.097Z</time>
      </trkpt>
      <trkpt lat="49.017319" lon="12.302352">
        <ele>325.787697</ele>
        <time>2026-02-16T16:19:50.277Z</time>
      </trkpt>
      <trkpt lat="49.017185" lon="12.302323">
        <ele>325.787697</ele>
        <time>2026-02-16T16:19:53.312Z</time>
      </trkpt>
      <trkpt lat="49.016784" lon="12.302229">
        <ele>325.787697</ele>
        <time>2026-02-16T16:20:02.291Z</time>
      </trkpt>
      <trkpt lat="49.016602" lon="12.302230">
        <ele>325.787697</ele>
        <time>2026-02-16T16:20:06.273Z</time>
      </trkpt>
      <trkpt lat="49.016554" lon="12.306497">
        <ele>325.577638</ele>
        <time>2026-02-16T16:20:45.779Z</time>
      </trkpt>
      <trkpt lat="49.016510" lon="12.308536">
        <ele>325.618805</ele>
        <time>2026-02-16T16:21:06.871Z</time>
      </trkpt>
      <trkpt lat="49.016440" lon="12.309996">
        <ele>325.688742</ele>
        <time>2026-02-16T16:21:21.651Z</time>
      </trkpt>
      <trkpt lat="49.016295" lon="12.311644">
        <ele>325.652930</ele>
        <time>2026-02-16T16:21:36.841Z</time>
      </trkpt>
      <trkpt lat="49.016123" lon="12.312922">
        <ele>325.585071</ele>
        <time>2026-02-16T16:21:48.874Z</time>
      </trkpt>
      <trkpt lat="49.015816" lon="12.314678">
        <ele>325.879965</ele>
        <time>2026-02-16T16:22:08.551Z</time>
      </trkpt>
      <trkpt lat="49.015653" lon="12.315442">
        <ele>326.042076</ele>
        <time>2026-02-16T16:22:17.297Z</time>
      </trkpt>
      <trkpt lat="49.015625" lon="12.315807">
        <ele>326.116227</ele>
        <time>2026-02-16T16:22:21.094Z</time>
      </trkpt>
      <trkpt lat="49.015582" lon="12.316384">
        <ele>326.078369</ele>
        <time>2026-02-16T16:22:27.011Z</time>
      </trkpt>
      <trkpt lat="49.015525" lon="12.316471">
        <ele>326.068108</ele>
        <time>2026-02-16T16:22:28.226Z</time>
      </trkpt>
      <trkpt lat="49.015301" lon="12.316814">
        <ele>326.027719</ele>
        <time>2026-02-16T16:22:32.840Z</time>
      </trkpt>
      <trkpt lat="49.015104" lon="12.317693">
        <ele>325.950208</ele>
        <time>2026-02-16T16:22:40.964Z</time>
      </trkpt>
      <trkpt lat="49.014603" lon="12.319732">
        <ele>325.904320</ele>
        <time>2026-02-16T16:23:01.545Z</time>
      </trkpt>
      <trkpt lat="49.014515" lon="12.320083">
        <ele>325.906660</ele>
        <time>2026-02-16T16:23:05.427Z</time>
      </trkpt>
      <trkpt lat="49.014401" lon="12.320595">
        <ele>325.910028</ele>
        <time>2026-02-16T16:23:10.878Z</time>
      </trkpt>
      <trkpt lat="49.014318" lon="12.320876">
        <ele>325.911947</ele>
        <time>2026-02-16T16:23:14.007Z</time>
      </trkpt>
      <trkpt lat="49.014261" lon="12.321055">
        <ele>325.954470</ele>
        <time>2026-02-16T16:23:15.994Z</time>
      </trkpt>
      <trkpt lat="49.014186" lon="12.321304">
        <ele>326.013985</ele>
        <time>2026-02-16T16:23:18.745Z</time>
      </trkpt>
      <trkpt lat="49.014097" lon="12.321579">
        <ele>326.080593</ele>
        <time>2026-02-16T16:23:21.823Z</time>
      </trkpt>
      <trkpt lat="49.013988" lon="12.321920">
        <ele>326.162989</ele>
        <time>2026-02-16T16:23:25.669Z</time>
      </trkpt>
      <trkpt lat="49.013907" lon="12.322207">
        <ele>326.230855</ele>
        <time>2026-02-16T16:23:28.978Z</time>
      </trkpt>
      <trkpt lat="49.013827" lon="12.322575">
        <ele>326.315064</ele>
        <time>2026-02-16T16:23:33.177Z</time>
      </trkpt>
      <trkpt lat="49.013806" lon="12.322778">
        <ele>326.359702</ele>
        <time>2026-02-16T16:23:35.451Z</time>
      </trkpt>
      <trkpt lat="49.013787" lon="12.323046">
        <ele>326.418254</ele>
        <time>2026-02-16T16:23:38.408Z</time>
      </trkpt>
      <trkpt lat="49.013773" lon="12.323174">
        <ele>326.446440</ele>
        <time>2026-02-16T16:23:39.853Z</time>
      </trkpt>
      <trkpt lat="49.013752" lon="12.323264">
        <ele>326.467189</ele>
        <time>2026-02-16T16:23:40.884Z</time>
      </trkpt>
      <trkpt lat="49.013501" lon="12.324202">
        <ele>326.602155</ele>
        <time>2026-02-16T16:23:52.234Z</time>
      </trkpt>
      <trkpt lat="49.013172" lon="12.325012">
        <ele>326.711068</ele>
        <time>2026-02-16T16:24:02.607Z</time>
      </trkpt>
      <trkpt lat="49.012907" lon="12.325572">
        <ele>326.790008</ele>
        <time>2026-02-16T16:24:09.078Z</time>
      </trkpt>
      <trkpt lat="49.012383" lon="12.326506">
        <ele>326.556615</ele>
        <time>2026-02-16T16:24:19.583Z</time>
      </trkpt>
      <trkpt lat="49.011750" lon="12.327462">
        <ele>326.181120</ele>
        <time>2026-02-16T16:24:31.368Z</time>
      </trkpt>
      <trkpt lat="49.011108" lon="12.328389">
        <ele>325.957432</ele>
        <time>2026-02-16T16:24:43.771Z</time>
      </trkpt>
      <trkpt lat="49.010451" lon="12.329262">
        <ele>325.804999</ele>
        <time>2026-02-16T16:24:56.359Z</time>
      </trkpt>
      <trkpt lat="49.008878" lon="12.331162">
        <ele>325.571375</ele>
        <time>2026-02-16T16:25:24.901Z</time>
      </trkpt>
      <trkpt lat="49.008206" lon="12.332049">
        <ele>325.780977</ele>
        <time>2026-02-16T16:25:38.468Z</time>
      </trkpt>
      <trkpt lat="49.007307" lon="12.333412">
        <ele>326.086994</ele>
        <time>2026-02-16T16:25:59.920Z</time>
      </trkpt>
      <trkpt lat="49.007201" lon="12.333609">
        <ele>326.095707</ele>
        <time>2026-02-16T16:26:02.691Z</time>
      </trkpt>
      <trkpt lat="49.007129" lon="12.333808">
        <ele>326.103479</ele>
        <time>2026-02-16T16:26:05.081Z</time>
      </trkpt>
      <trkpt lat="49.007077" lon="12.334048">
        <ele>326.112122</ele>
        <time>2026-02-16T16:26:07.694Z</time>
      </trkpt>
      <trkpt lat="49.007045" lon="12.334337">
        <ele>326.122144</ele>
        <time>2026-02-16T16:26:10.608Z</time>
      </trkpt>
      <trkpt lat="49.007146" lon="12.335692">
        <ele>326.165902</ele>
        <time>2026-02-16T16:26:23.316Z</time>
      </trkpt>
      <trkpt lat="49.007101" lon="12.336058">
        <ele>326.127026</ele>
        <time>2026-02-16T16:26:26.534Z</time>
      </trkpt>
      <trkpt lat="49.007002" lon="12.336326">
        <ele>326.094915</ele>
        <time>2026-02-16T16:26:29.198Z</time>
      </trkpt>
      <trkpt lat="49.006406" lon="12.337472">
        <ele>325.942231</ele>
        <time>2026-02-16T16:26:42.528Z</time>
      </trkpt>
      <trkpt lat="49.005488" lon="12.339032">
        <ele>325.988881</ele>
        <time>2026-02-16T16:27:03.881Z</time>
      </trkpt>
      <trkpt lat="49.005304" lon="12.339132">
        <ele>326.009901</ele>
        <time>2026-02-16T16:27:07.060Z</time>
      </trkpt>
      <trkpt lat="49.004153" lon="12.339257">
        <ele>325.954777</ele>
        <time>2026-02-16T16:27:24.361Z</time>
      </trkpt>
      <trkpt lat="49.003939" lon="12.339339">
        <ele>325.906023</ele>
        <time>2026-02-16T16:27:27.355Z</time>
      </trkpt>
      <trkpt lat="49.003829" lon="12.339469">
        <ele>325.875270</ele>
        <time>2026-02-16T16:27:29.237Z</time>
      </trkpt>
      <trkpt lat="49.003416" lon="12.340196">
        <ele>325.735876</ele>
        <time>2026-02-16T16:27:37.634Z</time>
      </trkpt>
      <trkpt lat="49.002409" lon="12.341862">
        <ele>325.526500</ele>
        <time>2026-02-16T16:27:58.553Z</time>
      </trkpt>
      <trkpt lat="49.001576" lon="12.343111">
        <ele>325.506525</ele>
        <time>2026-02-16T16:28:16.446Z</time>
      </trkpt>
      <trkpt lat="49.001133" lon="12.343693">
        <ele>325.556900</ele>
        <time>2026-02-16T16:28:25.237Z</time>
      </trkpt>
      <trkpt lat="49.000334" lon="12.344626">
        <ele>325.792994</ele>
        <time>2026-02-16T16:28:40.349Z</time>
      </trkpt>
      <trkpt lat="48.999417" lon="12.345516">
        <ele>326.306939</ele>
        <time>2026-02-16T16:28:59.783Z</time>
      </trkpt>
      <trkpt lat="48.998607" lon="12.346158">
        <ele>326.449106</ele>
        <time>2026-02-16T16:29:14.542Z</time>
      </trkpt>
      <trkpt lat="48.998005" lon="12.346570">
        <ele>326.436162</ele>
        <time>2026-02-16T16:29:24.206Z</time>
      </trkpt>
      <trkpt lat="48.997819" lon="12.346733">
        <ele>326.431953</ele>
        <time>2026-02-16T16:29:27.083Z</time>
      </trkpt>
      <trkpt lat="48.997428" lon="12.347391">
        <ele>326.423754</ele>
        <time>2026-02-16T16:29:34.621Z</time>
      </trkpt>
      <trkpt lat="48.997170" lon="12.347663">
        <ele>326.421713</ele>
        <time>2026-02-16T16:29:39.111Z</time>
      </trkpt>
      <trkpt lat="48.996867" lon="12.347814">
        <ele>326.419639</ele>
        <time>2026-02-16T16:29:44.416Z</time>
      </trkpt>
      <trkpt lat="48.996234" lon="12.347980">
        <ele>326.415461</ele>
        <time>2026-02-16T16:29:54.756Z</time>
      </trkpt>
      <trkpt lat="48.995795" lon="12.348057">
        <ele>326.367329</ele>
        <time>2026-02-16T16:30:01.174Z</time>
      </trkpt>
      <trkpt lat="48.994950" lon="12.348223">
        <ele>326.126910</ele>
        <time>2026-02-16T16:30:12.821Z</time>
      </trkpt>
      <trkpt lat="48.993370" lon="12.348693">
        <ele>325.789958</ele>
        <time>2026-02-16T16:30:34.546Z</time>
      </trkpt>
      <trkpt lat="48.993325" lon="12.348705">
        <ele>325.783544</ele>
        <time>2026-02-16T16:30:35.200Z</time>
      </trkpt>
      <trkpt lat="48.993462" lon="12.350018">
        <ele>325.661078</ele>
        <time>2026-02-16T16:30:48.368Z</time>
      </trkpt>
      <trkpt lat="48.993511" lon="12.351039">
        <ele>325.759599</ele>
        <time>2026-02-16T16:31:02.782Z</time>
      </trkpt>
      <trkpt lat="48.993462" lon="12.351890">
        <ele>325.855677</ele>
        <time>2026-02-16T16:31:14.742Z</time>
      </trkpt>
      <trkpt lat="48.993462" lon="12.351915">
        <ele>325.858489</ele>
        <time>2026-02-16T16:31:15.081Z</time>
      </trkpt>
      <trkpt lat="48.993487" lon="12.352598">
        <ele>325.935424</ele>
        <time>2026-02-16T16:31:24.260Z</time>
      </trkpt>
      <trkpt lat="48.993623" lon="12.353246">
        <ele>325.920100</ele>
        <time>2026-02-16T16:31:33.111Z</time>
      </trkpt>
      <trkpt lat="48.993881" lon="12.354198">
        <ele>325.823347</ele>
        <time>2026-02-16T16:31:46.305Z</time>
      </trkpt>
      <trkpt lat="48.993909" lon="12.354327">
        <ele>325.810583</ele>
        <time>2026-02-16T16:31:48.072Z</time>
      </trkpt>
      <trkpt lat="48.993960" lon="12.354559">
        <ele>325.787600</ele>
        <time>2026-02-16T16:31:51.204Z</time>
      </trkpt>
      <trkpt lat="48.994255" lon="12.356386">
        <ele>325.643493</ele>
        <time>2026-02-16T16:32:08.726Z</time>
      </trkpt>
      <trkpt lat="48.994329" lon="12.357242">
        <ele>325.590684</ele>
        <time>2026-02-16T16:32:17.187Z</time>
      </trkpt>
      <trkpt lat="48.994318" lon="12.357833">
        <ele>325.554521</ele>
        <time>2026-02-16T16:32:22.841Z</time>
      </trkpt>
      <trkpt lat="48.994251" lon="12.358861">
        <ele>325.407340</ele>
        <time>2026-02-16T16:32:32.464Z</time>
      </trkpt>
      <trkpt lat="48.994298" lon="12.358892">
        <ele>325.393733</ele>
        <time>2026-02-16T16:32:33.194Z</time>
      </trkpt>
      <trkpt lat="48.994302" lon="12.359352">
        <ele>325.313532</ele>
        <time>2026-02-16T16:32:37.538Z</time>
      </trkpt>
      <trkpt lat="48.994345" lon="12.359746">
        <ele>325.243901</ele>
        <time>2026-02-16T16:32:41.235Z</time>
      </trkpt>
      <trkpt lat="48.994397" lon="12.359900">
        <ele>325.213707</ele>
        <time>2026-02-16T16:32:42.802Z</time>
      </trkpt>
      <trkpt lat="48.994495" lon="12.360039">
        <ele>325.178137</ele>
        <time>2026-02-16T16:32:44.639Z</time>
      </trkpt>
      <trkpt lat="48.994451" lon="12.360196">
        <ele>325.148374</ele>
        <time>2026-02-16T16:32:46.159Z</time>
      </trkpt>
      <trkpt lat="48.994430" lon="12.360337">
        <ele>325.123168</ele>
        <time>2026-02-16T16:32:47.427Z</time>
      </trkpt>
      <trkpt lat="48.994344" lon="12.360486">
        <ele>325.088572</ele>
        <time>2026-02-16T16:32:49.148Z</time>
      </trkpt>
      <trkpt lat="48.994357" lon="12.360749">
        <ele>325.045639</ele>
        <time>2026-02-16T16:32:51.427Z</time>
      </trkpt>
      <trkpt lat="48.994407" lon="12.360857">
        <ele>325.026918</ele>
        <time>2026-02-16T16:32:54.487Z</time>
      </trkpt>
      <trkpt lat="48.994336" lon="12.361078">
        <ele>324.992066</ele>
        <time>2026-02-16T16:32:56.606Z</time>
      </trkpt>
      <trkpt lat="48.994296" lon="12.361395">
        <ele>324.946346</ele>
        <time>2026-02-16T16:32:59.399Z</time>
      </trkpt>
      <trkpt lat="48.994274" lon="12.362857">
        <ele>324.739224</ele>
        <time>2026-02-16T16:33:12.882Z</time>
      </trkpt>
      <trkpt lat="48.994269" lon="12.364238">
        <ele>324.719736</ele>
        <time>2026-02-16T16:33:26.647Z</time>
      </trkpt>
      <trkpt lat="48.994306" lon="12.365201">
        <ele>324.772639</ele>
        <time>2026-02-16T16:33:36.781Z</time>
      </trkpt>
      <trkpt lat="48.994325" lon="12.365786">
        <ele>324.804761</ele>
        <time>2026-02-16T16:33:42.592Z</time>
      </trkpt>
      <trkpt lat="48.994598" lon="12.369375">
        <ele>324.426244</ele>
        <time>2026-02-16T16:34:15.969Z</time>
      </trkpt>
      <trkpt lat="48.994899" lon="12.372663">
        <ele>324.108373</ele>
        <time>2026-02-16T16:34:47.221Z</time>
      </trkpt>
      <trkpt lat="48.995103" lon="12.374986">
        <ele>323.984176</ele>
        <time>2026-02-16T16:35:09.094Z</time>
      </trkpt>
      <trkpt lat="48.995107" lon="12.376129">
        <ele>323.995714</ele>
        <time>2026-02-16T16:35:20.857Z</time>
      </trkpt>
      <trkpt lat="48.995060" lon="12.376889">
        <ele>324.003420</ele>
        <time>2026-02-16T16:35:28.800Z</time>
      </trkpt>
      <trkpt lat="48.994969" lon="12.377672">
        <ele>323.816392</ele>
        <time>2026-02-16T16:35:36.180Z</time>
      </trkpt>
      <trkpt lat="48.994995" lon="12.377686">
        <ele>323.805405</ele>
        <time>2026-02-16T16:35:36.560Z</time>
      </trkpt>
      <trkpt lat="48.995211" lon="12.377788">
        <ele>323.715310</ele>
        <time>2026-02-16T16:35:39.615Z</time>
      </trkpt>
      <trkpt lat="48.995357" lon="12.378047">
        <ele>323.626047</ele>
        <time>2026-02-16T16:35:42.562Z</time>
      </trkpt>
      <trkpt lat="48.995743" lon="12.378826">
        <ele>323.370860</ele>
        <time>2026-02-16T16:35:50.916Z</time>
      </trkpt>
      <trkpt lat="48.995771" lon="12.379227">
        <ele>323.268296</ele>
        <time>2026-02-16T16:35:54.326Z</time>
      </trkpt>
      <trkpt lat="48.995733" lon="12.379737">
        <ele>323.151418</ele>
        <time>2026-02-16T16:35:58.623Z</time>
      </trkpt>
      <trkpt lat="48.995644" lon="12.380078">
        <ele>323.067851</ele>
        <time>2026-02-16T16:36:01.795Z</time>
      </trkpt>
      <trkpt lat="48.995502" lon="12.380477">
        <ele>322.964490</ele>
        <time>2026-02-16T16:36:05.879Z</time>
      </trkpt>
      <trkpt lat="48.995339" lon="12.381267">
        <ele>322.775914</ele>
        <time>2026-02-16T16:36:13.742Z</time>
      </trkpt>
      <trkpt lat="48.995253" lon="12.381941">
        <ele>322.677570</ele>
        <time>2026-02-16T16:36:20.031Z</time>
      </trkpt>
      <trkpt lat="48.995222" lon="12.382886">
        <ele>322.747562</ele>
        <time>2026-02-16T16:36:28.667Z</time>
      </trkpt>
      <trkpt lat="48.995203" lon="12.382972">
        <ele>322.754274</ele>
        <time>2026-02-16T16:36:29.566Z</time>
      </trkpt>
      <trkpt lat="48.995069" lon="12.383197">
        <ele>322.776752</ele>
        <time>2026-02-16T16:36:32.650Z</time>
      </trkpt>
      <trkpt lat="48.995013" lon="12.383375">
        <ele>322.791355</ele>
        <time>2026-02-16T16:36:34.700Z</time>
      </trkpt>
      <trkpt lat="48.994990" lon="12.383592">
        <ele>322.807615</ele>
        <time>2026-02-16T16:36:37.036Z</time>
      </trkpt>
      <trkpt lat="48.994936" lon="12.383789">
        <ele>322.823408</ele>
        <time>2026-02-16T16:36:39.334Z</time>
      </trkpt>
      <trkpt lat="48.993925" lon="12.386484">
        <ele>323.362840</ele>
        <time>2026-02-16T16:37:13.318Z</time>
      </trkpt>
      <trkpt lat="48.993777" lon="12.387036">
        <ele>323.278529</ele>
        <time>2026-02-16T16:37:18.665Z</time>
      </trkpt>
      <trkpt lat="48.993717" lon="12.387565">
        <ele>323.100762</ele>
        <time>2026-02-16T16:37:23.344Z</time>
      </trkpt>
      <trkpt lat="48.993712" lon="12.387856">
        <ele>323.004369</ele>
        <time>2026-02-16T16:37:25.742Z</time>
      </trkpt>
      <trkpt lat="48.993750" lon="12.388425">
        <ele>322.814981</ele>
        <time>2026-02-16T16:37:30.312Z</time>
      </trkpt>
      <trkpt lat="48.993830" lon="12.388838">
        <ele>322.672389</ele>
        <time>2026-02-16T16:37:33.737Z</time>
      </trkpt>
      <trkpt lat="48.994264" lon="12.390190">
        <ele>322.449141</ele>
        <time>2026-02-16T16:37:47.739Z</time>
      </trkpt>
      <trkpt lat="48.994386" lon="12.390916">
        <ele>322.412195</ele>
        <time>2026-02-16T16:37:54.887Z</time>
      </trkpt>
      <trkpt lat="48.994399" lon="12.391462">
        <ele>322.385260</ele>
        <time>2026-02-16T16:38:00.382Z</time>
      </trkpt>
      <trkpt lat="48.994344" lon="12.391991">
        <ele>322.362479</ele>
        <time>2026-02-16T16:38:05.988Z</time>
      </trkpt>
      <trkpt lat="48.994086" lon="12.393183">
        <ele>322.369106</ele>
        <time>2026-02-16T16:38:18.533Z</time>
      </trkpt>
      <trkpt lat="48.993915" lon="12.393995">
        <ele>322.373609</ele>
        <time>2026-02-16T16:38:26.605Z</time>
      </trkpt>
      <trkpt lat="48.993854" lon="12.394387">
        <ele>322.375736</ele>
        <time>2026-02-16T16:38:30.400Z</time>
      </trkpt>
      <trkpt lat="48.993765" lon="12.395527">
        <ele>322.270120</ele>
        <time>2026-02-16T16:38:41.206Z</time>
      </trkpt>
      <trkpt lat="48.993701" lon="12.396778">
        <ele>322.134340</ele>
        <time>2026-02-16T16:38:52.986Z</time>
      </trkpt>
      <trkpt lat="48.993532" lon="12.398201">
        <ele>321.956478</ele>
        <time>2026-02-16T16:39:06.168Z</time>
      </trkpt>
      <trkpt lat="48.993255" lon="12.399426">
        <ele>321.786920</ele>
        <time>2026-02-16T16:39:18.023Z</time>
      </trkpt>
      <trkpt lat="48.993130" lon="12.399868">
        <ele>321.723934</ele>
        <time>2026-02-16T16:39:22.560Z</time>
      </trkpt>
      <trkpt lat="48.992739" lon="12.400929">
        <ele>321.715844</ele>
        <time>2026-02-16T16:39:34.405Z</time>
      </trkpt>
      <trkpt lat="48.992538" lon="12.401338">
        <ele>321.713534</ele>
        <time>2026-02-16T16:39:39.496Z</time>
      </trkpt>
      <trkpt lat="48.992267" lon="12.401796">
        <ele>321.710746</ele>
        <time>2026-02-16T16:39:45.616Z</time>
      </trkpt>
      <trkpt lat="48.991686" lon="12.402572">
        <ele>321.742248</ele>
        <time>2026-02-16T16:39:57.026Z</time>
      </trkpt>
      <trkpt lat="48.991341" lon="12.403130">
        <ele>321.775916</ele>
        <time>2026-02-16T16:40:04.698Z</time>
      </trkpt>
      <trkpt lat="48.991074" lon="12.403783">
        <ele>321.809704</ele>
        <time>2026-02-16T16:40:12.322Z</time>
      </trkpt>
      <trkpt lat="48.991148" lon="12.403842">
        <ele>321.815293</ele>
        <time>2026-02-16T16:40:13.566Z</time>
      </trkpt>
      <trkpt lat="48.991549" lon="12.404125">
        <ele>321.975021</ele>
        <time>2026-02-16T16:40:20.182Z</time>
      </trkpt>
      <trkpt lat="48.991583" lon="12.404149">
        <ele>321.998406</ele>
        <time>2026-02-16T16:40:20.746Z</time>
      </trkpt>
      <trkpt lat="48.991599" lon="12.404161">
        <ele>322.009536</ele>
        <time>2026-02-16T16:40:21.013Z</time>
      </trkpt>
      <trkpt lat="48.991948" lon="12.404412">
        <ele>322.250381</ele>
        <time>2026-02-16T16:40:27.185Z</time>
      </trkpt>
      <trkpt lat="48.992150" lon="12.404514">
        <ele>322.383189</ele>
        <time>2026-02-16T16:40:30.692Z</time>
      </trkpt>
      <trkpt lat="48.993737" lon="12.405131">
        <ele>323.906014</ele>
        <time>2026-02-16T16:41:01.677Z</time>
      </trkpt>
      <trkpt lat="48.993896" lon="12.405216">
        <ele>324.127246</ele>
        <time>2026-02-16T16:41:05.330Z</time>
      </trkpt>
      <trkpt lat="48.994057" lon="12.405328">
        <ele>324.359613</ele>
        <time>2026-02-16T16:41:09.086Z</time>
      </trkpt>
      <trkpt lat="48.994092" lon="12.405354">
        <ele>324.410735</ele>
        <time>2026-02-16T16:41:09.906Z</time>
      </trkpt>
      <trkpt lat="48.994173" lon="12.405415">
        <ele>324.529360</ele>
        <time>2026-02-16T16:41:11.799Z</time>
      </trkpt>
      <trkpt lat="48.994315" lon="12.405511">
        <ele>324.733321</ele>
        <time>2026-02-16T16:41:15.059Z</time>
      </trkpt>
      <trkpt lat="48.994841" lon="12.405878">
        <ele>325.367479</ele>
        <time>2026-02-16T16:41:27.370Z</time>
      </trkpt>
      <trkpt lat="48.995180" lon="12.406046">
        <ele>325.508648</ele>
        <time>2026-02-16T16:41:34.372Z</time>
      </trkpt>
      <trkpt lat="48.995647" lon="12.406232">
        <ele>325.699799</ele>
        <time>2026-02-16T16:41:41.888Z</time>
      </trkpt>
      <trkpt lat="48.995947" lon="12.406357">
        <ele>325.822964</ele>
        <time>2026-02-16T16:41:46.117Z</time>
      </trkpt>
      <trkpt lat="48.996459" lon="12.406672">
        <ele>326.041038</ele>
        <time>2026-02-16T16:41:54.013Z</time>
      </trkpt>
      <trkpt lat="48.996849" lon="12.406939">
        <ele>326.204190</ele>
        <time>2026-02-16T16:42:00.579Z</time>
      </trkpt>
      <trkpt lat="48.997119" lon="12.407111">
        <ele>326.315861</ele>
        <time>2026-02-16T16:42:04.827Z</time>
      </trkpt>
      <trkpt lat="48.997099" lon="12.407267">
        <ele>326.355658</ele>
        <time>2026-02-16T16:42:06.434Z</time>
      </trkpt>
      <trkpt lat="48.997532" lon="12.407393">
        <ele>326.523879</ele>
        <time>2026-02-16T16:42:13.638Z</time>
      </trkpt>
      <trkpt lat="48.997665" lon="12.407384">
        <ele>326.574682</ele>
        <time>2026-02-16T16:42:15.938Z</time>
      </trkpt>
      <trkpt lat="48.997831" lon="12.407311">
        <ele>326.640613</ele>
        <time>2026-02-16T16:42:19.022Z</time>
      </trkpt>
      <trkpt lat="48.997867" lon="12.407293">
        <ele>326.655071</ele>
        <time>2026-02-16T16:42:19.673Z</time>
      </trkpt>
      <trkpt lat="48.998294" lon="12.406987">
        <ele>327.527159</ele>
        <time>2026-02-16T16:42:28.767Z</time>
      </trkpt>
      <trkpt lat="48.998580" lon="12.406688">
        <ele>328.403298</ele>
        <time>2026-02-16T16:42:36.168Z</time>
      </trkpt>
      <trkpt lat="48.998663" lon="12.406551">
        <ele>328.712371</ele>
        <time>2026-02-16T16:42:38.964Z</time>
      </trkpt>
      <trkpt lat="48.998704" lon="12.406481">
        <ele>328.867899</ele>
        <time>2026-02-16T16:42:40.423Z</time>
      </trkpt>
      <trkpt lat="48.998756" lon="12.406492">
        <ele>329.000524</ele>
        <time>2026-02-16T16:42:41.725Z</time>
      </trkpt>
      <trkpt lat="48.998795" lon="12.406435">
        <ele>329.137024</ele>
        <time>2026-02-16T16:42:43.058Z</time>
      </trkpt>
      <trkpt lat="48.998987" lon="12.406508">
        <ele>329.636932</ele>
        <time>2026-02-16T16:42:48.222Z</time>
      </trkpt>
      <trkpt lat="48.999201" lon="12.406614">
        <ele>330.205385</ele>
        <time>2026-02-16T16:42:54.417Z</time>
      </trkpt>
      <trkpt lat="48.999530" lon="12.406955">
        <ele>331.210484</ele>
        <time>2026-02-16T16:43:06.146Z</time>
      </trkpt>
      <trkpt lat="48.999756" lon="12.407120">
        <ele>332.801263</ele>
        <time>2026-02-16T16:43:14.009Z</time>
      </trkpt>
      <trkpt lat="49.000413" lon="12.407357">
        <ele>337.286477</ele>
        <time>2026-02-16T16:43:38.746Z</time>
      </trkpt>
      <trkpt lat="49.000665" lon="12.407432">
        <ele>338.992203</ele>
        <time>2026-02-16T16:43:49.801Z</time>
      </trkpt>
      <trkpt lat="49.000665" lon="12.407732">
        <ele>340.299706</ele>
        <time>2026-02-16T16:43:58.840Z</time>
      </trkpt>
      <trkpt lat="49.000640" lon="12.407959">
        <ele>341.302893</ele>
        <time>2026-02-16T16:44:06.247Z</time>
      </trkpt>
      <trkpt lat="49.000556" lon="12.408273">
        <ele>342.780816</ele>
        <time>2026-02-16T16:44:17.920Z</time>
      </trkpt>
      <trkpt lat="49.000528" lon="12.408404">
        <ele>343.432382</ele>
        <time>2026-02-16T16:44:22.769Z</time>
      </trkpt>
      <trkpt lat="49.000504" lon="12.408745">
        <ele>345.359725</ele>
        <time>2026-02-16T16:44:35.249Z</time>
      </trkpt>
      <trkpt lat="49.000537" lon="12.409999">
        <ele>352.412602</ele>
        <time>2026-02-16T16:45:21.102Z</time>
      </trkpt>
      <trkpt lat="49.000571" lon="12.410282">
        <ele>354.029448</ele>
        <time>2026-02-16T16:45:30.493Z</time>
      </trkpt>
      <trkpt lat="49.000638" lon="12.410606">
        <ele>355.938566</ele>
        <time>2026-02-16T16:45:40.534Z</time>
      </trkpt>
      <trkpt lat="49.000897" lon="12.411236">
        <ele>359.675278</ele>
        <time>2026-02-16T16:45:59.876Z</time>
      </trkpt>
      <trkpt lat="49.001034" lon="12.411491">
        <ele>360.984091</ele>
        <time>2026-02-16T16:46:07.223Z</time>
      </trkpt>
      <trkpt lat="49.001225" lon="12.411728">
        <ele>362.474814</ele>
        <time>2026-02-16T16:46:15.102Z</time>
      </trkpt>
      <trkpt lat="49.001452" lon="12.411940">
        <ele>364.086200</ele>
        <time>2026-02-16T16:46:23.884Z</time>
      </trkpt>
      <trkpt lat="49.002002" lon="12.412321">
        <ele>367.742926</ele>
        <time>2026-02-16T16:46:46.155Z</time>
      </trkpt>
      <trkpt lat="49.004027" lon="12.413657">
        <ele>384.991768</ele>
        <time>2026-02-16T16:48:32.888Z</time>
      </trkpt>
      <trkpt lat="49.004512" lon="12.413936">
        <ele>388.901922</ele>
        <time>2026-02-16T16:48:56.529Z</time>
      </trkpt>
      <trkpt lat="49.005056" lon="12.414293">
        <ele>393.369370</ele>
        <time>2026-02-16T16:49:22.636Z</time>
      </trkpt>
      <trkpt lat="49.005784" lon="12.414568">
        <ele>399.015782</ele>
        <time>2026-02-16T16:49:55.502Z</time>
      </trkpt>
      <trkpt lat="49.007896" lon="12.415092">
        <ele>413.224389</ele>
        <time>2026-02-16T16:51:32.930Z</time>
      </trkpt>
      <trkpt lat="49.008468" lon="12.415372">
        <ele>415.641767</ele>
        <time>2026-02-16T16:51:49.677Z</time>
      </trkpt>
      <trkpt lat="49.008927" lon="12.415817">
        <ele>417.830543</ele>
        <time>2026-02-16T16:52:01.322Z</time>
      </trkpt>
      <trkpt lat="49.009073" lon="12.415959">
        <ele>418.457277</ele>
        <time>2026-02-16T16:52:04.579Z</time>
      </trkpt>
      <trkpt lat="49.010462" lon="12.417748">
        <ele>422.783300</ele>
        <time>2026-02-16T16:52:47.578Z</time>
      </trkpt>
      <trkpt lat="49.010957" lon="12.418425">
        <ele>426.321715</ele>
        <time>2026-02-16T16:53:06.943Z</time>
      </trkpt>
      <trkpt lat="49.011589" lon="12.419535">
        <ele>431.451720</ele>
        <time>2026-02-16T16:53:44.537Z</time>
      </trkpt>
      <trkpt lat="49.012012" lon="12.420527">
        <ele>438.399343</ele>
        <time>2026-02-16T16:54:24.236Z</time>
      </trkpt>
      <trkpt lat="49.012298" lon="12.421408">
        <ele>444.556698</ele>
        <time>2026-02-16T16:55:01.487Z</time>
      </trkpt>
      <trkpt lat="49.012448" lon="12.422085">
        <ele>449.032705</ele>
        <time>2026-02-16T16:55:28.041Z</time>
      </trkpt>
      <trkpt lat="49.012569" lon="12.422632">
        <ele>452.363480</ele>
        <time>2026-02-16T16:55:48.806Z</time>
      </trkpt>
      <trkpt lat="49.012878" lon="12.425634">
        <ele>468.569832</ele>
        <time>2026-02-16T16:57:25.186Z</time>
      </trkpt>
      <trkpt lat="49.013064" lon="12.427544">
        <ele>476.802355</ele>
        <time>2026-02-16T16:58:12.434Z</time>
      </trkpt>
      <trkpt lat="49.013195" lon="12.428306">
        <ele>480.009868</ele>
        <time>2026-02-16T16:58:31.400Z</time>
      </trkpt>
      <trkpt lat="49.013464" lon="12.429142">
        <ele>483.801439</ele>
        <time>2026-02-16T16:58:55.921Z</time>
      </trkpt>
      <trkpt lat="49.014334" lon="12.431296">
        <ele>493.064370</ele>
        <time>2026-02-16T17:00:05.697Z</time>
      </trkpt>
      <trkpt lat="49.014489" lon="12.431952">
        <ele>495.433816</ele>
        <time>2026-02-16T17:00:20.419Z</time>
      </trkpt>
      <trkpt lat="49.014598" lon="12.432691">
        <ele>497.212456</ele>
        <time>2026-02-16T17:00:33.002Z</time>
      </trkpt>
      <trkpt lat="49.014598" lon="12.433181">
        <ele>497.333077</ele>
        <time>2026-02-16T17:00:39.282Z</time>
      </trkpt>
      <trkpt lat="49.014571" lon="12.433648">
        <ele>497.448483</ele>
        <time>2026-02-16T17:00:44.383Z</time>
      </trkpt>
      <trkpt lat="49.014483" lon="12.434714">
        <ele>497.712967</ele>
        <time>2026-02-16T17:00:53.990Z</time>
      </trkpt>
      <trkpt lat="49.014410" lon="12.435597">
        <ele>497.331204</ele>
        <time>2026-02-16T17:01:01.068Z</time>
      </trkpt>
      <trkpt lat="49.014380" lon="12.436559">
        <ele>496.232310</ele>
        <time>2026-02-16T17:01:08.332Z</time>
      </trkpt>
      <trkpt lat="49.014461" lon="12.437572">
        <ele>495.067906</ele>
        <time>2026-02-16T17:01:15.585Z</time>
      </trkpt>
      <trkpt lat="49.014522" lon="12.437959">
        <ele>494.596516</ele>
        <time>2026-02-16T17:01:18.354Z</time>
      </trkpt>
      <trkpt lat="49.014597" lon="12.438437">
        <ele>493.918596</ele>
        <time>2026-02-16T17:01:21.769Z</time>
      </trkpt>
      <trkpt lat="49.014867" lon="12.439460">
        <ele>492.397592</ele>
        <time>2026-02-16T17:01:29.670Z</time>
      </trkpt>
      <trkpt lat="49.015071" lon="12.440015">
        <ele>491.520052</ele>
        <time>2026-02-16T17:01:34.471Z</time>
      </trkpt>
      <trkpt lat="49.015571" lon="12.441203">
        <ele>489.461694</ele>
        <time>2026-02-16T17:01:44.335Z</time>
      </trkpt>
      <trkpt lat="49.015837" lon="12.441992">
        <ele>488.136418</ele>
        <time>2026-02-16T17:01:50.330Z</time>
      </trkpt>
      <trkpt lat="49.015961" lon="12.442574">
        <ele>487.222259</ele>
        <time>2026-02-16T17:01:54.641Z</time>
      </trkpt>
      <trkpt lat="49.016002" lon="12.442860">
        <ele>486.810640</ele>
        <time>2026-02-16T17:01:56.741Z</time>
      </trkpt>
      <trkpt lat="49.016041" lon="12.443433">
        <ele>486.643970</ele>
        <time>2026-02-16T17:02:01.163Z</time>
      </trkpt>
      <trkpt lat="49.016039" lon="12.444145">
        <ele>486.437973</ele>
        <time>2026-02-16T17:02:07.745Z</time>
      </trkpt>
      <trkpt lat="49.015971" lon="12.445204">
        <ele>486.130118</ele>
        <time>2026-02-16T17:02:19.616Z</time>
      </trkpt>
      <trkpt lat="49.015953" lon="12.445974">
        <ele>486.280671</ele>
        <time>2026-02-16T17:02:26.326Z</time>
      </trkpt>
      <trkpt lat="49.015979" lon="12.446414">
        <ele>486.563780</ele>
        <time>2026-02-16T17:02:30.270Z</time>
      </trkpt>
      <trkpt lat="49.016039" lon="12.446802">
        <ele>486.819241</ele>
        <time>2026-02-16T17:02:34.126Z</time>
      </trkpt>
      <trkpt lat="49.016160" lon="12.447314">
        <ele>487.167999</ele>
        <time>2026-02-16T17:02:40.227Z</time>
      </trkpt>
      <trkpt lat="49.016495" lon="12.448076">
        <ele>487.755870</ele>
        <time>2026-02-16T17:02:54.024Z</time>
      </trkpt>
      <trkpt lat="49.016857" lon="12.448603">
        <ele>489.232668</ele>
        <time>2026-02-16T17:03:08.576Z</time>
      </trkpt>
      <trkpt lat="49.017199" lon="12.448923">
        <ele>490.459226</ele>
        <time>2026-02-16T17:03:20.827Z</time>
      </trkpt>
      <trkpt lat="49.017839" lon="12.449436">
        <ele>492.669409</ele>
        <time>2026-02-16T17:03:40.767Z</time>
      </trkpt>
      <trkpt lat="49.018306" lon="12.449891">
        <ele>494.308026</ele>
        <time>2026-02-16T17:03:53.888Z</time>
      </trkpt>
      <trkpt lat="49.018684" lon="12.450399">
        <ele>495.769500</ele>
        <time>2026-02-16T17:04:05.482Z</time>
      </trkpt>
      <trkpt lat="49.019121" lon="12.451124">
        <ele>497.642621</ele>
        <time>2026-02-16T17:04:22.107Z</time>
      </trkpt>
      <trkpt lat="49.019774" lon="12.452210">
        <ele>501.842481</ele>
        <time>2026-02-16T17:04:53.886Z</time>
      </trkpt>
      <trkpt lat="49.020146" lon="12.452706">
        <ele>504.303137</ele>
        <time>2026-02-16T17:05:12.052Z</time>
      </trkpt>
      <trkpt lat="49.020607" lon="12.453206">
        <ele>507.120149</ele>
        <time>2026-02-16T17:05:32.401Z</time>
      </trkpt>
      <trkpt lat="49.021668" lon="12.454166">
        <ele>514.772500</ele>
        <time>2026-02-16T17:06:18.385Z</time>
      </trkpt>
      <trkpt lat="49.022125" lon="12.454620">
        <ele>518.193726</ele>
        <time>2026-02-16T17:06:42.485Z</time>
      </trkpt>
      <trkpt lat="49.022627" lon="12.455226">
        <ele>521.756392</ele>
        <time>2026-02-16T17:07:12.543Z</time>
      </trkpt>
      <trkpt lat="49.022998" lon="12.455809">
        <ele>524.662029</ele>
        <time>2026-02-16T17:07:35.037Z</time>
      </trkpt>
      <trkpt lat="49.023340" lon="12.456433">
        <ele>527.570741</ele>
        <time>2026-02-16T17:07:52.427Z</time>
      </trkpt>
      <trkpt lat="49.023570" lon="12.456925">
        <ele>527.711408</ele>
        <time>2026-02-16T17:08:01.348Z</time>
      </trkpt>
      <trkpt lat="49.023834" lon="12.457652">
        <ele>525.624622</ele>
        <time>2026-02-16T17:08:07.513Z</time>
      </trkpt>
      <trkpt lat="49.023984" lon="12.458172">
        <ele>524.198108</ele>
        <time>2026-02-16T17:08:11.129Z</time>
      </trkpt>
      <trkpt lat="49.024394" lon="12.460114">
        <ele>516.470951</ele>
        <time>2026-02-16T17:08:22.856Z</time>
      </trkpt>
      <trkpt lat="49.024453" lon="12.460409">
        <ele>514.915422</ele>
        <time>2026-02-16T17:08:24.599Z</time>
      </trkpt>
      <trkpt lat="49.024570" lon="12.461038">
        <ele>511.617833</ele>
        <time>2026-02-16T17:08:28.339Z</time>
      </trkpt>
      <trkpt lat="49.024842" lon="12.462214">
        <ele>507.897773</ele>
        <time>2026-02-16T17:08:35.845Z</time>
      </trkpt>
      <trkpt lat="49.024964" lon="12.462613">
        <ele>507.964424</ele>
        <time>2026-02-16T17:08:39.161Z</time>
      </trkpt>
      <trkpt lat="49.025103" lon="12.462966">
        <ele>508.026762</ele>
        <time>2026-02-16T17:08:43.620Z</time>
      </trkpt>
      <trkpt lat="49.025221" lon="12.463241">
        <ele>508.076518</ele>
        <time>2026-02-16T17:08:48.148Z</time>
      </trkpt>
      <trkpt lat="49.025483" lon="12.463735">
        <ele>508.172708</ele>
        <time>2026-02-16T17:08:59.571Z</time>
      </trkpt>
      <trkpt lat="49.026589" lon="12.465407">
        <ele>514.041622</ele>
        <time>2026-02-16T17:09:53.710Z</time>
      </trkpt>
      <trkpt lat="49.026910" lon="12.465976">
        <ele>516.284018</ele>
        <time>2026-02-16T17:10:09.096Z</time>
      </trkpt>
      <trkpt lat="49.027196" lon="12.466362">
        <ele>518.489980</ele>
        <time>2026-02-16T17:10:20.522Z</time>
      </trkpt>
      <trkpt lat="49.027552" lon="12.466667">
        <ele>520.895124</ele>
        <time>2026-02-16T17:10:33.058Z</time>
      </trkpt>
      <trkpt lat="49.028252" lon="12.467134">
        <ele>525.395522</ele>
        <time>2026-02-16T17:11:02.599Z</time>
      </trkpt>
      <trkpt lat="49.029882" lon="12.468222">
        <ele>541.249531</ele>
        <time>2026-02-16T17:12:37.260Z</time>
      </trkpt>
      <trkpt lat="49.029958" lon="12.468277">
        <ele>542.045939</ele>
        <time>2026-02-16T17:12:41.939Z</time>
      </trkpt>
      <trkpt lat="49.030204" lon="12.468455">
        <ele>544.714611</ele>
        <time>2026-02-16T17:12:56.972Z</time>
      </trkpt>
      <trkpt lat="49.030528" lon="12.468717">
        <ele>548.742056</ele>
        <time>2026-02-16T17:13:17.519Z</time>
      </trkpt>
      <trkpt lat="49.030750" lon="12.469052">
        <ele>552.171757</ele>
        <time>2026-02-16T17:13:35.487Z</time>
      </trkpt>
      <trkpt lat="49.030945" lon="12.469531">
        <ele>556.231593</ele>
        <time>2026-02-16T17:13:57.208Z</time>
      </trkpt>
      <trkpt lat="49.030995" lon="12.469708">
        <ele>557.619348</ele>
        <time>2026-02-16T17:14:04.796Z</time>
      </trkpt>
      <trkpt lat="49.031039" lon="12.469998">
        <ele>559.762684</ele>
        <time>2026-02-16T17:14:16.602Z</time>
      </trkpt>
      <trkpt lat="49.031060" lon="12.470450">
        <ele>563.025483</ele>
        <time>2026-02-16T17:14:34.816Z</time>
      </trkpt>
      <trkpt lat="49.031006" lon="12.470903">
        <ele>566.814277</ele>
        <time>2026-02-16T17:14:53.852Z</time>
      </trkpt>
      <trkpt lat="49.030590" lon="12.472403">
        <ele>580.734669</ele>
        <time>2026-02-16T17:16:06.695Z</time>
      </trkpt>
      <trkpt lat="49.030383" lon="12.473027">
        <ele>586.711874</ele>
        <time>2026-02-16T17:16:39.136Z</time>
      </trkpt>
      <trkpt lat="49.030189" lon="12.473432">
        <ele>590.594636</ele>
        <time>2026-02-16T17:17:01.999Z</time>
      </trkpt>
      <trkpt lat="49.029886" lon="12.473801">
        <ele>595.103323</ele>
        <time>2026-02-16T17:17:28.104Z</time>
      </trkpt>
      <trkpt lat="49.029483" lon="12.474054">
        <ele>600.170896</ele>
        <time>2026-02-16T17:17:56.005Z</time>
      </trkpt>
      <trkpt lat="49.028644" lon="12.474322">
        <ele>609.237524</ele>
        <time>2026-02-16T17:18:43.695Z</time>
      </trkpt>
      <trkpt lat="49.028374" lon="12.474458">
        <ele>611.030047</ele>
        <time>2026-02-16T17:18:57.065Z</time>
      </trkpt>
      <trkpt lat="49.028131" lon="12.474673">
        <ele>612.801051</ele>
        <time>2026-02-16T17:19:08.955Z</time>
      </trkpt>
      <trkpt lat="49.027881" lon="12.475052">
        <ele>615.023223</ele>
        <time>2026-02-16T17:19:22.169Z</time>
      </trkpt>
      <trkpt lat="49.027692" lon="12.475460">
        <ele>617.088119</ele>
        <time>2026-02-16T17:19:33.482Z</time>
      </trkpt>
      <trkpt lat="49.027630" lon="12.475675">
        <ele>618.058979</ele>
        <time>2026-02-16T17:19:38.415Z</time>
      </trkpt>
      <trkpt lat="49.027571" lon="12.476027">
        <ele>619.544669</ele>
        <time>2026-02-16T17:19:45.598Z</time>
      </trkpt>
      <trkpt lat="49.027551" lon="12.476453">
        <ele>620.756543</ele>
        <time>2026-02-16T17:19:53.757Z</time>
      </trkpt>
      <trkpt lat="49.027566" lon="12.476730">
        <ele>621.545210</ele>
        <time>2026-02-16T17:19:59.119Z</time>
      </trkpt>
      <trkpt lat="49.027639" lon="12.477147">
        <ele>622.769896</ele>
        <time>2026-02-16T17:20:07.524Z</time>
      </trkpt>
      <trkpt lat="49.027733" lon="12.477473">
        <ele>623.780414</ele>
        <time>2026-02-16T17:20:14.755Z</time>
      </trkpt>
      <trkpt lat="49.027874" lon="12.477761">
        <ele>624.800280</ele>
        <time>2026-02-16T17:20:22.559Z</time>
      </trkpt>
      <trkpt lat="49.028084" lon="12.478018">
        <ele>625.965461</ele>
        <time>2026-02-16T17:20:32.138Z</time>
      </trkpt>
      <trkpt lat="49.028274" lon="12.478196">
        <ele>626.930420</ele>
        <time>2026-02-16T17:20:40.180Z</time>
      </trkpt>
      <trkpt lat="49.028678" lon="12.478471">
        <ele>628.548495</ele>
        <time>2026-02-16T17:20:55.555Z</time>
      </trkpt>
      <trkpt lat="49.028753" lon="12.478512">
        <ele>628.827415</ele>
        <time>2026-02-16T17:20:58.249Z</time>
      </trkpt>
      <trkpt lat="49.028854" lon="12.478570">
        <ele>629.205234</ele>
        <time>2026-02-16T17:21:01.902Z</time>
      </trkpt>
      <trkpt lat="49.031334" lon="12.480019">
        <ele>635.392343</ele>
        <time>2026-02-16T17:22:11.109Z</time>
      </trkpt>
      <trkpt lat="49.031726" lon="12.480361">
        <ele>635.827696</ele>
        <time>2026-02-16T17:22:15.800Z</time>
      </trkpt>
      <trkpt lat="49.031977" lon="12.480645">
        <ele>635.425483</ele>
        <time>2026-02-16T17:22:18.922Z</time>
      </trkpt>
      <trkpt lat="49.032035" lon="12.480717">
        <ele>635.329239</ele>
        <time>2026-02-16T17:22:19.653Z</time>
      </trkpt>
      <trkpt lat="49.032364" lon="12.481275">
        <ele>634.696021</ele>
        <time>2026-02-16T17:22:24.624Z</time>
      </trkpt>
      <trkpt lat="49.032622" lon="12.481851">
        <ele>634.107408</ele>
        <time>2026-02-16T17:22:29.629Z</time>
      </trkpt>
      <trkpt lat="49.032841" lon="12.482686">
        <ele>634.341390</ele>
        <time>2026-02-16T17:22:41.331Z</time>
      </trkpt>
      <trkpt lat="49.032922" lon="12.483382">
        <ele>636.246209</ele>
        <time>2026-02-16T17:22:56.505Z</time>
      </trkpt>
      <trkpt lat="49.032905" lon="12.485248">
        <ele>641.129150</ele>
        <time>2026-02-16T17:23:40.919Z</time>
      </trkpt>
      <trkpt lat="49.032872" lon="12.487103">
        <ele>643.674997</ele>
        <time>2026-02-16T17:24:16.206Z</time>
      </trkpt>
      <trkpt lat="49.032860" lon="12.488084">
        <ele>644.223625</ele>
        <time>2026-02-16T17:24:24.002Z</time>
      </trkpt>
      <trkpt lat="49.032898" lon="12.488601">
        <ele>642.900626</ele>
        <time>2026-02-16T17:24:27.334Z</time>
      </trkpt>
      <trkpt lat="49.033043" lon="12.489933">
        <ele>639.466899</ele>
        <time>2026-02-16T17:24:35.521Z</time>
      </trkpt>
      <trkpt lat="49.033168" lon="12.490626">
        <ele>637.724825</ele>
        <time>2026-02-16T17:24:40.080Z</time>
      </trkpt>
      <trkpt lat="49.033275" lon="12.491039">
        <ele>637.364510</ele>
        <time>2026-02-16T17:24:43.182Z</time>
      </trkpt>
      <trkpt lat="49.033458" lon="12.491590">
        <ele>636.863348</ele>
        <time>2026-02-16T17:24:48.420Z</time>
      </trkpt>
      <trkpt lat="49.033884" lon="12.492949">
        <ele>635.641138</ele>
        <time>2026-02-16T17:25:03.397Z</time>
      </trkpt>
      <trkpt lat="49.033986" lon="12.493327">
        <ele>634.929754</ele>
        <time>2026-02-16T17:25:06.547Z</time>
      </trkpt>
      <trkpt lat="49.034059" lon="12.493773">
        <ele>633.939834</ele>
        <time>2026-02-16T17:25:09.762Z</time>
      </trkpt>
      <trkpt lat="49.034067" lon="12.494062">
        <ele>633.316932</ele>
        <time>2026-02-16T17:25:11.688Z</time>
      </trkpt>
      <trkpt lat="49.034047" lon="12.494642">
        <ele>632.066203</ele>
        <time>2026-02-16T17:25:15.378Z</time>
      </trkpt>
      <trkpt lat="49.033963" lon="12.495852">
        <ele>629.475538</ele>
        <time>2026-02-16T17:25:23.019Z</time>
      </trkpt>
      <trkpt lat="49.033965" lon="12.496211">
        <ele>628.825934</ele>
        <time>2026-02-16T17:25:25.301Z</time>
      </trkpt>
      <trkpt lat="49.034016" lon="12.497075">
        <ele>627.256277</ele>
        <time>2026-02-16T17:25:30.958Z</time>
      </trkpt>
      <trkpt lat="49.034113" lon="12.497967">
        <ele>625.620231</ele>
        <time>2026-02-16T17:25:37.249Z</time>
      </trkpt>
      <trkpt lat="49.034314" lon="12.500106">
        <ele>624.752741</ele>
        <time>2026-02-16T17:25:55.230Z</time>
      </trkpt>
      <trkpt lat="49.034330" lon="12.501320">
        <ele>624.981695</ele>
        <time>2026-02-16T17:26:10.836Z</time>
      </trkpt>
      <trkpt lat="49.034490" lon="12.502757">
        <ele>627.355993</ele>
        <time>2026-02-16T17:26:33.521Z</time>
      </trkpt>
      <trkpt lat="49.034608" lon="12.504563">
        <ele>630.231970</ele>
        <time>2026-02-16T17:27:06.407Z</time>
      </trkpt>
      <trkpt lat="49.034606" lon="12.504790">
        <ele>630.572959</ele>
        <time>2026-02-16T17:27:10.663Z</time>
      </trkpt>
      <trkpt lat="49.034523" lon="12.505517">
        <ele>631.681363</ele>
        <time>2026-02-16T17:27:23.660Z</time>
      </trkpt>
      <trkpt lat="49.034346" lon="12.506585">
        <ele>633.335988</ele>
        <time>2026-02-16T17:27:39.255Z</time>
      </trkpt>
      <trkpt lat="49.034203" lon="12.507752">
        <ele>633.121084</ele>
        <time>2026-02-16T17:27:50.265Z</time>
      </trkpt>
      <trkpt lat="49.034194" lon="12.507811">
        <ele>633.106283</ele>
        <time>2026-02-16T17:27:50.757Z</time>
      </trkpt>
      <trkpt lat="49.033886" lon="12.510603">
        <ele>631.863859</ele>
        <time>2026-02-16T17:28:13.945Z</time>
      </trkpt>
      <trkpt lat="49.033850" lon="12.511497">
        <ele>631.263427</ele>
        <time>2026-02-16T17:28:21.121Z</time>
      </trkpt>
      <trkpt lat="49.033874" lon="12.512464">
        <ele>630.487707</ele>
        <time>2026-02-16T17:28:28.411Z</time>
      </trkpt>
      <trkpt lat="49.033796" lon="12.513607">
        <ele>629.363438</ele>
        <time>2026-02-16T17:28:37.612Z</time>
      </trkpt>
      <trkpt lat="49.033809" lon="12.513799">
        <ele>629.174600</ele>
        <time>2026-02-16T17:28:39.215Z</time>
      </trkpt>
      <trkpt lat="49.033905" lon="12.514143">
        <ele>628.808835</ele>
        <time>2026-02-16T17:28:42.139Z</time>
      </trkpt>
      <trkpt lat="49.034042" lon="12.514457">
        <ele>628.439833</ele>
        <time>2026-02-16T17:28:44.928Z</time>
      </trkpt>
      <trkpt lat="49.034189" lon="12.514723">
        <ele>627.974304</ele>
        <time>2026-02-16T17:28:47.409Z</time>
      </trkpt>
      <trkpt lat="49.034443" lon="12.514997">
        <ele>626.970645</ele>
        <time>2026-02-16T17:28:50.567Z</time>
      </trkpt>
      <trkpt lat="49.035101" lon="12.515512">
        <ele>624.584702</ele>
        <time>2026-02-16T17:28:57.777Z</time>
      </trkpt>
      <trkpt lat="49.035307" lon="12.515746">
        <ele>623.756080</ele>
        <time>2026-02-16T17:29:00.264Z</time>
      </trkpt>
      <trkpt lat="49.035484" lon="12.516096">
        <ele>622.821171</ele>
        <time>2026-02-16T17:29:03.108Z</time>
      </trkpt>
      <trkpt lat="49.035596" lon="12.516525">
        <ele>622.461231</ele>
        <time>2026-02-16T17:29:06.253Z</time>
      </trkpt>
      <trkpt lat="49.035652" lon="12.517083">
        <ele>622.582062</ele>
        <time>2026-02-16T17:29:10.534Z</time>
      </trkpt>
      <trkpt lat="49.035751" lon="12.519507">
        <ele>623.734046</ele>
        <time>2026-02-16T17:29:44.723Z</time>
      </trkpt>
      <trkpt lat="49.035821" lon="12.520218">
        <ele>624.771400</ele>
        <time>2026-02-16T17:29:55.552Z</time>
      </trkpt>
      <trkpt lat="49.035926" lon="12.520741">
        <ele>625.560588</ele>
        <time>2026-02-16T17:30:03.940Z</time>
      </trkpt>
      <trkpt lat="49.036337" lon="12.522476">
        <ele>628.656155</ele>
        <time>2026-02-16T17:30:34.790Z</time>
      </trkpt>
      <trkpt lat="49.036487" lon="12.523012">
        <ele>629.783827</ele>
        <time>2026-02-16T17:30:45.266Z</time>
      </trkpt>
      <trkpt lat="49.036632" lon="12.523343">
        <ele>630.554120</ele>
        <time>2026-02-16T17:30:52.429Z</time>
      </trkpt>
      <trkpt lat="49.037115" lon="12.524154">
        <ele>632.574416</ele>
        <time>2026-02-16T17:31:12.451Z</time>
      </trkpt>
      <trkpt lat="49.037586" lon="12.525148">
        <ele>634.377218</ele>
        <time>2026-02-16T17:31:32.654Z</time>
      </trkpt>
      <trkpt lat="49.037708" lon="12.525403">
        <ele>634.841247</ele>
        <time>2026-02-16T17:31:37.343Z</time>
      </trkpt>
      <trkpt lat="49.038056" lon="12.526039">
        <ele>636.058950</ele>
        <time>2026-02-16T17:31:49.454Z</time>
      </trkpt>
      <trkpt lat="49.038125" lon="12.526167">
        <ele>636.286509</ele>
        <time>2026-02-16T17:31:51.851Z</time>
      </trkpt>
      <trkpt lat="49.038311" lon="12.526624">
        <ele>635.884472</ele>
        <time>2026-02-16T17:31:59.174Z</time>
      </trkpt>
      <trkpt lat="49.038489" lon="12.526956">
        <ele>635.563916</ele>
        <time>2026-02-16T17:32:03.717Z</time>
      </trkpt>
      <trkpt lat="49.038653" lon="12.527149">
        <ele>635.327765</ele>
        <time>2026-02-16T17:32:06.409Z</time>
      </trkpt>
      <trkpt lat="49.038877" lon="12.527302">
        <ele>635.047949</ele>
        <time>2026-02-16T17:32:09.272Z</time>
      </trkpt>
      <trkpt lat="49.039163" lon="12.527568">
        <ele>634.666052</ele>
        <time>2026-02-16T17:32:12.875Z</time>
      </trkpt>
      <trkpt lat="49.039851" lon="12.528480">
        <ele>631.553448</ele>
        <time>2026-02-16T17:32:21.798Z</time>
      </trkpt>
      <trkpt lat="49.039970" lon="12.528763">
        <ele>630.454138</ele>
        <time>2026-02-16T17:32:23.848Z</time>
      </trkpt>
      <trkpt lat="49.040583" lon="12.530794">
        <ele>622.804947</ele>
        <time>2026-02-16T17:32:37.421Z</time>
      </trkpt>
      <trkpt lat="49.040838" lon="12.531534">
        <ele>619.636371</ele>
        <time>2026-02-16T17:32:42.466Z</time>
      </trkpt>
      <trkpt lat="49.041253" lon="12.533272">
        <ele>613.714279</ele>
        <time>2026-02-16T17:32:53.588Z</time>
      </trkpt>
      <trkpt lat="49.041476" lon="12.534074">
        <ele>612.013386</ele>
        <time>2026-02-16T17:32:59.304Z</time>
      </trkpt>
      <trkpt lat="49.041570" lon="12.534311">
        <ele>611.472553</ele>
        <time>2026-02-16T17:33:01.246Z</time>
      </trkpt>
      <trkpt lat="49.041672" lon="12.534475">
        <ele>611.031166</ele>
        <time>2026-02-16T17:33:02.887Z</time>
      </trkpt>
      <trkpt lat="49.041925" lon="12.534706">
        <ele>610.152958</ele>
        <time>2026-02-16T17:33:06.295Z</time>
      </trkpt>
      <trkpt lat="49.042037" lon="12.534801">
        <ele>609.771273</ele>
        <time>2026-02-16T17:33:07.879Z</time>
      </trkpt>
      <trkpt lat="49.042119" lon="12.534863">
        <ele>609.513514</ele>
        <time>2026-02-16T17:33:09.104Z</time>
      </trkpt>
      <trkpt lat="49.042605" lon="12.535229">
        <ele>609.512012</ele>
        <time>2026-02-16T17:33:18.373Z</time>
      </trkpt>
      <trkpt lat="49.042722" lon="12.535270">
        <ele>609.511679</ele>
        <time>2026-02-16T17:33:20.602Z</time>
      </trkpt>
      <trkpt lat="49.042725" lon="12.535627">
        <ele>609.511031</ele>
        <time>2026-02-16T17:33:24.768Z</time>
      </trkpt>
      <trkpt lat="49.042718" lon="12.535725">
        <ele>609.510852</ele>
        <time>2026-02-16T17:33:25.882Z</time>
      </trkpt>
      <trkpt lat="49.042593" lon="12.536245">
        <ele>609.509846</ele>
        <time>2026-02-16T17:33:31.754Z</time>
      </trkpt>
      <trkpt lat="49.042513" lon="12.536524">
        <ele>609.509293</ele>
        <time>2026-02-16T17:33:34.677Z</time>
      </trkpt>
      <trkpt lat="49.042385" lon="12.537003">
        <ele>609.404061</ele>
        <time>2026-02-16T17:33:39.200Z</time>
      </trkpt>
      <trkpt lat="49.042228" lon="12.537430">
        <ele>608.916496</ele>
        <time>2026-02-16T17:33:43.206Z</time>
      </trkpt>
      <trkpt lat="49.041934" lon="12.538091">
        <ele>608.120989</ele>
        <time>2026-02-16T17:33:49.260Z</time>
      </trkpt>
      <trkpt lat="49.043045" lon="12.539152">
        <ele>606.022149</ele>
        <time>2026-02-16T17:34:03.597Z</time>
      </trkpt>
      <trkpt lat="49.043503" lon="12.539567">
        <ele>605.078230</ele>
        <time>2026-02-16T17:34:09.372Z</time>
      </trkpt>
      <trkpt lat="49.043633" lon="12.539673">
        <ele>604.817036</ele>
        <time>2026-02-16T17:34:10.994Z</time>
      </trkpt>
      <trkpt lat="49.043800" lon="12.539713">
        <ele>604.517492</ele>
        <time>2026-02-16T17:34:12.896Z</time>
      </trkpt>
      <trkpt lat="49.043887" lon="12.539702">
        <ele>604.362802</ele>
        <time>2026-02-16T17:34:13.885Z</time>
      </trkpt>
      <trkpt lat="49.044297" lon="12.539524">
        <ele>603.607450</ele>
        <time>2026-02-16T17:34:18.865Z</time>
      </trkpt>
      <trkpt lat="49.044683" lon="12.539468">
        <ele>603.512619</ele>
        <time>2026-02-16T17:34:23.505Z</time>
      </trkpt>
      <trkpt lat="49.045361" lon="12.539557">
        <ele>603.375173</ele>
        <time>2026-02-16T17:34:32.643Z</time>
      </trkpt>
      <trkpt lat="49.045567" lon="12.539556">
        <ele>603.333566</ele>
        <time>2026-02-16T17:34:35.914Z</time>
      </trkpt>
      <trkpt lat="49.046262" lon="12.539440">
        <ele>603.275633</ele>
        <time>2026-02-16T17:34:48.669Z</time>
      </trkpt>
      <trkpt lat="49.046413" lon="12.539393">
        <ele>603.322653</ele>
        <time>2026-02-16T17:34:51.437Z</time>
      </trkpt>
      <trkpt lat="49.046628" lon="12.539260">
        <ele>603.393438</ele>
        <time>2026-02-16T17:34:55.404Z</time>
      </trkpt>
      <trkpt lat="49.046863" lon="12.539056">
        <ele>603.475931</ele>
        <time>2026-02-16T17:34:59.803Z</time>
      </trkpt>
      <trkpt lat="49.047058" lon="12.538954">
        <ele>603.538826</ele>
        <time>2026-02-16T17:35:03.066Z</time>
      </trkpt>
      <trkpt lat="49.047199" lon="12.538937">
        <ele>603.581980</ele>
        <time>2026-02-16T17:35:05.280Z</time>
      </trkpt>
      <trkpt lat="49.047314" lon="12.538935">
        <ele>603.617070</ele>
        <time>2026-02-16T17:35:07.056Z</time>
      </trkpt>
      <trkpt lat="49.047700" lon="12.538974">
        <ele>603.735098</ele>
        <time>2026-02-16T17:35:12.789Z</time>
      </trkpt>
      <trkpt lat="49.048940" lon="12.539207">
        <ele>604.261843</ele>
        <time>2026-02-16T17:35:30.746Z</time>
      </trkpt>
      <trkpt lat="49.049409" lon="12.539296">
        <ele>604.467413</ele>
        <time>2026-02-16T17:35:39.594Z</time>
      </trkpt>
      <trkpt lat="49.050129" lon="12.539045">
        <ele>605.562235</ele>
        <time>2026-02-16T17:35:54.534Z</time>
      </trkpt>
      <trkpt lat="49.051287" lon="12.538532">
        <ele>607.835491</ele>
        <time>2026-02-16T17:36:22.032Z</time>
      </trkpt>
      <trkpt lat="49.054139" lon="12.537657">
        <ele>615.638149</ele>
        <time>2026-02-16T17:37:38.821Z</time>
      </trkpt>
      <trkpt lat="49.054650" lon="12.537650">
        <ele>616.937790</ele>
        <time>2026-02-16T17:37:52.044Z</time>
      </trkpt>
      <trkpt lat="49.054943" lon="12.537705">
        <ele>617.549824</ele>
        <time>2026-02-16T17:37:58.708Z</time>
      </trkpt>
      <trkpt lat="49.055184" lon="12.537813">
        <ele>617.593936</ele>
        <time>2026-02-16T17:38:03.795Z</time>
      </trkpt>
      <trkpt lat="49.055450" lon="12.537983">
        <ele>617.644582</ele>
        <time>2026-02-16T17:38:08.937Z</time>
      </trkpt>
      <trkpt lat="49.055983" lon="12.538418">
        <ele>617.750734</ele>
        <time>2026-02-16T17:38:17.174Z</time>
      </trkpt>
      <trkpt lat="49.056428" lon="12.538792">
        <ele>617.839953</ele>
        <time>2026-02-16T17:38:23.082Z</time>
      </trkpt>
      <trkpt lat="49.057199" lon="12.539602">
        <ele>618.490447</ele>
        <time>2026-02-16T17:38:37.647Z</time>
      </trkpt>
      <trkpt lat="49.057975" lon="12.540375">
        <ele>619.184380</ele>
        <time>2026-02-16T17:38:57.245Z</time>
      </trkpt>
      <trkpt lat="49.058123" lon="12.540471">
        <ele>619.450573</ele>
        <time>2026-02-16T17:39:00.647Z</time>
      </trkpt>
      <trkpt lat="49.058342" lon="12.540557">
        <ele>619.860667</ele>
        <time>2026-02-16T17:39:05.336Z</time>
      </trkpt>
      <trkpt lat="49.059624" lon="12.540905">
        <ele>622.222063</ele>
        <time>2026-02-16T17:39:31.082Z</time>
      </trkpt>
      <trkpt lat="49.061427" lon="12.541375">
        <ele>629.289536</ele>
        <time>2026-02-16T17:40:29.425Z</time>
      </trkpt>
      <trkpt lat="49.062669" lon="12.541514">
        <ele>633.874510</ele>
        <time>2026-02-16T17:41:10.240Z</time>
      </trkpt>
      <trkpt lat="49.063340" lon="12.541619">
        <ele>636.284174</ele>
        <time>2026-02-16T17:41:27.820Z</time>
      </trkpt>
      <trkpt lat="49.063589" lon="12.541803">
        <ele>636.491621</ele>
        <time>2026-02-16T17:41:33.664Z</time>
      </trkpt>
      <trkpt lat="49.063853" lon="12.542221">
        <ele>636.776866</ele>
        <time>2026-02-16T17:41:40.760Z</time>
      </trkpt>
      <trkpt lat="49.064227" lon="12.543261">
        <ele>637.359733</ele>
        <time>2026-02-16T17:41:52.481Z</time>
      </trkpt>
      <trkpt lat="49.064351" lon="12.543467">
        <ele>637.497169</ele>
        <time>2026-02-16T17:41:55.339Z</time>
      </trkpt>
      <trkpt lat="49.064485" lon="12.543599">
        <ele>637.616761</ele>
        <time>2026-02-16T17:41:57.874Z</time>
      </trkpt>
      <trkpt lat="49.064658" lon="12.543684">
        <ele>637.414299</ele>
        <time>2026-02-16T17:42:00.773Z</time>
      </trkpt>
      <trkpt lat="49.065042" lon="12.543641">
        <ele>636.972137</ele>
        <time>2026-02-16T17:42:06.880Z</time>
      </trkpt>
      <trkpt lat="49.065241" lon="12.543542">
        <ele>636.731776</ele>
        <time>2026-02-16T17:42:09.730Z</time>
      </trkpt>
      <trkpt lat="49.065420" lon="12.543395">
        <ele>636.498349</ele>
        <time>2026-02-16T17:42:12.127Z</time>
      </trkpt>
      <trkpt lat="49.065925" lon="12.542894">
        <ele>635.806673</ele>
        <time>2026-02-16T17:42:18.581Z</time>
      </trkpt>
      <trkpt lat="49.066041" lon="12.542706">
        <ele>635.612368</ele>
        <time>2026-02-16T17:42:20.450Z</time>
      </trkpt>
      <trkpt lat="49.066217" lon="12.542282">
        <ele>634.867743</ele>
        <time>2026-02-16T17:42:24.045Z</time>
      </trkpt>
      <trkpt lat="49.066331" lon="12.542169">
        <ele>634.532064</ele>
        <time>2026-02-16T17:42:25.490Z</time>
      </trkpt>
      <trkpt lat="49.066569" lon="12.542116">
        <ele>633.938107</ele>
        <time>2026-02-16T17:42:28.007Z</time>
      </trkpt>
      <trkpt lat="49.067002" lon="12.542098">
        <ele>632.868429</ele>
        <time>2026-02-16T17:42:32.469Z</time>
      </trkpt>
      <trkpt lat="49.067220" lon="12.542158">
        <ele>632.321401</ele>
        <time>2026-02-16T17:42:34.817Z</time>
      </trkpt>
      <trkpt lat="49.067681" lon="12.542549">
        <ele>630.978297</ele>
        <time>2026-02-16T17:42:40.615Z</time>
      </trkpt>
      <trkpt lat="49.067775" lon="12.542627">
        <ele>630.598387</ele>
        <time>2026-02-16T17:42:41.774Z</time>
      </trkpt>
      <trkpt lat="49.068236" lon="12.542907">
        <ele>628.836635</ele>
        <time>2026-02-16T17:42:46.860Z</time>
      </trkpt>
      <trkpt lat="49.069665" lon="12.543034">
        <ele>624.088822</ele>
        <time>2026-02-16T17:43:00.691Z</time>
      </trkpt>
      <trkpt lat="49.069904" lon="12.543082">
        <ele>623.527913</ele>
        <time>2026-02-16T17:43:03.159Z</time>
      </trkpt>
      <trkpt lat="49.070106" lon="12.543168">
        <ele>623.039951</ele>
        <time>2026-02-16T17:43:05.385Z</time>
      </trkpt>
      <trkpt lat="49.070320" lon="12.543324">
        <ele>622.488136</ele>
        <time>2026-02-16T17:43:07.986Z</time>
      </trkpt>
      <trkpt lat="49.071091" lon="12.544061">
        <ele>620.402006</ele>
        <time>2026-02-16T17:43:18.687Z</time>
      </trkpt>
      <trkpt lat="49.071827" lon="12.544763">
        <ele>618.748708</ele>
        <time>2026-02-16T17:43:28.560Z</time>
      </trkpt>
      <trkpt lat="49.071450" lon="12.546193">
        <ele>616.730047</ele>
        <time>2026-02-16T17:43:39.374Z</time>
      </trkpt>
      <trkpt lat="49.071361" lon="12.546722">
        <ele>615.824408</ele>
        <time>2026-02-16T17:43:43.258Z</time>
      </trkpt>
      <trkpt lat="49.071312" lon="12.547334">
        <ele>614.802053</ele>
        <time>2026-02-16T17:43:47.634Z</time>
      </trkpt>
      <trkpt lat="49.071317" lon="12.548419">
        <ele>613.002884</ele>
        <time>2026-02-16T17:43:55.219Z</time>
      </trkpt>
      <trkpt lat="49.071514" lon="12.551948">
        <ele>605.563140</ele>
        <time>2026-02-16T17:44:18.165Z</time>
      </trkpt>
      <trkpt lat="49.071646" lon="12.553021">
        <ele>604.374328</ele>
        <time>2026-02-16T17:44:25.451Z</time>
      </trkpt>
      <trkpt lat="49.071767" lon="12.553775">
        <ele>603.529024</ele>
        <time>2026-02-16T17:44:31.536Z</time>
      </trkpt>
      <trkpt lat="49.072293" lon="12.556437">
        <ele>607.862569</ele>
        <time>2026-02-16T17:45:19.089Z</time>
      </trkpt>
      <trkpt lat="49.072494" lon="12.557131">
        <ele>609.637280</ele>
        <time>2026-02-16T17:45:36.743Z</time>
      </trkpt>
      <trkpt lat="49.072615" lon="12.557436">
        <ele>610.571710</ele>
        <time>2026-02-16T17:45:45.012Z</time>
      </trkpt>
      <trkpt lat="49.072883" lon="12.557994">
        <ele>612.384913</ele>
        <time>2026-02-16T17:46:00.386Z</time>
      </trkpt>
      <trkpt lat="49.073265" lon="12.558659">
        <ele>614.702706</ele>
        <time>2026-02-16T17:46:17.690Z</time>
      </trkpt>
      <trkpt lat="49.073686" lon="12.559424">
        <ele>617.055846</ele>
        <time>2026-02-16T17:46:34.262Z</time>
      </trkpt>
      <trkpt lat="49.073943" lon="12.560085">
        <ele>618.747990</ele>
        <time>2026-02-16T17:46:46.556Z</time>
      </trkpt>
      <trkpt lat="49.074014" lon="12.560348">
        <ele>619.374200</ele>
        <time>2026-02-16T17:46:51.311Z</time>
      </trkpt>
      <trkpt lat="49.074102" lon="12.560714">
        <ele>620.232477</ele>
        <time>2026-02-16T17:46:58.119Z</time>
      </trkpt>
      <trkpt lat="49.074431" lon="12.562398">
        <ele>626.082918</ele>
        <time>2026-02-16T17:47:38.186Z</time>
      </trkpt>
      <trkpt lat="49.074860" lon="12.564623">
        <ele>634.767512</ele>
        <time>2026-02-16T17:48:44.111Z</time>
      </trkpt>
      <trkpt lat="49.075064" lon="12.565469">
        <ele>637.509545</ele>
        <time>2026-02-16T17:49:04.517Z</time>
      </trkpt>
      <trkpt lat="49.075184" lon="12.565809">
        <ele>638.684252</ele>
        <time>2026-02-16T17:49:11.973Z</time>
      </trkpt>
      <trkpt lat="49.075422" lon="12.566327">
        <ele>640.608729</ele>
        <time>2026-02-16T17:49:22.787Z</time>
      </trkpt>
      <trkpt lat="49.075572" lon="12.566578">
        <ele>641.375638</ele>
        <time>2026-02-16T17:49:28.269Z</time>
      </trkpt>
      <trkpt lat="49.075882" lon="12.566999">
        <ele>642.339296</ele>
        <time>2026-02-16T17:49:38.340Z</time>
      </trkpt>
      <trkpt lat="49.076527" lon="12.567654">
        <ele>644.138503</ele>
        <time>2026-02-16T17:49:57.511Z</time>
      </trkpt>
      <trkpt lat="49.076797" lon="12.567998">
        <ele>644.955286</ele>
        <time>2026-02-16T17:50:05.927Z</time>
      </trkpt>
      <trkpt lat="49.077005" lon="12.568367">
        <ele>645.386155</ele>
        <time>2026-02-16T17:50:13.072Z</time>
      </trkpt>
      <trkpt lat="49.077157" lon="12.568796">
        <ele>645.566988</ele>
        <time>2026-02-16T17:50:19.588Z</time>
      </trkpt>
      <trkpt lat="49.077257" lon="12.569331">
        <ele>645.773261</ele>
        <time>2026-02-16T17:50:26.148Z</time>
      </trkpt>
      <trkpt lat="49.077342" lon="12.569972">
        <ele>646.015738</ele>
        <time>2026-02-16T17:50:32.839Z</time>
      </trkpt>
      <trkpt lat="49.077511" lon="12.572015">
        <ele>646.639848</ele>
        <time>2026-02-16T17:50:50.662Z</time>
      </trkpt>
      <trkpt lat="49.077528" lon="12.572719">
        <ele>646.824377</ele>
        <time>2026-02-16T17:50:57.923Z</time>
      </trkpt>
      <trkpt lat="49.077509" lon="12.572844">
        <ele>646.857990</ele>
        <time>2026-02-16T17:50:59.399Z</time>
      </trkpt>
      <trkpt lat="49.077269" lon="12.574375">
        <ele>648.505733</ele>
        <time>2026-02-16T17:51:22.783Z</time>
      </trkpt>
      <trkpt lat="49.077113" lon="12.575352">
        <ele>650.088161</ele>
        <time>2026-02-16T17:51:41.051Z</time>
      </trkpt>
      <trkpt lat="49.076977" lon="12.576393">
        <ele>651.346766</ele>
        <time>2026-02-16T17:51:58.738Z</time>
      </trkpt>
      <trkpt lat="49.076920" lon="12.576936">
        <ele>651.351486</ele>
        <time>2026-02-16T17:52:05.846Z</time>
      </trkpt>
      <trkpt lat="49.076897" lon="12.577328">
        <ele>651.354863</ele>
        <time>2026-02-16T17:52:10.003Z</time>
      </trkpt>
      <trkpt lat="49.076893" lon="12.577612">
        <ele>651.357301</ele>
        <time>2026-02-16T17:52:12.622Z</time>
      </trkpt>
      <trkpt lat="49.076919" lon="12.577844">
        <ele>651.359320</ele>
        <time>2026-02-16T17:52:14.557Z</time>
      </trkpt>
      <trkpt lat="49.077004" lon="12.578189">
        <ele>651.362484</ele>
        <time>2026-02-16T17:52:17.367Z</time>
      </trkpt>
      <trkpt lat="49.077090" lon="12.578412">
        <ele>651.364704</ele>
        <time>2026-02-16T17:52:19.263Z</time>
      </trkpt>
      <trkpt lat="49.077342" lon="12.578748">
        <ele>651.368574</ele>
        <time>2026-02-16T17:52:22.889Z</time>
      </trkpt>
      <trkpt lat="49.077440" lon="12.578885">
        <ele>651.369435</ele>
        <time>2026-02-16T17:52:24.354Z</time>
      </trkpt>
      <trkpt lat="49.077618" lon="12.579254">
        <ele>651.371380</ele>
        <time>2026-02-16T17:52:27.945Z</time>
      </trkpt>
      <trkpt lat="49.077948" lon="12.579973">
        <ele>651.375105</ele>
        <time>2026-02-16T17:52:36.774Z</time>
      </trkpt>
      <trkpt lat="49.078066" lon="12.580400">
        <ele>651.377072</ele>
        <time>2026-02-16T17:52:42.177Z</time>
      </trkpt>
      <trkpt lat="49.078178" lon="12.580944">
        <ele>651.379492</ele>
        <time>2026-02-16T17:52:49.501Z</time>
      </trkpt>
      <trkpt lat="49.078236" lon="12.581278">
        <ele>651.483996</ele>
        <time>2026-02-16T17:52:54.111Z</time>
      </trkpt>
      <trkpt lat="49.078259" lon="12.581411">
        <ele>651.533325</ele>
        <time>2026-02-16T17:52:56.059Z</time>
      </trkpt>
      <trkpt lat="49.078310" lon="12.581663">
        <ele>651.627909</ele>
        <time>2026-02-16T17:52:59.861Z</time>
      </trkpt>
      <trkpt lat="49.078350" lon="12.581808">
        <ele>651.684331</ele>
        <time>2026-02-16T17:53:02.164Z</time>
      </trkpt>
      <trkpt lat="49.078412" lon="12.582014">
        <ele>651.765629</ele>
        <time>2026-02-16T17:53:05.331Z</time>
      </trkpt>
      <trkpt lat="49.078484" lon="12.582363">
        <ele>651.896844</ele>
        <time>2026-02-16T17:53:10.003Z</time>
      </trkpt>
      <trkpt lat="49.078529" lon="12.583028">
        <ele>652.136587</ele>
        <time>2026-02-16T17:53:16.855Z</time>
      </trkpt>
      <trkpt lat="49.078564" lon="12.583508">
        <ele>652.309782</ele>
        <time>2026-02-16T17:53:20.884Z</time>
      </trkpt>
      <trkpt lat="49.078588" lon="12.584340">
        <ele>651.588071</ele>
        <time>2026-02-16T17:53:27.641Z</time>
      </trkpt>
      <trkpt lat="49.078566" lon="12.584497">
        <ele>651.404879</ele>
        <time>2026-02-16T17:53:28.889Z</time>
      </trkpt>
      <trkpt lat="49.078490" lon="12.584846">
        <ele>650.985235</ele>
        <time>2026-02-16T17:53:31.726Z</time>
      </trkpt>
      <trkpt lat="49.078167" lon="12.585788">
        <ele>649.772036</ele>
        <time>2026-02-16T17:53:39.281Z</time>
      </trkpt>
      <trkpt lat="49.077824" lon="12.586839">
        <ele>647.954445</ele>
        <time>2026-02-16T17:53:47.332Z</time>
      </trkpt>
      <trkpt lat="49.077471" lon="12.588188">
        <ele>645.305868</ele>
        <time>2026-02-16T17:53:57.149Z</time>
      </trkpt>
      <trkpt lat="49.076624" lon="12.590959">
        <ele>639.738178</ele>
        <time>2026-02-16T17:54:17.889Z</time>
      </trkpt>
      <trkpt lat="49.076469" lon="12.591399">
        <ele>638.744653</ele>
        <time>2026-02-16T17:54:21.313Z</time>
      </trkpt>
      <trkpt lat="49.076012" lon="12.592425">
        <ele>636.008789</ele>
        <time>2026-02-16T17:54:29.856Z</time>
      </trkpt>
      <trkpt lat="49.075659" lon="12.593492">
        <ele>633.372934</ele>
        <time>2026-02-16T17:54:37.651Z</time>
      </trkpt>
      <trkpt lat="49.075492" lon="12.593735">
        <ele>632.012213</ele>
        <time>2026-02-16T17:54:39.824Z</time>
      </trkpt>
      <trkpt lat="49.075361" lon="12.593835">
        <ele>631.019189</ele>
        <time>2026-02-16T17:54:41.182Z</time>
      </trkpt>
      <trkpt lat="49.075239" lon="12.593883">
        <ele>630.165007</ele>
        <time>2026-02-16T17:54:42.332Z</time>
      </trkpt>
      <trkpt lat="49.075104" lon="12.593890">
        <ele>629.249189</ele>
        <time>2026-02-16T17:54:43.561Z</time>
      </trkpt>
      <trkpt lat="49.074814" lon="12.593749">
        <ele>627.185691</ele>
        <time>2026-02-16T17:54:46.307Z</time>
      </trkpt>
      <trkpt lat="49.074698" lon="12.593746">
        <ele>626.399107</ele>
        <time>2026-02-16T17:54:47.344Z</time>
      </trkpt>
      <trkpt lat="49.074553" lon="12.593791">
        <ele>625.395907</ele>
        <time>2026-02-16T17:54:48.663Z</time>
      </trkpt>
      <trkpt lat="49.074415" lon="12.593919">
        <ele>624.301105</ele>
        <time>2026-02-16T17:54:50.098Z</time>
      </trkpt>
      <trkpt lat="49.074281" lon="12.594084">
        <ele>623.133873</ele>
        <time>2026-02-16T17:54:51.618Z</time>
      </trkpt>
      <trkpt lat="49.074010" lon="12.594722">
        <ele>619.327483</ele>
        <time>2026-02-16T17:54:56.004Z</time>
      </trkpt>
      <trkpt lat="49.073709" lon="12.595305">
        <ele>614.871556</ele>
        <time>2026-02-16T17:55:00.252Z</time>
      </trkpt>
      <trkpt lat="49.073516" lon="12.595535">
        <ele>612.627902</ele>
        <time>2026-02-16T17:55:02.390Z</time>
      </trkpt>
      <trkpt lat="49.071769" lon="12.597258">
        <ele>593.995667</ele>
        <time>2026-02-16T17:55:20.330Z</time>
      </trkpt>
      <trkpt lat="49.071702" lon="12.597366">
        <ele>593.137657</ele>
        <time>2026-02-16T17:55:21.184Z</time>
      </trkpt>
      <trkpt lat="49.071623" lon="12.597626">
        <ele>591.484374</ele>
        <time>2026-02-16T17:55:22.846Z</time>
      </trkpt>
      <trkpt lat="49.071455" lon="12.598897">
        <ele>585.414790</ele>
        <time>2026-02-16T17:55:30.547Z</time>
      </trkpt>
      <trkpt lat="49.071456" lon="12.599395">
        <ele>583.412500</ele>
        <time>2026-02-16T17:55:33.602Z</time>
      </trkpt>
      <trkpt lat="49.071560" lon="12.600978">
        <ele>576.819709</ele>
        <time>2026-02-16T17:55:43.218Z</time>
      </trkpt>
      <trkpt lat="49.071550" lon="12.601141">
        <ele>575.947461</ele>
        <time>2026-02-16T17:55:44.190Z</time>
      </trkpt>
      <trkpt lat="49.071439" lon="12.601685">
        <ele>572.911750</ele>
        <time>2026-02-16T17:55:47.532Z</time>
      </trkpt>
      <trkpt lat="49.071377" lon="12.601992">
        <ele>571.200123</ele>
        <time>2026-02-16T17:55:49.404Z</time>
      </trkpt>
      <trkpt lat="49.071041" lon="12.603652">
        <ele>561.487524</ele>
        <time>2026-02-16T17:55:59.324Z</time>
      </trkpt>
      <trkpt lat="49.070994" lon="12.604059">
        <ele>558.328299</ele>
        <time>2026-02-16T17:56:01.643Z</time>
      </trkpt>
      <trkpt lat="49.070972" lon="12.604407">
        <ele>555.655697</ele>
        <time>2026-02-16T17:56:03.591Z</time>
      </trkpt>
      <trkpt lat="49.070977" lon="12.604974">
        <ele>551.320941</ele>
        <time>2026-02-16T17:56:06.735Z</time>
      </trkpt>
      <trkpt lat="49.071118" lon="12.606321">
        <ele>540.882359</ele>
        <time>2026-02-16T17:56:14.243Z</time>
      </trkpt>
      <trkpt lat="49.071112" lon="12.606579">
        <ele>538.889316</ele>
        <time>2026-02-16T17:56:15.657Z</time>
      </trkpt>
      <trkpt lat="49.071050" lon="12.606999">
        <ele>535.565570</ele>
        <time>2026-02-16T17:56:18.025Z</time>
      </trkpt>
      <trkpt lat="49.070983" lon="12.607214">
        <ele>533.727526</ele>
        <time>2026-02-16T17:56:19.334Z</time>
      </trkpt>
      <trkpt lat="49.070617" lon="12.607986">
        <ele>526.370664</ele>
        <time>2026-02-16T17:56:24.603Z</time>
      </trkpt>
      <trkpt lat="49.070471" lon="12.608476">
        <ele>522.214893</ele>
        <time>2026-02-16T17:56:27.616Z</time>
      </trkpt>
      <trkpt lat="49.070432" lon="12.608793">
        <ele>520.097654</ele>
        <time>2026-02-16T17:56:29.445Z</time>
      </trkpt>
      <trkpt lat="49.070431" lon="12.609446">
        <ele>516.791481</ele>
        <time>2026-02-16T17:56:33.190Z</time>
      </trkpt>
      <trkpt lat="49.070495" lon="12.611408">
        <ele>506.834865</ele>
        <time>2026-02-16T17:56:44.829Z</time>
      </trkpt>
      <trkpt lat="49.070516" lon="12.612293">
        <ele>501.584107</ele>
        <time>2026-02-16T17:56:49.962Z</time>
      </trkpt>
      <trkpt lat="49.070517" lon="12.612377">
        <ele>501.085975</ele>
        <time>2026-02-16T17:56:50.441Z</time>
      </trkpt>
      <trkpt lat="49.070523" lon="12.614231">
        <ele>490.257906</ele>
        <time>2026-02-16T17:57:00.858Z</time>
      </trkpt>
      <trkpt lat="49.070539" lon="12.614690">
        <ele>488.370090</ele>
        <time>2026-02-16T17:57:03.482Z</time>
      </trkpt>
      <trkpt lat="49.070617" lon="12.615248">
        <ele>486.026755</ele>
        <time>2026-02-16T17:57:06.823Z</time>
      </trkpt>
      <trkpt lat="49.070933" lon="12.616517">
        <ele>480.451095</ele>
        <time>2026-02-16T17:57:15.293Z</time>
      </trkpt>
      <trkpt lat="49.071093" lon="12.617108">
        <ele>477.840146</ele>
        <time>2026-02-16T17:57:19.453Z</time>
      </trkpt>
      <trkpt lat="49.071137" lon="12.617458">
        <ele>476.391206</ele>
        <time>2026-02-16T17:57:21.670Z</time>
      </trkpt>
      <trkpt lat="49.071110" lon="12.617715">
        <ele>475.332983</ele>
        <time>2026-02-16T17:57:23.253Z</time>
      </trkpt>
      <trkpt lat="49.071055" lon="12.617954">
        <ele>474.303086</ele>
        <time>2026-02-16T17:57:24.784Z</time>
      </trkpt>
      <trkpt lat="49.070965" lon="12.618154">
        <ele>473.316605</ele>
        <time>2026-02-16T17:57:26.238Z</time>
      </trkpt>
      <trkpt lat="49.070755" lon="12.618460">
        <ele>471.514875</ele>
        <time>2026-02-16T17:57:28.863Z</time>
      </trkpt>
      <trkpt lat="49.070468" lon="12.618797">
        <ele>469.267739</ele>
        <time>2026-02-16T17:57:32.078Z</time>
      </trkpt>
      <trkpt lat="49.070197" lon="12.619114">
        <ele>466.728143</ele>
        <time>2026-02-16T17:57:35.089Z</time>
      </trkpt>
      <trkpt lat="49.069436" lon="12.620056">
        <ele>458.192944</ele>
        <time>2026-02-16T17:57:43.660Z</time>
      </trkpt>
      <trkpt lat="49.068685" lon="12.621164">
        <ele>448.960392</ele>
        <time>2026-02-16T17:57:52.727Z</time>
      </trkpt>
      <trkpt lat="49.068397" lon="12.621481">
        <ele>445.746541</ele>
        <time>2026-02-16T17:57:55.800Z</time>
      </trkpt>
      <trkpt lat="49.067986" lon="12.621805">
        <ele>441.559615</ele>
        <time>2026-02-16T17:57:59.804Z</time>
      </trkpt>
      <trkpt lat="49.067890" lon="12.621968">
        <ele>440.259873</ele>
        <time>2026-02-16T17:58:01.052Z</time>
      </trkpt>
      <trkpt lat="49.067771" lon="12.622309">
        <ele>437.968753</ele>
        <time>2026-02-16T17:58:03.267Z</time>
      </trkpt>
      <trkpt lat="49.067735" lon="12.622560">
        <ele>436.445057</ele>
        <time>2026-02-16T17:58:04.746Z</time>
      </trkpt>
      <trkpt lat="49.067746" lon="12.622767">
        <ele>435.439106</ele>
        <time>2026-02-16T17:58:05.947Z</time>
      </trkpt>
      <trkpt lat="49.067799" lon="12.623047">
        <ele>434.089654</ele>
        <time>2026-02-16T17:58:07.633Z</time>
      </trkpt>
      <trkpt lat="49.067902" lon="12.623293">
        <ele>432.737921</ele>
        <time>2026-02-16T17:58:09.330Z</time>
      </trkpt>
      <trkpt lat="49.068055" lon="12.623497">
        <ele>431.302205</ele>
        <time>2026-02-16T17:58:11.148Z</time>
      </trkpt>
      <trkpt lat="49.068712" lon="12.624160">
        <ele>425.736123</ele>
        <time>2026-02-16T17:58:18.313Z</time>
      </trkpt>
      <trkpt lat="49.068791" lon="12.624297">
        <ele>424.891109</ele>
        <time>2026-02-16T17:58:19.412Z</time>
      </trkpt>
      <trkpt lat="49.068833" lon="12.624439">
        <ele>424.169752</ele>
        <time>2026-02-16T17:58:20.349Z</time>
      </trkpt>
      <trkpt lat="49.068839" lon="12.624782">
        <ele>422.471687</ele>
        <time>2026-02-16T17:58:22.388Z</time>
      </trkpt>
      <trkpt lat="49.068754" lon="12.625067">
        <ele>420.854937</ele>
        <time>2026-02-16T17:58:24.228Z</time>
      </trkpt>
      <trkpt lat="49.068666" lon="12.625206">
        <ele>419.856957</ele>
        <time>2026-02-16T17:58:25.364Z</time>
      </trkpt>
      <trkpt lat="49.068440" lon="12.625337">
        <ele>417.951838</ele>
        <time>2026-02-16T17:58:27.525Z</time>
      </trkpt>
      <trkpt lat="49.067192" lon="12.625379">
        <ele>408.148967</ele>
        <time>2026-02-16T17:58:38.470Z</time>
      </trkpt>
      <trkpt lat="49.067007" lon="12.625430">
        <ele>406.708615</ele>
        <time>2026-02-16T17:58:40.104Z</time>
      </trkpt>
      <trkpt lat="49.066675" lon="12.625679">
        <ele>403.874417</ele>
        <time>2026-02-16T17:58:43.319Z</time>
      </trkpt>
      <trkpt lat="49.065813" lon="12.626497">
        <ele>396.097573</ele>
        <time>2026-02-16T17:58:52.335Z</time>
      </trkpt>
      <trkpt lat="49.065627" lon="12.626806">
        <ele>395.068902</ele>
        <time>2026-02-16T17:58:54.893Z</time>
      </trkpt>
      <trkpt lat="49.065560" lon="12.627012">
        <ele>394.699292</ele>
        <time>2026-02-16T17:58:56.336Z</time>
      </trkpt>
      <trkpt lat="49.065515" lon="12.627252">
        <ele>394.298103</ele>
        <time>2026-02-16T17:58:57.943Z</time>
      </trkpt>
      <trkpt lat="49.065453" lon="12.627887">
        <ele>393.266319</ele>
        <time>2026-02-16T17:59:02.337Z</time>
      </trkpt>
      <trkpt lat="49.065335" lon="12.628291">
        <ele>392.555452</ele>
        <time>2026-02-16T17:59:05.787Z</time>
      </trkpt>
      <trkpt lat="49.064958" lon="12.629063">
        <ele>391.155488</ele>
        <time>2026-02-16T17:59:15.040Z</time>
      </trkpt>
      <trkpt lat="49.064378" lon="12.630799">
        <ele>390.973733</ele>
        <time>2026-02-16T17:59:37.127Z</time>
      </trkpt>
      <trkpt lat="49.064330" lon="12.631009">
        <ele>390.952988</ele>
        <time>2026-02-16T17:59:39.092Z</time>
      </trkpt>
      <trkpt lat="49.064307" lon="12.631296">
        <ele>390.926020</ele>
        <time>2026-02-16T17:59:41.442Z</time>
      </trkpt>
      <trkpt lat="49.064357" lon="12.631498">
        <ele>390.827848</ele>
        <time>2026-02-16T17:59:43.072Z</time>
      </trkpt>
      <trkpt lat="49.064474" lon="12.631781">
        <ele>389.877096</ele>
        <time>2026-02-16T17:59:45.467Z</time>
      </trkpt>
      <trkpt lat="49.064638" lon="12.632076">
        <ele>388.777886</ele>
        <time>2026-02-16T17:59:48.071Z</time>
      </trkpt>
      <trkpt lat="49.064852" lon="12.632595">
        <ele>387.035602</ele>
        <time>2026-02-16T17:59:51.989Z</time>
      </trkpt>
      <trkpt lat="49.064968" lon="12.633280">
        <ele>385.025429</ele>
        <time>2026-02-16T17:59:56.274Z</time>
      </trkpt>
      <trkpt lat="49.065019" lon="12.633639">
        <ele>383.981741</ele>
        <time>2026-02-16T17:59:58.461Z</time>
      </trkpt>
      <trkpt lat="49.065039" lon="12.634005">
        <ele>382.927099</ele>
        <time>2026-02-16T18:00:00.647Z</time>
      </trkpt>
      <trkpt lat="49.064972" lon="12.634652">
        <ele>380.944409</ele>
        <time>2026-02-16T18:00:04.557Z</time>
      </trkpt>
      <trkpt lat="49.064897" lon="12.635897">
        <ele>377.160064</ele>
        <time>2026-02-16T18:00:12.283Z</time>
      </trkpt>
      <trkpt lat="49.064823" lon="12.636385">
        <ele>375.643906</ele>
        <time>2026-02-16T18:00:15.602Z</time>
      </trkpt>
      <trkpt lat="49.064747" lon="12.636666">
        <ele>374.773411</ele>
        <time>2026-02-16T18:00:17.696Z</time>
      </trkpt>
      <trkpt lat="49.064571" lon="12.637126">
        <ele>374.215303</ele>
        <time>2026-02-16T18:00:21.504Z</time>
      </trkpt>
      <trkpt lat="49.064382" lon="12.637492">
        <ele>373.727054</ele>
        <time>2026-02-16T18:00:25.095Z</time>
      </trkpt>
      <trkpt lat="49.064168" lon="12.637814">
        <ele>373.246513</ele>
        <time>2026-02-16T18:00:28.748Z</time>
      </trkpt>
      <trkpt lat="49.063817" lon="12.638147">
        <ele>372.585637</ele>
        <time>2026-02-16T18:00:33.710Z</time>
      </trkpt>
      <trkpt lat="49.063534" lon="12.638389">
        <ele>372.066909</ele>
        <time>2026-02-16T18:00:37.486Z</time>
      </trkpt>
      <trkpt lat="49.063271" lon="12.638665">
        <ele>371.599991</ele>
        <time>2026-02-16T18:00:41.150Z</time>
      </trkpt>
      <trkpt lat="49.062970" lon="12.639320">
        <ele>370.861022</ele>
        <time>2026-02-16T18:00:47.284Z</time>
      </trkpt>
      <trkpt lat="49.062890" lon="12.639448">
        <ele>370.697630</ele>
        <time>2026-02-16T18:00:48.640Z</time>
      </trkpt>
      <trkpt lat="49.062107" lon="12.640417">
        <ele>369.308080</ele>
        <time>2026-02-16T18:01:00.235Z</time>
      </trkpt>
      <trkpt lat="49.061892" lon="12.640852">
        <ele>368.947155</ele>
        <time>2026-02-16T18:01:04.480Z</time>
      </trkpt>
      <trkpt lat="49.061848" lon="12.640964">
        <ele>368.860653</ele>
        <time>2026-02-16T18:01:05.518Z</time>
      </trkpt>
      <trkpt lat="49.061529" lon="12.641682">
        <ele>368.286026</ele>
        <time>2026-02-16T18:01:12.397Z</time>
      </trkpt>
      <trkpt lat="49.061415" lon="12.641868">
        <ele>368.117320</ele>
        <time>2026-02-16T18:01:14.447Z</time>
      </trkpt>
      <trkpt lat="49.061276" lon="12.642058">
        <ele>367.928679</ele>
        <time>2026-02-16T18:01:16.763Z</time>
      </trkpt>
      <trkpt lat="49.061047" lon="12.642297">
        <ele>367.648221</ele>
        <time>2026-02-16T18:01:20.241Z</time>
      </trkpt>
      <trkpt lat="49.060654" lon="12.642544">
        <ele>367.476889</ele>
        <time>2026-02-16T18:01:25.877Z</time>
      </trkpt>
      <trkpt lat="49.058703" lon="12.643391">
        <ele>366.925933</ele>
        <time>2026-02-16T18:01:54.872Z</time>
      </trkpt>
      <trkpt lat="49.058517" lon="12.643500">
        <ele>366.869621</ele>
        <time>2026-02-16T18:01:57.859Z</time>
      </trkpt>
      <trkpt lat="49.057889" lon="12.644059">
        <ele>366.664143</ele>
        <time>2026-02-16T18:02:08.343Z</time>
      </trkpt>
      <trkpt lat="49.057608" lon="12.644226">
        <ele>366.573882</ele>
        <time>2026-02-16T18:02:12.386Z</time>
      </trkpt>
      <trkpt lat="49.056747" lon="12.644545">
        <ele>365.617807</ele>
        <time>2026-02-16T18:02:22.935Z</time>
      </trkpt>
      <trkpt lat="49.056579" lon="12.644572">
        <ele>365.435520</ele>
        <time>2026-02-16T18:02:24.897Z</time>
      </trkpt>
      <trkpt lat="49.056410" lon="12.644581">
        <ele>365.253045</ele>
        <time>2026-02-16T18:02:26.851Z</time>
      </trkpt>
      <trkpt lat="49.055898" lon="12.644474">
        <ele>364.695402</ele>
        <time>2026-02-16T18:02:32.933Z</time>
      </trkpt>
      <trkpt lat="49.055779" lon="12.644479">
        <ele>364.618372</ele>
        <time>2026-02-16T18:02:34.364Z</time>
      </trkpt>
      <trkpt lat="49.055680" lon="12.644541">
        <ele>364.584375</ele>
        <time>2026-02-16T18:02:35.660Z</time>
      </trkpt>
      <trkpt lat="49.055529" lon="12.644843">
        <ele>364.505292</ele>
        <time>2026-02-16T18:02:38.788Z</time>
      </trkpt>
      <trkpt lat="49.055463" lon="12.645351">
        <ele>364.397475</ele>
        <time>2026-02-16T18:02:43.692Z</time>
      </trkpt>
      <trkpt lat="49.055320" lon="12.646240">
        <ele>364.206902</ele>
        <time>2026-02-16T18:02:53.738Z</time>
      </trkpt>
      <trkpt lat="49.055217" lon="12.646702">
        <ele>364.105305</ele>
        <time>2026-02-16T18:02:58.396Z</time>
      </trkpt>
      <trkpt lat="49.055026" lon="12.647212">
        <ele>363.754080</ele>
        <time>2026-02-16T18:03:03.308Z</time>
      </trkpt>
      <trkpt lat="49.054785" lon="12.647581">
        <ele>363.354925</ele>
        <time>2026-02-16T18:03:07.288Z</time>
      </trkpt>
      <trkpt lat="49.054507" lon="12.647813">
        <ele>362.984466</ele>
        <time>2026-02-16T18:03:10.855Z</time>
      </trkpt>
      <trkpt lat="49.054080" lon="12.648020">
        <ele>362.460648</ele>
        <time>2026-02-16T18:03:15.711Z</time>
      </trkpt>
      <trkpt lat="49.053760" lon="12.648045">
        <ele>362.086028</ele>
        <time>2026-02-16T18:03:19.467Z</time>
      </trkpt>
      <trkpt lat="49.053340" lon="12.647949">
        <ele>362.425470</ele>
        <time>2026-02-16T18:03:25.410Z</time>
      </trkpt>
      <trkpt lat="49.053202" lon="12.648002">
        <ele>362.628972</ele>
        <time>2026-02-16T18:03:27.613Z</time>
      </trkpt>
      <trkpt lat="49.053075" lon="12.648155">
        <ele>362.860371</ele>
        <time>2026-02-16T18:03:30.240Z</time>
      </trkpt>
      <trkpt lat="49.052733" lon="12.648766">
        <ele>363.613432</ele>
        <time>2026-02-16T18:03:40.545Z</time>
      </trkpt>
      <trkpt lat="49.052353" lon="12.649736">
        <ele>364.686878</ele>
        <time>2026-02-16T18:04:01.755Z</time>
      </trkpt>
      <trkpt lat="49.052199" lon="12.650127">
        <ele>365.159803</ele>
        <time>2026-02-16T18:04:10.953Z</time>
      </trkpt>
      <trkpt lat="49.051905" lon="12.651238">
        <ele>366.401947</ele>
        <time>2026-02-16T18:04:30.891Z</time>
      </trkpt>
      <trkpt lat="49.051783" lon="12.651573">
        <ele>366.799267</ele>
        <time>2026-02-16T18:04:35.857Z</time>
      </trkpt>
      <trkpt lat="49.051723" lon="12.651749">
        <ele>367.004940</ele>
        <time>2026-02-16T18:04:37.859Z</time>
      </trkpt>
      <trkpt lat="49.051499" lon="12.652593">
        <ele>366.056487</ele>
        <time>2026-02-16T18:04:44.471Z</time>
      </trkpt>
      <trkpt lat="49.051194" lon="12.653574">
        <ele>363.418714</ele>
        <time>2026-02-16T18:04:51.271Z</time>
      </trkpt>
      <trkpt lat="49.051154" lon="12.653785">
        <ele>362.885104</ele>
        <time>2026-02-16T18:04:52.623Z</time>
      </trkpt>
      <trkpt lat="49.051040" lon="12.654376">
        <ele>361.388450</ele>
        <time>2026-02-16T18:04:56.398Z</time>
      </trkpt>
      <trkpt lat="49.050965" lon="12.655096">
        <ele>360.654295</ele>
        <time>2026-02-16T18:05:01.018Z</time>
      </trkpt>
      <trkpt lat="49.050948" lon="12.655200">
        <ele>360.639731</ele>
        <time>2026-02-16T18:05:01.745Z</time>
      </trkpt>
      <trkpt lat="49.050987" lon="12.655539">
        <ele>360.592964</ele>
        <time>2026-02-16T18:05:04.123Z</time>
      </trkpt>
      <trkpt lat="49.051053" lon="12.655734">
        <ele>360.563144</ele>
        <time>2026-02-16T18:05:05.756Z</time>
      </trkpt>
      <trkpt lat="49.051207" lon="12.656042">
        <ele>360.510506</ele>
        <time>2026-02-16T18:05:08.948Z</time>
      </trkpt>
      <trkpt lat="49.051413" lon="12.656280">
        <ele>360.456936</ele>
        <time>2026-02-16T18:05:12.875Z</time>
      </trkpt>
      <trkpt lat="49.051742" lon="12.656497">
        <ele>360.382627</ele>
        <time>2026-02-16T18:05:20.618Z</time>
      </trkpt>
      <trkpt lat="49.052068" lon="12.656559">
        <ele>361.418299</ele>
        <time>2026-02-16T18:05:31.419Z</time>
      </trkpt>
      <trkpt lat="49.052634" lon="12.656549">
        <ele>365.875938</ele>
        <time>2026-02-16T18:05:56.878Z</time>
      </trkpt>
      <trkpt lat="49.052724" lon="12.656558">
        <ele>366.586223</ele>
        <time>2026-02-16T18:06:01.662Z</time>
      </trkpt>
      <trkpt lat="49.054041" lon="12.656978">
        <ele>377.246289</ele>
        <time>2026-02-16T18:07:12.689Z</time>
      </trkpt>
      <trkpt lat="49.054489" lon="12.657012">
        <ele>380.863761</ele>
        <time>2026-02-16T18:07:34.296Z</time>
      </trkpt>
      <trkpt lat="49.055134" lon="12.656887">
        <ele>386.107307</ele>
        <time>2026-02-16T18:08:04.242Z</time>
      </trkpt>
      <trkpt lat="49.055239" lon="12.656907">
        <ele>386.960677</ele>
        <time>2026-02-16T18:08:08.765Z</time>
      </trkpt>
      <trkpt lat="49.055472" lon="12.657035">
        <ele>388.957825</ele>
        <time>2026-02-16T18:08:19.419Z</time>
      </trkpt>
      <trkpt lat="49.056077" lon="12.657556">
        <ele>392.795982</ele>
        <time>2026-02-16T18:08:48.683Z</time>
      </trkpt>
      <trkpt lat="49.056739" lon="12.658188">
        <ele>397.090589</ele>
        <time>2026-02-16T18:09:16.364Z</time>
      </trkpt>
      <trkpt lat="49.056954" lon="12.658300">
        <ele>398.340025</ele>
        <time>2026-02-16T18:09:23.286Z</time>
      </trkpt>
      <trkpt lat="49.057340" lon="12.658404">
        <ele>400.195248</ele>
        <time>2026-02-16T18:09:34.366Z</time>
      </trkpt>
      <trkpt lat="49.058446" lon="12.658649">
        <ele>405.180554</ele>
        <time>2026-02-16T18:10:09.261Z</time>
      </trkpt>
      <trkpt lat="49.058800" lon="12.658735">
        <ele>406.779546</ele>
        <time>2026-02-16T18:10:22.383Z</time>
      </trkpt>
      <trkpt lat="49.059174" lon="12.658866">
        <ele>408.831601</ele>
        <time>2026-02-16T18:10:36.846Z</time>
      </trkpt>
      <trkpt lat="49.059515" lon="12.659075">
        <ele>410.827785</ele>
        <time>2026-02-16T18:10:50.916Z</time>
      </trkpt>
      <trkpt lat="49.059968" lon="12.659424">
        <ele>413.584357</ele>
        <time>2026-02-16T18:11:10.521Z</time>
      </trkpt>
      <trkpt lat="49.060716" lon="12.660125">
        <ele>417.755243</ele>
        <time>2026-02-16T18:11:41.917Z</time>
      </trkpt>
      <trkpt lat="49.061490" lon="12.660716">
        <ele>420.758351</ele>
        <time>2026-02-16T18:12:06.299Z</time>
      </trkpt>
      <trkpt lat="49.061603" lon="12.660832">
        <ele>421.230900</ele>
        <time>2026-02-16T18:12:09.523Z</time>
      </trkpt>
      <trkpt lat="49.061714" lon="12.661002">
        <ele>421.776560</ele>
        <time>2026-02-16T18:12:13.217Z</time>
      </trkpt>
      <trkpt lat="49.062103" lon="12.662036">
        <ele>424.207803</ele>
        <time>2026-02-16T18:12:33.033Z</time>
      </trkpt>
      <trkpt lat="49.062246" lon="12.662229">
        <ele>424.750494</ele>
        <time>2026-02-16T18:12:38.023Z</time>
      </trkpt>
      <trkpt lat="49.062594" lon="12.662559">
        <ele>425.915229</ele>
        <time>2026-02-16T18:12:49.089Z</time>
      </trkpt>
      <trkpt lat="49.062796" lon="12.662840">
        <ele>426.692241</ele>
        <time>2026-02-16T18:12:56.600Z</time>
      </trkpt>
      <trkpt lat="49.062920" lon="12.663189">
        <ele>427.431759</ele>
        <time>2026-02-16T18:13:03.760Z</time>
      </trkpt>
      <trkpt lat="49.062970" lon="12.663645">
        <ele>428.230028</ele>
        <time>2026-02-16T18:13:11.948Z</time>
      </trkpt>
      <trkpt lat="49.063024" lon="12.664319">
        <ele>429.162652</ele>
        <time>2026-02-16T18:13:22.691Z</time>
      </trkpt>
      <trkpt lat="49.063157" lon="12.665441">
        <ele>430.728716</ele>
        <time>2026-02-16T18:13:38.329Z</time>
      </trkpt>
      <trkpt lat="49.063335" lon="12.666373">
        <ele>432.052485</ele>
        <time>2026-02-16T18:13:52.594Z</time>
      </trkpt>
      <trkpt lat="49.063668" lon="12.667671">
        <ele>433.890085</ele>
        <time>2026-02-16T18:14:15.941Z</time>
      </trkpt>
      <trkpt lat="49.063987" lon="12.668536">
        <ele>435.198592</ele>
        <time>2026-02-16T18:14:31.114Z</time>
      </trkpt>
      <trkpt lat="49.064283" lon="12.669453">
        <ele>435.704482</ele>
        <time>2026-02-16T18:14:42.258Z</time>
      </trkpt>
      <trkpt lat="49.064500" lon="12.670068">
        <ele>435.923131</ele>
        <time>2026-02-16T18:14:48.689Z</time>
      </trkpt>
      <trkpt lat="49.064641" lon="12.670345">
        <ele>436.032929</ele>
        <time>2026-02-16T18:14:51.825Z</time>
      </trkpt>
      <trkpt lat="49.064903" lon="12.670667">
        <ele>436.193635</ele>
        <time>2026-02-16T18:14:56.749Z</time>
      </trkpt>
      <trkpt lat="49.065126" lon="12.670841">
        <ele>436.379606</ele>
        <time>2026-02-16T18:15:00.968Z</time>
      </trkpt>
      <trkpt lat="49.065599" lon="12.671234">
        <ele>438.106438</ele>
        <time>2026-02-16T18:15:12.978Z</time>
      </trkpt>
      <trkpt lat="49.065858" lon="12.671453">
        <ele>439.055844</ele>
        <time>2026-02-16T18:15:20.957Z</time>
      </trkpt>
      <trkpt lat="49.065918" lon="12.671505">
        <ele>439.277085</ele>
        <time>2026-02-16T18:15:22.994Z</time>
      </trkpt>
      <trkpt lat="49.066298" lon="12.671805">
        <ele>440.648895</ele>
        <time>2026-02-16T18:15:36.312Z</time>
      </trkpt>
      <trkpt lat="49.066864" lon="12.671893">
        <ele>442.729642</ele>
        <time>2026-02-16T18:15:55.934Z</time>
      </trkpt>
      <trkpt lat="49.066901" lon="12.671894">
        <ele>442.923602</ele>
        <time>2026-02-16T18:15:57.275Z</time>
      </trkpt>
      <trkpt lat="49.067881" lon="12.671927">
        <ele>448.061356</ele>
        <time>2026-02-16T18:16:31.683Z</time>
      </trkpt>
      <trkpt lat="49.068327" lon="12.672081">
        <ele>450.458059</ele>
        <time>2026-02-16T18:16:48.232Z</time>
      </trkpt>
      <trkpt lat="49.068603" lon="12.672149">
        <ele>452.078303</ele>
        <time>2026-02-16T18:16:58.383Z</time>
      </trkpt>
      <trkpt lat="49.068625" lon="12.672153">
        <ele>452.236544</ele>
        <time>2026-02-16T18:16:59.184Z</time>
      </trkpt>
      <trkpt lat="49.069855" lon="12.671971">
        <ele>461.062719</ele>
        <time>2026-02-16T18:17:50.337Z</time>
      </trkpt>
      <trkpt lat="49.070586" lon="12.671948">
        <ele>466.777168</ele>
        <time>2026-02-16T18:18:27.643Z</time>
      </trkpt>
      <trkpt lat="49.070743" lon="12.671971">
        <ele>468.189222</ele>
        <time>2026-02-16T18:18:36.025Z</time>
      </trkpt>
      <trkpt lat="49.070957" lon="12.672041">
        <ele>470.148626</ele>
        <time>2026-02-16T18:18:47.799Z</time>
      </trkpt>
      <trkpt lat="49.071080" lon="12.672126">
        <ele>471.357421</ele>
        <time>2026-02-16T18:18:55.156Z</time>
      </trkpt>
      <trkpt lat="49.071452" lon="12.672543">
        <ele>475.489463</ele>
        <time>2026-02-16T18:19:19.724Z</time>
      </trkpt>
      <trkpt lat="49.071620" lon="12.672659">
        <ele>477.140260</ele>
        <time>2026-02-16T18:19:28.741Z</time>
      </trkpt>
      <trkpt lat="49.071831" lon="12.672732">
        <ele>479.077221</ele>
        <time>2026-02-16T18:19:38.861Z</time>
      </trkpt>
      <trkpt lat="49.072221" lon="12.672641">
        <ele>482.911048</ele>
        <time>2026-02-16T18:19:56.886Z</time>
      </trkpt>
      <trkpt lat="49.072391" lon="12.672656">
        <ele>484.648113</ele>
        <time>2026-02-16T18:20:05.172Z</time>
      </trkpt>
      <trkpt lat="49.072591" lon="12.672829">
        <ele>486.993109</ele>
        <time>2026-02-16T18:20:16.686Z</time>
      </trkpt>
      <trkpt lat="49.072673" lon="12.672953">
        <ele>488.170551</ele>
        <time>2026-02-16T18:20:22.777Z</time>
      </trkpt>
      <trkpt lat="49.072884" lon="12.673423">
        <ele>491.978156</ele>
        <time>2026-02-16T18:20:43.813Z</time>
      </trkpt>
      <trkpt lat="49.072943" lon="12.673559">
        <ele>493.068214</ele>
        <time>2026-02-16T18:20:50.004Z</time>
      </trkpt>
      <trkpt lat="49.073121" lon="12.673837">
        <ele>495.665978</ele>
        <time>2026-02-16T18:21:05.324Z</time>
      </trkpt>
      <trkpt lat="49.073490" lon="12.674175">
        <ele>500.163332</ele>
        <time>2026-02-16T18:21:33.668Z</time>
      </trkpt>
      <trkpt lat="49.073582" lon="12.674292">
        <ele>501.488869</ele>
        <time>2026-02-16T18:21:41.709Z</time>
      </trkpt>
      <trkpt lat="49.073691" lon="12.674467">
        <ele>503.239978</ele>
        <time>2026-02-16T18:21:52.416Z</time>
      </trkpt>
      <trkpt lat="49.073826" lon="12.674795">
        <ele>506.049035</ele>
        <time>2026-02-16T18:22:09.634Z</time>
      </trkpt>
      <trkpt lat="49.073869" lon="12.674975">
        <ele>507.438418</ele>
        <time>2026-02-16T18:22:17.880Z</time>
      </trkpt>
      <trkpt lat="49.073880" lon="12.675150">
        <ele>508.713287</ele>
        <time>2026-02-16T18:22:25.194Z</time>
      </trkpt>
      <trkpt lat="49.073862" lon="12.675349">
        <ele>510.170060</ele>
        <time>2026-02-16T18:22:33.291Z</time>
      </trkpt>
      <trkpt lat="49.073746" lon="12.675893">
        <ele>514.318700</ele>
        <time>2026-02-16T18:22:55.109Z</time>
      </trkpt>
      <trkpt lat="49.073414" lon="12.678276">
        <ele>527.760638</ele>
        <time>2026-02-16T18:24:11.784Z</time>
      </trkpt>
      <trkpt lat="49.073062" lon="12.679749">
        <ele>534.559491</ele>
        <time>2026-02-16T18:24:51.888Z</time>
      </trkpt>
      <trkpt lat="49.073014" lon="12.680416">
        <ele>536.898202</ele>
        <time>2026-02-16T18:25:06.511Z</time>
      </trkpt>
      <trkpt lat="49.072929" lon="12.681164">
        <ele>539.544178</ele>
        <time>2026-02-16T18:25:22.094Z</time>
      </trkpt>
      <trkpt lat="49.072722" lon="12.682802">
        <ele>545.637125</ele>
        <time>2026-02-16T18:26:04.600Z</time>
      </trkpt>
      <trkpt lat="49.072693" lon="12.683437">
        <ele>548.031925</ele>
        <time>2026-02-16T18:26:22.129Z</time>
      </trkpt>
      <trkpt lat="49.072756" lon="12.683901">
        <ele>549.814688</ele>
        <time>2026-02-16T18:26:34.401Z</time>
      </trkpt>
      <trkpt lat="49.072821" lon="12.684204">
        <ele>551.014199</ele>
        <time>2026-02-16T18:26:42.278Z</time>
      </trkpt>
      <trkpt lat="49.072850" lon="12.685842">
        <ele>555.877527</ele>
        <time>2026-02-16T18:27:15.824Z</time>
      </trkpt>
      <trkpt lat="49.072889" lon="12.686519">
        <ele>557.768786</ele>
        <time>2026-02-16T18:27:27.519Z</time>
      </trkpt>
      <trkpt lat="49.072948" lon="12.686789">
        <ele>558.560853</ele>
        <time>2026-02-16T18:27:32.986Z</time>
      </trkpt>
      <trkpt lat="49.073031" lon="12.687008">
        <ele>559.264937</ele>
        <time>2026-02-16T18:27:38.145Z</time>
      </trkpt>
      <trkpt lat="49.073206" lon="12.687357">
        <ele>560.997263</ele>
        <time>2026-02-16T18:27:48.232Z</time>
      </trkpt>
      <trkpt lat="49.073498" lon="12.687874">
        <ele>564.345414</ele>
        <time>2026-02-16T18:28:06.914Z</time>
      </trkpt>
      <trkpt lat="49.073723" lon="12.688439">
        <ele>567.588508</ele>
        <time>2026-02-16T18:28:26.718Z</time>
      </trkpt>
      <trkpt lat="49.073793" lon="12.688703">
        <ele>568.985423</ele>
        <time>2026-02-16T18:28:35.635Z</time>
      </trkpt>
      <trkpt lat="49.073836" lon="12.689055">
        <ele>570.741674</ele>
        <time>2026-02-16T18:28:47.410Z</time>
      </trkpt>
      <trkpt lat="49.073819" lon="12.689709">
        <ele>574.040454</ele>
        <time>2026-02-16T18:29:10.212Z</time>
      </trkpt>
      <trkpt lat="49.073716" lon="12.690253">
        <ele>577.187655</ele>
        <time>2026-02-16T18:29:29.847Z</time>
      </trkpt>
      <trkpt lat="49.073571" lon="12.690837">
        <ele>580.658734</ele>
        <time>2026-02-16T18:29:50.316Z</time>
      </trkpt>
      <trkpt lat="49.073292" lon="12.692233">
        <ele>588.685387</ele>
        <time>2026-02-16T18:30:36.165Z</time>
      </trkpt>
      <trkpt lat="49.073244" lon="12.693076">
        <ele>591.597851</ele>
        <time>2026-02-16T18:30:59.453Z</time>
      </trkpt>
      <trkpt lat="49.073235" lon="12.694013">
        <ele>594.823263</ele>
        <time>2026-02-16T18:31:22.487Z</time>
      </trkpt>
      <trkpt lat="49.073310" lon="12.696367">
        <ele>600.082335</ele>
        <time>2026-02-16T18:32:03.174Z</time>
      </trkpt>
      <trkpt lat="49.073297" lon="12.696517">
        <ele>600.302255</ele>
        <time>2026-02-16T18:32:05.109Z</time>
      </trkpt>
      <trkpt lat="49.073247" lon="12.696772">
        <ele>600.689137</ele>
        <time>2026-02-16T18:32:08.623Z</time>
      </trkpt>
      <trkpt lat="49.073177" lon="12.696932">
        <ele>600.968786</ele>
        <time>2026-02-16T18:32:11.147Z</time>
      </trkpt>
      <trkpt lat="49.072690" lon="12.697855">
        <ele>602.580148</ele>
        <time>2026-02-16T18:32:26.938Z</time>
      </trkpt>
      <trkpt lat="49.072612" lon="12.698246">
        <ele>603.080314</ele>
        <time>2026-02-16T18:32:32.815Z</time>
      </trkpt>
      <trkpt lat="49.072533" lon="12.698913">
        <ele>603.909767</ele>
        <time>2026-02-16T18:32:43.536Z</time>
      </trkpt>
      <trkpt lat="49.072521" lon="12.699116">
        <ele>604.159192</ele>
        <time>2026-02-16T18:32:46.824Z</time>
      </trkpt>
      <trkpt lat="49.072493" lon="12.699587">
        <ele>604.737932</ele>
        <time>2026-02-16T18:32:54.502Z</time>
      </trkpt>
      <trkpt lat="49.072505" lon="12.700265">
        <ele>605.240364</ele>
        <time>2026-02-16T18:33:04.613Z</time>
      </trkpt>
      <trkpt lat="49.072451" lon="12.700514">
        <ele>605.084127</ele>
        <time>2026-02-16T18:33:07.970Z</time>
      </trkpt>
      <trkpt lat="49.072179" lon="12.701174">
        <ele>604.619659</ele>
        <time>2026-02-16T18:33:15.856Z</time>
      </trkpt>
      <trkpt lat="49.072107" lon="12.701403">
        <ele>604.468353</ele>
        <time>2026-02-16T18:33:17.902Z</time>
      </trkpt>
      <trkpt lat="49.072045" lon="12.701772">
        <ele>604.241435</ele>
        <time>2026-02-16T18:33:20.712Z</time>
      </trkpt>
      <trkpt lat="49.072043" lon="12.701964">
        <ele>604.127051</ele>
        <time>2026-02-16T18:33:22.067Z</time>
      </trkpt>
      <trkpt lat="49.072109" lon="12.702355">
        <ele>603.886535</ele>
        <time>2026-02-16T18:33:24.892Z</time>
      </trkpt>
      <trkpt lat="49.072437" lon="12.703346">
        <ele>601.106206</ele>
        <time>2026-02-16T18:33:32.145Z</time>
      </trkpt>
      <trkpt lat="49.072499" lon="12.703593">
        <ele>600.263066</ele>
        <time>2026-02-16T18:33:33.763Z</time>
      </trkpt>
      <trkpt lat="49.072590" lon="12.704018">
        <ele>598.837839</ele>
        <time>2026-02-16T18:33:36.489Z</time>
      </trkpt>
      <trkpt lat="49.072610" lon="12.704306">
        <ele>597.914686</ele>
        <time>2026-02-16T18:33:38.251Z</time>
      </trkpt>
      <trkpt lat="49.072602" lon="12.704522">
        <ele>597.225080</ele>
        <time>2026-02-16T18:33:39.566Z</time>
      </trkpt>
      <trkpt lat="49.072508" lon="12.704890">
        <ele>595.966052</ele>
        <time>2026-02-16T18:33:41.963Z</time>
      </trkpt>
      <trkpt lat="49.072376" lon="12.705131">
        <ele>594.964732</ele>
        <time>2026-02-16T18:33:43.876Z</time>
      </trkpt>
      <trkpt lat="49.071627" lon="12.706215">
        <ele>589.762893</ele>
        <time>2026-02-16T18:33:53.295Z</time>
      </trkpt>
      <trkpt lat="49.071432" lon="12.706558">
        <ele>588.263388</ele>
        <time>2026-02-16T18:33:56.232Z</time>
      </trkpt>
      <trkpt lat="49.071388" lon="12.706661">
        <ele>587.857386</ele>
        <time>2026-02-16T18:33:57.046Z</time>
      </trkpt>
      <trkpt lat="49.071351" lon="12.706849">
        <ele>587.209237</ele>
        <time>2026-02-16T18:33:58.350Z</time>
      </trkpt>
      <trkpt lat="49.071353" lon="12.707047">
        <ele>586.555398</ele>
        <time>2026-02-16T18:33:59.661Z</time>
      </trkpt>
      <trkpt lat="49.071437" lon="12.707823">
        <ele>583.928396</ele>
        <time>2026-02-16T18:34:04.750Z</time>
      </trkpt>
      <trkpt lat="49.071423" lon="12.708055">
        <ele>583.147196</ele>
        <time>2026-02-16T18:34:06.223Z</time>
      </trkpt>
      <trkpt lat="49.071393" lon="12.708230">
        <ele>582.540656</ele>
        <time>2026-02-16T18:34:07.345Z</time>
      </trkpt>
      <trkpt lat="49.071296" lon="12.708540">
        <ele>581.388732</ele>
        <time>2026-02-16T18:34:09.470Z</time>
      </trkpt>
      <trkpt lat="49.071194" lon="12.708753">
        <ele>580.504069</ele>
        <time>2026-02-16T18:34:11.099Z</time>
      </trkpt>
      <trkpt lat="49.070910" lon="12.709196">
        <ele>578.425769</ele>
        <time>2026-02-16T18:34:14.840Z</time>
      </trkpt>
      <trkpt lat="49.070736" lon="12.709612">
        <ele>576.770831</ele>
        <time>2026-02-16T18:34:17.783Z</time>
      </trkpt>
      <trkpt lat="49.070662" lon="12.709860">
        <ele>575.717395</ele>
        <time>2026-02-16T18:34:19.399Z</time>
      </trkpt>
      <trkpt lat="49.070504" lon="12.710450">
        <ele>573.221495</ele>
        <time>2026-02-16T18:34:23.154Z</time>
      </trkpt>
      <trkpt lat="49.070464" lon="12.710686">
        <ele>572.266933</ele>
        <time>2026-02-16T18:34:24.601Z</time>
      </trkpt>
      <trkpt lat="49.070434" lon="12.711386">
        <ele>569.519993</ele>
        <time>2026-02-16T18:34:28.824Z</time>
      </trkpt>
      <trkpt lat="49.070478" lon="12.711765">
        <ele>568.012772</ele>
        <time>2026-02-16T18:34:31.170Z</time>
      </trkpt>
      <trkpt lat="49.070574" lon="12.712210">
        <ele>566.178186</ele>
        <time>2026-02-16T18:34:34.049Z</time>
      </trkpt>
      <trkpt lat="49.070366" lon="12.712366">
        <ele>564.912744</ele>
        <time>2026-02-16T18:34:36.244Z</time>
      </trkpt>
      <trkpt lat="49.070038" lon="12.712668">
        <ele>562.862561</ele>
        <time>2026-02-16T18:34:39.799Z</time>
      </trkpt>
      <trkpt lat="49.069737" lon="12.712858">
        <ele>561.119218</ele>
        <time>2026-02-16T18:34:42.837Z</time>
      </trkpt>
      <trkpt lat="49.069563" lon="12.712916">
        <ele>560.165982</ele>
        <time>2026-02-16T18:34:44.513Z</time>
      </trkpt>
      <trkpt lat="49.068555" lon="12.713090">
        <ele>554.467221</ele>
        <time>2026-02-16T18:34:53.975Z</time>
      </trkpt>
      <trkpt lat="49.068390" lon="12.713188">
        <ele>553.357586</ele>
        <time>2026-02-16T18:34:55.620Z</time>
      </trkpt>
      <trkpt lat="49.068191" lon="12.713370">
        <ele>551.903644</ele>
        <time>2026-02-16T18:34:57.762Z</time>
      </trkpt>
      <trkpt lat="49.067922" lon="12.713710">
        <ele>549.714745</ele>
        <time>2026-02-16T18:35:00.953Z</time>
      </trkpt>
      <trkpt lat="49.067830" lon="12.714056">
        <ele>548.181487</ele>
        <time>2026-02-16T18:35:03.170Z</time>
      </trkpt>
      <trkpt lat="49.067774" lon="12.714480">
        <ele>546.405472</ele>
        <time>2026-02-16T18:35:05.716Z</time>
      </trkpt>
      <trkpt lat="49.067606" lon="12.715146">
        <ele>543.108657</ele>
        <time>2026-02-16T18:35:09.891Z</time>
      </trkpt>
      <trkpt lat="49.067461" lon="12.715462">
        <ele>541.153397</ele>
        <time>2026-02-16T18:35:12.143Z</time>
      </trkpt>
      <trkpt lat="49.067293" lon="12.715706">
        <ele>539.359469</ele>
        <time>2026-02-16T18:35:14.213Z</time>
      </trkpt>
      <trkpt lat="49.066984" lon="12.716064">
        <ele>536.358527</ele>
        <time>2026-02-16T18:35:17.663Z</time>
      </trkpt>
      <trkpt lat="49.066916" lon="12.716228">
        <ele>535.374876</ele>
        <time>2026-02-16T18:35:18.790Z</time>
      </trkpt>
      <trkpt lat="49.066887" lon="12.716390">
        <ele>534.523731</ele>
        <time>2026-02-16T18:35:19.767Z</time>
      </trkpt>
      <trkpt lat="49.066882" lon="12.716597">
        <ele>533.473900</ele>
        <time>2026-02-16T18:35:20.964Z</time>
      </trkpt>
      <trkpt lat="49.066881" lon="12.716806">
        <ele>532.414616</ele>
        <time>2026-02-16T18:35:22.174Z</time>
      </trkpt>
      <trkpt lat="49.066874" lon="12.717109">
        <ele>530.830895</ele>
        <time>2026-02-16T18:35:23.922Z</time>
      </trkpt>
      <trkpt lat="49.066753" lon="12.718090">
        <ele>524.809167</ele>
        <time>2026-02-16T18:35:29.600Z</time>
      </trkpt>
      <trkpt lat="49.066669" lon="12.718623">
        <ele>521.502186</ele>
        <time>2026-02-16T18:35:32.703Z</time>
      </trkpt>
      <trkpt lat="49.066563" lon="12.718911">
        <ele>519.509488</ele>
        <time>2026-02-16T18:35:34.565Z</time>
      </trkpt>
      <trkpt lat="49.066481" lon="12.718976">
        <ele>518.658745</ele>
        <time>2026-02-16T18:35:35.360Z</time>
      </trkpt>
      <trkpt lat="49.066399" lon="12.718985">
        <ele>517.901801</ele>
        <time>2026-02-16T18:35:36.071Z</time>
      </trkpt>
      <trkpt lat="49.066282" lon="12.718929">
        <ele>516.772827</ele>
        <time>2026-02-16T18:35:37.129Z</time>
      </trkpt>
      <trkpt lat="49.066221" lon="12.718841">
        <ele>516.000008</ele>
        <time>2026-02-16T18:35:37.858Z</time>
      </trkpt>
      <trkpt lat="49.065830" lon="12.717885">
        <ele>509.775192</ele>
        <time>2026-02-16T18:35:44.306Z</time>
      </trkpt>
      <trkpt lat="49.065600" lon="12.717470">
        <ele>506.846876</ele>
        <time>2026-02-16T18:35:47.445Z</time>
      </trkpt>
      <trkpt lat="49.065471" lon="12.717313">
        <ele>505.490232</ele>
        <time>2026-02-16T18:35:48.909Z</time>
      </trkpt>
      <trkpt lat="49.065226" lon="12.717097">
        <ele>503.163783</ele>
        <time>2026-02-16T18:35:51.404Z</time>
      </trkpt>
      <trkpt lat="49.064273" lon="12.716444">
        <ele>496.006601</ele>
        <time>2026-02-16T18:36:00.701Z</time>
      </trkpt>
      <trkpt lat="49.064060" lon="12.716213">
        <ele>494.449715</ele>
        <time>2026-02-16T18:36:03.051Z</time>
      </trkpt>
      <trkpt lat="49.063798" lon="12.715642">
        <ele>491.728310</ele>
        <time>2026-02-16T18:36:07.271Z</time>
      </trkpt>
      <trkpt lat="49.063719" lon="12.715502">
        <ele>491.007004</ele>
        <time>2026-02-16T18:36:08.430Z</time>
      </trkpt>
      <trkpt lat="49.063575" lon="12.715349">
        <ele>489.961575</ele>
        <time>2026-02-16T18:36:10.132Z</time>
      </trkpt>
      <trkpt lat="49.063543" lon="12.715322">
        <ele>489.743714</ele>
        <time>2026-02-16T18:36:10.489Z</time>
      </trkpt>
      <trkpt lat="49.063302" lon="12.715272">
        <ele>488.485393</ele>
        <time>2026-02-16T18:36:12.950Z</time>
      </trkpt>
      <trkpt lat="49.063045" lon="12.715364">
        <ele>487.305221</ele>
        <time>2026-02-16T18:36:15.658Z</time>
      </trkpt>
      <trkpt lat="49.062841" lon="12.715519">
        <ele>486.286410</ele>
        <time>2026-02-16T18:36:17.964Z</time>
      </trkpt>
      <trkpt lat="49.062700" lon="12.715585">
        <ele>485.627048</ele>
        <time>2026-02-16T18:36:19.423Z</time>
      </trkpt>
      <trkpt lat="49.062606" lon="12.715582">
        <ele>485.206704</ele>
        <time>2026-02-16T18:36:20.350Z</time>
      </trkpt>
      <trkpt lat="49.062418" lon="12.715463">
        <ele>484.296775</ele>
        <time>2026-02-16T18:36:22.323Z</time>
      </trkpt>
      <trkpt lat="49.062066" lon="12.714911">
        <ele>482.040365</ele>
        <time>2026-02-16T18:36:27.108Z</time>
      </trkpt>
      <trkpt lat="49.061910" lon="12.714724">
        <ele>481.153509</ele>
        <time>2026-02-16T18:36:28.946Z</time>
      </trkpt>
      <trkpt lat="49.061764" lon="12.714602">
        <ele>480.097994</ele>
        <time>2026-02-16T18:36:30.465Z</time>
      </trkpt>
      <trkpt lat="49.061588" lon="12.714511">
        <ele>478.841970</ele>
        <time>2026-02-16T18:36:32.147Z</time>
      </trkpt>
      <trkpt lat="49.061463" lon="12.714473">
        <ele>477.980480</ele>
        <time>2026-02-16T18:36:33.298Z</time>
      </trkpt>
      <trkpt lat="49.060433" lon="12.714377">
        <ele>471.005607</ele>
        <time>2026-02-16T18:36:42.526Z</time>
      </trkpt>
      <trkpt lat="49.060104" lon="12.714416">
        <ele>468.785468</ele>
        <time>2026-02-16T18:36:45.490Z</time>
      </trkpt>
      <trkpt lat="49.059371" lon="12.714601">
        <ele>464.371574</ele>
        <time>2026-02-16T18:36:52.258Z</time>
      </trkpt>
      <trkpt lat="49.058896" lon="12.714630">
        <ele>461.547349</ele>
        <time>2026-02-16T18:36:56.649Z</time>
      </trkpt>
      <trkpt lat="49.058292" lon="12.714757">
        <ele>457.980573</ele>
        <time>2026-02-16T18:37:02.323Z</time>
      </trkpt>
      <trkpt lat="49.057586" lon="12.714814">
        <ele>454.714158</ele>
        <time>2026-02-16T18:37:08.950Z</time>
      </trkpt>
      <trkpt lat="49.056905" lon="12.714720">
        <ele>451.554963</ele>
        <time>2026-02-16T18:37:15.422Z</time>
      </trkpt>
      <trkpt lat="49.056640" lon="12.714719">
        <ele>450.330610</ele>
        <time>2026-02-16T18:37:18.013Z</time>
      </trkpt>
      <trkpt lat="49.056233" lon="12.714859">
        <ele>449.538360</ele>
        <time>2026-02-16T18:37:22.258Z</time>
      </trkpt>
      <trkpt lat="49.056085" lon="12.714875">
        <ele>449.385360</ele>
        <time>2026-02-16T18:37:23.842Z</time>
      </trkpt>
      <trkpt lat="49.055955" lon="12.714840">
        <ele>449.249235</ele>
        <time>2026-02-16T18:37:25.307Z</time>
      </trkpt>
      <trkpt lat="49.055797" lon="12.714737">
        <ele>449.072061</ele>
        <time>2026-02-16T18:37:27.338Z</time>
      </trkpt>
      <trkpt lat="49.055337" lon="12.714302">
        <ele>448.514011</ele>
        <time>2026-02-16T18:37:34.972Z</time>
      </trkpt>
      <trkpt lat="49.055075" lon="12.714178">
        <ele>448.231141</ele>
        <time>2026-02-16T18:37:39.787Z</time>
      </trkpt>
      <trkpt lat="49.054912" lon="12.714153">
        <ele>448.062209</ele>
        <time>2026-02-16T18:37:42.790Z</time>
      </trkpt>
      <trkpt lat="49.054644" lon="12.714194">
        <ele>448.088630</ele>
        <time>2026-02-16T18:37:47.655Z</time>
      </trkpt>
      <trkpt lat="49.054100" lon="12.714371">
        <ele>448.289226</ele>
        <time>2026-02-16T18:37:57.072Z</time>
      </trkpt>
      <trkpt lat="49.053813" lon="12.714334">
        <ele>448.393097</ele>
        <time>2026-02-16T18:38:02.034Z</time>
      </trkpt>
      <trkpt lat="49.053720" lon="12.714258">
        <ele>448.431143</ele>
        <time>2026-02-16T18:38:03.731Z</time>
      </trkpt>
      <trkpt lat="49.053618" lon="12.714101">
        <ele>448.483392</ele>
        <time>2026-02-16T18:38:06.003Z</time>
      </trkpt>
      <trkpt lat="49.053474" lon="12.713800">
        <ele>448.571470</ele>
        <time>2026-02-16T18:38:09.740Z</time>
      </trkpt>
      <trkpt lat="49.053357" lon="12.713614">
        <ele>448.632403</ele>
        <time>2026-02-16T18:38:12.656Z</time>
      </trkpt>
      <trkpt lat="49.053253" lon="12.713543">
        <ele>448.650147</ele>
        <time>2026-02-16T18:38:14.305Z</time>
      </trkpt>
      <trkpt lat="49.053053" lon="12.713554">
        <ele>448.610143</ele>
        <time>2026-02-16T18:38:16.974Z</time>
      </trkpt>
      <trkpt lat="49.052847" lon="12.713701">
        <ele>448.564686</ele>
        <time>2026-02-16T18:38:19.955Z</time>
      </trkpt>
      <trkpt lat="49.052579" lon="12.714020">
        <ele>448.496745</ele>
        <time>2026-02-16T18:38:24.711Z</time>
      </trkpt>
      <trkpt lat="49.052411" lon="12.714162">
        <ele>448.458356</ele>
        <time>2026-02-16T18:38:27.779Z</time>
      </trkpt>
      <trkpt lat="49.052105" lon="12.714263">
        <ele>448.395776</ele>
        <time>2026-02-16T18:38:32.318Z</time>
      </trkpt>
      <trkpt lat="49.051206" lon="12.714555">
        <ele>448.209830</ele>
        <time>2026-02-16T18:38:44.463Z</time>
      </trkpt>
      <trkpt lat="49.050519" lon="12.714858">
        <ele>448.063233</ele>
        <time>2026-02-16T18:38:54.736Z</time>
      </trkpt>
      <trkpt lat="49.050041" lon="12.715075">
        <ele>447.960999</ele>
        <time>2026-02-16T18:39:02.003Z</time>
      </trkpt>
      <trkpt lat="49.049914" lon="12.715103">
        <ele>447.934694</ele>
        <time>2026-02-16T18:39:03.820Z</time>
      </trkpt>
      <trkpt lat="49.049511" lon="12.715100">
        <ele>447.826486</ele>
        <time>2026-02-16T18:39:09.592Z</time>
      </trkpt>
      <trkpt lat="49.049149" lon="12.715205">
        <ele>447.726210</ele>
        <time>2026-02-16T18:39:15.075Z</time>
      </trkpt>
      <trkpt lat="49.048799" lon="12.715244">
        <ele>447.630710</ele>
        <time>2026-02-16T18:39:20.347Z</time>
      </trkpt>
      <trkpt lat="49.048413" lon="12.715183">
        <ele>447.525106</ele>
        <time>2026-02-16T18:39:25.926Z</time>
      </trkpt>
      <trkpt lat="49.048215" lon="12.715092">
        <ele>447.468832</ele>
        <time>2026-02-16T18:39:28.670Z</time>
      </trkpt>
      <trkpt lat="49.047653" lon="12.714748">
        <ele>446.302044</ele>
        <time>2026-02-16T18:39:35.979Z</time>
      </trkpt>
      <trkpt lat="49.047390" lon="12.714713">
        <ele>445.703676</ele>
        <time>2026-02-16T18:39:38.915Z</time>
      </trkpt>
      <trkpt lat="49.047082" lon="12.714764">
        <ele>445.001477</ele>
        <time>2026-02-16T18:39:42.211Z</time>
      </trkpt>
      <trkpt lat="49.046582" lon="12.715029">
        <ele>443.801767</ele>
        <time>2026-02-16T18:39:47.538Z</time>
      </trkpt>
      <trkpt lat="49.046313" lon="12.715081">
        <ele>443.304517</ele>
        <time>2026-02-16T18:39:50.207Z</time>
      </trkpt>
      <trkpt lat="49.045866" lon="12.714949">
        <ele>442.957200</ele>
        <time>2026-02-16T18:39:54.711Z</time>
      </trkpt>
      <trkpt lat="49.045677" lon="12.714942">
        <ele>442.812981</ele>
        <time>2026-02-16T18:39:56.740Z</time>
      </trkpt>
      <trkpt lat="49.045437" lon="12.714988">
        <ele>442.628460</ele>
        <time>2026-02-16T18:39:59.752Z</time>
      </trkpt>
      <trkpt lat="49.044912" lon="12.715156">
        <ele>442.219255</ele>
        <time>2026-02-16T18:40:09.730Z</time>
      </trkpt>
      <trkpt lat="49.044254" lon="12.715350">
        <ele>441.940991</ele>
        <time>2026-02-16T18:40:25.780Z</time>
      </trkpt>
      <trkpt lat="49.044053" lon="12.715435">
        <ele>441.912428</ele>
        <time>2026-02-16T18:40:30.572Z</time>
      </trkpt>
      <trkpt lat="49.043795" lon="12.715661">
        <ele>441.871687</ele>
        <time>2026-02-16T18:40:36.936Z</time>
      </trkpt>
      <trkpt lat="49.043233" lon="12.716317">
        <ele>441.774782</ele>
        <time>2026-02-16T18:40:45.410Z</time>
      </trkpt>
      <trkpt lat="49.043036" lon="12.716511">
        <ele>441.697311</ele>
        <time>2026-02-16T18:40:47.775Z</time>
      </trkpt>
      <trkpt lat="49.042797" lon="12.716593">
        <ele>441.153342</ele>
        <time>2026-02-16T18:40:50.168Z</time>
      </trkpt>
      <trkpt lat="49.042289" lon="12.716562">
        <ele>440.024398</ele>
        <time>2026-02-16T18:40:55.186Z</time>
      </trkpt>
      <trkpt lat="49.042144" lon="12.716509">
        <ele>439.693304</ele>
        <time>2026-02-16T18:40:56.683Z</time>
      </trkpt>
      <trkpt lat="49.041902" lon="12.716317">
        <ele>439.087601</ele>
        <time>2026-02-16T18:40:59.517Z</time>
      </trkpt>
      <trkpt lat="49.041780" lon="12.716159">
        <ele>438.732237</ele>
        <time>2026-02-16T18:41:01.285Z</time>
      </trkpt>
      <trkpt lat="49.041329" lon="12.715361">
        <ele>437.822867</ele>
        <time>2026-02-16T18:41:10.908Z</time>
      </trkpt>
      <trkpt lat="49.041094" lon="12.715065">
        <ele>437.909979</ele>
        <time>2026-02-16T18:41:16.680Z</time>
      </trkpt>
      <trkpt lat="49.040535" lon="12.714719">
        <ele>438.082419</ele>
        <time>2026-02-16T18:41:28.677Z</time>
      </trkpt>
      <trkpt lat="49.040318" lon="12.714652">
        <ele>438.145705</ele>
        <time>2026-02-16T18:41:32.696Z</time>
      </trkpt>
      <trkpt lat="49.040209" lon="12.714651">
        <ele>438.176863</ele>
        <time>2026-02-16T18:41:34.539Z</time>
      </trkpt>
      <trkpt lat="49.039983" lon="12.714745">
        <ele>438.243823</ele>
        <time>2026-02-16T18:41:38.089Z</time>
      </trkpt>
      <trkpt lat="49.039641" lon="12.715009">
        <ele>437.599900</ele>
        <time>2026-02-16T18:41:42.815Z</time>
      </trkpt>
      <trkpt lat="49.039098" lon="12.715834">
        <ele>435.934338</ele>
        <time>2026-02-16T18:41:50.834Z</time>
      </trkpt>
      <trkpt lat="49.038982" lon="12.715971">
        <ele>435.615511</ele>
        <time>2026-02-16T18:41:52.315Z</time>
      </trkpt>
      <trkpt lat="49.038751" lon="12.716153">
        <ele>435.050473</ele>
        <time>2026-02-16T18:41:54.935Z</time>
      </trkpt>
      <trkpt lat="49.038537" lon="12.716199">
        <ele>434.580795</ele>
        <time>2026-02-16T18:41:57.160Z</time>
      </trkpt>
      <trkpt lat="49.038383" lon="12.716100">
        <ele>434.220478</ele>
        <time>2026-02-16T18:41:58.917Z</time>
      </trkpt>
      <trkpt lat="49.038311" lon="12.715987">
        <ele>434.000609</ele>
        <time>2026-02-16T18:42:00.017Z</time>
      </trkpt>
      <trkpt lat="49.038024" lon="12.715322">
        <ele>432.889724</ele>
        <time>2026-02-16T18:42:05.843Z</time>
      </trkpt>
      <trkpt lat="49.037813" lon="12.715049">
        <ele>432.300845</ele>
        <time>2026-02-16T18:42:09.017Z</time>
      </trkpt>
      <trkpt lat="49.037350" lon="12.714501">
        <ele>431.053546</ele>
        <time>2026-02-16T18:42:15.553Z</time>
      </trkpt>
      <trkpt lat="49.037097" lon="12.714306">
        <ele>430.439746</ele>
        <time>2026-02-16T18:42:18.566Z</time>
      </trkpt>
      <trkpt lat="49.036952" lon="12.714281">
        <ele>430.087640</ele>
        <time>2026-02-16T18:42:20.092Z</time>
      </trkpt>
      <trkpt lat="49.036491" lon="12.714419">
        <ele>428.954052</ele>
        <time>2026-02-16T18:42:24.928Z</time>
      </trkpt>
      <trkpt lat="49.036197" lon="12.714410">
        <ele>428.244502</ele>
        <time>2026-02-16T18:42:27.903Z</time>
      </trkpt>
      <trkpt lat="49.035954" lon="12.714212">
        <ele>427.579742</ele>
        <time>2026-02-16T18:42:30.738Z</time>
      </trkpt>
      <trkpt lat="49.035288" lon="12.713563">
        <ele>426.560164</ele>
        <time>2026-02-16T18:42:39.353Z</time>
      </trkpt>
      <trkpt lat="49.035273" lon="12.713548">
        <ele>426.591343</ele>
        <time>2026-02-16T18:42:39.580Z</time>
      </trkpt>
      <trkpt lat="49.034906" lon="12.713181">
        <ele>427.354188</ele>
        <time>2026-02-16T18:42:46.103Z</time>
      </trkpt>
      <trkpt lat="49.034730" lon="12.712966">
        <ele>427.746157</ele>
        <time>2026-02-16T18:42:50.835Z</time>
      </trkpt>
      <trkpt lat="49.034600" lon="12.712781">
        <ele>428.055220</ele>
        <time>2026-02-16T18:42:55.128Z</time>
      </trkpt>
      <trkpt lat="49.034457" lon="12.712451">
        <ele>428.506034</ele>
        <time>2026-02-16T18:43:02.392Z</time>
      </trkpt>
      <trkpt lat="49.034421" lon="12.712262">
        <ele>428.730335</ele>
        <time>2026-02-16T18:43:06.346Z</time>
      </trkpt>
      <trkpt lat="49.034392" lon="12.711829">
        <ele>429.226375</ele>
        <time>2026-02-16T18:43:15.771Z</time>
      </trkpt>
      <trkpt lat="49.034201" lon="12.710051">
        <ele>432.891488</ele>
        <time>2026-02-16T18:43:57.944Z</time>
      </trkpt>
      <trkpt lat="49.034093" lon="12.709711">
        <ele>433.675319</ele>
        <time>2026-02-16T18:44:04.037Z</time>
      </trkpt>
      <trkpt lat="49.033759" lon="12.709084">
        <ele>434.791413</ele>
        <time>2026-02-16T18:44:12.288Z</time>
      </trkpt>
      <trkpt lat="49.033411" lon="12.708553">
        <ele>433.815910</ele>
        <time>2026-02-16T18:44:17.514Z</time>
      </trkpt>
      <trkpt lat="49.033368" lon="12.708509">
        <ele>433.713295</ele>
        <time>2026-02-16T18:44:18.027Z</time>
      </trkpt>
      <trkpt lat="49.033076" lon="12.708205">
        <ele>433.012669</ele>
        <time>2026-02-16T18:44:21.525Z</time>
      </trkpt>
      <trkpt lat="49.032959" lon="12.708047">
        <ele>432.702984</ele>
        <time>2026-02-16T18:44:23.087Z</time>
      </trkpt>
      <trkpt lat="49.032855" lon="12.707849">
        <ele>432.373345</ele>
        <time>2026-02-16T18:44:24.769Z</time>
      </trkpt>
      <trkpt lat="49.032788" lon="12.707652">
        <ele>432.084994</ele>
        <time>2026-02-16T18:44:26.287Z</time>
      </trkpt>
      <trkpt lat="49.032553" lon="12.706919">
        <ele>431.633981</ele>
        <time>2026-02-16T18:44:32.480Z</time>
      </trkpt>
      <trkpt lat="49.032375" lon="12.706662">
        <ele>431.856533</ele>
        <time>2026-02-16T18:44:36.079Z</time>
      </trkpt>
      <trkpt lat="49.031865" lon="12.706210">
        <ele>432.392112</ele>
        <time>2026-02-16T18:44:47.221Z</time>
      </trkpt>
      <trkpt lat="49.031450" lon="12.705749">
        <ele>432.858277</ele>
        <time>2026-02-16T18:44:59.091Z</time>
      </trkpt>
      <trkpt lat="49.031781" lon="12.704989">
        <ele>434.150302</ele>
        <time>2026-02-16T18:45:13.780Z</time>
      </trkpt>
      <trkpt lat="49.032170" lon="12.704281">
        <ele>435.964561</ele>
        <time>2026-02-16T18:45:29.653Z</time>
      </trkpt>
      <trkpt lat="49.032344" lon="12.703901">
        <ele>436.874892</ele>
        <time>2026-02-16T18:45:38.101Z</time>
      </trkpt>
      <trkpt lat="49.032462" lon="12.703520">
        <ele>437.702477</ele>
        <time>2026-02-16T18:45:46.083Z</time>
      </trkpt>
      <trkpt lat="49.032528" lon="12.702859">
        <ele>439.118351</ele>
        <time>2026-02-16T18:45:58.863Z</time>
      </trkpt>
      <trkpt lat="49.032536" lon="12.701797">
        <ele>441.592408</ele>
        <time>2026-02-16T18:46:19.117Z</time>
      </trkpt>
      <trkpt lat="49.032613" lon="12.701499">
        <ele>442.338554</ele>
        <time>2026-02-16T18:46:25.122Z</time>
      </trkpt>
      <trkpt lat="49.032694" lon="12.701343">
        <ele>442.802108</ele>
        <time>2026-02-16T18:46:28.858Z</time>
      </trkpt>
      <trkpt lat="49.032907" lon="12.701184">
        <ele>443.644675</ele>
        <time>2026-02-16T18:46:35.590Z</time>
      </trkpt>
      <trkpt lat="49.033191" lon="12.701115">
        <ele>444.666453</ele>
        <time>2026-02-16T18:46:43.814Z</time>
      </trkpt>
      <trkpt lat="49.033191" lon="12.701115">
        <ele>444.666453</ele>
        <time>2026-02-16T18:46:43.828Z</time>
      </trkpt>
      <trkpt lat="49.033337" lon="12.701123">
        <ele>445.147170</ele>
        <time>2026-02-16T18:46:48.062Z</time>
      </trkpt>
      <trkpt lat="49.034045" lon="12.701333">
        <ele>447.412955</ele>
        <time>2026-02-16T18:47:09.980Z</time>
      </trkpt>
      <trkpt lat="49.034315" lon="12.701359">
        <ele>448.262826</ele>
        <time>2026-02-16T18:47:18.436Z</time>
      </trkpt>
      <trkpt lat="49.035095" lon="12.701408">
        <ele>450.382548</ele>
        <time>2026-02-16T18:47:38.850Z</time>
      </trkpt>
      <trkpt lat="49.035248" lon="12.701379">
        <ele>450.101503</ele>
        <time>2026-02-16T18:47:41.865Z</time>
      </trkpt>
      <trkpt lat="49.035410" lon="12.701290">
        <ele>449.787627</ele>
        <time>2026-02-16T18:47:44.861Z</time>
      </trkpt>
      <trkpt lat="49.035578" lon="12.701099">
        <ele>449.405676</ele>
        <time>2026-02-16T18:47:47.710Z</time>
      </trkpt>
      <trkpt lat="49.035849" lon="12.700718">
        <ele>448.733851</ele>
        <time>2026-02-16T18:47:51.759Z</time>
      </trkpt>
      <trkpt lat="49.036204" lon="12.700148">
        <ele>447.794293</ele>
        <time>2026-02-16T18:47:56.825Z</time>
      </trkpt>
      <trkpt lat="49.036331" lon="12.699814">
        <ele>447.332870</ele>
        <time>2026-02-16T18:47:59.244Z</time>
      </trkpt>
      <trkpt lat="49.036409" lon="12.699433">
        <ele>446.506556</ele>
        <time>2026-02-16T18:48:01.752Z</time>
      </trkpt>
      <trkpt lat="49.036461" lon="12.698870">
        <ele>445.185839</ele>
        <time>2026-02-16T18:48:05.349Z</time>
      </trkpt>
      <trkpt lat="49.036488" lon="12.697747">
        <ele>442.575452</ele>
        <time>2026-02-16T18:48:12.529Z</time>
      </trkpt>
      <trkpt lat="49.036485" lon="12.697669">
        <ele>442.393954</ele>
        <time>2026-02-16T18:48:13.048Z</time>
      </trkpt>
      <trkpt lat="49.036428" lon="12.696850">
        <ele>440.882284</ele>
        <time>2026-02-16T18:48:18.783Z</time>
      </trkpt>
      <trkpt lat="49.036387" lon="12.696305">
        <ele>440.983081</ele>
        <time>2026-02-16T18:48:22.880Z</time>
      </trkpt>
      <trkpt lat="49.036361" lon="12.695365">
        <ele>441.155954</ele>
        <time>2026-02-16T18:48:31.587Z</time>
      </trkpt>
      <trkpt lat="49.036421" lon="12.694973">
        <ele>441.229918</ele>
        <time>2026-02-16T18:48:37.132Z</time>
      </trkpt>
      <trkpt lat="49.036553" lon="12.694582">
        <ele>441.310728</ele>
        <time>2026-02-16T18:48:44.327Z</time>
      </trkpt>
      <trkpt lat="49.036961" lon="12.693323">
        <ele>443.385404</ele>
        <time>2026-02-16T18:49:09.099Z</time>
      </trkpt>
      <trkpt lat="49.037748" lon="12.691084">
        <ele>447.225190</ele>
        <time>2026-02-16T18:49:50.993Z</time>
      </trkpt>
      <trkpt lat="49.038071" lon="12.690096">
        <ele>448.434760</ele>
        <time>2026-02-16T18:50:08.107Z</time>
      </trkpt>
      <trkpt lat="49.038123" lon="12.689862">
        <ele>448.705454</ele>
        <time>2026-02-16T18:50:11.267Z</time>
      </trkpt>
      <trkpt lat="49.038157" lon="12.689319">
        <ele>449.006219</ele>
        <time>2026-02-16T18:50:17.214Z</time>
      </trkpt>
      <trkpt lat="49.038133" lon="12.688981">
        <ele>448.394791</ele>
        <time>2026-02-16T18:50:20.101Z</time>
      </trkpt>
      <trkpt lat="49.038092" lon="12.688789">
        <ele>448.031632</ele>
        <time>2026-02-16T18:50:21.638Z</time>
      </trkpt>
      <trkpt lat="49.037780" lon="12.687794">
        <ele>446.048003</ele>
        <time>2026-02-16T18:50:29.056Z</time>
      </trkpt>
      <trkpt lat="49.037291" lon="12.686319">
        <ele>442.817743</ele>
        <time>2026-02-16T18:50:39.391Z</time>
      </trkpt>
      <trkpt lat="49.037061" lon="12.685764">
        <ele>441.379291</ele>
        <time>2026-02-16T18:50:43.626Z</time>
      </trkpt>
      <trkpt lat="49.036964" lon="12.685543">
        <ele>440.796631</ele>
        <time>2026-02-16T18:50:45.385Z</time>
      </trkpt>
      <trkpt lat="49.036206" lon="12.683745">
        <ele>438.037349</ele>
        <time>2026-02-16T18:51:00.383Z</time>
      </trkpt>
      <trkpt lat="49.035864" lon="12.682641">
        <ele>437.776068</ele>
        <time>2026-02-16T18:51:11.029Z</time>
      </trkpt>
      <trkpt lat="49.035472" lon="12.681297">
        <ele>440.989309</ele>
        <time>2026-02-16T18:51:35.507Z</time>
      </trkpt>
      <trkpt lat="49.035359" lon="12.680620">
        <ele>443.513767</ele>
        <time>2026-02-16T18:51:53.317Z</time>
      </trkpt>
      <trkpt lat="49.035376" lon="12.680133">
        <ele>445.276089</ele>
        <time>2026-02-16T18:52:07.471Z</time>
      </trkpt>
      <trkpt lat="49.035385" lon="12.679897">
        <ele>446.130343</ele>
        <time>2026-02-16T18:52:14.772Z</time>
      </trkpt>
      <trkpt lat="49.035392" lon="12.679390">
        <ele>448.068103</ele>
        <time>2026-02-16T18:52:31.239Z</time>
      </trkpt>
      <trkpt lat="49.035367" lon="12.678979">
        <ele>449.961973</ele>
        <time>2026-02-16T18:52:44.547Z</time>
      </trkpt>
      <trkpt lat="49.035296" lon="12.678510">
        <ele>452.170491</ele>
        <time>2026-02-16T18:52:59.711Z</time>
      </trkpt>
      <trkpt lat="49.035174" lon="12.678070">
        <ele>454.362460</ele>
        <time>2026-02-16T18:53:14.760Z</time>
      </trkpt>
      <trkpt lat="49.035045" lon="12.677739">
        <ele>456.129264</ele>
        <time>2026-02-16T18:53:26.569Z</time>
      </trkpt>
      <trkpt lat="49.034679" lon="12.677061">
        <ele>460.158999</ele>
        <time>2026-02-16T18:53:49.110Z</time>
      </trkpt>
      <trkpt lat="49.034523" lon="12.676504">
        <ele>459.606559</ele>
        <time>2026-02-16T18:53:59.659Z</time>
      </trkpt>
      <trkpt lat="49.034430" lon="12.676083">
        <ele>459.199916</ele>
        <time>2026-02-16T18:54:04.636Z</time>
      </trkpt>
      <trkpt lat="49.034361" lon="12.675382">
        <ele>458.551073</ele>
        <time>2026-02-16T18:54:09.727Z</time>
      </trkpt>
      <trkpt lat="49.034330" lon="12.674696">
        <ele>457.921662</ele>
        <time>2026-02-16T18:54:13.990Z</time>
      </trkpt>
      <trkpt lat="49.034323" lon="12.673669">
        <ele>454.695781</ele>
        <time>2026-02-16T18:54:20.052Z</time>
      </trkpt>
      <trkpt lat="49.034362" lon="12.672311">
        <ele>449.193264</ele>
        <time>2026-02-16T18:54:28.085Z</time>
      </trkpt>
      <trkpt lat="49.034430" lon="12.670985">
        <ele>443.691895</ele>
        <time>2026-02-16T18:54:36.289Z</time>
      </trkpt>
      <trkpt lat="49.034550" lon="12.670349">
        <ele>440.897957</ele>
        <time>2026-02-16T18:54:40.370Z</time>
      </trkpt>
      <trkpt lat="49.034849" lon="12.669519">
        <ele>436.899886</ele>
        <time>2026-02-16T18:54:46.023Z</time>
      </trkpt>
      <trkpt lat="49.034878" lon="12.669337">
        <ele>436.109188</ele>
        <time>2026-02-16T18:54:47.115Z</time>
      </trkpt>
      <trkpt lat="49.034932" lon="12.669005">
        <ele>434.453977</ele>
        <time>2026-02-16T18:54:49.080Z</time>
      </trkpt>
      <trkpt lat="49.035026" lon="12.668085">
        <ele>427.724748</ele>
        <time>2026-02-16T18:54:54.317Z</time>
      </trkpt>
      <trkpt lat="49.035088" lon="12.667744">
        <ele>425.167279</ele>
        <time>2026-02-16T18:54:56.285Z</time>
      </trkpt>
      <trkpt lat="49.035253" lon="12.667147">
        <ele>420.484962</ele>
        <time>2026-02-16T18:54:59.879Z</time>
      </trkpt>
      <trkpt lat="49.035715" lon="12.665895">
        <ele>409.888014</ele>
        <time>2026-02-16T18:55:07.821Z</time>
      </trkpt>
      <trkpt lat="49.035784" lon="12.665377">
        <ele>405.905617</ele>
        <time>2026-02-16T18:55:10.751Z</time>
      </trkpt>
      <trkpt lat="49.035761" lon="12.665092">
        <ele>403.742197</ele>
        <time>2026-02-16T18:55:12.349Z</time>
      </trkpt>
      <trkpt lat="49.035719" lon="12.664817">
        <ele>401.614845</ele>
        <time>2026-02-16T18:55:13.919Z</time>
      </trkpt>
      <trkpt lat="49.035509" lon="12.664107">
        <ele>395.746431</ele>
        <time>2026-02-16T18:55:18.285Z</time>
      </trkpt>
      <trkpt lat="49.035481" lon="12.663800">
        <ele>393.501542</ele>
        <time>2026-02-16T18:55:20.019Z</time>
      </trkpt>
      <trkpt lat="49.035511" lon="12.663489">
        <ele>391.336520</ele>
        <time>2026-02-16T18:55:21.776Z</time>
      </trkpt>
      <trkpt lat="49.035730" lon="12.662776">
        <ele>385.913624</ele>
        <time>2026-02-16T18:55:26.212Z</time>
      </trkpt>
      <trkpt lat="49.035800" lon="12.662431">
        <ele>383.426311</ele>
        <time>2026-02-16T18:55:28.249Z</time>
      </trkpt>
      <trkpt lat="49.035804" lon="12.661936">
        <ele>380.016844</ele>
        <time>2026-02-16T18:55:31.036Z</time>
      </trkpt>
      <trkpt lat="49.035331" lon="12.659997">
        <ele>365.808773</ele>
        <time>2026-02-16T18:55:42.611Z</time>
      </trkpt>
      <trkpt lat="49.035198" lon="12.659683">
        <ele>363.244806</ele>
        <time>2026-02-16T18:55:44.694Z</time>
      </trkpt>
      <trkpt lat="49.035081" lon="12.659507">
        <ele>361.525703</ele>
        <time>2026-02-16T18:55:46.094Z</time>
      </trkpt>
      <trkpt lat="49.034948" lon="12.659378">
        <ele>359.876832</ele>
        <time>2026-02-16T18:55:47.447Z</time>
      </trkpt>
      <trkpt lat="49.034813" lon="12.659295">
        <ele>358.354104</ele>
        <time>2026-02-16T18:55:48.696Z</time>
      </trkpt>
      <trkpt lat="49.034605" lon="12.659228">
        <ele>356.467343</ele>
        <time>2026-02-16T18:55:50.525Z</time>
      </trkpt>
      <trkpt lat="49.034211" lon="12.659204">
        <ele>354.581417</ele>
        <time>2026-02-16T18:55:53.984Z</time>
      </trkpt>
      <trkpt lat="49.033884" lon="12.659116">
        <ele>352.993284</ele>
        <time>2026-02-16T18:55:56.981Z</time>
      </trkpt>
      <trkpt lat="49.033704" lon="12.658991">
        <ele>352.047352</ele>
        <time>2026-02-16T18:55:58.829Z</time>
      </trkpt>
      <trkpt lat="49.033506" lon="12.658738">
        <ele>350.811970</ele>
        <time>2026-02-16T18:56:01.373Z</time>
      </trkpt>
      <trkpt lat="49.033088" lon="12.657915">
        <ele>348.616967</ele>
        <time>2026-02-16T18:56:09.799Z</time>
      </trkpt>
      <trkpt lat="49.032930" lon="12.657576">
        <ele>349.632349</ele>
        <time>2026-02-16T18:56:15.383Z</time>
      </trkpt>
      <trkpt lat="49.032431" lon="12.656601">
        <ele>352.651906</ele>
        <time>2026-02-16T18:56:39.089Z</time>
      </trkpt>
      <trkpt lat="49.032164" lon="12.656142">
        <ele>354.149907</ele>
        <time>2026-02-16T18:56:54.232Z</time>
      </trkpt>
      <trkpt lat="49.032033" lon="12.655914">
        <ele>354.929017</ele>
        <time>2026-02-16T18:57:02.916Z</time>
      </trkpt>
      <trkpt lat="49.031835" lon="12.655407">
        <ele>357.650034</ele>
        <time>2026-02-16T18:57:21.247Z</time>
      </trkpt>
      <trkpt lat="49.031680" lon="12.654943">
        <ele>360.051190</ele>
        <time>2026-02-16T18:57:38.171Z</time>
      </trkpt>
      <trkpt lat="49.031618" lon="12.654732">
        <ele>361.117334</ele>
        <time>2026-02-16T18:57:45.657Z</time>
      </trkpt>
      <trkpt lat="49.031545" lon="12.654455">
        <ele>362.493878</ele>
        <time>2026-02-16T18:57:54.925Z</time>
      </trkpt>
      <trkpt lat="49.031491" lon="12.654244">
        <ele>363.538278</ele>
        <time>2026-02-16T18:58:01.608Z</time>
      </trkpt>
      <trkpt lat="49.031424" lon="12.653899">
        <ele>365.197369</ele>
        <time>2026-02-16T18:58:11.437Z</time>
      </trkpt>
      <trkpt lat="49.031359" lon="12.653313">
        <ele>367.597007</ele>
        <time>2026-02-16T18:58:26.461Z</time>
      </trkpt>
      <trkpt lat="49.031355" lon="12.653222">
        <ele>367.693599</ele>
        <time>2026-02-16T18:58:28.544Z</time>
      </trkpt>
      <trkpt lat="49.031351" lon="12.653109">
        <ele>367.813448</ele>
        <time>2026-02-16T18:58:31.257Z</time>
      </trkpt>
      <trkpt lat="49.031347" lon="12.652913">
        <ele>368.021126</ele>
        <time>2026-02-16T18:58:35.493Z</time>
      </trkpt>
      <trkpt lat="49.031362" lon="12.652386">
        <ele>368.579782</ele>
        <time>2026-02-16T18:58:44.409Z</time>
      </trkpt>
      <trkpt lat="49.031442" lon="12.651468">
        <ele>369.560558</ele>
        <time>2026-02-16T18:58:54.891Z</time>
      </trkpt>
      <trkpt lat="49.031469" lon="12.651201">
        <ele>369.846673</ele>
        <time>2026-02-16T18:58:57.250Z</time>
      </trkpt>
      <trkpt lat="49.031626" lon="12.649879">
        <ele>369.700193</ele>
        <time>2026-02-16T18:59:07.825Z</time>
      </trkpt>
      <trkpt lat="49.032131" lon="12.646094">
        <ele>368.139427</ele>
        <time>2026-02-16T18:59:37.064Z</time>
      </trkpt>
      <trkpt lat="49.032317" lon="12.644946">
        <ele>369.323897</ele>
        <time>2026-02-16T18:59:57.772Z</time>
      </trkpt>
      <trkpt lat="49.032446" lon="12.644294">
        <ele>371.392996</ele>
        <time>2026-02-16T19:00:13.345Z</time>
      </trkpt>
      <trkpt lat="49.032496" lon="12.644035">
        <ele>372.213276</ele>
        <time>2026-02-16T19:00:19.797Z</time>
      </trkpt>
      <trkpt lat="49.032539" lon="12.643551">
        <ele>373.697171</ele>
        <time>2026-02-16T19:00:31.230Z</time>
      </trkpt>
      <trkpt lat="49.032466" lon="12.642092">
        <ele>378.526850</ele>
        <time>2026-02-16T19:01:05.396Z</time>
      </trkpt>
      <trkpt lat="49.032343" lon="12.640232">
        <ele>385.541126</ele>
        <time>2026-02-16T19:01:51.389Z</time>
      </trkpt>
      <trkpt lat="49.032354" lon="12.639682">
        <ele>387.725807</ele>
        <time>2026-02-16T19:02:05.896Z</time>
      </trkpt>
      <trkpt lat="49.032412" lon="12.639357">
        <ele>389.178244</ele>
        <time>2026-02-16T19:02:15.015Z</time>
      </trkpt>
      <trkpt lat="49.032489" lon="12.639082">
        <ele>390.467697</ele>
        <time>2026-02-16T19:02:23.270Z</time>
      </trkpt>
      <trkpt lat="49.032853" lon="12.637939">
        <ele>395.947123</ele>
        <time>2026-02-16T19:02:58.762Z</time>
      </trkpt>
      <trkpt lat="49.033051" lon="12.637448">
        <ele>398.432799</ele>
        <time>2026-02-16T19:03:14.530Z</time>
      </trkpt>
      <trkpt lat="49.033272" lon="12.637041">
        <ele>400.230634</ele>
        <time>2026-02-16T19:03:28.312Z</time>
      </trkpt>
      <trkpt lat="49.033498" lon="12.636673">
        <ele>401.902280</ele>
        <time>2026-02-16T19:03:40.744Z</time>
      </trkpt>
      <trkpt lat="49.034492" lon="12.635226">
        <ele>408.885032</ele>
        <time>2026-02-16T19:04:25.084Z</time>
      </trkpt>
      <trkpt lat="49.034977" lon="12.634745">
        <ele>411.900582</ele>
        <time>2026-02-16T19:04:44.033Z</time>
      </trkpt>
      <trkpt lat="49.035412" lon="12.634348">
        <ele>414.542980</ele>
        <time>2026-02-16T19:05:02.324Z</time>
      </trkpt>
      <trkpt lat="49.036323" lon="12.633560">
        <ele>419.560609</ele>
        <time>2026-02-16T19:05:44.955Z</time>
      </trkpt>
      <trkpt lat="49.036750" lon="12.633186">
        <ele>421.736532</ele>
        <time>2026-02-16T19:06:02.709Z</time>
      </trkpt>
      <trkpt lat="49.037030" lon="12.632838">
        <ele>423.332612</ele>
        <time>2026-02-16T19:06:13.616Z</time>
      </trkpt>
      <trkpt lat="49.037196" lon="12.632554">
        <ele>424.434914</ele>
        <time>2026-02-16T19:06:20.083Z</time>
      </trkpt>
      <trkpt lat="49.037268" lon="12.632374">
        <ele>425.045786</ele>
        <time>2026-02-16T19:06:23.311Z</time>
      </trkpt>
      <trkpt lat="49.037653" lon="12.631185">
        <ele>425.406957</ele>
        <time>2026-02-16T19:06:36.659Z</time>
      </trkpt>
      <trkpt lat="49.037774" lon="12.630826">
        <ele>425.515629</ele>
        <time>2026-02-16T19:06:39.932Z</time>
      </trkpt>
      <trkpt lat="49.037870" lon="12.630528">
        <ele>425.605018</ele>
        <time>2026-02-16T19:06:42.751Z</time>
      </trkpt>
      <trkpt lat="49.038179" lon="12.629557">
        <ele>426.459877</ele>
        <time>2026-02-16T19:06:54.250Z</time>
      </trkpt>
      <trkpt lat="49.038350" lon="12.629112">
        <ele>427.333851</ele>
        <time>2026-02-16T19:07:01.277Z</time>
      </trkpt>
      <trkpt lat="49.038568" lon="12.628675">
        <ele>428.264283</ele>
        <time>2026-02-16T19:07:10.030Z</time>
      </trkpt>
      <trkpt lat="49.038879" lon="12.628194">
        <ele>429.408965</ele>
        <time>2026-02-16T19:07:23.028Z</time>
      </trkpt>
      <trkpt lat="49.039356" lon="12.627854">
        <ele>431.113172</ele>
        <time>2026-02-16T19:07:40.097Z</time>
      </trkpt>
      <trkpt lat="49.039495" lon="12.627762">
        <ele>431.909873</ele>
        <time>2026-02-16T19:07:45.163Z</time>
      </trkpt>
      <trkpt lat="49.039807" lon="12.627538">
        <ele>433.722999</ele>
        <time>2026-02-16T19:07:56.632Z</time>
      </trkpt>
      <trkpt lat="49.040195" lon="12.627198">
        <ele>436.075769</ele>
        <time>2026-02-16T19:08:11.673Z</time>
      </trkpt>
      <trkpt lat="49.040836" lon="12.626530">
        <ele>440.210313</ele>
        <time>2026-02-16T19:08:41.813Z</time>
      </trkpt>
      <trkpt lat="49.041137" lon="12.626314">
        <ele>442.310968</ele>
        <time>2026-02-16T19:08:56.009Z</time>
      </trkpt>
      <trkpt lat="49.041900" lon="12.625867">
        <ele>447.472482</ele>
        <time>2026-02-16T19:09:31.313Z</time>
      </trkpt>
      <trkpt lat="49.042236" lon="12.625577">
        <ele>449.910411</ele>
        <time>2026-02-16T19:09:47.290Z</time>
      </trkpt>
      <trkpt lat="49.043062" lon="12.624673">
        <ele>454.283754</ele>
        <time>2026-02-16T19:10:20.384Z</time>
      </trkpt>
      <trkpt lat="49.043343" lon="12.624224">
        <ele>455.817568</ele>
        <time>2026-02-16T19:10:31.105Z</time>
      </trkpt>
      <trkpt lat="49.043538" lon="12.623753">
        <ele>457.193981</ele>
        <time>2026-02-16T19:10:40.354Z</time>
      </trkpt>
      <trkpt lat="49.043596" lon="12.623582">
        <ele>457.669691</ele>
        <time>2026-02-16T19:10:43.496Z</time>
      </trkpt>
      <trkpt lat="49.044286" lon="12.621363">
        <ele>464.178958</ele>
        <time>2026-02-16T19:11:29.023Z</time>
      </trkpt>
      <trkpt lat="49.044425" lon="12.620656">
        <ele>466.968787</ele>
        <time>2026-02-16T19:11:47.661Z</time>
      </trkpt>
      <trkpt lat="49.045022" lon="12.615952">
        <ele>494.647636</ele>
        <time>2026-02-16T19:14:27.017Z</time>
      </trkpt>
      <trkpt lat="49.045077" lon="12.615293">
        <ele>499.286075</ele>
        <time>2026-02-16T19:14:52.634Z</time>
      </trkpt>
      <trkpt lat="49.045128" lon="12.614292">
        <ele>507.465161</ele>
        <time>2026-02-16T19:15:33.762Z</time>
      </trkpt>
      <trkpt lat="49.045413" lon="12.613054">
        <ele>518.154236</ele>
        <time>2026-02-16T19:16:32.036Z</time>
      </trkpt>
      <trkpt lat="49.045476" lon="12.612606">
        <ele>522.002390</ele>
        <time>2026-02-16T19:16:53.956Z</time>
      </trkpt>
      <trkpt lat="49.045568" lon="12.611960">
        <ele>527.641706</ele>
        <time>2026-02-16T19:17:26.006Z</time>
      </trkpt>
      <trkpt lat="49.045592" lon="12.611598">
        <ele>530.745521</ele>
        <time>2026-02-16T19:17:43.267Z</time>
      </trkpt>
      <trkpt lat="49.045534" lon="12.610918">
        <ele>536.595203</ele>
        <time>2026-02-16T19:18:14.455Z</time>
      </trkpt>
      <trkpt lat="49.045432" lon="12.610432">
        <ele>540.948402</ele>
        <time>2026-02-16T19:18:36.204Z</time>
      </trkpt>
      <trkpt lat="49.045126" lon="12.609286">
        <ele>548.017508</ele>
        <time>2026-02-16T19:19:19.112Z</time>
      </trkpt>
      <trkpt lat="49.044835" lon="12.608512">
        <ele>552.563983</ele>
        <time>2026-02-16T19:19:44.231Z</time>
      </trkpt>
      <trkpt lat="49.044220" lon="12.607086">
        <ele>559.848465</ele>
        <time>2026-02-16T19:20:26.169Z</time>
      </trkpt>
      <trkpt lat="49.043866" lon="12.606314">
        <ele>563.119128</ele>
        <time>2026-02-16T19:20:48.053Z</time>
      </trkpt>
      <trkpt lat="49.043773" lon="12.606173">
        <ele>563.813523</ele>
        <time>2026-02-16T19:20:52.560Z</time>
      </trkpt>
      <trkpt lat="49.043559" lon="12.605933">
        <ele>565.220176</ele>
        <time>2026-02-16T19:21:01.749Z</time>
      </trkpt>
      <trkpt lat="49.043100" lon="12.605527">
        <ele>567.985832</ele>
        <time>2026-02-16T19:21:20.223Z</time>
      </trkpt>
      <trkpt lat="49.042966" lon="12.605299">
        <ele>569.020828</ele>
        <time>2026-02-16T19:21:27.278Z</time>
      </trkpt>
      <trkpt lat="49.042868" lon="12.605012">
        <ele>570.114570</ele>
        <time>2026-02-16T19:21:35.168Z</time>
      </trkpt>
      <trkpt lat="49.042778" lon="12.604294">
        <ele>572.585281</ele>
        <time>2026-02-16T19:21:52.761Z</time>
      </trkpt>
      <trkpt lat="49.042777" lon="12.603692">
        <ele>574.619965</ele>
        <time>2026-02-16T19:22:06.561Z</time>
      </trkpt>
      <trkpt lat="49.042836" lon="12.603343">
        <ele>575.868679</ele>
        <time>2026-02-16T19:22:14.678Z</time>
      </trkpt>
      <trkpt lat="49.043025" lon="12.602739">
        <ele>578.458622</ele>
        <time>2026-02-16T19:22:29.390Z</time>
      </trkpt>
      <trkpt lat="49.043493" lon="12.601290">
        <ele>584.709463</ele>
        <time>2026-02-16T19:23:08.776Z</time>
      </trkpt>
      <trkpt lat="49.043881" lon="12.600078">
        <ele>591.776602</ele>
        <time>2026-02-16T19:23:50.853Z</time>
      </trkpt>
      <trkpt lat="49.043938" lon="12.599792">
        <ele>593.513601</ele>
        <time>2026-02-16T19:24:01.441Z</time>
      </trkpt>
      <trkpt lat="49.043959" lon="12.599524">
        <ele>595.081971</ele>
        <time>2026-02-16T19:24:11.401Z</time>
      </trkpt>
      <trkpt lat="49.043951" lon="12.599248">
        <ele>596.687307</ele>
        <time>2026-02-16T19:24:21.820Z</time>
      </trkpt>
      <trkpt lat="49.043689" lon="12.597254">
        <ele>605.410002</ele>
        <time>2026-02-16T19:25:30.057Z</time>
      </trkpt>
      <trkpt lat="49.042547" lon="12.597860">
        <ele>610.006656</ele>
        <time>2026-02-16T19:25:59.095Z</time>
      </trkpt>
      <trkpt lat="49.042308" lon="12.598043">
        <ele>609.322224</ele>
        <time>2026-02-16T19:26:01.895Z</time>
      </trkpt>
      <trkpt lat="49.041861" lon="12.598694">
        <ele>607.740518</ele>
        <time>2026-02-16T19:26:08.025Z</time>
      </trkpt>
      <trkpt lat="49.041421" lon="12.599258">
        <ele>606.269599</ele>
        <time>2026-02-16T19:26:13.633Z</time>
      </trkpt>
      <trkpt lat="49.041043" lon="12.599744">
        <ele>605.182304</ele>
        <time>2026-02-16T19:26:18.543Z</time>
      </trkpt>
      <trkpt lat="49.040837" lon="12.599960">
        <ele>604.702223</ele>
        <time>2026-02-16T19:26:21.178Z</time>
      </trkpt>
      <trkpt lat="49.039525" lon="12.600909">
        <ele>601.483839</ele>
        <time>2026-02-16T19:26:38.746Z</time>
      </trkpt>
      <trkpt lat="49.039379" lon="12.601053">
        <ele>600.739189</ele>
        <time>2026-02-16T19:26:40.690Z</time>
      </trkpt>
      <trkpt lat="49.039267" lon="12.601225">
        <ele>600.058501</ele>
        <time>2026-02-16T19:26:42.398Z</time>
      </trkpt>
      <trkpt lat="49.038839" lon="12.602211">
        <ele>596.738156</ele>
        <time>2026-02-16T19:26:49.965Z</time>
      </trkpt>
      <trkpt lat="49.038692" lon="12.602456">
        <ele>595.805623</ele>
        <time>2026-02-16T19:26:51.973Z</time>
      </trkpt>
      <trkpt lat="49.037594" lon="12.603598">
        <ele>585.898636</ele>
        <time>2026-02-16T19:27:03.705Z</time>
      </trkpt>
      <trkpt lat="49.036989" lon="12.603931">
        <ele>580.531826</ele>
        <time>2026-02-16T19:27:09.278Z</time>
      </trkpt>
      <trkpt lat="49.036832" lon="12.604080">
        <ele>579.074550</ele>
        <time>2026-02-16T19:27:10.881Z</time>
      </trkpt>
      <trkpt lat="49.036715" lon="12.604260">
        <ele>577.899191</ele>
        <time>2026-02-16T19:27:12.328Z</time>
      </trkpt>
      <trkpt lat="49.036283" lon="12.605113">
        <ele>572.901098</ele>
        <time>2026-02-16T19:27:18.540Z</time>
      </trkpt>
      <trkpt lat="49.036281" lon="12.605116">
        <ele>572.881258</ele>
        <time>2026-02-16T19:27:18.568Z</time>
      </trkpt>
      <trkpt lat="49.035842" lon="12.605776">
        <ele>568.521491</ele>
        <time>2026-02-16T19:27:24.243Z</time>
      </trkpt>
      <trkpt lat="49.035613" lon="12.606098">
        <ele>566.410648</ele>
        <time>2026-02-16T19:27:27.203Z</time>
      </trkpt>
      <trkpt lat="49.035314" lon="12.606354">
        <ele>564.422932</ele>
        <time>2026-02-16T19:27:30.493Z</time>
      </trkpt>
      <trkpt lat="49.034990" lon="12.606494">
        <ele>562.470770</ele>
        <time>2026-02-16T19:27:33.694Z</time>
      </trkpt>
      <trkpt lat="49.034664" lon="12.606509">
        <ele>560.580063</ele>
        <time>2026-02-16T19:27:36.744Z</time>
      </trkpt>
      <trkpt lat="49.033889" lon="12.606417">
        <ele>556.030167</ele>
        <time>2026-02-16T19:27:43.757Z</time>
      </trkpt>
      <trkpt lat="49.033765" lon="12.606404">
        <ele>555.214032</ele>
        <time>2026-02-16T19:27:44.849Z</time>
      </trkpt>
      <trkpt lat="49.033482" lon="12.606373">
        <ele>553.351000</ele>
        <time>2026-02-16T19:27:47.351Z</time>
      </trkpt>
      <trkpt lat="49.032745" lon="12.606294">
        <ele>548.499746</ele>
        <time>2026-02-16T19:27:53.978Z</time>
      </trkpt>
      <trkpt lat="49.032607" lon="12.606324">
        <ele>547.584447</ele>
        <time>2026-02-16T19:27:55.256Z</time>
      </trkpt>
      <trkpt lat="49.032549" lon="12.606367">
        <ele>547.160999</ele>
        <time>2026-02-16T19:27:55.857Z</time>
      </trkpt>
      <trkpt lat="49.032460" lon="12.606508">
        <ele>546.318397</ele>
        <time>2026-02-16T19:27:57.050Z</time>
      </trkpt>
      <trkpt lat="49.032405" lon="12.606787">
        <ele>545.064173</ele>
        <time>2026-02-16T19:27:58.837Z</time>
      </trkpt>
      <trkpt lat="49.032402" lon="12.607753">
        <ele>542.305125</ele>
        <time>2026-02-16T19:28:04.821Z</time>
      </trkpt>
      <trkpt lat="49.032378" lon="12.608233">
        <ele>541.019571</ele>
        <time>2026-02-16T19:28:07.925Z</time>
      </trkpt>
      <trkpt lat="49.032326" lon="12.608528">
        <ele>540.203802</ele>
        <time>2026-02-16T19:28:09.895Z</time>
      </trkpt>
      <trkpt lat="49.032222" lon="12.608799">
        <ele>539.365239</ele>
        <time>2026-02-16T19:28:11.922Z</time>
      </trkpt>
      <trkpt lat="49.032131" lon="12.608957">
        <ele>538.803618</ele>
        <time>2026-02-16T19:28:13.290Z</time>
      </trkpt>
      <trkpt lat="49.032084" lon="12.609019">
        <ele>538.550513</ele>
        <time>2026-02-16T19:28:13.905Z</time>
      </trkpt>
      <trkpt lat="49.031870" lon="12.609241">
        <ele>537.496354</ele>
        <time>2026-02-16T19:28:16.508Z</time>
      </trkpt>
      <trkpt lat="49.031688" lon="12.609385">
        <ele>536.887714</ele>
        <time>2026-02-16T19:28:18.584Z</time>
      </trkpt>
      <trkpt lat="49.031539" lon="12.609497">
        <ele>536.464612</ele>
        <time>2026-02-16T19:28:20.292Z</time>
      </trkpt>
      <trkpt lat="49.031037" lon="12.609836">
        <ele>535.066251</ele>
        <time>2026-02-16T19:28:26.249Z</time>
      </trkpt>
      <trkpt lat="49.030889" lon="12.610041">
        <ele>534.557027</ele>
        <time>2026-02-16T19:28:28.490Z</time>
      </trkpt>
      <trkpt lat="49.030724" lon="12.610331">
        <ele>533.915798</ele>
        <time>2026-02-16T19:28:31.279Z</time>
      </trkpt>
      <trkpt lat="49.030601" lon="12.610462">
        <ele>533.533683</ele>
        <time>2026-02-16T19:28:32.932Z</time>
      </trkpt>
      <trkpt lat="49.030134" lon="12.610878">
        <ele>531.697578</ele>
        <time>2026-02-16T19:28:38.634Z</time>
      </trkpt>
      <trkpt lat="49.029904" lon="12.611123">
        <ele>530.362666</ele>
        <time>2026-02-16T19:28:41.371Z</time>
      </trkpt>
      <trkpt lat="49.029553" lon="12.611621">
        <ele>528.081562</ele>
        <time>2026-02-16T19:28:45.917Z</time>
      </trkpt>
      <trkpt lat="49.029450" lon="12.611770">
        <ele>527.406061</ele>
        <time>2026-02-16T19:28:47.247Z</time>
      </trkpt>
      <trkpt lat="49.029147" lon="12.612165">
        <ele>525.509377</ele>
        <time>2026-02-16T19:28:50.935Z</time>
      </trkpt>
      <trkpt lat="49.028959" lon="12.612299">
        <ele>524.521943</ele>
        <time>2026-02-16T19:28:52.835Z</time>
      </trkpt>
      <trkpt lat="49.028674" lon="12.612431">
        <ele>522.848202</ele>
        <time>2026-02-16T19:28:55.549Z</time>
      </trkpt>
      <trkpt lat="49.027812" lon="12.612643">
        <ele>517.650177</ele>
        <time>2026-02-16T19:29:03.503Z</time>
      </trkpt>
      <trkpt lat="49.027430" lon="12.612845">
        <ele>515.243202</ele>
        <time>2026-02-16T19:29:07.238Z</time>
      </trkpt>
      <trkpt lat="49.027048" lon="12.613166">
        <ele>512.787330</ele>
        <time>2026-02-16T19:29:11.288Z</time>
      </trkpt>
      <trkpt lat="49.026495" lon="12.613915">
        <ele>509.187053</ele>
        <time>2026-02-16T19:29:18.235Z</time>
      </trkpt>
      <trkpt lat="49.025998" lon="12.614545">
        <ele>506.041123</ele>
        <time>2026-02-16T19:29:24.442Z</time>
      </trkpt>
      <trkpt lat="49.025758" lon="12.614740">
        <ele>504.717376</ele>
        <time>2026-02-16T19:29:27.078Z</time>
      </trkpt>
      <trkpt lat="49.024626" lon="12.615431">
        <ele>498.608818</ele>
        <time>2026-02-16T19:29:38.659Z</time>
      </trkpt>
      <trkpt lat="49.024039" lon="12.615912">
        <ele>495.323990</ele>
        <time>2026-02-16T19:29:44.819Z</time>
      </trkpt>
      <trkpt lat="49.023494" lon="12.616279">
        <ele>492.766684</ele>
        <time>2026-02-16T19:29:50.337Z</time>
      </trkpt>
      <trkpt lat="49.023396" lon="12.616323">
        <ele>492.328172</ele>
        <time>2026-02-16T19:29:51.298Z</time>
      </trkpt>
      <trkpt lat="49.023127" lon="12.616378">
        <ele>491.163174</ele>
        <time>2026-02-16T19:29:53.921Z</time>
      </trkpt>
      <trkpt lat="49.023057" lon="12.616377">
        <ele>490.862690</ele>
        <time>2026-02-16T19:29:54.616Z</time>
      </trkpt>
      <trkpt lat="49.022863" lon="12.616335">
        <ele>490.021607</ele>
        <time>2026-02-16T19:29:56.575Z</time>
      </trkpt>
      <trkpt lat="49.022606" lon="12.616210">
        <ele>488.863697</ele>
        <time>2026-02-16T19:29:59.315Z</time>
      </trkpt>
      <trkpt lat="49.022313" lon="12.616069">
        <ele>487.630203</ele>
        <time>2026-02-16T19:30:02.465Z</time>
      </trkpt>
      <trkpt lat="49.022176" lon="12.616064">
        <ele>487.172736</ele>
        <time>2026-02-16T19:30:03.911Z</time>
      </trkpt>
      <trkpt lat="49.021884" lon="12.616213">
        <ele>486.144852</ele>
        <time>2026-02-16T19:30:07.238Z</time>
      </trkpt>
      <trkpt lat="49.021352" lon="12.616510">
        <ele>484.253649</ele>
        <time>2026-02-16T19:30:13.182Z</time>
      </trkpt>
      <trkpt lat="49.021333" lon="12.616521">
        <ele>484.185806</ele>
        <time>2026-02-16T19:30:13.383Z</time>
      </trkpt>
      <trkpt lat="49.020975" lon="12.616763">
        <ele>482.878565</ele>
        <time>2026-02-16T19:30:17.263Z</time>
      </trkpt>
      <trkpt lat="49.020205" lon="12.617283">
        <ele>478.497212</ele>
        <time>2026-02-16T19:30:25.225Z</time>
      </trkpt>
      <trkpt lat="49.019601" lon="12.617492">
        <ele>474.681617</ele>
        <time>2026-02-16T19:30:30.906Z</time>
      </trkpt>
      <trkpt lat="49.019446" lon="12.617579">
        <ele>473.664090</ele>
        <time>2026-02-16T19:30:32.391Z</time>
      </trkpt>
      <trkpt lat="49.019189" lon="12.617821">
        <ele>471.803266</ele>
        <time>2026-02-16T19:30:35.078Z</time>
      </trkpt>
      <trkpt lat="49.019081" lon="12.617719">
        <ele>471.020640</ele>
        <time>2026-02-16T19:30:36.205Z</time>
      </trkpt>
      <trkpt lat="49.018709" lon="12.617626">
        <ele>467.898117</ele>
        <time>2026-02-16T19:30:39.546Z</time>
      </trkpt>
      <trkpt lat="49.018332" lon="12.617555">
        <ele>464.685113</ele>
        <time>2026-02-16T19:30:42.860Z</time>
      </trkpt>
      <trkpt lat="49.018235" lon="12.617407">
        <ele>463.524450</ele>
        <time>2026-02-16T19:30:44.054Z</time>
      </trkpt>
      <trkpt lat="49.018137" lon="12.616981">
        <ele>461.020215</ele>
        <time>2026-02-16T19:30:46.633Z</time>
      </trkpt>
      <trkpt lat="49.018039" lon="12.616513">
        <ele>458.295039</ele>
        <time>2026-02-16T19:30:49.424Z</time>
      </trkpt>
      <trkpt lat="49.017936" lon="12.616139">
        <ele>456.044911</ele>
        <time>2026-02-16T19:30:51.739Z</time>
      </trkpt>
      <trkpt lat="49.017948" lon="12.615859">
        <ele>454.814080</ele>
        <time>2026-02-16T19:30:53.348Z</time>
      </trkpt>
      <trkpt lat="49.018581" lon="12.613725">
        <ele>445.527429</ele>
        <time>2026-02-16T19:31:07.247Z</time>
      </trkpt>
      <trkpt lat="49.018492" lon="12.613385">
        <ele>445.117151</ele>
        <time>2026-02-16T19:31:09.827Z</time>
      </trkpt>
      <trkpt lat="49.018353" lon="12.613131">
        <ele>445.814235</ele>
        <time>2026-02-16T19:31:12.571Z</time>
      </trkpt>
      <trkpt lat="49.018218" lon="12.612984">
        <ele>446.347243</ele>
        <time>2026-02-16T19:31:15.369Z</time>
      </trkpt>
      <trkpt lat="49.018023" lon="12.612917">
        <ele>446.989497</ele>
        <time>2026-02-16T19:31:19.692Z</time>
      </trkpt>
      <trkpt lat="49.017747" lon="12.613162">
        <ele>448.015628</ele>
        <time>2026-02-16T19:31:28.920Z</time>
      </trkpt>
      <trkpt lat="49.017587" lon="12.613254">
        <ele>448.565054</ele>
        <time>2026-02-16T19:31:34.808Z</time>
      </trkpt>
      <trkpt lat="49.017444" lon="12.613279">
        <ele>449.027530</ele>
        <time>2026-02-16T19:31:40.047Z</time>
      </trkpt>
      <trkpt lat="49.017252" lon="12.613190">
        <ele>449.672313</ele>
        <time>2026-02-16T19:31:47.568Z</time>
      </trkpt>
      <trkpt lat="49.016911" lon="12.612906">
        <ele>452.040053</ele>
        <time>2026-02-16T19:32:05.795Z</time>
      </trkpt>
      <trkpt lat="49.016744" lon="12.612872">
        <ele>454.151953</ele>
        <time>2026-02-16T19:32:15.513Z</time>
      </trkpt>
      <trkpt lat="49.016587" lon="12.612706">
        <ele>456.546787</ele>
        <time>2026-02-16T19:32:27.770Z</time>
      </trkpt>
      <trkpt lat="49.016500" lon="12.612486">
        <ele>458.658723</ele>
        <time>2026-02-16T19:32:39.282Z</time>
      </trkpt>
      <trkpt lat="49.016470" lon="12.612338">
        <ele>459.932202</ele>
        <time>2026-02-16T19:32:46.656Z</time>
      </trkpt>
      <trkpt lat="49.016420" lon="12.612303">
        <ele>460.621838</ele>
        <time>2026-02-16T19:32:50.359Z</time>
      </trkpt>
      <trkpt lat="49.016438" lon="12.611933">
        <ele>463.671927</ele>
        <time>2026-02-16T19:33:07.662Z</time>
      </trkpt>
      <trkpt lat="49.016416" lon="12.611418">
        <ele>467.914662</ele>
        <time>2026-02-16T19:33:31.551Z</time>
      </trkpt>
      <trkpt lat="49.016366" lon="12.611021">
        <ele>471.237996</ele>
        <time>2026-02-16T19:33:50.639Z</time>
      </trkpt>
      <trkpt lat="49.016296" lon="12.610734">
        <ele>473.631549</ele>
        <time>2026-02-16T19:34:05.512Z</time>
      </trkpt>
      <trkpt lat="49.016193" lon="12.610419">
        <ele>475.994427</ele>
        <time>2026-02-16T19:34:23.052Z</time>
      </trkpt>
      <trkpt lat="49.016085" lon="12.610203">
        <ele>477.817793</ele>
        <time>2026-02-16T19:34:36.337Z</time>
      </trkpt>
      <trkpt lat="49.015793" lon="12.609855">
        <ele>481.611343</ele>
        <time>2026-02-16T19:35:00.578Z</time>
      </trkpt>
      <trkpt lat="49.015532" lon="12.609642">
        <ele>484.641495</ele>
        <time>2026-02-16T19:35:16.617Z</time>
      </trkpt>
      <trkpt lat="49.015135" lon="12.609417">
        <ele>488.976766</ele>
        <time>2026-02-16T19:35:36.253Z</time>
      </trkpt>
      <trkpt lat="49.014585" lon="12.609142">
        <ele>491.703722</ele>
        <time>2026-02-16T19:35:56.923Z</time>
      </trkpt>
      <trkpt lat="49.014326" lon="12.608845">
        <ele>491.910354</ele>
        <time>2026-02-16T19:36:05.106Z</time>
      </trkpt>
      <trkpt lat="49.014198" lon="12.608656">
        <ele>492.023965</ele>
        <time>2026-02-16T19:36:08.489Z</time>
      </trkpt>
      <trkpt lat="49.014052" lon="12.608534">
        <ele>492.130120</ele>
        <time>2026-02-16T19:36:10.962Z</time>
      </trkpt>
      <trkpt lat="49.013936" lon="12.608488">
        <ele>492.206542</ele>
        <time>2026-02-16T19:36:12.562Z</time>
      </trkpt>
      <trkpt lat="49.013089" lon="12.608347">
        <ele>492.152979</ele>
        <time>2026-02-16T19:36:21.319Z</time>
      </trkpt>
      <trkpt lat="49.012851" lon="12.608256">
        <ele>491.473372</ele>
        <time>2026-02-16T19:36:23.714Z</time>
      </trkpt>
      <trkpt lat="49.012530" lon="12.608035">
        <ele>490.497846</ele>
        <time>2026-02-16T19:36:27.174Z</time>
      </trkpt>
      <trkpt lat="49.012442" lon="12.607918">
        <ele>490.174452</ele>
        <time>2026-02-16T19:36:28.332Z</time>
      </trkpt>
      <trkpt lat="49.012250" lon="12.607571">
        <ele>489.349725</ele>
        <time>2026-02-16T19:36:31.271Z</time>
      </trkpt>
      <trkpt lat="49.012190" lon="12.607354">
        <ele>488.921915</ele>
        <time>2026-02-16T19:36:32.814Z</time>
      </trkpt>
      <trkpt lat="49.012113" lon="12.606953">
        <ele>488.162858</ele>
        <time>2026-02-16T19:36:35.607Z</time>
      </trkpt>
      <trkpt lat="49.011875" lon="12.605944">
        <ele>489.571363</ele>
        <time>2026-02-16T19:36:45.839Z</time>
      </trkpt>
      <trkpt lat="49.011766" lon="12.605685">
        <ele>490.314058</ele>
        <time>2026-02-16T19:36:51.574Z</time>
      </trkpt>
      <trkpt lat="49.011530" lon="12.605326">
        <ele>491.540763</ele>
        <time>2026-02-16T19:37:03.375Z</time>
      </trkpt>
      <trkpt lat="49.011097" lon="12.604766">
        <ele>493.630068</ele>
        <time>2026-02-16T19:37:26.580Z</time>
      </trkpt>
      <trkpt lat="49.010860" lon="12.604527">
        <ele>494.677019</ele>
        <time>2026-02-16T19:37:38.799Z</time>
      </trkpt>
      <trkpt lat="49.010729" lon="12.604455">
        <ele>495.191172</ele>
        <time>2026-02-16T19:37:44.680Z</time>
      </trkpt>
      <trkpt lat="49.010583" lon="12.604392">
        <ele>495.751413</ele>
        <time>2026-02-16T19:37:50.973Z</time>
      </trkpt>
      <trkpt lat="49.010298" lon="12.604355">
        <ele>496.807506</ele>
        <time>2026-02-16T19:38:01.903Z</time>
      </trkpt>
      <trkpt lat="49.010113" lon="12.604381">
        <ele>497.493465</ele>
        <time>2026-02-16T19:38:08.131Z</time>
      </trkpt>
      <trkpt lat="49.009643" lon="12.604587">
        <ele>499.299103</ele>
        <time>2026-02-16T19:38:20.991Z</time>
      </trkpt>
      <trkpt lat="49.009289" lon="12.604587">
        <ele>500.606152</ele>
        <time>2026-02-16T19:38:27.725Z</time>
      </trkpt>
      <trkpt lat="49.008302" lon="12.604436">
        <ele>499.741861</ele>
        <time>2026-02-16T19:38:41.007Z</time>
      </trkpt>
      <trkpt lat="49.008098" lon="12.604353">
        <ele>499.468952</ele>
        <time>2026-02-16T19:38:43.413Z</time>
      </trkpt>
      <trkpt lat="49.007535" lon="12.603965">
        <ele>498.670343</ele>
        <time>2026-02-16T19:38:50.010Z</time>
      </trkpt>
      <trkpt lat="49.006532" lon="12.603233">
        <ele>494.949557</ele>
        <time>2026-02-16T19:39:00.967Z</time>
      </trkpt>
      <trkpt lat="49.006330" lon="12.603006">
        <ele>494.079693</ele>
        <time>2026-02-16T19:39:03.420Z</time>
      </trkpt>
      <trkpt lat="49.006149" lon="12.602657">
        <ele>493.068091</ele>
        <time>2026-02-16T19:39:06.345Z</time>
      </trkpt>
      <trkpt lat="49.006014" lon="12.602198">
        <ele>491.988190</ele>
        <time>2026-02-16T19:39:09.695Z</time>
      </trkpt>
      <trkpt lat="49.005966" lon="12.601885">
        <ele>491.365374</ele>
        <time>2026-02-16T19:39:11.853Z</time>
      </trkpt>
      <trkpt lat="49.005904" lon="12.601280">
        <ele>490.178918</ele>
        <time>2026-02-16T19:39:16.022Z</time>
      </trkpt>
      <trkpt lat="49.005882" lon="12.601074">
        <ele>489.774520</ele>
        <time>2026-02-16T19:39:17.463Z</time>
      </trkpt>
      <trkpt lat="49.005745" lon="12.599643">
        <ele>486.974273</ele>
        <time>2026-02-16T19:39:27.373Z</time>
      </trkpt>
      <trkpt lat="49.005661" lon="12.599427">
        <ele>486.500158</ele>
        <time>2026-02-16T19:39:29.030Z</time>
      </trkpt>
      <trkpt lat="49.005308" lon="12.599015">
        <ele>485.220518</ele>
        <time>2026-02-16T19:39:33.390Z</time>
      </trkpt>
      <trkpt lat="49.005036" lon="12.598668">
        <ele>484.199638</ele>
        <time>2026-02-16T19:39:36.890Z</time>
      </trkpt>
      <trkpt lat="49.004727" lon="12.598251">
        <ele>483.011801</ele>
        <time>2026-02-16T19:39:41.092Z</time>
      </trkpt>
      <trkpt lat="49.004664" lon="12.598166">
        <ele>482.769644</ele>
        <time>2026-02-16T19:39:41.971Z</time>
      </trkpt>
      <trkpt lat="49.004800" lon="12.597633">
        <ele>481.825817</ele>
        <time>2026-02-16T19:39:46.131Z</time>
      </trkpt>
      <trkpt lat="49.004834" lon="12.597498">
        <ele>481.762886</ele>
        <time>2026-02-16T19:39:47.263Z</time>
      </trkpt>
      <trkpt lat="49.005101" lon="12.596266">
        <ele>481.198242</ele>
        <time>2026-02-16T19:39:58.600Z</time>
      </trkpt>
      <trkpt lat="49.005201" lon="12.595870">
        <ele>481.013583</ele>
        <time>2026-02-16T19:40:03.041Z</time>
      </trkpt>
      <trkpt lat="49.005498" lon="12.595000">
        <ele>480.655277</ele>
        <time>2026-02-16T19:40:12.053Z</time>
      </trkpt>
      <trkpt lat="49.005899" lon="12.593972">
        <ele>480.546631</ele>
        <time>2026-02-16T19:40:21.566Z</time>
      </trkpt>
      <trkpt lat="49.006191" lon="12.593319">
        <ele>480.474842</ele>
        <time>2026-02-16T19:40:28.748Z</time>
      </trkpt>
      <trkpt lat="49.006247" lon="12.593126">
        <ele>480.455672</ele>
        <time>2026-02-16T19:40:31.130Z</time>
      </trkpt>
      <trkpt lat="49.006374" lon="12.592469">
        <ele>480.762681</ele>
        <time>2026-02-16T19:40:39.997Z</time>
      </trkpt>
      <trkpt lat="49.006420" lon="12.591891">
        <ele>481.343399</ele>
        <time>2026-02-16T19:40:48.829Z</time>
      </trkpt>
      <trkpt lat="49.006431" lon="12.591717">
        <ele>481.517748</ele>
        <time>2026-02-16T19:40:51.664Z</time>
      </trkpt>
      <trkpt lat="49.006520" lon="12.590343">
        <ele>482.894824</ele>
        <time>2026-02-16T19:41:13.524Z</time>
      </trkpt>
      <trkpt lat="49.006548" lon="12.589939">
        <ele>482.910541</ele>
        <time>2026-02-16T19:41:18.193Z</time>
      </trkpt>
      <trkpt lat="49.006595" lon="12.589186">
        <ele>481.580446</ele>
        <time>2026-02-16T19:41:24.501Z</time>
      </trkpt>
      <trkpt lat="49.006667" lon="12.588095">
        <ele>479.652292</ele>
        <time>2026-02-16T19:41:31.853Z</time>
      </trkpt>
      <trkpt lat="49.006762" lon="12.587538">
        <ele>478.640271</ele>
        <time>2026-02-16T19:41:35.422Z</time>
      </trkpt>
      <trkpt lat="49.006904" lon="12.587035">
        <ele>476.654794</ele>
        <time>2026-02-16T19:41:38.721Z</time>
      </trkpt>
      <trkpt lat="49.007133" lon="12.586379">
        <ele>473.323976</ele>
        <time>2026-02-16T19:41:43.126Z</time>
      </trkpt>
      <trkpt lat="49.007420" lon="12.585553">
        <ele>469.134312</ele>
        <time>2026-02-16T19:41:48.603Z</time>
      </trkpt>
      <trkpt lat="49.007982" lon="12.584441">
        <ele>462.596899</ele>
        <time>2026-02-16T19:41:56.792Z</time>
      </trkpt>
      <trkpt lat="49.008848" lon="12.583295">
        <ele>454.161106</ele>
        <time>2026-02-16T19:42:06.962Z</time>
      </trkpt>
      <trkpt lat="49.009022" lon="12.582882">
        <ele>452.560900</ele>
        <time>2026-02-16T19:42:09.846Z</time>
      </trkpt>
      <trkpt lat="49.009116" lon="12.582519">
        <ele>452.091683</ele>
        <time>2026-02-16T19:42:12.209Z</time>
      </trkpt>
      <trkpt lat="49.009160" lon="12.581952">
        <ele>451.405220</ele>
        <time>2026-02-16T19:42:15.854Z</time>
      </trkpt>
      <trkpt lat="49.009104" lon="12.581512">
        <ele>450.866338</ele>
        <time>2026-02-16T19:42:19.088Z</time>
      </trkpt>
      <trkpt lat="49.008964" lon="12.581057">
        <ele>450.262089</ele>
        <time>2026-02-16T19:42:24.123Z</time>
      </trkpt>
      <trkpt lat="49.008715" lon="12.580625">
        <ele>449.570653</ele>
        <time>2026-02-16T19:42:33.260Z</time>
      </trkpt>
      <trkpt lat="49.008560" lon="12.580450">
        <ele>450.314271</ele>
        <time>2026-02-16T19:42:39.244Z</time>
      </trkpt>
      <trkpt lat="49.008159" lon="12.580197">
        <ele>452.409583</ele>
        <time>2026-02-16T19:42:54.601Z</time>
      </trkpt>
      <trkpt lat="49.007160" lon="12.580030">
        <ele>457.261753</ele>
        <time>2026-02-16T19:43:32.368Z</time>
      </trkpt>
      <trkpt lat="49.006237" lon="12.579342">
        <ele>460.339821</ele>
        <time>2026-02-16T19:44:07.062Z</time>
      </trkpt>
      <trkpt lat="49.006077" lon="12.579250">
        <ele>460.778753</ele>
        <time>2026-02-16T19:44:11.702Z</time>
      </trkpt>
      <trkpt lat="49.005793" lon="12.579149">
        <ele>461.527301</ele>
        <time>2026-02-16T19:44:18.264Z</time>
      </trkpt>
      <trkpt lat="49.005492" lon="12.579136">
        <ele>462.300221</ele>
        <time>2026-02-16T19:44:23.414Z</time>
      </trkpt>
      <trkpt lat="49.005034" lon="12.579215">
        <ele>462.172125</ele>
        <time>2026-02-16T19:44:28.994Z</time>
      </trkpt>
      <trkpt lat="49.004806" lon="12.579327">
        <ele>461.571931</ele>
        <time>2026-02-16T19:44:31.515Z</time>
      </trkpt>
      <trkpt lat="49.003749" lon="12.579970">
        <ele>458.720468</ele>
        <time>2026-02-16T19:44:43.054Z</time>
      </trkpt>
      <trkpt lat="49.003532" lon="12.580080">
        <ele>458.212926</ele>
        <time>2026-02-16T19:44:45.385Z</time>
      </trkpt>
      <trkpt lat="49.003209" lon="12.580117">
        <ele>457.721823</ele>
        <time>2026-02-16T19:44:48.670Z</time>
      </trkpt>
      <trkpt lat="49.003096" lon="12.580099">
        <ele>457.549563</ele>
        <time>2026-02-16T19:44:49.837Z</time>
      </trkpt>
      <trkpt lat="49.002929" lon="12.580041">
        <ele>457.289874</ele>
        <time>2026-02-16T19:44:51.605Z</time>
      </trkpt>
      <trkpt lat="49.002710" lon="12.579902">
        <ele>456.930200</ele>
        <time>2026-02-16T19:44:54.115Z</time>
      </trkpt>
      <trkpt lat="49.002470" lon="12.579676">
        <ele>456.502485</ele>
        <time>2026-02-16T19:44:57.485Z</time>
      </trkpt>
      <trkpt lat="49.002262" lon="12.579406">
        <ele>456.088268</ele>
        <time>2026-02-16T19:45:01.232Z</time>
      </trkpt>
      <trkpt lat="49.002124" lon="12.579171">
        <ele>455.774559</ele>
        <time>2026-02-16T19:45:04.149Z</time>
      </trkpt>
      <trkpt lat="49.002041" lon="12.578975">
        <ele>455.595922</ele>
        <time>2026-02-16T19:45:06.609Z</time>
      </trkpt>
      <trkpt lat="49.001947" lon="12.578710">
        <ele>455.662952</ele>
        <time>2026-02-16T19:45:10.369Z</time>
      </trkpt>
      <trkpt lat="49.001846" lon="12.578272">
        <ele>455.766252</ele>
        <time>2026-02-16T19:45:17.053Z</time>
      </trkpt>
      <trkpt lat="49.001840" lon="12.578185">
        <ele>455.785716</ele>
        <time>2026-02-16T19:45:18.439Z</time>
      </trkpt>
      <trkpt lat="49.001819" lon="12.577621">
        <ele>455.911409</ele>
        <time>2026-02-16T19:45:26.969Z</time>
      </trkpt>
      <trkpt lat="49.001879" lon="12.577153">
        <ele>456.017509</ele>
        <time>2026-02-16T19:45:33.604Z</time>
      </trkpt>
      <trkpt lat="49.002010" lon="12.576572">
        <ele>456.154204</ele>
        <time>2026-02-16T19:45:39.567Z</time>
      </trkpt>
      <trkpt lat="49.002673" lon="12.574173">
        <ele>450.138042</ele>
        <time>2026-02-16T19:45:56.298Z</time>
      </trkpt>
      <trkpt lat="49.002756" lon="12.573938">
        <ele>449.468389</ele>
        <time>2026-02-16T19:45:57.942Z</time>
      </trkpt>
      <trkpt lat="49.003122" lon="12.573239">
        <ele>445.665218</ele>
        <time>2026-02-16T19:46:03.393Z</time>
      </trkpt>
      <trkpt lat="49.003236" lon="12.572957">
        <ele>444.214857</ele>
        <time>2026-02-16T19:46:05.398Z</time>
      </trkpt>
      <trkpt lat="49.003350" lon="12.572559">
        <ele>442.313334</ele>
        <time>2026-02-16T19:46:07.981Z</time>
      </trkpt>
      <trkpt lat="49.003401" lon="12.572297">
        <ele>441.116725</ele>
        <time>2026-02-16T19:46:09.580Z</time>
      </trkpt>
      <trkpt lat="49.003420" lon="12.572052">
        <ele>440.036519</ele>
        <time>2026-02-16T19:46:11.010Z</time>
      </trkpt>
      <trkpt lat="49.003424" lon="12.571737">
        <ele>438.657028</ele>
        <time>2026-02-16T19:46:12.819Z</time>
      </trkpt>
      <trkpt lat="49.003397" lon="12.571378">
        <ele>437.109890</ele>
        <time>2026-02-16T19:46:14.892Z</time>
      </trkpt>
      <trkpt lat="49.003353" lon="12.571116">
        <ele>436.100645</ele>
        <time>2026-02-16T19:46:16.440Z</time>
      </trkpt>
      <trkpt lat="49.003210" lon="12.570655">
        <ele>434.197682</ele>
        <time>2026-02-16T19:46:19.394Z</time>
      </trkpt>
      <trkpt lat="49.003101" lon="12.570421">
        <ele>433.126706</ele>
        <time>2026-02-16T19:46:21.084Z</time>
      </trkpt>
      <trkpt lat="49.002979" lon="12.570232">
        <ele>432.137218</ele>
        <time>2026-02-16T19:46:22.666Z</time>
      </trkpt>
      <trkpt lat="49.002695" lon="12.569926">
        <ele>430.158849</ele>
        <time>2026-02-16T19:46:25.877Z</time>
      </trkpt>
      <trkpt lat="49.002361" lon="12.569671">
        <ele>428.033899</ele>
        <time>2026-02-16T19:46:29.523Z</time>
      </trkpt>
      <trkpt lat="49.001959" lon="12.569441">
        <ele>427.065330</ele>
        <time>2026-02-16T19:46:34.339Z</time>
      </trkpt>
      <trkpt lat="49.000902" lon="12.568924">
        <ele>427.000965</ele>
        <time>2026-02-16T19:46:50.635Z</time>
      </trkpt>
      <trkpt lat="48.999827" lon="12.568208">
        <ele>429.563061</ele>
        <time>2026-02-16T19:47:17.135Z</time>
      </trkpt>
      <trkpt lat="48.998719" lon="12.567540">
        <ele>433.551085</ele>
        <time>2026-02-16T19:47:57.414Z</time>
      </trkpt>
      <trkpt lat="48.997989" lon="12.567223">
        <ele>435.409728</ele>
        <time>2026-02-16T19:48:22.276Z</time>
      </trkpt>
      <trkpt lat="48.997463" lon="12.567232">
        <ele>436.697798</ele>
        <time>2026-02-16T19:48:34.417Z</time>
      </trkpt>
      <trkpt lat="48.996200" lon="12.567687">
        <ele>436.781978</ele>
        <time>2026-02-16T19:48:49.530Z</time>
      </trkpt>
      <trkpt lat="48.995872" lon="12.567687">
        <ele>436.486344</ele>
        <time>2026-02-16T19:48:53.039Z</time>
      </trkpt>
      <trkpt lat="48.995697" lon="12.567584">
        <ele>436.317260</ele>
        <time>2026-02-16T19:48:55.190Z</time>
      </trkpt>
      <trkpt lat="48.995552" lon="12.567435">
        <ele>436.159638</ele>
        <time>2026-02-16T19:48:57.416Z</time>
      </trkpt>
      <trkpt lat="48.995393" lon="12.567215">
        <ele>436.136975</ele>
        <time>2026-02-16T19:49:00.582Z</time>
      </trkpt>
      <trkpt lat="48.995286" lon="12.566942">
        <ele>437.134604</ele>
        <time>2026-02-16T19:49:04.286Z</time>
      </trkpt>
      <trkpt lat="48.995168" lon="12.566524">
        <ele>438.562182</ele>
        <time>2026-02-16T19:49:11.278Z</time>
      </trkpt>
      <trkpt lat="48.995067" lon="12.565968">
        <ele>440.372090</ele>
        <time>2026-02-16T19:49:22.997Z</time>
      </trkpt>
      <trkpt lat="48.995098" lon="12.565461">
        <ele>441.969550</ele>
        <time>2026-02-16T19:49:35.883Z</time>
      </trkpt>
      <trkpt lat="48.995388" lon="12.564542">
        <ele>445.632866</ele>
        <time>2026-02-16T19:50:07.936Z</time>
      </trkpt>
      <trkpt lat="48.995551" lon="12.563871">
        <ele>449.687892</ele>
        <time>2026-02-16T19:50:33.562Z</time>
      </trkpt>
      <trkpt lat="48.995570" lon="12.563422">
        <ele>452.237791</ele>
        <time>2026-02-16T19:50:50.033Z</time>
      </trkpt>
      <trkpt lat="48.995605" lon="12.562543">
        <ele>457.228501</ele>
        <time>2026-02-16T19:51:21.045Z</time>
      </trkpt>
      <trkpt lat="48.995600" lon="12.561208">
        <ele>461.655748</ele>
        <time>2026-02-16T19:51:56.533Z</time>
      </trkpt>
      <trkpt lat="48.995407" lon="12.559331">
        <ele>465.178897</ele>
        <time>2026-02-16T19:52:21.068Z</time>
      </trkpt>
      <trkpt lat="48.995357" lon="12.558602">
        <ele>465.180498</ele>
        <time>2026-02-16T19:52:27.312Z</time>
      </trkpt>
      <trkpt lat="48.995347" lon="12.557947">
        <ele>465.150933</ele>
        <time>2026-02-16T19:52:33.270Z</time>
      </trkpt>
      <trkpt lat="48.995430" lon="12.557049">
        <ele>465.110010</ele>
        <time>2026-02-16T19:52:41.944Z</time>
      </trkpt>
      <trkpt lat="48.995506" lon="12.556738">
        <ele>465.095034</ele>
        <time>2026-02-16T19:52:45.233Z</time>
      </trkpt>
      <trkpt lat="48.995619" lon="12.556436">
        <ele>464.705413</ele>
        <time>2026-02-16T19:52:48.679Z</time>
      </trkpt>
      <trkpt lat="48.995885" lon="12.555930">
        <ele>463.548240</ele>
        <time>2026-02-16T19:52:54.803Z</time>
      </trkpt>
      <trkpt lat="48.996248" lon="12.555469">
        <ele>462.262987</ele>
        <time>2026-02-16T19:53:00.275Z</time>
      </trkpt>
      <trkpt lat="48.996424" lon="12.555350">
        <ele>461.739253</ele>
        <time>2026-02-16T19:53:02.247Z</time>
      </trkpt>
      <trkpt lat="48.996861" lon="12.555054">
        <ele>460.438464</ele>
        <time>2026-02-16T19:53:06.807Z</time>
      </trkpt>
      <trkpt lat="48.997155" lon="12.554829">
        <ele>458.038899</ele>
        <time>2026-02-16T19:53:09.802Z</time>
      </trkpt>
      <trkpt lat="48.997847" lon="12.554436">
        <ele>451.400916</ele>
        <time>2026-02-16T19:53:16.148Z</time>
      </trkpt>
      <trkpt lat="48.997963" lon="12.554308">
        <ele>450.113657</ele>
        <time>2026-02-16T19:53:17.361Z</time>
      </trkpt>
      <trkpt lat="48.998080" lon="12.554111">
        <ele>448.546562</ele>
        <time>2026-02-16T19:53:18.846Z</time>
      </trkpt>
      <trkpt lat="48.998152" lon="12.553970">
        <ele>447.492856</ele>
        <time>2026-02-16T19:53:19.848Z</time>
      </trkpt>
      <trkpt lat="48.998239" lon="12.553692">
        <ele>445.676428</ele>
        <time>2026-02-16T19:53:21.585Z</time>
      </trkpt>
      <trkpt lat="48.998257" lon="12.553415">
        <ele>444.034866</ele>
        <time>2026-02-16T19:53:23.166Z</time>
      </trkpt>
      <trkpt lat="48.998241" lon="12.553208">
        <ele>443.347278</ele>
        <time>2026-02-16T19:53:24.365Z</time>
      </trkpt>
      <trkpt lat="48.998201" lon="12.552989">
        <ele>442.600201</ele>
        <time>2026-02-16T19:53:25.687Z</time>
      </trkpt>
      <trkpt lat="48.998132" lon="12.552785">
        <ele>441.845940</ele>
        <time>2026-02-16T19:53:27.029Z</time>
      </trkpt>
      <trkpt lat="48.998030" lon="12.552613">
        <ele>441.084002</ele>
        <time>2026-02-16T19:53:28.400Z</time>
      </trkpt>
      <trkpt lat="48.997787" lon="12.552429">
        <ele>439.724881</ele>
        <time>2026-02-16T19:53:30.933Z</time>
      </trkpt>
      <trkpt lat="48.997467" lon="12.552422">
        <ele>438.121827</ele>
        <time>2026-02-16T19:53:34.179Z</time>
      </trkpt>
      <trkpt lat="48.996784" lon="12.552550">
        <ele>434.859989</ele>
        <time>2026-02-16T19:53:41.627Z</time>
      </trkpt>
      <trkpt lat="48.995605" lon="12.552501">
        <ele>432.125269</ele>
        <time>2026-02-16T19:53:53.740Z</time>
      </trkpt>
      <trkpt lat="48.994781" lon="12.552397">
        <ele>431.117650</ele>
        <time>2026-02-16T19:54:03.008Z</time>
      </trkpt>
      <trkpt lat="48.994474" lon="12.552233">
        <ele>431.433751</ele>
        <time>2026-02-16T19:54:08.695Z</time>
      </trkpt>
      <trkpt lat="48.994145" lon="12.551889">
        <ele>431.821436</ele>
        <time>2026-02-16T19:54:18.371Z</time>
      </trkpt>
      <trkpt lat="48.994007" lon="12.551753">
        <ele>431.981120</ele>
        <time>2026-02-16T19:54:22.573Z</time>
      </trkpt>
      <trkpt lat="48.993749" lon="12.551633">
        <ele>432.243230</ele>
        <time>2026-02-16T19:54:29.026Z</time>
      </trkpt>
      <trkpt lat="48.993563" lon="12.551645">
        <ele>432.424125</ele>
        <time>2026-02-16T19:54:33.470Z</time>
      </trkpt>
      <trkpt lat="48.993372" lon="12.551728">
        <ele>432.641255</ele>
        <time>2026-02-16T19:54:37.819Z</time>
      </trkpt>
      <trkpt lat="48.993315" lon="12.551538">
        <ele>432.932577</ele>
        <time>2026-02-16T19:54:40.737Z</time>
      </trkpt>
      <trkpt lat="48.992860" lon="12.551895">
        <ele>434.020162</ele>
        <time>2026-02-16T19:54:48.133Z</time>
      </trkpt>
      <trkpt lat="48.992639" lon="12.552003">
        <ele>434.513384</ele>
        <time>2026-02-16T19:54:51.533Z</time>
      </trkpt>
      <trkpt lat="48.992309" lon="12.552083">
        <ele>435.223515</ele>
        <time>2026-02-16T19:54:59.579Z</time>
      </trkpt>
      <trkpt lat="48.991950" lon="12.552255">
        <ele>436.023273</ele>
        <time>2026-02-16T19:55:10.761Z</time>
      </trkpt>
      <trkpt lat="48.991762" lon="12.552210">
        <ele>436.422265</ele>
        <time>2026-02-16T19:55:17.259Z</time>
      </trkpt>
      <trkpt lat="48.991694" lon="12.552168">
        <ele>436.477925</ele>
        <time>2026-02-16T19:55:19.796Z</time>
      </trkpt>
      <trkpt lat="48.991640" lon="12.552070">
        <ele>436.541625</ele>
        <time>2026-02-16T19:55:22.785Z</time>
      </trkpt>
      <trkpt lat="48.991590" lon="12.551784">
        <ele>436.688952</ele>
        <time>2026-02-16T19:55:29.681Z</time>
      </trkpt>
      <trkpt lat="48.991557" lon="12.551243">
        <ele>436.959406</ele>
        <time>2026-02-16T19:55:41.008Z</time>
      </trkpt>
      <trkpt lat="48.991508" lon="12.551202">
        <ele>437.001811</ele>
        <time>2026-02-16T19:55:42.538Z</time>
      </trkpt>
      <trkpt lat="48.991324" lon="12.551214">
        <ele>437.141521</ele>
        <time>2026-02-16T19:55:47.295Z</time>
      </trkpt>
      <trkpt lat="48.990993" lon="12.551298">
        <ele>437.396074</ele>
        <time>2026-02-16T19:55:53.453Z</time>
      </trkpt>
      <trkpt lat="48.990825" lon="12.551373">
        <ele>437.528873</ele>
        <time>2026-02-16T19:55:55.435Z</time>
      </trkpt>
      <trkpt lat="48.990257" lon="12.551656">
        <ele>437.216013</ele>
        <time>2026-02-16T19:56:00.950Z</time>
      </trkpt>
      <trkpt lat="48.990191" lon="12.551675">
        <ele>437.070305</ele>
        <time>2026-02-16T19:56:01.558Z</time>
      </trkpt>
      <trkpt lat="48.990037" lon="12.551636">
        <ele>436.731648</ele>
        <time>2026-02-16T19:56:02.973Z</time>
      </trkpt>
      <trkpt lat="48.989910" lon="12.551583">
        <ele>436.446001</ele>
        <time>2026-02-16T19:56:04.178Z</time>
      </trkpt>
      <trkpt lat="48.989783" lon="12.551471">
        <ele>436.127692</ele>
        <time>2026-02-16T19:56:05.551Z</time>
      </trkpt>
      <trkpt lat="48.989632" lon="12.551218">
        <ele>435.640861</ele>
        <time>2026-02-16T19:56:07.761Z</time>
      </trkpt>
      <trkpt lat="48.989499" lon="12.550817">
        <ele>435.001264</ele>
        <time>2026-02-16T19:56:11.121Z</time>
      </trkpt>
      <trkpt lat="48.989422" lon="12.550776">
        <ele>434.824323</ele>
        <time>2026-02-16T19:56:12.147Z</time>
      </trkpt>
      <trkpt lat="48.989261" lon="12.549514">
        <ele>434.647918</ele>
        <time>2026-02-16T19:56:34.246Z</time>
      </trkpt>
      <trkpt lat="48.989073" lon="12.548770">
        <ele>435.627393</ele>
        <time>2026-02-16T19:56:50.205Z</time>
      </trkpt>
      <trkpt lat="48.989054" lon="12.548584">
        <ele>435.858657</ele>
        <time>2026-02-16T19:56:53.534Z</time>
      </trkpt>
      <trkpt lat="48.989062" lon="12.548288">
        <ele>436.222619</ele>
        <time>2026-02-16T19:56:58.208Z</time>
      </trkpt>
      <trkpt lat="48.989158" lon="12.547370">
        <ele>437.076836</ele>
        <time>2026-02-16T19:57:08.388Z</time>
      </trkpt>
      <trkpt lat="48.989222" lon="12.545895">
        <ele>434.361286</ele>
        <time>2026-02-16T19:57:18.749Z</time>
      </trkpt>
      <trkpt lat="48.989208" lon="12.545626">
        <ele>433.865571</ele>
        <time>2026-02-16T19:57:20.496Z</time>
      </trkpt>
      <trkpt lat="48.989196" lon="12.545461">
        <ele>433.560603</ele>
        <time>2026-02-16T19:57:21.570Z</time>
      </trkpt>
      <trkpt lat="48.989155" lon="12.545126">
        <ele>432.934583</ele>
        <time>2026-02-16T19:57:23.751Z</time>
      </trkpt>
      <trkpt lat="48.989050" lon="12.544237">
        <ele>430.261247</ele>
        <time>2026-02-16T19:57:29.374Z</time>
      </trkpt>
      <trkpt lat="48.988968" lon="12.543408">
        <ele>427.057707</ele>
        <time>2026-02-16T19:57:34.464Z</time>
      </trkpt>
      <trkpt lat="48.988864" lon="12.542280">
        <ele>422.705078</ele>
        <time>2026-02-16T19:57:41.279Z</time>
      </trkpt>
      <trkpt lat="48.988734" lon="12.540875">
        <ele>416.537006</ele>
        <time>2026-02-16T19:57:49.648Z</time>
      </trkpt>
      <trkpt lat="48.988538" lon="12.539347">
        <ele>409.591676</ele>
        <time>2026-02-16T19:57:58.853Z</time>
      </trkpt>
      <trkpt lat="48.988276" lon="12.537840">
        <ele>403.440091</ele>
        <time>2026-02-16T19:58:08.153Z</time>
      </trkpt>
      <trkpt lat="48.987935" lon="12.536155">
        <ele>396.845380</ele>
        <time>2026-02-16T19:58:18.927Z</time>
      </trkpt>
      <trkpt lat="48.987379" lon="12.533740">
        <ele>388.567675</ele>
        <time>2026-02-16T19:58:34.776Z</time>
      </trkpt>
      <trkpt lat="48.987213" lon="12.533180">
        <ele>386.860217</ele>
        <time>2026-02-16T19:58:38.648Z</time>
      </trkpt>
      <trkpt lat="48.987152" lon="12.533083">
        <ele>386.486901</ele>
        <time>2026-02-16T19:58:39.501Z</time>
      </trkpt>
      <trkpt lat="48.986976" lon="12.532836">
        <ele>385.473761</ele>
        <time>2026-02-16T19:58:41.831Z</time>
      </trkpt>
      <trkpt lat="48.986501" lon="12.532583">
        <ele>383.343123</ele>
        <time>2026-02-16T19:58:46.806Z</time>
      </trkpt>
      <trkpt lat="48.985256" lon="12.532222">
        <ele>377.255254</ele>
        <time>2026-02-16T19:58:59.170Z</time>
      </trkpt>
      <trkpt lat="48.984326" lon="12.532157">
        <ele>372.513390</ele>
        <time>2026-02-16T19:59:07.728Z</time>
      </trkpt>
      <trkpt lat="48.983898" lon="12.532127">
        <ele>369.898776</ele>
        <time>2026-02-16T19:59:11.585Z</time>
      </trkpt>
      <trkpt lat="48.983442" lon="12.532096">
        <ele>367.113287</ele>
        <time>2026-02-16T19:59:15.701Z</time>
      </trkpt>
      <trkpt lat="48.982404" lon="12.531815">
        <ele>361.155828</ele>
        <time>2026-02-16T19:59:25.422Z</time>
      </trkpt>
      <trkpt lat="48.980833" lon="12.531156">
        <ele>354.783656</ele>
        <time>2026-02-16T19:59:41.443Z</time>
      </trkpt>
      <trkpt lat="48.980298" lon="12.530883">
        <ele>353.927072</ele>
        <time>2026-02-16T19:59:47.630Z</time>
      </trkpt>
      <trkpt lat="48.980050" lon="12.530697">
        <ele>353.507412</ele>
        <time>2026-02-16T19:59:50.860Z</time>
      </trkpt>
      <trkpt lat="48.979937" lon="12.530588">
        <ele>353.304363</ele>
        <time>2026-02-16T19:59:52.482Z</time>
      </trkpt>
      <trkpt lat="48.978404" lon="12.529106">
        <ele>351.177393</ele>
        <time>2026-02-16T20:00:16.162Z</time>
      </trkpt>
      <trkpt lat="48.978224" lon="12.528970">
        <ele>350.993001</ele>
        <time>2026-02-16T20:00:18.658Z</time>
      </trkpt>
      <trkpt lat="48.978031" lon="12.528895">
        <ele>350.810203</ele>
        <time>2026-02-16T20:00:21.065Z</time>
      </trkpt>
      <trkpt lat="48.977334" lon="12.528867">
        <ele>349.535632</ele>
        <time>2026-02-16T20:00:29.088Z</time>
      </trkpt>
      <trkpt lat="48.976813" lon="12.528894">
        <ele>348.103504</ele>
        <time>2026-02-16T20:00:34.540Z</time>
      </trkpt>
      <trkpt lat="48.976741" lon="12.528897">
        <ele>347.905630</ele>
        <time>2026-02-16T20:00:35.278Z</time>
      </trkpt>
      <trkpt lat="48.976609" lon="12.528876">
        <ele>347.541026</ele>
        <time>2026-02-16T20:00:36.630Z</time>
      </trkpt>
      <trkpt lat="48.976006" lon="12.528355">
        <ele>345.636604</ele>
        <time>2026-02-16T20:00:43.576Z</time>
      </trkpt>
      <trkpt lat="48.975814" lon="12.528106">
        <ele>344.811523</ele>
        <time>2026-02-16T20:00:46.079Z</time>
      </trkpt>
      <trkpt lat="48.975665" lon="12.527858">
        <ele>344.072281</ele>
        <time>2026-02-16T20:00:48.249Z</time>
      </trkpt>
      <trkpt lat="48.975477" lon="12.527460">
        <ele>342.994114</ele>
        <time>2026-02-16T20:00:51.434Z</time>
      </trkpt>
      <trkpt lat="48.974962" lon="12.525988">
        <ele>339.351526</ele>
        <time>2026-02-16T20:01:02.564Z</time>
      </trkpt>
      <trkpt lat="48.974661" lon="12.524866">
        <ele>337.028162</ele>
        <time>2026-02-16T20:01:10.705Z</time>
      </trkpt>
      <trkpt lat="48.974483" lon="12.524071">
        <ele>335.418067</ele>
        <time>2026-02-16T20:01:16.313Z</time>
      </trkpt>
      <trkpt lat="48.974322" lon="12.523438">
        <ele>334.215963</ele>
        <time>2026-02-16T20:01:20.942Z</time>
      </trkpt>
      <trkpt lat="48.974233" lon="12.523253">
        <ele>334.061348</ele>
        <time>2026-02-16T20:01:22.550Z</time>
      </trkpt>
      <trkpt lat="48.974103" lon="12.522979">
        <ele>333.833448</ele>
        <time>2026-02-16T20:01:24.965Z</time>
      </trkpt>
      <trkpt lat="48.973893" lon="12.522406">
        <ele>333.391061</ele>
        <time>2026-02-16T20:01:29.805Z</time>
      </trkpt>
      <trkpt lat="48.973848" lon="12.522239">
        <ele>333.269370</ele>
        <time>2026-02-16T20:01:31.215Z</time>
      </trkpt>
      <trkpt lat="48.973678" lon="12.520942">
        <ele>332.464280</ele>
        <time>2026-02-16T20:01:43.831Z</time>
      </trkpt>
      <trkpt lat="48.972997" lon="12.518782">
        <ele>333.966232</ele>
        <time>2026-02-16T20:02:14.212Z</time>
      </trkpt>
      <trkpt lat="48.972857" lon="12.518059">
        <ele>334.279402</ele>
        <time>2026-02-16T20:02:24.271Z</time>
      </trkpt>
      <trkpt lat="48.972705" lon="12.516622">
        <ele>334.704976</ele>
        <time>2026-02-16T20:02:41.014Z</time>
      </trkpt>
      <trkpt lat="48.972650" lon="12.514773">
        <ele>334.512746</ele>
        <time>2026-02-16T20:02:57.006Z</time>
      </trkpt>
      <trkpt lat="48.972689" lon="12.513351">
        <ele>333.927851</ele>
        <time>2026-02-16T20:03:08.709Z</time>
      </trkpt>
      <trkpt lat="48.972646" lon="12.512037">
        <ele>333.624633</ele>
        <time>2026-02-16T20:03:20.545Z</time>
      </trkpt>
      <trkpt lat="48.972651" lon="12.511898">
        <ele>333.599162</ele>
        <time>2026-02-16T20:03:21.878Z</time>
      </trkpt>
      <trkpt lat="48.972671" lon="12.511241">
        <ele>333.478820</ele>
        <time>2026-02-16T20:03:28.130Z</time>
      </trkpt>
      <trkpt lat="48.972676" lon="12.511189">
        <ele>333.469203</ele>
        <time>2026-02-16T20:03:28.660Z</time>
      </trkpt>
      <trkpt lat="48.972740" lon="12.510537">
        <ele>333.348579</ele>
        <time>2026-02-16T20:03:34.853Z</time>
      </trkpt>
      <trkpt lat="48.972812" lon="12.509986">
        <ele>333.093396</ele>
        <time>2026-02-16T20:03:39.947Z</time>
      </trkpt>
      <trkpt lat="48.972895" lon="12.509625">
        <ele>332.866706</ele>
        <time>2026-02-16T20:03:43.193Z</time>
      </trkpt>
      <trkpt lat="48.973131" lon="12.508864">
        <ele>332.367904</ele>
        <time>2026-02-16T20:03:50.020Z</time>
      </trkpt>
      <trkpt lat="48.973244" lon="12.508215">
        <ele>331.969978</ele>
        <time>2026-02-16T20:03:55.243Z</time>
      </trkpt>
      <trkpt lat="48.973464" lon="12.506946">
        <ele>331.459630</ele>
        <time>2026-02-16T20:04:05.298Z</time>
      </trkpt>
      <trkpt lat="48.973595" lon="12.506165">
        <ele>331.238616</ele>
        <time>2026-02-16T20:04:12.117Z</time>
      </trkpt>
      <trkpt lat="48.973726" lon="12.505275">
        <ele>330.988538</ele>
        <time>2026-02-16T20:04:21.243Z</time>
      </trkpt>
      <trkpt lat="48.973864" lon="12.504122">
        <ele>331.072720</ele>
        <time>2026-02-16T20:04:35.535Z</time>
      </trkpt>
      <trkpt lat="48.973878" lon="12.503986">
        <ele>331.091361</ele>
        <time>2026-02-16T20:04:37.220Z</time>
      </trkpt>
      <trkpt lat="48.973983" lon="12.502955">
        <ele>331.232646</ele>
        <time>2026-02-16T20:04:48.483Z</time>
      </trkpt>
      <trkpt lat="48.974067" lon="12.502369">
        <ele>331.291331</ele>
        <time>2026-02-16T20:04:53.741Z</time>
      </trkpt>
      <trkpt lat="48.974459" lon="12.500777">
        <ele>330.273715</ele>
        <time>2026-02-16T20:05:06.800Z</time>
      </trkpt>
      <trkpt lat="48.974614" lon="12.500041">
        <ele>329.811119</ele>
        <time>2026-02-16T20:05:13.213Z</time>
      </trkpt>
      <trkpt lat="48.974661" lon="12.499693">
        <ele>329.668218</ele>
        <time>2026-02-16T20:05:16.331Z</time>
      </trkpt>
      <trkpt lat="48.974727" lon="12.498868">
        <ele>329.657411</ele>
        <time>2026-02-16T20:05:24.004Z</time>
      </trkpt>
      <trkpt lat="48.974755" lon="12.498567">
        <ele>329.653458</ele>
        <time>2026-02-16T20:05:26.990Z</time>
      </trkpt>
      <trkpt lat="48.974856" lon="12.497834">
        <ele>329.643720</ele>
        <time>2026-02-16T20:05:34.713Z</time>
      </trkpt>
      <trkpt lat="48.974606" lon="12.496979">
        <ele>329.718996</ele>
        <time>2026-02-16T20:05:44.145Z</time>
      </trkpt>
      <trkpt lat="48.974599" lon="12.496784">
        <ele>329.802279</ele>
        <time>2026-02-16T20:05:46.054Z</time>
      </trkpt>
      <trkpt lat="48.974573" lon="12.494098">
        <ele>331.069517</ele>
        <time>2026-02-16T20:06:17.249Z</time>
      </trkpt>
      <trkpt lat="48.974667" lon="12.493763">
        <ele>331.355101</ele>
        <time>2026-02-16T20:06:21.958Z</time>
      </trkpt>
      <trkpt lat="48.974745" lon="12.493645">
        <ele>331.486373</ele>
        <time>2026-02-16T20:06:24.161Z</time>
      </trkpt>
      <trkpt lat="48.974859" lon="12.493553">
        <ele>331.640434</ele>
        <time>2026-02-16T20:06:26.781Z</time>
      </trkpt>
      <trkpt lat="48.975080" lon="12.493397">
        <ele>331.931308</ele>
        <time>2026-02-16T20:06:31.887Z</time>
      </trkpt>
      <trkpt lat="48.975205" lon="12.493348">
        <ele>332.085446</ele>
        <time>2026-02-16T20:06:34.635Z</time>
      </trkpt>
      <trkpt lat="48.975302" lon="12.493265">
        <ele>332.218305</ele>
        <time>2026-02-16T20:06:37.049Z</time>
      </trkpt>
      <trkpt lat="48.975476" lon="12.492945">
        <ele>332.544029</ele>
        <time>2026-02-16T20:06:42.862Z</time>
      </trkpt>
      <trkpt lat="48.975674" lon="12.492373">
        <ele>332.968986</ele>
        <time>2026-02-16T20:06:51.002Z</time>
      </trkpt>
      <trkpt lat="48.975785" lon="12.492112">
        <ele>333.013545</ele>
        <time>2026-02-16T20:06:54.564Z</time>
      </trkpt>
      <trkpt lat="48.975982" lon="12.491817">
        <ele>333.073840</ele>
        <time>2026-02-16T20:06:59.290Z</time>
      </trkpt>
      <trkpt lat="48.976396" lon="12.491232">
        <ele>333.197095</ele>
        <time>2026-02-16T20:07:08.350Z</time>
      </trkpt>
      <trkpt lat="48.976435" lon="12.491175">
        <ele>333.208892</ele>
        <time>2026-02-16T20:07:09.167Z</time>
      </trkpt>
      <trkpt lat="48.976563" lon="12.490993">
        <ele>333.247110</ele>
        <time>2026-02-16T20:07:11.637Z</time>
      </trkpt>
      <trkpt lat="48.976683" lon="12.490837">
        <ele>333.281543</ele>
        <time>2026-02-16T20:07:13.716Z</time>
      </trkpt>
      <trkpt lat="48.976920" lon="12.490530">
        <ele>333.344831</ele>
        <time>2026-02-16T20:07:17.696Z</time>
      </trkpt>
      <trkpt lat="48.977339" lon="12.490157">
        <ele>333.371572</ele>
        <time>2026-02-16T20:07:24.243Z</time>
      </trkpt>
      <trkpt lat="48.977612" lon="12.489909">
        <ele>333.389086</ele>
        <time>2026-02-16T20:07:28.767Z</time>
      </trkpt>
      <trkpt lat="48.978106" lon="12.489490">
        <ele>333.420241</ele>
        <time>2026-02-16T20:07:37.153Z</time>
      </trkpt>
      <trkpt lat="48.978483" lon="12.489126">
        <ele>333.492722</ele>
        <time>2026-02-16T20:07:44.594Z</time>
      </trkpt>
      <trkpt lat="48.978769" lon="12.488743">
        <ele>333.923553</ele>
        <time>2026-02-16T20:07:51.791Z</time>
      </trkpt>
      <trkpt lat="48.979312" lon="12.487775">
        <ele>334.869187</ele>
        <time>2026-02-16T20:08:08.476Z</time>
      </trkpt>
      <trkpt lat="48.979608" lon="12.487312">
        <ele>335.349173</ele>
        <time>2026-02-16T20:08:17.178Z</time>
      </trkpt>
      <trkpt lat="48.979954" lon="12.486862">
        <ele>335.875713</ele>
        <time>2026-02-16T20:08:26.409Z</time>
      </trkpt>
      <trkpt lat="48.980739" lon="12.485793">
        <ele>337.103409</ele>
        <time>2026-02-16T20:08:47.228Z</time>
      </trkpt>
      <trkpt lat="48.981110" lon="12.485119">
        <ele>337.623045</ele>
        <time>2026-02-16T20:08:57.970Z</time>
      </trkpt>
      <trkpt lat="48.981276" lon="12.484666">
        <ele>337.717884</ele>
        <time>2026-02-16T20:09:03.887Z</time>
      </trkpt>
      <trkpt lat="48.981389" lon="12.484317">
        <ele>337.789021</ele>
        <time>2026-02-16T20:09:08.116Z</time>
      </trkpt>
      <trkpt lat="48.981585" lon="12.483241">
        <ele>337.993143</ele>
        <time>2026-02-16T20:09:19.321Z</time>
      </trkpt>
      <trkpt lat="48.981966" lon="12.480559">
        <ele>337.715795</ele>
        <time>2026-02-16T20:09:44.202Z</time>
      </trkpt>
      <trkpt lat="48.982409" lon="12.478482">
        <ele>337.868686</ele>
        <time>2026-02-16T20:10:04.262Z</time>
      </trkpt>
      <trkpt lat="48.982438" lon="12.478235">
        <ele>337.900987</ele>
        <time>2026-02-16T20:10:07.029Z</time>
      </trkpt>
      <trkpt lat="48.982462" lon="12.477535">
        <ele>337.991222</ele>
        <time>2026-02-16T20:10:15.377Z</time>
      </trkpt>
      <trkpt lat="48.982467" lon="12.477340">
        <ele>338.104004</ele>
        <time>2026-02-16T20:10:17.870Z</time>
      </trkpt>
      <trkpt lat="48.982494" lon="12.476826">
        <ele>338.489551</ele>
        <time>2026-02-16T20:10:24.792Z</time>
      </trkpt>
      <trkpt lat="48.982549" lon="12.476477">
        <ele>338.757915</ele>
        <time>2026-02-16T20:10:29.817Z</time>
      </trkpt>
      <trkpt lat="48.982761" lon="12.475593">
        <ele>339.461625</ele>
        <time>2026-02-16T20:10:42.245Z</time>
      </trkpt>
      <trkpt lat="48.982825" lon="12.474534">
        <ele>340.099784</ele>
        <time>2026-02-16T20:10:55.416Z</time>
      </trkpt>
      <trkpt lat="48.982953" lon="12.473558">
        <ele>340.286301</ele>
        <time>2026-02-16T20:11:06.405Z</time>
      </trkpt>
      <trkpt lat="48.982983" lon="12.473365">
        <ele>340.323469</ele>
        <time>2026-02-16T20:11:08.465Z</time>
      </trkpt>
      <trkpt lat="48.982998" lon="12.473243">
        <ele>340.346729</ele>
        <time>2026-02-16T20:11:09.709Z</time>
      </trkpt>
      <trkpt lat="48.983120" lon="12.472696">
        <ele>340.454993</ele>
        <time>2026-02-16T20:11:15.153Z</time>
      </trkpt>
      <trkpt lat="48.983220" lon="12.472454">
        <ele>340.508584</ele>
        <time>2026-02-16T20:11:17.652Z</time>
      </trkpt>
      <trkpt lat="48.983567" lon="12.471808">
        <ele>340.686212</ele>
        <time>2026-02-16T20:11:25.108Z</time>
      </trkpt>
      <trkpt lat="48.983619" lon="12.471664">
        <ele>340.723279</ele>
        <time>2026-02-16T20:11:26.755Z</time>
      </trkpt>
      <trkpt lat="48.983651" lon="12.471512">
        <ele>340.759279</ele>
        <time>2026-02-16T20:11:28.404Z</time>
      </trkpt>
      <trkpt lat="48.983658" lon="12.471335">
        <ele>340.799269</ele>
        <time>2026-02-16T20:11:30.284Z</time>
      </trkpt>
      <trkpt lat="48.983638" lon="12.471170">
        <ele>340.837109</ele>
        <time>2026-02-16T20:11:32.184Z</time>
      </trkpt>
      <trkpt lat="48.983597" lon="12.470920">
        <ele>340.895223</ele>
        <time>2026-02-16T20:11:35.199Z</time>
      </trkpt>
      <trkpt lat="48.983597" lon="12.470643">
        <ele>340.957693</ele>
        <time>2026-02-16T20:11:38.621Z</time>
      </trkpt>
      <trkpt lat="48.983727" lon="12.469606">
        <ele>341.174292</ele>
        <time>2026-02-16T20:11:50.772Z</time>
      </trkpt>
      <trkpt lat="48.983773" lon="12.469042">
        <ele>341.138841</ele>
        <time>2026-02-16T20:11:57.141Z</time>
      </trkpt>
      <trkpt lat="48.983827" lon="12.467890">
        <ele>341.066801</ele>
        <time>2026-02-16T20:12:08.101Z</time>
      </trkpt>
      <trkpt lat="48.983878" lon="12.467340">
        <ele>341.032154</ele>
        <time>2026-02-16T20:12:12.623Z</time>
      </trkpt>
      <trkpt lat="48.984219" lon="12.465445">
        <ele>340.950162</ele>
        <time>2026-02-16T20:12:29.750Z</time>
      </trkpt>
      <trkpt lat="48.984388" lon="12.464579">
        <ele>340.917043</ele>
        <time>2026-02-16T20:12:39.359Z</time>
      </trkpt>
      <trkpt lat="48.984588" lon="12.463710">
        <ele>341.427372</ele>
        <time>2026-02-16T20:12:50.044Z</time>
      </trkpt>
      <trkpt lat="48.985066" lon="12.461847">
        <ele>342.999814</ele>
        <time>2026-02-16T20:13:16.617Z</time>
      </trkpt>
      <trkpt lat="48.985272" lon="12.461350">
        <ele>343.528702</ele>
        <time>2026-02-16T20:13:25.037Z</time>
      </trkpt>
      <trkpt lat="48.985491" lon="12.460977">
        <ele>343.987857</ele>
        <time>2026-02-16T20:13:32.227Z</time>
      </trkpt>
      <trkpt lat="48.985828" lon="12.460236">
        <ele>344.814936</ele>
        <time>2026-02-16T20:13:45.136Z</time>
      </trkpt>
      <trkpt lat="48.986531" lon="12.458313">
        <ele>345.458143</ele>
        <time>2026-02-16T20:14:10.917Z</time>
      </trkpt>
      <trkpt lat="48.986595" lon="12.458124">
        <ele>345.439798</ele>
        <time>2026-02-16T20:14:12.831Z</time>
      </trkpt>
      <trkpt lat="48.988003" lon="12.454224">
        <ele>343.114259</ele>
        <time>2026-02-16T20:14:47.885Z</time>
      </trkpt>
      <trkpt lat="48.988138" lon="12.453634">
        <ele>342.855170</ele>
        <time>2026-02-16T20:14:53.181Z</time>
      </trkpt>
      <trkpt lat="48.988207" lon="12.453222">
        <ele>342.678859</ele>
        <time>2026-02-16T20:14:56.897Z</time>
      </trkpt>
      <trkpt lat="48.988354" lon="12.451283">
        <ele>341.803370</ele>
        <time>2026-02-16T20:15:14.318Z</time>
      </trkpt>
      <trkpt lat="48.988384" lon="12.451123">
        <ele>341.720857</ele>
        <time>2026-02-16T20:15:15.775Z</time>
      </trkpt>
      <trkpt lat="48.988305" lon="12.451064">
        <ele>341.654379</ele>
        <time>2026-02-16T20:15:16.910Z</time>
      </trkpt>
      <trkpt lat="48.988137" lon="12.450896">
        <ele>341.502539</ele>
        <time>2026-02-16T20:15:19.504Z</time>
      </trkpt>
      <trkpt lat="48.987831" lon="12.450525">
        <ele>341.207060</ele>
        <time>2026-02-16T20:15:24.431Z</time>
      </trkpt>
      <trkpt lat="48.987507" lon="12.450095">
        <ele>340.882401</ele>
        <time>2026-02-16T20:15:29.578Z</time>
      </trkpt>
      <trkpt lat="48.987333" lon="12.449770">
        <ele>340.650712</ele>
        <time>2026-02-16T20:15:32.732Z</time>
      </trkpt>
      <trkpt lat="48.987108" lon="12.449195">
        <ele>340.273438</ele>
        <time>2026-02-16T20:15:37.804Z</time>
      </trkpt>
      <trkpt lat="48.986669" lon="12.448223">
        <ele>339.608473</ele>
        <time>2026-02-16T20:15:47.341Z</time>
      </trkpt>
      <trkpt lat="48.986745" lon="12.448146">
        <ele>339.530098</ele>
        <time>2026-02-16T20:15:48.559Z</time>
      </trkpt>
      <trkpt lat="48.986866" lon="12.447884">
        <ele>339.349549</ele>
        <time>2026-02-16T20:15:51.435Z</time>
      </trkpt>
      <trkpt lat="48.987445" lon="12.446091">
        <ele>339.462929</ele>
        <time>2026-02-16T20:16:13.084Z</time>
      </trkpt>
      <trkpt lat="48.987896" lon="12.444353">
        <ele>339.159829</ele>
        <time>2026-02-16T20:16:30.814Z</time>
      </trkpt>
      <trkpt lat="48.988260" lon="12.442700">
        <ele>338.513334</ele>
        <time>2026-02-16T20:16:45.372Z</time>
      </trkpt>
      <trkpt lat="48.989134" lon="12.438936">
        <ele>333.746529</ele>
        <time>2026-02-16T20:17:15.579Z</time>
      </trkpt>
      <trkpt lat="48.989357" lon="12.437868">
        <ele>331.743970</ele>
        <time>2026-02-16T20:17:22.916Z</time>
      </trkpt>
      <trkpt lat="48.989549" lon="12.436406">
        <ele>328.914366</ele>
        <time>2026-02-16T20:17:32.318Z</time>
      </trkpt>
      <trkpt lat="48.989831" lon="12.434865">
        <ele>325.877534</ele>
        <time>2026-02-16T20:17:43.509Z</time>
      </trkpt>
      <trkpt lat="48.990069" lon="12.433572">
        <ele>325.545725</ele>
        <time>2026-02-16T20:17:55.842Z</time>
      </trkpt>
      <trkpt lat="48.990251" lon="12.432827">
        <ele>325.349307</ele>
        <time>2026-02-16T20:18:04.456Z</time>
      </trkpt>
      <trkpt lat="48.990260" lon="12.432663">
        <ele>325.308644</ele>
        <time>2026-02-16T20:18:06.125Z</time>
      </trkpt>
      <trkpt lat="48.990287" lon="12.432183">
        <ele>325.186367</ele>
        <time>2026-02-16T20:18:10.629Z</time>
      </trkpt>
      <trkpt lat="48.990325" lon="12.431991">
        <ele>325.127749</ele>
        <time>2026-02-16T20:18:12.383Z</time>
      </trkpt>
      <trkpt lat="48.990643" lon="12.430655">
        <ele>324.712346</ele>
        <time>2026-02-16T20:18:24.462Z</time>
      </trkpt>
      <trkpt lat="48.991558" lon="12.425542">
        <ele>322.995004</ele>
        <time>2026-02-16T20:19:11.256Z</time>
      </trkpt>
      <trkpt lat="48.990855" lon="12.425455">
        <ele>322.544948</ele>
        <time>2026-02-16T20:19:19.979Z</time>
      </trkpt>
      <trkpt lat="48.990485" lon="12.425421">
        <ele>322.336849</ele>
        <time>2026-02-16T20:19:24.504Z</time>
      </trkpt>
      <trkpt lat="48.990427" lon="12.425369">
        <ele>322.301025</ele>
        <time>2026-02-16T20:19:25.318Z</time>
      </trkpt>
      <trkpt lat="48.990412" lon="12.425272">
        <ele>322.266212</ele>
        <time>2026-02-16T20:19:26.132Z</time>
      </trkpt>
      <trkpt lat="48.990440" lon="12.424941">
        <ele>322.149628</ele>
        <time>2026-02-16T20:19:28.874Z</time>
      </trkpt>
      <trkpt lat="48.990501" lon="12.424098">
        <ele>321.853360</ele>
        <time>2026-02-16T20:19:36.331Z</time>
      </trkpt>
      <trkpt lat="48.990499" lon="12.423810">
        <ele>321.752749</ele>
        <time>2026-02-16T20:19:38.931Z</time>
      </trkpt>
      <trkpt lat="48.990491" lon="12.422992">
        <ele>321.512965</ele>
        <time>2026-02-16T20:19:46.437Z</time>
      </trkpt>
      <trkpt lat="48.990539" lon="12.422216">
        <ele>321.466468</ele>
        <time>2026-02-16T20:19:53.962Z</time>
      </trkpt>
      <trkpt lat="48.990677" lon="12.420460">
        <ele>321.360965</ele>
        <time>2026-02-16T20:20:10.889Z</time>
      </trkpt>
      <trkpt lat="48.990712" lon="12.419905">
        <ele>321.288325</ele>
        <time>2026-02-16T20:20:16.176Z</time>
      </trkpt>
      <trkpt lat="48.990703" lon="12.419655">
        <ele>321.254546</ele>
        <time>2026-02-16T20:20:18.560Z</time>
      </trkpt>
      <trkpt lat="48.990680" lon="12.419446">
        <ele>321.225956</ele>
        <time>2026-02-16T20:20:20.576Z</time>
      </trkpt>
      <trkpt lat="48.990578" lon="12.419041">
        <ele>321.167431</ele>
        <time>2026-02-16T20:20:24.621Z</time>
      </trkpt>
      <trkpt lat="48.990100" lon="12.417996">
        <ele>320.995575</ele>
        <time>2026-02-16T20:20:35.989Z</time>
      </trkpt>
      <trkpt lat="48.989623" lon="12.416959">
        <ele>320.902036</ele>
        <time>2026-02-16T20:20:47.506Z</time>
      </trkpt>
      <trkpt lat="48.989508" lon="12.416619">
        <ele>320.874700</ele>
        <time>2026-02-16T20:20:51.094Z</time>
      </trkpt>
      <trkpt lat="48.989455" lon="12.416360">
        <ele>320.855312</ele>
        <time>2026-02-16T20:20:53.660Z</time>
      </trkpt>
      <trkpt lat="48.989429" lon="12.416023">
        <ele>320.831062</ele>
        <time>2026-02-16T20:20:56.953Z</time>
      </trkpt>
      <trkpt lat="48.989444" lon="12.415476">
        <ele>320.797355</ele>
        <time>2026-02-16T20:21:02.524Z</time>
      </trkpt>
      <trkpt lat="48.989634" lon="12.414813">
        <ele>320.961706</ele>
        <time>2026-02-16T20:21:10.282Z</time>
      </trkpt>
      <trkpt lat="48.989763" lon="12.414547">
        <ele>321.036845</ele>
        <time>2026-02-16T20:21:13.886Z</time>
      </trkpt>
      <trkpt lat="48.991171" lon="12.412160">
        <ele>321.687400</ele>
        <time>2026-02-16T20:21:48.240Z</time>
      </trkpt>
      <trkpt lat="48.991291" lon="12.411916">
        <ele>321.741120</ele>
        <time>2026-02-16T20:21:51.423Z</time>
      </trkpt>
      <trkpt lat="48.991398" lon="12.411608">
        <ele>321.802517</ele>
        <time>2026-02-16T20:21:54.999Z</time>
      </trkpt>
      <trkpt lat="48.991462" lon="12.411344">
        <ele>321.852100</ele>
        <time>2026-02-16T20:21:57.850Z</time>
      </trkpt>
      <trkpt lat="48.991503" lon="12.411050">
        <ele>321.896086</ele>
        <time>2026-02-16T20:22:00.855Z</time>
      </trkpt>
      <trkpt lat="48.991499" lon="12.410801">
        <ele>321.876794</ele>
        <time>2026-02-16T20:22:03.316Z</time>
      </trkpt>
      <trkpt lat="48.991464" lon="12.410530">
        <ele>321.855401</ele>
        <time>2026-02-16T20:22:06.040Z</time>
      </trkpt>
      <trkpt lat="48.991243" lon="12.409468">
        <ele>321.769104</ele>
        <time>2026-02-16T20:22:16.848Z</time>
      </trkpt>
      <trkpt lat="48.990803" lon="12.407565">
        <ele>321.522665</ele>
        <time>2026-02-16T20:22:34.931Z</time>
      </trkpt>
      <trkpt lat="48.990687" lon="12.406612">
        <ele>321.355734</ele>
        <time>2026-02-16T20:22:43.573Z</time>
      </trkpt>
      <trkpt lat="48.990685" lon="12.405774">
        <ele>321.216498</ele>
        <time>2026-02-16T20:22:51.198Z</time>
      </trkpt>
      <trkpt lat="48.990704" lon="12.405461">
        <ele>321.253744</ele>
        <time>2026-02-16T20:22:54.145Z</time>
      </trkpt>
      <trkpt lat="48.990799" lon="12.404828">
        <ele>321.330687</ele>
        <time>2026-02-16T20:23:00.843Z</time>
      </trkpt>
      <trkpt lat="48.991006" lon="12.404006">
        <ele>321.435014</ele>
        <time>2026-02-16T20:23:10.329Z</time>
      </trkpt>
      <trkpt lat="48.991074" lon="12.403783">
        <ele>321.464152</ele>
        <time>2026-02-16T20:23:12.951Z</time>
      </trkpt>
      <trkpt lat="48.991341" lon="12.403130">
        <ele>321.547190</ele>
        <time>2026-02-16T20:23:20.935Z</time>
      </trkpt>
      <trkpt lat="48.991686" lon="12.402572">
        <ele>321.592160</ele>
        <time>2026-02-16T20:23:28.846Z</time>
      </trkpt>
      <trkpt lat="48.992267" lon="12.401796">
        <ele>321.661217</ele>
        <time>2026-02-16T20:23:40.447Z</time>
      </trkpt>
      <trkpt lat="48.992538" lon="12.401338">
        <ele>321.697389</ele>
        <time>2026-02-16T20:23:46.318Z</time>
      </trkpt>
      <trkpt lat="48.992739" lon="12.400929">
        <ele>321.718865</ele>
        <time>2026-02-16T20:23:51.174Z</time>
      </trkpt>
      <trkpt lat="48.993130" lon="12.399868">
        <ele>321.768075</ele>
        <time>2026-02-16T20:24:03.001Z</time>
      </trkpt>
      <trkpt lat="48.993255" lon="12.399426">
        <ele>321.787539</ele>
        <time>2026-02-16T20:24:07.844Z</time>
      </trkpt>
      <trkpt lat="48.993532" lon="12.398201">
        <ele>321.921300</ele>
        <time>2026-02-16T20:24:21.309Z</time>
      </trkpt>
      <trkpt lat="48.993701" lon="12.396778">
        <ele>322.143383</ele>
        <time>2026-02-16T20:24:36.375Z</time>
      </trkpt>
      <trkpt lat="48.993765" lon="12.395527">
        <ele>322.281995</ele>
        <time>2026-02-16T20:24:49.058Z</time>
      </trkpt>
      <trkpt lat="48.993854" lon="12.394387">
        <ele>322.366833</ele>
        <time>2026-02-16T20:25:00.606Z</time>
      </trkpt>
      <trkpt lat="48.993915" lon="12.393995">
        <ele>322.396604</ele>
        <time>2026-02-16T20:25:04.648Z</time>
      </trkpt>
      <trkpt lat="48.994086" lon="12.393183">
        <ele>322.418469</ele>
        <time>2026-02-16T20:25:13.202Z</time>
      </trkpt>
      <trkpt lat="48.994344" lon="12.391991">
        <ele>322.359885</ele>
        <time>2026-02-16T20:25:25.098Z</time>
      </trkpt>
      <trkpt lat="48.994399" lon="12.391462">
        <ele>322.334887</ele>
        <time>2026-02-16T20:25:29.957Z</time>
      </trkpt>
      <trkpt lat="48.994386" lon="12.390916">
        <ele>322.309386</ele>
        <time>2026-02-16T20:25:35.104Z</time>
      </trkpt>
      <trkpt lat="48.994264" lon="12.390190">
        <ele>322.451278</ele>
        <time>2026-02-16T20:25:42.548Z</time>
      </trkpt>
      <trkpt lat="48.993830" lon="12.388838">
        <ele>322.768738</ele>
        <time>2026-02-16T20:25:57.890Z</time>
      </trkpt>
      <trkpt lat="48.993750" lon="12.388425">
        <ele>322.859565</ele>
        <time>2026-02-16T20:26:03.271Z</time>
      </trkpt>
      <trkpt lat="48.993712" lon="12.387856">
        <ele>322.947674</ele>
        <time>2026-02-16T20:26:10.375Z</time>
      </trkpt>
      <trkpt lat="48.993717" lon="12.387565">
        <ele>322.988176</ele>
        <time>2026-02-16T20:26:13.832Z</time>
      </trkpt>
      <trkpt lat="48.993777" lon="12.387036">
        <ele>323.062870</ele>
        <time>2026-02-16T20:26:19.739Z</time>
      </trkpt>
      <trkpt lat="48.993925" lon="12.386484">
        <ele>323.145836</ele>
        <time>2026-02-16T20:26:26.078Z</time>
      </trkpt>
      <trkpt lat="48.994834" lon="12.384059">
        <ele>323.266038</ele>
        <time>2026-02-16T20:26:50.233Z</time>
      </trkpt>
    </trkseg>
  </trk>
</gpx>