<?xml version="1.0" encoding="UTF-8"?>
<gpx creator="StravaGPX" version="1.1" xmlns="http://www.topografix.com/GPX/1/1" xmlns:xsi="http://www.w3.org/2001/XMLSchema-instance" xsi:schemaLocation="http://www.topografix.com/GPX/1/1 http://www.topografix.com/GPX/1/1/gpx.xsd">
 <metadata>
  <name>SR08 Die Knusper-Kurbel-Tour</name>
  <author>
   <name>Martin T. | SRSC Bach Crew</name>
   <link href="https://www.strava.com/athletes/22919123"/>
  </author>
  <copyright author="OpenStreetMap contributors">
   <year>2020</year>
   <license>https://www.openstreetmap.org/copyright</license>
  </copyright>
  <link href="https://www.strava.com/routes/3504741346322059148"/>
 </metadata>
 <trk>
  <name>SR08 Die Knusper-Kurbel-Tour</name>
  <link href="https://www.strava.com/routes/3504741346322059148"/>
  <type>cycling</type>
  <trkseg>
   <trkpt lat="49.02163" lon="12.303590000000002">
    <ele>335.48</ele>
   </trkpt>
   <trkpt lat="49.021530000000006" lon="12.303690000000001">
    <ele>335.48</ele>
   </trkpt>
   <trkpt lat="49.02140000000001" lon="12.303780000000001">
    <ele>333.71</ele>
   </trkpt>
   <trkpt lat="49.02132" lon="12.3038">
    <ele>333.71</ele>
   </trkpt>
   <trkpt lat="49.020860000000006" lon="12.303780000000001">
    <ele>331.07000000000005</ele>
   </trkpt>
   <trkpt lat="49.02082" lon="12.304010000000002">
    <ele>331.09000000000003</ele>
   </trkpt>
   <trkpt lat="49.020810000000004" lon="12.304150000000002">
    <ele>331.09000000000003</ele>
   </trkpt>
   <trkpt lat="49.020880000000005" lon="12.304780000000001">
    <ele>331.11</ele>
   </trkpt>
   <trkpt lat="49.021010000000004" lon="12.305570000000001">
    <ele>330.68</ele>
   </trkpt>
   <trkpt lat="49.021" lon="12.30649">
    <ele>334.61</ele>
   </trkpt>
   <trkpt lat="49.020880000000005" lon="12.307020000000001">
    <ele>334.09000000000003</ele>
   </trkpt>
   <trkpt lat="49.02067" lon="12.30751">
    <ele>333.39</ele>
   </trkpt>
   <trkpt lat="49.02038500498103" lon="12.308580005997339">
    <ele>332.09000000000003</ele>
   </trkpt>
   <trkpt lat="49.020100000000006" lon="12.309650000000001">
    <ele>330.6</ele>
   </trkpt>
   <trkpt lat="49.01995" lon="12.31051">
    <ele>330.54</ele>
   </trkpt>
   <trkpt lat="49.0198100158218" lon="12.31186334098621">
    <ele>330.52000000000004</ele>
   </trkpt>
   <trkpt lat="49.019670015817645" lon="12.313216674359396">
    <ele>330.69000000000005</ele>
   </trkpt>
   <trkpt lat="49.01953" lon="12.314570000000002">
    <ele>330.58000000000004</ele>
   </trkpt>
   <trkpt lat="49.01937500466994" lon="12.315610003259234">
    <ele>330.63000000000005</ele>
   </trkpt>
   <trkpt lat="49.019220000000004" lon="12.316650000000001">
    <ele>331.04</ele>
   </trkpt>
   <trkpt lat="49.01911500317905" lon="12.317510001948214">
    <ele>332.85</ele>
   </trkpt>
   <trkpt lat="49.01901" lon="12.318370000000002">
    <ele>334.46000000000004</ele>
   </trkpt>
   <trkpt lat="49.018860000000004" lon="12.31911">
    <ele>333.79</ele>
   </trkpt>
   <trkpt lat="49.01858000000001" lon="12.32008">
    <ele>332.39</ele>
   </trkpt>
   <trkpt lat="49.018420005214395" lon="12.321180003627875">
    <ele>331.72</ele>
   </trkpt>
   <trkpt lat="49.018260000000005" lon="12.322280000000001">
    <ele>331.65</ele>
   </trkpt>
   <trkpt lat="49.018050005412086" lon="12.323400004765395">
    <ele>332.18</ele>
   </trkpt>
   <trkpt lat="49.01784000000001" lon="12.324520000000001">
    <ele>333.66</ele>
   </trkpt>
   <trkpt lat="49.01774" lon="12.32497">
    <ele>333.24</ele>
   </trkpt>
   <trkpt lat="49.01753000162142" lon="12.32559000273203">
    <ele>331.19000000000005</ele>
   </trkpt>
   <trkpt lat="49.017320000000005" lon="12.326210000000001">
    <ele>329.89</ele>
   </trkpt>
   <trkpt lat="49.01718" lon="12.32661">
    <ele>329.48</ele>
   </trkpt>
   <trkpt lat="49.017015001758" lon="12.327250002166801">
    <ele>328.73</ele>
   </trkpt>
   <trkpt lat="49.016850000000005" lon="12.327890000000002">
    <ele>328.49</ele>
   </trkpt>
   <trkpt lat="49.01659" lon="12.32904">
    <ele>328.70000000000005</ele>
   </trkpt>
   <trkpt lat="49.01633" lon="12.330340000000001">
    <ele>330.55</ele>
   </trkpt>
   <trkpt lat="49.01626" lon="12.33107">
    <ele>331.40000000000003</ele>
   </trkpt>
   <trkpt lat="49.01623000000001" lon="12.332210000000002">
    <ele>332.83</ele>
   </trkpt>
   <trkpt lat="49.01615" lon="12.333050000000002">
    <ele>332.57000000000005</ele>
   </trkpt>
   <trkpt lat="49.016020000000005" lon="12.3337">
    <ele>332.11</ele>
   </trkpt>
   <trkpt lat="49.01592" lon="12.33402">
    <ele>331.07000000000005</ele>
   </trkpt>
   <trkpt lat="49.01550500564277" lon="12.335160009427565">
    <ele>329.41</ele>
   </trkpt>
   <trkpt lat="49.01509" lon="12.336300000000001">
    <ele>328.87000000000006</ele>
   </trkpt>
   <trkpt lat="49.014900000000004" lon="12.33694">
    <ele>328.76000000000005</ele>
   </trkpt>
   <trkpt lat="49.01476" lon="12.33763">
    <ele>328.8</ele>
   </trkpt>
   <trkpt lat="49.01456500660344" lon="12.338865004751417">
    <ele>328.87000000000006</ele>
   </trkpt>
   <trkpt lat="49.01437000000001" lon="12.340100000000001">
    <ele>328.89</ele>
   </trkpt>
   <trkpt lat="49.01442" lon="12.3412">
    <ele>329.11</ele>
   </trkpt>
   <trkpt lat="49.0144" lon="12.341920000000002">
    <ele>329.71</ele>
   </trkpt>
   <trkpt lat="49.01433" lon="12.343000000000002">
    <ele>330.67</ele>
   </trkpt>
   <trkpt lat="49.01436" lon="12.343470000000002">
    <ele>331.61</ele>
   </trkpt>
   <trkpt lat="49.014590000000005" lon="12.34462">
    <ele>334.44</ele>
   </trkpt>
   <trkpt lat="49.01465" lon="12.345110000000002">
    <ele>335.18</ele>
   </trkpt>
   <trkpt lat="49.01462" lon="12.345690000000001">
    <ele>335.78000000000003</ele>
   </trkpt>
   <trkpt lat="49.014520000000005" lon="12.34636">
    <ele>336.18</ele>
   </trkpt>
   <trkpt lat="49.01449" lon="12.346680000000001">
    <ele>336.22</ele>
   </trkpt>
   <trkpt lat="49.014520000000005" lon="12.347520000000001">
    <ele>336.20000000000005</ele>
   </trkpt>
   <trkpt lat="49.014520000000005" lon="12.34753">
    <ele>336.20000000000005</ele>
   </trkpt>
   <trkpt lat="49.014540000000004" lon="12.348310000000001">
    <ele>336.31000000000006</ele>
   </trkpt>
   <trkpt lat="49.01449500509502" lon="12.34939500076991">
    <ele>336.3</ele>
   </trkpt>
   <trkpt lat="49.014450000000004" lon="12.350480000000001">
    <ele>336.43</ele>
   </trkpt>
   <trkpt lat="49.0143850021191" lon="12.351180000892217">
    <ele>336.32</ele>
   </trkpt>
   <trkpt lat="49.014320000000005" lon="12.351880000000001">
    <ele>335.70000000000005</ele>
   </trkpt>
   <trkpt lat="49.014140000000005" lon="12.35312">
    <ele>334.58000000000004</ele>
   </trkpt>
   <trkpt lat="49.01390000000001" lon="12.354330000000001">
    <ele>334.02000000000004</ele>
   </trkpt>
   <trkpt lat="49.013650000000005" lon="12.355290000000002">
    <ele>333.86</ele>
   </trkpt>
   <trkpt lat="49.0134166732505" lon="12.356163341545754">
    <ele>333.62</ele>
   </trkpt>
   <trkpt lat="49.01318333991022" lon="12.357036674904924">
    <ele>333.44</ele>
   </trkpt>
   <trkpt lat="49.012950000000004" lon="12.35791">
    <ele>333.34000000000003</ele>
   </trkpt>
   <trkpt lat="49.012690000000006" lon="12.358730000000001">
    <ele>333.08000000000004</ele>
   </trkpt>
   <trkpt lat="49.012280000000004" lon="12.35978">
    <ele>332.81000000000006</ele>
   </trkpt>
   <trkpt lat="49.01209" lon="12.360180000000001">
    <ele>332.81000000000006</ele>
   </trkpt>
   <trkpt lat="49.011750000000006" lon="12.36081">
    <ele>332.3</ele>
   </trkpt>
   <trkpt lat="49.011290005004206" lon="12.361570014022401">
    <ele>332.02000000000004</ele>
   </trkpt>
   <trkpt lat="49.01083000501714" lon="12.362330014000824">
    <ele>331.81000000000006</ele>
   </trkpt>
   <trkpt lat="49.01037" lon="12.363090000000001">
    <ele>331.41</ele>
   </trkpt>
   <trkpt lat="49.010090000000005" lon="12.363690000000002">
    <ele>331.58000000000004</ele>
   </trkpt>
   <trkpt lat="49.00995" lon="12.36406">
    <ele>331.48</ele>
   </trkpt>
   <trkpt lat="49.009710000000005" lon="12.364870000000002">
    <ele>332.19000000000005</ele>
   </trkpt>
   <trkpt lat="49.009620000000005" lon="12.365290000000002">
    <ele>332.59000000000003</ele>
   </trkpt>
   <trkpt lat="49.00948" lon="12.36631">
    <ele>333.89</ele>
   </trkpt>
   <trkpt lat="49.00947000000001" lon="12.36672">
    <ele>334.94</ele>
   </trkpt>
   <trkpt lat="49.00948" lon="12.367840000000001">
    <ele>338.38</ele>
   </trkpt>
   <trkpt lat="49.00941" lon="12.367880000000001">
    <ele>338.38</ele>
   </trkpt>
   <trkpt lat="49.00936" lon="12.368020000000001">
    <ele>336.81000000000006</ele>
   </trkpt>
   <trkpt lat="49.009370000000004" lon="12.36813">
    <ele>336.81000000000006</ele>
   </trkpt>
   <trkpt lat="49.00940000000001" lon="12.36818">
    <ele>338.19000000000005</ele>
   </trkpt>
   <trkpt lat="49.00947000000001" lon="12.36823">
    <ele>338.19000000000005</ele>
   </trkpt>
   <trkpt lat="49.009510000000006" lon="12.36823">
    <ele>338.19000000000005</ele>
   </trkpt>
   <trkpt lat="49.009550000000004" lon="12.369240000000001">
    <ele>339.89000000000004</ele>
   </trkpt>
   <trkpt lat="49.00954" lon="12.36983">
    <ele>341.0</ele>
   </trkpt>
   <trkpt lat="49.0095" lon="12.370420000000001">
    <ele>341.47</ele>
   </trkpt>
   <trkpt lat="49.009310005920945" lon="12.371590004425475">
    <ele>340.83000000000004</ele>
   </trkpt>
   <trkpt lat="49.00912" lon="12.372760000000001">
    <ele>339.38</ele>
   </trkpt>
   <trkpt lat="49.00896" lon="12.373370000000001">
    <ele>339.11</ele>
   </trkpt>
   <trkpt lat="49.008640007052335" lon="12.374273344941942">
    <ele>338.58000000000004</ele>
   </trkpt>
   <trkpt lat="49.008320007053165" lon="12.375176678272803">
    <ele>338.07000000000005</ele>
   </trkpt>
   <trkpt lat="49.008" lon="12.376080000000002">
    <ele>337.31000000000006</ele>
   </trkpt>
   <trkpt lat="49.007780000000004" lon="12.37648">
    <ele>336.14000000000004</ele>
   </trkpt>
   <trkpt lat="49.00757" lon="12.376800000000001">
    <ele>335.9200000000001</ele>
   </trkpt>
   <trkpt lat="49.00728" lon="12.37715">
    <ele>334.98</ele>
   </trkpt>
   <trkpt lat="49.006870000000006" lon="12.377630000000002">
    <ele>333.34000000000003</ele>
   </trkpt>
   <trkpt lat="49.006820000000005" lon="12.377740000000001">
    <ele>333.34000000000003</ele>
   </trkpt>
   <trkpt lat="49.00679" lon="12.37784">
    <ele>332.6</ele>
   </trkpt>
   <trkpt lat="49.006820000000005" lon="12.378070000000001">
    <ele>332.32</ele>
   </trkpt>
   <trkpt lat="49.00696000000001" lon="12.378490000000001">
    <ele>331.19000000000005</ele>
   </trkpt>
   <trkpt lat="49.00704" lon="12.378950000000001">
    <ele>330.47</ele>
   </trkpt>
   <trkpt lat="49.007070000000006" lon="12.379040000000002">
    <ele>330.47</ele>
   </trkpt>
   <trkpt lat="49.00712" lon="12.379100000000001">
    <ele>330.21</ele>
   </trkpt>
   <trkpt lat="49.007200000000005" lon="12.379150000000001">
    <ele>330.21</ele>
   </trkpt>
   <trkpt lat="49.007450000000006" lon="12.379280000000001">
    <ele>329.99</ele>
   </trkpt>
   <trkpt lat="49.007470000000005" lon="12.37935">
    <ele>329.92</ele>
   </trkpt>
   <trkpt lat="49.00746" lon="12.379520000000001">
    <ele>329.92</ele>
   </trkpt>
   <trkpt lat="49.00728" lon="12.38039">
    <ele>330.3</ele>
   </trkpt>
   <trkpt lat="49.007250000000006" lon="12.380500000000001">
    <ele>330.33</ele>
   </trkpt>
   <trkpt lat="49.007340000000006" lon="12.380500000000001">
    <ele>329.89</ele>
   </trkpt>
   <trkpt lat="49.00750000000001" lon="12.380450000000002">
    <ele>329.81000000000006</ele>
   </trkpt>
   <trkpt lat="49.008230000000005" lon="12.380370000000001">
    <ele>329.78000000000003</ele>
   </trkpt>
   <trkpt lat="49.00891000000001" lon="12.38042">
    <ele>329.96000000000004</ele>
   </trkpt>
   <trkpt lat="49.008990000000004" lon="12.380440000000002">
    <ele>329.96000000000004</ele>
   </trkpt>
   <trkpt lat="49.00921" lon="12.380560000000001">
    <ele>329.95</ele>
   </trkpt>
   <trkpt lat="49.009260000000005" lon="12.380630000000002">
    <ele>330.01</ele>
   </trkpt>
   <trkpt lat="49.00954500177362" lon="12.381264996435196">
    <ele>331.35</ele>
   </trkpt>
   <trkpt lat="49.00983" lon="12.381900000000002">
    <ele>333.33</ele>
   </trkpt>
   <trkpt lat="49.01012" lon="12.382390000000001">
    <ele>334.35</ele>
   </trkpt>
   <trkpt lat="49.01045500092626" lon="12.382869996671138">
    <ele>334.43</ele>
   </trkpt>
   <trkpt lat="49.01079000000001" lon="12.383350000000002">
    <ele>334.61</ele>
   </trkpt>
   <trkpt lat="49.010960000000004" lon="12.383650000000001">
    <ele>334.87</ele>
   </trkpt>
   <trkpt lat="49.01115" lon="12.38469">
    <ele>335.58000000000004</ele>
   </trkpt>
   <trkpt lat="49.01127" lon="12.38513">
    <ele>335.99</ele>
   </trkpt>
   <trkpt lat="49.011630000000004" lon="12.386280000000001">
    <ele>337.03000000000003</ele>
   </trkpt>
   <trkpt lat="49.01171" lon="12.38649">
    <ele>337.33</ele>
   </trkpt>
   <trkpt lat="49.011950000000006" lon="12.386930000000001">
    <ele>337.54</ele>
   </trkpt>
   <trkpt lat="49.01232" lon="12.387440000000002">
    <ele>337.54</ele>
   </trkpt>
   <trkpt lat="49.01268" lon="12.387880000000001">
    <ele>337.53000000000003</ele>
   </trkpt>
   <trkpt lat="49.01267000000001" lon="12.387880000000001">
    <ele>337.53000000000003</ele>
   </trkpt>
   <trkpt lat="49.01306000105135" lon="12.388359996308518">
    <ele>337.66</ele>
   </trkpt>
   <trkpt lat="49.013450000000006" lon="12.388840000000002">
    <ele>338.17</ele>
   </trkpt>
   <trkpt lat="49.013670000000005" lon="12.38901">
    <ele>338.17</ele>
   </trkpt>
   <trkpt lat="49.01408000000001" lon="12.389240000000001">
    <ele>338.41</ele>
   </trkpt>
   <trkpt lat="49.01431" lon="12.389330000000001">
    <ele>338.66</ele>
   </trkpt>
   <trkpt lat="49.014450000000004" lon="12.38943">
    <ele>339.09</ele>
   </trkpt>
   <trkpt lat="49.014770000000006" lon="12.389500000000002">
    <ele>340.19000000000005</ele>
   </trkpt>
   <trkpt lat="49.015260000000005" lon="12.38957">
    <ele>343.80000000000007</ele>
   </trkpt>
   <trkpt lat="49.015460000000004" lon="12.38968">
    <ele>345.14</ele>
   </trkpt>
   <trkpt lat="49.01583" lon="12.390120000000001">
    <ele>348.37</ele>
   </trkpt>
   <trkpt lat="49.01615" lon="12.390580000000002">
    <ele>353.06000000000006</ele>
   </trkpt>
   <trkpt lat="49.01661000000001" lon="12.391440000000001">
    <ele>358.76</ele>
   </trkpt>
   <trkpt lat="49.01699000000001" lon="12.391960000000001">
    <ele>360.66</ele>
   </trkpt>
   <trkpt lat="49.01711" lon="12.39207">
    <ele>360.94000000000005</ele>
   </trkpt>
   <trkpt lat="49.017210000000006" lon="12.39211">
    <ele>360.94000000000005</ele>
   </trkpt>
   <trkpt lat="49.017570000000006" lon="12.392130000000002">
    <ele>362.04</ele>
   </trkpt>
   <trkpt lat="49.01782000000001" lon="12.39212">
    <ele>363.3</ele>
   </trkpt>
   <trkpt lat="49.017950000000006" lon="12.392130000000002">
    <ele>364.47</ele>
   </trkpt>
   <trkpt lat="49.018060000000006" lon="12.392180000000002">
    <ele>365.54</ele>
   </trkpt>
   <trkpt lat="49.018150000000006" lon="12.39225">
    <ele>365.54</ele>
   </trkpt>
   <trkpt lat="49.01865" lon="12.39273">
    <ele>366.76000000000005</ele>
   </trkpt>
   <trkpt lat="49.019200000000005" lon="12.393510000000001">
    <ele>365.02</ele>
   </trkpt>
   <trkpt lat="49.0195" lon="12.39413">
    <ele>364.89000000000004</ele>
   </trkpt>
   <trkpt lat="49.019650000000006" lon="12.394540000000001">
    <ele>365.17</ele>
   </trkpt>
   <trkpt lat="49.01977" lon="12.394660000000002">
    <ele>365.17</ele>
   </trkpt>
   <trkpt lat="49.02022" lon="12.39493">
    <ele>365.65000000000003</ele>
   </trkpt>
   <trkpt lat="49.020480000000006" lon="12.39516">
    <ele>366.12000000000006</ele>
   </trkpt>
   <trkpt lat="49.020720000000004" lon="12.395410000000002">
    <ele>366.33000000000004</ele>
   </trkpt>
   <trkpt lat="49.02109" lon="12.39573">
    <ele>367.21000000000004</ele>
   </trkpt>
   <trkpt lat="49.021660000000004" lon="12.396730000000002">
    <ele>369.47</ele>
   </trkpt>
   <trkpt lat="49.022000000000006" lon="12.397100000000002">
    <ele>370.91</ele>
   </trkpt>
   <trkpt lat="49.02226" lon="12.397250000000001">
    <ele>372.29</ele>
   </trkpt>
   <trkpt lat="49.022490000000005" lon="12.397430000000002">
    <ele>372.85</ele>
   </trkpt>
   <trkpt lat="49.022800000000004" lon="12.397990000000002">
    <ele>373.96</ele>
   </trkpt>
   <trkpt lat="49.02328000000001" lon="12.39911">
    <ele>381.1</ele>
   </trkpt>
   <trkpt lat="49.02346000000001" lon="12.39929">
    <ele>384.54</ele>
   </trkpt>
   <trkpt lat="49.023920000000004" lon="12.39925">
    <ele>390.6</ele>
   </trkpt>
   <trkpt lat="49.024480000000004" lon="12.39933">
    <ele>395.94</ele>
   </trkpt>
   <trkpt lat="49.0247" lon="12.39934">
    <ele>396.81000000000006</ele>
   </trkpt>
   <trkpt lat="49.02488" lon="12.399320000000001">
    <ele>397.01000000000005</ele>
   </trkpt>
   <trkpt lat="49.02548" lon="12.3991">
    <ele>398.63000000000005</ele>
   </trkpt>
   <trkpt lat="49.025980000000004" lon="12.39902">
    <ele>399.22</ele>
   </trkpt>
   <trkpt lat="49.02613" lon="12.3991">
    <ele>399.65</ele>
   </trkpt>
   <trkpt lat="49.0262" lon="12.3992">
    <ele>400.12</ele>
   </trkpt>
   <trkpt lat="49.026170002616595" lon="12.399980000779214">
    <ele>402.67</ele>
   </trkpt>
   <trkpt lat="49.026140000000005" lon="12.400760000000002">
    <ele>406.16</ele>
   </trkpt>
   <trkpt lat="49.026160000000004" lon="12.401090000000002">
    <ele>407.91</ele>
   </trkpt>
   <trkpt lat="49.026313345017115" lon="12.402253326088607">
    <ele>413.88</ele>
   </trkpt>
   <trkpt lat="49.02646667834059" lon="12.403416659346943">
    <ele>421.31</ele>
   </trkpt>
   <trkpt lat="49.02662" lon="12.404580000000001">
    <ele>426.00000000000006</ele>
   </trkpt>
   <trkpt lat="49.02664000000001" lon="12.405240000000001">
    <ele>431.37</ele>
   </trkpt>
   <trkpt lat="49.02673" lon="12.405470000000001">
    <ele>432.86</ele>
   </trkpt>
   <trkpt lat="49.0270800013339" lon="12.406034995952803">
    <ele>434.77000000000004</ele>
   </trkpt>
   <trkpt lat="49.02743" lon="12.406600000000001">
    <ele>436.92</ele>
   </trkpt>
   <trkpt lat="49.02756" lon="12.406740000000001">
    <ele>438.28000000000003</ele>
   </trkpt>
   <trkpt lat="49.028040000000004" lon="12.40703">
    <ele>441.19</ele>
   </trkpt>
   <trkpt lat="49.027950000000004" lon="12.408040000000002">
    <ele>445.69</ele>
   </trkpt>
   <trkpt lat="49.02814" lon="12.40812">
    <ele>446.33000000000004</ele>
   </trkpt>
   <trkpt lat="49.02875" lon="12.408430000000001">
    <ele>450.11</ele>
   </trkpt>
   <trkpt lat="49.029540000000004" lon="12.40891">
    <ele>455.06</ele>
   </trkpt>
   <trkpt lat="49.03013000000001" lon="12.409310000000001">
    <ele>459.21000000000004</ele>
   </trkpt>
   <trkpt lat="49.03014" lon="12.409310000000001">
    <ele>459.21000000000004</ele>
   </trkpt>
   <trkpt lat="49.03081" lon="12.409830000000001">
    <ele>463.55</ele>
   </trkpt>
   <trkpt lat="49.03119" lon="12.410150000000002">
    <ele>467.39000000000004</ele>
   </trkpt>
   <trkpt lat="49.03154000000001" lon="12.410490000000001">
    <ele>468.72</ele>
   </trkpt>
   <trkpt lat="49.031800000000004" lon="12.41078">
    <ele>469.83000000000004</ele>
   </trkpt>
   <trkpt lat="49.032450000000004" lon="12.41159">
    <ele>477.74000000000007</ele>
   </trkpt>
   <trkpt lat="49.03271" lon="12.411880000000002">
    <ele>477.74000000000007</ele>
   </trkpt>
   <trkpt lat="49.03295000000001" lon="12.41211">
    <ele>480.07000000000005</ele>
   </trkpt>
   <trkpt lat="49.03323" lon="12.41233">
    <ele>482.59000000000003</ele>
   </trkpt>
   <trkpt lat="49.033750000000005" lon="12.41266">
    <ele>485.72</ele>
   </trkpt>
   <trkpt lat="49.03454000000001" lon="12.413070000000001">
    <ele>490.05</ele>
   </trkpt>
   <trkpt lat="49.03493" lon="12.41332">
    <ele>491.98</ele>
   </trkpt>
   <trkpt lat="49.035140000000006" lon="12.413480000000002">
    <ele>493.45000000000005</ele>
   </trkpt>
   <trkpt lat="49.03569" lon="12.41398">
    <ele>495.78000000000003</ele>
   </trkpt>
   <trkpt lat="49.03643500251297" lon="12.414729988850638">
    <ele>497.6700000000001</ele>
   </trkpt>
   <trkpt lat="49.037180000000006" lon="12.41548">
    <ele>498.66</ele>
   </trkpt>
   <trkpt lat="49.03772000107837" lon="12.415969994717688">
    <ele>498.6</ele>
   </trkpt>
   <trkpt lat="49.03826" lon="12.41646">
    <ele>498.74</ele>
   </trkpt>
   <trkpt lat="49.03867" lon="12.416780000000001">
    <ele>498.37</ele>
   </trkpt>
   <trkpt lat="49.03907" lon="12.417040000000002">
    <ele>499.11000000000007</ele>
   </trkpt>
   <trkpt lat="49.039570000000005" lon="12.417230000000002">
    <ele>501.06000000000006</ele>
   </trkpt>
   <trkpt lat="49.040020000000005" lon="12.417280000000002">
    <ele>504.21999999999997</ele>
   </trkpt>
   <trkpt lat="49.040670000000006" lon="12.417290000000001">
    <ele>509.95</ele>
   </trkpt>
   <trkpt lat="49.040980000000005" lon="12.41732">
    <ele>514.72</ele>
   </trkpt>
   <trkpt lat="49.041320000000006" lon="12.417390000000001">
    <ele>514.72</ele>
   </trkpt>
   <trkpt lat="49.04171" lon="12.41754">
    <ele>521.47</ele>
   </trkpt>
   <trkpt lat="49.04198" lon="12.41769">
    <ele>523.94</ele>
   </trkpt>
   <trkpt lat="49.04248500056371" lon="12.418064996159567">
    <ele>527.25</ele>
   </trkpt>
   <trkpt lat="49.04299" lon="12.41844">
    <ele>531.82</ele>
   </trkpt>
   <trkpt lat="49.04328" lon="12.418590000000002">
    <ele>536.91</ele>
   </trkpt>
   <trkpt lat="49.04356000000001" lon="12.418660000000001">
    <ele>537.74</ele>
   </trkpt>
   <trkpt lat="49.04417" lon="12.41867">
    <ele>542.3800000000001</ele>
   </trkpt>
   <trkpt lat="49.04451" lon="12.418550000000002">
    <ele>547.6500000000001</ele>
   </trkpt>
   <trkpt lat="49.045120000000004" lon="12.41811">
    <ele>550.6300000000001</ele>
   </trkpt>
   <trkpt lat="49.045390000000005" lon="12.417950000000001">
    <ele>554.21</ele>
   </trkpt>
   <trkpt lat="49.04563" lon="12.417840000000002">
    <ele>554.21</ele>
   </trkpt>
   <trkpt lat="49.045910000000006" lon="12.417790000000002">
    <ele>558.59</ele>
   </trkpt>
   <trkpt lat="49.04623" lon="12.41778">
    <ele>560.0500000000001</ele>
   </trkpt>
   <trkpt lat="49.0465" lon="12.41782">
    <ele>562.5300000000001</ele>
   </trkpt>
   <trkpt lat="49.0467" lon="12.417890000000002">
    <ele>562.5300000000001</ele>
   </trkpt>
   <trkpt lat="49.046960000000006" lon="12.41802">
    <ele>564.8100000000001</ele>
   </trkpt>
   <trkpt lat="49.04711" lon="12.418120000000002">
    <ele>565.2900000000001</ele>
   </trkpt>
   <trkpt lat="49.04726" lon="12.41825">
    <ele>565.74</ele>
   </trkpt>
   <trkpt lat="49.04742" lon="12.418420000000001">
    <ele>566.8100000000001</ele>
   </trkpt>
   <trkpt lat="49.047720000000005" lon="12.418830000000002">
    <ele>567.57</ele>
   </trkpt>
   <trkpt lat="49.047900000000006" lon="12.41914">
    <ele>569.99</ele>
   </trkpt>
   <trkpt lat="49.04806000000001" lon="12.419550000000001">
    <ele>571.37</ele>
   </trkpt>
   <trkpt lat="49.04818" lon="12.419920000000001">
    <ele>572.4200000000001</ele>
   </trkpt>
   <trkpt lat="49.048260000000006" lon="12.42032">
    <ele>572.96</ele>
   </trkpt>
   <trkpt lat="49.048320000000004" lon="12.420770000000001">
    <ele>574.21</ele>
   </trkpt>
   <trkpt lat="49.04834" lon="12.421100000000001">
    <ele>574.21</ele>
   </trkpt>
   <trkpt lat="49.04835000377457" lon="12.422034999632087">
    <ele>575.9300000000001</ele>
   </trkpt>
   <trkpt lat="49.04836" lon="12.422970000000001">
    <ele>576.47</ele>
   </trkpt>
   <trkpt lat="49.04844000000001" lon="12.42369">
    <ele>576.52</ele>
   </trkpt>
   <trkpt lat="49.04860000000001" lon="12.424470000000001">
    <ele>575.69</ele>
   </trkpt>
   <trkpt lat="49.048820000000006" lon="12.425260000000002">
    <ele>574.83</ele>
   </trkpt>
   <trkpt lat="49.04903" lon="12.425780000000001">
    <ele>573.47</ele>
   </trkpt>
   <trkpt lat="49.04934" lon="12.42642">
    <ele>572.1800000000001</ele>
   </trkpt>
   <trkpt lat="49.049670000000006" lon="12.427010000000001">
    <ele>570.6</ele>
   </trkpt>
   <trkpt lat="49.050110000000004" lon="12.42767">
    <ele>569.3000000000001</ele>
   </trkpt>
   <trkpt lat="49.050340000000006" lon="12.42796">
    <ele>568.9200000000001</ele>
   </trkpt>
   <trkpt lat="49.05077000000001" lon="12.42834">
    <ele>567.3600000000001</ele>
   </trkpt>
   <trkpt lat="49.05102" lon="12.42852">
    <ele>566.99</ele>
   </trkpt>
   <trkpt lat="49.05131" lon="12.428690000000001">
    <ele>567.2700000000001</ele>
   </trkpt>
   <trkpt lat="49.051800000181956" lon="12.4289349975466">
    <ele>569.77</ele>
   </trkpt>
   <trkpt lat="49.052290000000006" lon="12.42918">
    <ele>573.34</ele>
   </trkpt>
   <trkpt lat="49.05256000000001" lon="12.429350000000001">
    <ele>575.87</ele>
   </trkpt>
   <trkpt lat="49.052780000000006" lon="12.42955">
    <ele>578.1700000000001</ele>
   </trkpt>
   <trkpt lat="49.053090000000005" lon="12.42989">
    <ele>580.79</ele>
   </trkpt>
   <trkpt lat="49.053340000000006" lon="12.430280000000002">
    <ele>582.49</ele>
   </trkpt>
   <trkpt lat="49.05351" lon="12.43058">
    <ele>583.37</ele>
   </trkpt>
   <trkpt lat="49.05368000000001" lon="12.430990000000001">
    <ele>584.1500000000001</ele>
   </trkpt>
   <trkpt lat="49.05392500188016" lon="12.431664996430824">
    <ele>584.48</ele>
   </trkpt>
   <trkpt lat="49.054170000000006" lon="12.432340000000002">
    <ele>584.4100000000001</ele>
   </trkpt>
   <trkpt lat="49.054300000000005" lon="12.432630000000001">
    <ele>584.5</ele>
   </trkpt>
   <trkpt lat="49.054460000000006" lon="12.432920000000001">
    <ele>584.52</ele>
   </trkpt>
   <trkpt lat="49.054610000000004" lon="12.43316">
    <ele>584.61</ele>
   </trkpt>
   <trkpt lat="49.054770000000005" lon="12.433370000000002">
    <ele>584.82</ele>
   </trkpt>
   <trkpt lat="49.05518000000001" lon="12.43387">
    <ele>586.59</ele>
   </trkpt>
   <trkpt lat="49.05554" lon="12.43425">
    <ele>588.3900000000001</ele>
   </trkpt>
   <trkpt lat="49.055870000000006" lon="12.43468">
    <ele>591.94</ele>
   </trkpt>
   <trkpt lat="49.05612000000001" lon="12.43509">
    <ele>595.43</ele>
   </trkpt>
   <trkpt lat="49.056270000000005" lon="12.43538">
    <ele>595.43</ele>
   </trkpt>
   <trkpt lat="49.05668000453073" lon="12.436404991526443">
    <ele>601.08</ele>
   </trkpt>
   <trkpt lat="49.05709" lon="12.43743">
    <ele>608.47</ele>
   </trkpt>
   <trkpt lat="49.057430000000004" lon="12.43823">
    <ele>612.0699999999999</ele>
   </trkpt>
   <trkpt lat="49.05762000000001" lon="12.438600000000001">
    <ele>614.1600000000001</ele>
   </trkpt>
   <trkpt lat="49.05795000128373" lon="12.43914999631018">
    <ele>618.0300000000001</ele>
   </trkpt>
   <trkpt lat="49.05828" lon="12.4397">
    <ele>621.0400000000001</ele>
   </trkpt>
   <trkpt lat="49.058640000000004" lon="12.4404">
    <ele>623.9100000000001</ele>
   </trkpt>
   <trkpt lat="49.05901" lon="12.441260000000002">
    <ele>627.72</ele>
   </trkpt>
   <trkpt lat="49.05917" lon="12.4417">
    <ele>631.07</ele>
   </trkpt>
   <trkpt lat="49.05951" lon="12.44292">
    <ele>634.75</ele>
   </trkpt>
   <trkpt lat="49.05968000000001" lon="12.44383">
    <ele>637.17</ele>
   </trkpt>
   <trkpt lat="49.05982" lon="12.44472">
    <ele>638.6400000000001</ele>
   </trkpt>
   <trkpt lat="49.05989" lon="12.44537">
    <ele>640.08</ele>
   </trkpt>
   <trkpt lat="49.05995334134865" lon="12.44633333084921">
    <ele>639.26</ele>
   </trkpt>
   <trkpt lat="49.0600166746801" lon="12.447296664153685">
    <ele>636.05</ele>
   </trkpt>
   <trkpt lat="49.060080000000006" lon="12.448260000000001">
    <ele>628.33</ele>
   </trkpt>
   <trkpt lat="49.060140000000004" lon="12.448620000000002">
    <ele>628.33</ele>
   </trkpt>
   <trkpt lat="49.060230000000004" lon="12.44893">
    <ele>625.35</ele>
   </trkpt>
   <trkpt lat="49.06031" lon="12.44913">
    <ele>624.19</ele>
   </trkpt>
   <trkpt lat="49.06047" lon="12.4494">
    <ele>621.7600000000001</ele>
   </trkpt>
   <trkpt lat="49.06065" lon="12.449610000000002">
    <ele>620.21</ele>
   </trkpt>
   <trkpt lat="49.06098" lon="12.449890000000002">
    <ele>618.1000000000001</ele>
   </trkpt>
   <trkpt lat="49.06174000223531" lon="12.450399984393927">
    <ele>615.58</ele>
   </trkpt>
   <trkpt lat="49.06250000222367" lon="12.450909984385799">
    <ele>614.9300000000001</ele>
   </trkpt>
   <trkpt lat="49.06326000000001" lon="12.45142">
    <ele>612.5500000000001</ele>
   </trkpt>
   <trkpt lat="49.06391000000001" lon="12.451770000000002">
    <ele>608.89</ele>
   </trkpt>
   <trkpt lat="49.064220000000006" lon="12.451880000000001">
    <ele>606.11</ele>
   </trkpt>
   <trkpt lat="49.06485000000001" lon="12.45199">
    <ele>599.75</ele>
   </trkpt>
   <trkpt lat="49.06515" lon="12.452000000000002">
    <ele>596.33</ele>
   </trkpt>
   <trkpt lat="49.06579000000001" lon="12.451950000000002">
    <ele>592.16</ele>
   </trkpt>
   <trkpt lat="49.06649" lon="12.45184">
    <ele>584.8100000000001</ele>
   </trkpt>
   <trkpt lat="49.06695499992099" lon="12.451790000477569">
    <ele>579.96</ele>
   </trkpt>
   <trkpt lat="49.067420000000006" lon="12.451740000000001">
    <ele>577.4100000000001</ele>
   </trkpt>
   <trkpt lat="49.068250000000006" lon="12.451720000000002">
    <ele>573.71</ele>
   </trkpt>
   <trkpt lat="49.06866" lon="12.451730000000001">
    <ele>572.9300000000001</ele>
   </trkpt>
   <trkpt lat="49.069050000000004" lon="12.451770000000002">
    <ele>572.8000000000001</ele>
   </trkpt>
   <trkpt lat="49.06982000000001" lon="12.451910000000002">
    <ele>572.71</ele>
   </trkpt>
   <trkpt lat="49.070550000000004" lon="12.452100000000002">
    <ele>574.1800000000001</ele>
   </trkpt>
   <trkpt lat="49.070890000000006" lon="12.45222">
    <ele>575.62</ele>
   </trkpt>
   <trkpt lat="49.07136000009963" lon="12.452414998128436">
    <ele>578.01</ele>
   </trkpt>
   <trkpt lat="49.071830000000006" lon="12.452610000000002">
    <ele>582.8100000000001</ele>
   </trkpt>
   <trkpt lat="49.07233000042987" lon="12.45287499739998">
    <ele>585.5</ele>
   </trkpt>
   <trkpt lat="49.07283" lon="12.453140000000001">
    <ele>588.37</ele>
   </trkpt>
   <trkpt lat="49.073350000000005" lon="12.45335">
    <ele>589.5600000000001</ele>
   </trkpt>
   <trkpt lat="49.07368" lon="12.453410000000002">
    <ele>589.8000000000001</ele>
   </trkpt>
   <trkpt lat="49.074339999978726" lon="12.453439999600274">
    <ele>590.23</ele>
   </trkpt>
   <trkpt lat="49.075" lon="12.453470000000001">
    <ele>590.8000000000001</ele>
   </trkpt>
   <trkpt lat="49.07547499996312" lon="12.453539999322082">
    <ele>591.36</ele>
   </trkpt>
   <trkpt lat="49.075950000000006" lon="12.453610000000001">
    <ele>591.74</ele>
   </trkpt>
   <trkpt lat="49.07639999994173" lon="12.453729998880753">
    <ele>592.4200000000001</ele>
   </trkpt>
   <trkpt lat="49.07685000000001" lon="12.453850000000001">
    <ele>593.32</ele>
   </trkpt>
   <trkpt lat="49.077334999998556" lon="12.453989998608147">
    <ele>594.84</ele>
   </trkpt>
   <trkpt lat="49.07782" lon="12.454130000000001">
    <ele>595.6100000000001</ele>
   </trkpt>
   <trkpt lat="49.078700000000005" lon="12.45437">
    <ele>596.45</ele>
   </trkpt>
   <trkpt lat="49.07915999996047" lon="12.454454999199696">
    <ele>596.22</ele>
   </trkpt>
   <trkpt lat="49.079620000000006" lon="12.454540000000001">
    <ele>596.01</ele>
   </trkpt>
   <trkpt lat="49.080020000000005" lon="12.454590000000001">
    <ele>596.2900000000001</ele>
   </trkpt>
   <trkpt lat="49.08082" lon="12.45465">
    <ele>597.7800000000001</ele>
   </trkpt>
   <trkpt lat="49.081360000000004" lon="12.45466">
    <ele>598.83</ele>
   </trkpt>
   <trkpt lat="49.082240000000006" lon="12.45462">
    <ele>600.5100000000001</ele>
   </trkpt>
   <trkpt lat="49.08292000010177" lon="12.45451333625393">
    <ele>599.22</ele>
   </trkpt>
   <trkpt lat="49.08360000010525" lon="12.45440666958677">
    <ele>595.0500000000001</ele>
   </trkpt>
   <trkpt lat="49.08428000000001" lon="12.454300000000002">
    <ele>591.04</ele>
   </trkpt>
   <trkpt lat="49.08473000000001" lon="12.454260000000001">
    <ele>589.3900000000001</ele>
   </trkpt>
   <trkpt lat="49.085" lon="12.454270000000001">
    <ele>588.82</ele>
   </trkpt>
   <trkpt lat="49.08520000000001" lon="12.454300000000002">
    <ele>588.8000000000001</ele>
   </trkpt>
   <trkpt lat="49.085570000000004" lon="12.454390000000002">
    <ele>589.48</ele>
   </trkpt>
   <trkpt lat="49.08592" lon="12.454540000000001">
    <ele>591.31</ele>
   </trkpt>
   <trkpt lat="49.086220000000004" lon="12.4547">
    <ele>593.33</ele>
   </trkpt>
   <trkpt lat="49.086420000000004" lon="12.45484">
    <ele>595.2900000000001</ele>
   </trkpt>
   <trkpt lat="49.08666" lon="12.45504">
    <ele>598.1899999999999</ele>
   </trkpt>
   <trkpt lat="49.086870000000005" lon="12.455250000000001">
    <ele>598.1899999999999</ele>
   </trkpt>
   <trkpt lat="49.08757000000001" lon="12.456010000000001">
    <ele>605.62</ele>
   </trkpt>
   <trkpt lat="49.08798" lon="12.45649">
    <ele>609.33</ele>
   </trkpt>
   <trkpt lat="49.08860000000001" lon="12.457320000000001">
    <ele>615.04</ele>
   </trkpt>
   <trkpt lat="49.0891" lon="12.45813">
    <ele>616.7900000000001</ele>
   </trkpt>
   <trkpt lat="49.08952000266236" lon="12.458899993672736">
    <ele>616.46</ele>
   </trkpt>
   <trkpt lat="49.089940000000006" lon="12.459670000000001">
    <ele>614.36</ele>
   </trkpt>
   <trkpt lat="49.09037000000001" lon="12.460270000000001">
    <ele>610.57</ele>
   </trkpt>
   <trkpt lat="49.09094" lon="12.460880000000001">
    <ele>607.35</ele>
   </trkpt>
   <trkpt lat="49.09140000000001" lon="12.461300000000001">
    <ele>606.1899999999999</ele>
   </trkpt>
   <trkpt lat="49.0919" lon="12.46161">
    <ele>606.89</ele>
   </trkpt>
   <trkpt lat="49.092360000000006" lon="12.461820000000001">
    <ele>608.6700000000001</ele>
   </trkpt>
   <trkpt lat="49.092600000000004" lon="12.461900000000002">
    <ele>610.3700000000001</ele>
   </trkpt>
   <trkpt lat="49.09333" lon="12.46207">
    <ele>612.35</ele>
   </trkpt>
   <trkpt lat="49.09369" lon="12.462140000000002">
    <ele>611.73</ele>
   </trkpt>
   <trkpt lat="49.09411" lon="12.46226">
    <ele>610.99</ele>
   </trkpt>
   <trkpt lat="49.094570000000004" lon="12.462420000000002">
    <ele>609.63</ele>
   </trkpt>
   <trkpt lat="49.0953" lon="12.46273">
    <ele>607.87</ele>
   </trkpt>
   <trkpt lat="49.095470000000006" lon="12.462760000000001">
    <ele>608.53</ele>
   </trkpt>
   <trkpt lat="49.095470000000006" lon="12.463460000000001">
    <ele>611.63</ele>
   </trkpt>
   <trkpt lat="49.09544" lon="12.463970000000002">
    <ele>613.5200000000001</ele>
   </trkpt>
   <trkpt lat="49.095400000000005" lon="12.464340000000002">
    <ele>613.5200000000001</ele>
   </trkpt>
   <trkpt lat="49.095330000000004" lon="12.46494">
    <ele>616.3100000000001</ele>
   </trkpt>
   <trkpt lat="49.09525000000001" lon="12.465420000000002">
    <ele>617.89</ele>
   </trkpt>
   <trkpt lat="49.09508500270029" lon="12.466210002602441">
    <ele>619.57</ele>
   </trkpt>
   <trkpt lat="49.09492" lon="12.467">
    <ele>620.1000000000001</ele>
   </trkpt>
   <trkpt lat="49.094770000000004" lon="12.468020000000001">
    <ele>617.46</ele>
   </trkpt>
   <trkpt lat="49.094680000000004" lon="12.469030000000002">
    <ele>613.3100000000001</ele>
   </trkpt>
   <trkpt lat="49.09467" lon="12.469560000000001">
    <ele>610.5</ele>
   </trkpt>
   <trkpt lat="49.094680000000004" lon="12.470500000000001">
    <ele>604.44</ele>
   </trkpt>
   <trkpt lat="49.09476" lon="12.471660000000002">
    <ele>595.5500000000001</ele>
   </trkpt>
   <trkpt lat="49.09489000000001" lon="12.472600000000002">
    <ele>592.26</ele>
   </trkpt>
   <trkpt lat="49.09503" lon="12.473270000000001">
    <ele>589.35</ele>
   </trkpt>
   <trkpt lat="49.09525000000001" lon="12.47418">
    <ele>586.28</ele>
   </trkpt>
   <trkpt lat="49.09555" lon="12.475100000000001">
    <ele>581.84</ele>
   </trkpt>
   <trkpt lat="49.09581000223074" lon="12.475819996206242">
    <ele>576.0500000000001</ele>
   </trkpt>
   <trkpt lat="49.096070000000005" lon="12.476540000000002">
    <ele>570.96</ele>
   </trkpt>
   <trkpt lat="49.09628000000001" lon="12.477310000000001">
    <ele>565.38</ele>
   </trkpt>
   <trkpt lat="49.09642" lon="12.47798">
    <ele>561.4</ele>
   </trkpt>
   <trkpt lat="49.09648000000001" lon="12.4785">
    <ele>559.9399999999999</ele>
   </trkpt>
   <trkpt lat="49.09649" lon="12.479080000000002">
    <ele>558.72</ele>
   </trkpt>
   <trkpt lat="49.0964" lon="12.480010000000002">
    <ele>554.82</ele>
   </trkpt>
   <trkpt lat="49.09638" lon="12.48038">
    <ele>554.3100000000001</ele>
   </trkpt>
   <trkpt lat="49.096410000000006" lon="12.48071">
    <ele>553.8000000000001</ele>
   </trkpt>
   <trkpt lat="49.096630000000005" lon="12.481910000000001">
    <ele>554.5</ele>
   </trkpt>
   <trkpt lat="49.09664" lon="12.48239">
    <ele>553.1400000000001</ele>
   </trkpt>
   <trkpt lat="49.096610000000005" lon="12.482650000000001">
    <ele>552.09</ele>
   </trkpt>
   <trkpt lat="49.09646000000001" lon="12.483480000000002">
    <ele>551.47</ele>
   </trkpt>
   <trkpt lat="49.096520000000005" lon="12.484700000000002">
    <ele>552.03</ele>
   </trkpt>
   <trkpt lat="49.096560000000004" lon="12.48501">
    <ele>552.47</ele>
   </trkpt>
   <trkpt lat="49.096610000000005" lon="12.485180000000001">
    <ele>552.69</ele>
   </trkpt>
   <trkpt lat="49.097030000000004" lon="12.486260000000001">
    <ele>558.6300000000001</ele>
   </trkpt>
   <trkpt lat="49.097120000000004" lon="12.48643">
    <ele>560.28</ele>
   </trkpt>
   <trkpt lat="49.09716" lon="12.48647">
    <ele>560.28</ele>
   </trkpt>
   <trkpt lat="49.0972" lon="12.48648">
    <ele>560.28</ele>
   </trkpt>
   <trkpt lat="49.09785500033486" lon="12.486175004056038">
    <ele>562.85</ele>
   </trkpt>
   <trkpt lat="49.098510000000005" lon="12.48587">
    <ele>564.62</ele>
   </trkpt>
   <trkpt lat="49.098710000000004" lon="12.485790000000001">
    <ele>564.84</ele>
   </trkpt>
   <trkpt lat="49.09882" lon="12.485780000000002">
    <ele>564.82</ele>
   </trkpt>
   <trkpt lat="49.099070000000005" lon="12.486070000000002">
    <ele>562.58</ele>
   </trkpt>
   <trkpt lat="49.099470000000004" lon="12.48648">
    <ele>555.08</ele>
   </trkpt>
   <trkpt lat="49.0998" lon="12.48708">
    <ele>550.19</ele>
   </trkpt>
   <trkpt lat="49.10023" lon="12.48806">
    <ele>538.25</ele>
   </trkpt>
   <trkpt lat="49.10038" lon="12.488480000000001">
    <ele>539.94</ele>
   </trkpt>
   <trkpt lat="49.10045" lon="12.48878">
    <ele>534.83</ele>
   </trkpt>
   <trkpt lat="49.10063" lon="12.48999">
    <ele>527.49</ele>
   </trkpt>
   <trkpt lat="49.100750000000005" lon="12.490390000000001">
    <ele>530.33</ele>
   </trkpt>
   <trkpt lat="49.100910000000006" lon="12.490760000000002">
    <ele>527.6200000000001</ele>
   </trkpt>
   <trkpt lat="49.10133000610859" lon="12.4916033189903">
    <ele>522.71</ele>
   </trkpt>
   <trkpt lat="49.10175000607429" lon="12.492446652254543">
    <ele>517.09</ele>
   </trkpt>
   <trkpt lat="49.10217" lon="12.493290000000002">
    <ele>509.76</ele>
   </trkpt>
   <trkpt lat="49.10269334339351" lon="12.494369977192159">
    <ele>503.40000000000003</ele>
   </trkpt>
   <trkpt lat="49.10321667671266" lon="12.495449977162469">
    <ele>494.64</ele>
   </trkpt>
   <trkpt lat="49.10374" lon="12.496530000000002">
    <ele>490.1</ele>
   </trkpt>
   <trkpt lat="49.103880000000004" lon="12.496770000000001">
    <ele>490.1</ele>
   </trkpt>
   <trkpt lat="49.10421" lon="12.49727">
    <ele>487.18000000000006</ele>
   </trkpt>
   <trkpt lat="49.10488" lon="12.498180000000001">
    <ele>485.95000000000005</ele>
   </trkpt>
   <trkpt lat="49.105140000000006" lon="12.498610000000001">
    <ele>487.18000000000006</ele>
   </trkpt>
   <trkpt lat="49.10526" lon="12.498850000000001">
    <ele>487.11</ele>
   </trkpt>
   <trkpt lat="49.105410000000006" lon="12.499210000000001">
    <ele>487.14</ele>
   </trkpt>
   <trkpt lat="49.10551" lon="12.499530000000002">
    <ele>487.29</ele>
   </trkpt>
   <trkpt lat="49.10578000517033" lon="12.500624994010344">
    <ele>488.11</ele>
   </trkpt>
   <trkpt lat="49.10605" lon="12.50172">
    <ele>490.74000000000007</ele>
   </trkpt>
   <trkpt lat="49.106260000000006" lon="12.502350000000002">
    <ele>492.1</ele>
   </trkpt>
   <trkpt lat="49.106505001767914" lon="12.5029849969335">
    <ele>493.44000000000005</ele>
   </trkpt>
   <trkpt lat="49.106750000000005" lon="12.503620000000002">
    <ele>494.36</ele>
   </trkpt>
   <trkpt lat="49.10701" lon="12.50435">
    <ele>495.44000000000005</ele>
   </trkpt>
   <trkpt lat="49.107260000000004" lon="12.50542">
    <ele>497.31</ele>
   </trkpt>
   <trkpt lat="49.107530000000004" lon="12.50627">
    <ele>497.94000000000005</ele>
   </trkpt>
   <trkpt lat="49.10756000000001" lon="12.50651">
    <ele>497.98</ele>
   </trkpt>
   <trkpt lat="49.10756000000001" lon="12.506820000000001">
    <ele>498.13</ele>
   </trkpt>
   <trkpt lat="49.10754000000001" lon="12.50703">
    <ele>498.42</ele>
   </trkpt>
   <trkpt lat="49.10736000000001" lon="12.508080000000001">
    <ele>502.4200000000001</ele>
   </trkpt>
   <trkpt lat="49.10732" lon="12.508640000000002">
    <ele>503.28000000000003</ele>
   </trkpt>
   <trkpt lat="49.107400000000005" lon="12.509440000000001">
    <ele>508.2000000000001</ele>
   </trkpt>
   <trkpt lat="49.107510000000005" lon="12.509910000000001">
    <ele>511.30000000000007</ele>
   </trkpt>
   <trkpt lat="49.10774000000001" lon="12.510580000000001">
    <ele>513.33</ele>
   </trkpt>
   <trkpt lat="49.107940000000006" lon="12.510980000000002">
    <ele>515.21</ele>
   </trkpt>
   <trkpt lat="49.108070000000005" lon="12.51121">
    <ele>517.5200000000001</ele>
   </trkpt>
   <trkpt lat="49.10839000000001" lon="12.511690000000002">
    <ele>518.97</ele>
   </trkpt>
   <trkpt lat="49.10882" lon="12.51218">
    <ele>522.21</ele>
   </trkpt>
   <trkpt lat="49.109170000000006" lon="12.51252">
    <ele>524.3100000000001</ele>
   </trkpt>
   <trkpt lat="49.10989000134503" lon="12.513079991866046">
    <ele>527.02</ele>
   </trkpt>
   <trkpt lat="49.11061" lon="12.51364">
    <ele>530.2600000000001</ele>
   </trkpt>
   <trkpt lat="49.110800000000005" lon="12.513800000000002">
    <ele>530.7700000000001</ele>
   </trkpt>
   <trkpt lat="49.11139000000001" lon="12.514370000000001">
    <ele>534.5699999999999</ele>
   </trkpt>
   <trkpt lat="49.112080000000006" lon="12.515210000000002">
    <ele>536.78</ele>
   </trkpt>
   <trkpt lat="49.112570000000005" lon="12.51593">
    <ele>538.5600000000001</ele>
   </trkpt>
   <trkpt lat="49.11301000472625" lon="12.51666998686762">
    <ele>539.1700000000001</ele>
   </trkpt>
   <trkpt lat="49.11345000472301" lon="12.517409986862006">
    <ele>539.76</ele>
   </trkpt>
   <trkpt lat="49.113890000000005" lon="12.51815">
    <ele>540.98</ele>
   </trkpt>
   <trkpt lat="49.11426" lon="12.51871">
    <ele>542.6800000000001</ele>
   </trkpt>
   <trkpt lat="49.114560000000004" lon="12.519110000000001">
    <ele>544.51</ele>
   </trkpt>
   <trkpt lat="49.114945000991774" lon="12.51958499633488">
    <ele>546.59</ele>
   </trkpt>
   <trkpt lat="49.11533000000001" lon="12.52006">
    <ele>549.61</ele>
   </trkpt>
   <trkpt lat="49.11554" lon="12.52036">
    <ele>550.48</ele>
   </trkpt>
   <trkpt lat="49.115750000000006" lon="12.520700000000001">
    <ele>553.88</ele>
   </trkpt>
   <trkpt lat="49.11601" lon="12.52124">
    <ele>553.88</ele>
   </trkpt>
   <trkpt lat="49.11618000000001" lon="12.52172">
    <ele>559.0</ele>
   </trkpt>
   <trkpt lat="49.11634" lon="12.522250000000001">
    <ele>561.44</ele>
   </trkpt>
   <trkpt lat="49.116440000000004" lon="12.522720000000001">
    <ele>562.61</ele>
   </trkpt>
   <trkpt lat="49.116530000000004" lon="12.523430000000001">
    <ele>566.67</ele>
   </trkpt>
   <trkpt lat="49.116640000000004" lon="12.52466">
    <ele>572.3000000000001</ele>
   </trkpt>
   <trkpt lat="49.11674000000001" lon="12.525440000000001">
    <ele>575.0600000000001</ele>
   </trkpt>
   <trkpt lat="49.11681" lon="12.525780000000001">
    <ele>577.34</ele>
   </trkpt>
   <trkpt lat="49.11693" lon="12.52621">
    <ele>580.58</ele>
   </trkpt>
   <trkpt lat="49.11715" lon="12.526810000000001">
    <ele>582.33</ele>
   </trkpt>
   <trkpt lat="49.117290000000004" lon="12.52711">
    <ele>583.6600000000001</ele>
   </trkpt>
   <trkpt lat="49.117490000000004" lon="12.527470000000001">
    <ele>584.34</ele>
   </trkpt>
   <trkpt lat="49.117830000000005" lon="12.528150000000002">
    <ele>587.82</ele>
   </trkpt>
   <trkpt lat="49.118010000000005" lon="12.52861">
    <ele>589.6800000000001</ele>
   </trkpt>
   <trkpt lat="49.118280000000006" lon="12.52935">
    <ele>592.26</ele>
   </trkpt>
   <trkpt lat="49.11857000406659" lon="12.530324994169835">
    <ele>594.47</ele>
   </trkpt>
   <trkpt lat="49.118860000000005" lon="12.531300000000002">
    <ele>596.7800000000001</ele>
   </trkpt>
   <trkpt lat="49.11925" lon="12.53246">
    <ele>599.53</ele>
   </trkpt>
   <trkpt lat="49.11963" lon="12.53348">
    <ele>602.11</ele>
   </trkpt>
   <trkpt lat="49.11988500249996" lon="12.534239996109536">
    <ele>605.82</ele>
   </trkpt>
   <trkpt lat="49.120140000000006" lon="12.535">
    <ele>608.57</ele>
   </trkpt>
   <trkpt lat="49.12035" lon="12.535770000000001">
    <ele>611.6100000000001</ele>
   </trkpt>
   <trkpt lat="49.12055" lon="12.536570000000001">
    <ele>613.98</ele>
   </trkpt>
   <trkpt lat="49.120810000000006" lon="12.53785">
    <ele>616.9300000000001</ele>
   </trkpt>
   <trkpt lat="49.121010000000005" lon="12.539000000000001">
    <ele>617.69</ele>
   </trkpt>
   <trkpt lat="49.12116667815559" lon="12.540153326052843">
    <ele>617.5</ele>
   </trkpt>
   <trkpt lat="49.12132334482316" lon="12.541306659392637">
    <ele>614.12</ele>
   </trkpt>
   <trkpt lat="49.121480000000005" lon="12.54246">
    <ele>610.01</ele>
   </trkpt>
   <trkpt lat="49.121660000000006" lon="12.543690000000002">
    <ele>604.4300000000001</ele>
   </trkpt>
   <trkpt lat="49.12173000000001" lon="12.544020000000002">
    <ele>602.57</ele>
   </trkpt>
   <trkpt lat="49.121860000000005" lon="12.544500000000001">
    <ele>599.7600000000001</ele>
   </trkpt>
   <trkpt lat="49.12209000224849" lon="12.545234996321714">
    <ele>595.69</ele>
   </trkpt>
   <trkpt lat="49.12232" lon="12.54597">
    <ele>595.37</ele>
   </trkpt>
   <trkpt lat="49.122510000000005" lon="12.54643">
    <ele>589.37</ele>
   </trkpt>
   <trkpt lat="49.122930000000004" lon="12.547350000000002">
    <ele>584.65</ele>
   </trkpt>
   <trkpt lat="49.12313" lon="12.54775">
    <ele>583.35</ele>
   </trkpt>
   <trkpt lat="49.123610000000006" lon="12.548620000000001">
    <ele>577.04</ele>
   </trkpt>
   <trkpt lat="49.123760000000004" lon="12.548950000000001">
    <ele>576.62</ele>
   </trkpt>
   <trkpt lat="49.123830000000005" lon="12.54917">
    <ele>574.1</ele>
   </trkpt>
   <trkpt lat="49.124010000000006" lon="12.5501">
    <ele>570.47</ele>
   </trkpt>
   <trkpt lat="49.12409" lon="12.55071">
    <ele>569.83</ele>
   </trkpt>
   <trkpt lat="49.12405500287151" lon="12.551525000499213">
    <ele>570.01</ele>
   </trkpt>
   <trkpt lat="49.12402" lon="12.552340000000001">
    <ele>568.47</ele>
   </trkpt>
   <trkpt lat="49.12407" lon="12.552620000000001">
    <ele>568.11</ele>
   </trkpt>
   <trkpt lat="49.12416" lon="12.552750000000001">
    <ele>567.0500000000001</ele>
   </trkpt>
   <trkpt lat="49.124340000000004" lon="12.552880000000002">
    <ele>566.9200000000001</ele>
   </trkpt>
   <trkpt lat="49.125130000000006" lon="12.55334">
    <ele>566.6800000000001</ele>
   </trkpt>
   <trkpt lat="49.12534" lon="12.553540000000002">
    <ele>567.09</ele>
   </trkpt>
   <trkpt lat="49.12576000000001" lon="12.554100000000002">
    <ele>567.5600000000001</ele>
   </trkpt>
   <trkpt lat="49.12615" lon="12.554580000000001">
    <ele>568.57</ele>
   </trkpt>
   <trkpt lat="49.126540000000006" lon="12.55497">
    <ele>568.45</ele>
   </trkpt>
   <trkpt lat="49.126920000000005" lon="12.55522">
    <ele>567.37</ele>
   </trkpt>
   <trkpt lat="49.12735000000001" lon="12.555420000000002">
    <ele>566.08</ele>
   </trkpt>
   <trkpt lat="49.12778" lon="12.55558">
    <ele>563.98</ele>
   </trkpt>
   <trkpt lat="49.12829000000001" lon="12.555700000000002">
    <ele>560.4</ele>
   </trkpt>
   <trkpt lat="49.12907499998428" lon="12.555814998168549">
    <ele>553.57</ele>
   </trkpt>
   <trkpt lat="49.12986" lon="12.555930000000002">
    <ele>547.1100000000001</ele>
   </trkpt>
   <trkpt lat="49.130680000000005" lon="12.555990000000001">
    <ele>543.8000000000001</ele>
   </trkpt>
   <trkpt lat="49.131135000159354" lon="12.556039999557443">
    <ele>544.32</ele>
   </trkpt>
   <trkpt lat="49.13159" lon="12.556090000000001">
    <ele>546.32</ele>
   </trkpt>
   <trkpt lat="49.132340000000006" lon="12.55624">
    <ele>550.95</ele>
   </trkpt>
   <trkpt lat="49.132690000000004" lon="12.556350000000002">
    <ele>554.32</ele>
   </trkpt>
   <trkpt lat="49.13297000000001" lon="12.556460000000001">
    <ele>557.86</ele>
   </trkpt>
   <trkpt lat="49.133230000000005" lon="12.556590000000002">
    <ele>561.49</ele>
   </trkpt>
   <trkpt lat="49.133500000000005" lon="12.556750000000001">
    <ele>561.49</ele>
   </trkpt>
   <trkpt lat="49.13376" lon="12.55695">
    <ele>565.89</ele>
   </trkpt>
   <trkpt lat="49.134170000000005" lon="12.55732">
    <ele>568.2700000000001</ele>
   </trkpt>
   <trkpt lat="49.13447000000001" lon="12.557630000000001">
    <ele>572.74</ele>
   </trkpt>
   <trkpt lat="49.13472" lon="12.55793">
    <ele>575.0</ele>
   </trkpt>
   <trkpt lat="49.135110000000005" lon="12.55831">
    <ele>578.0600000000001</ele>
   </trkpt>
   <trkpt lat="49.13552000000001" lon="12.5586">
    <ele>581.28</ele>
   </trkpt>
   <trkpt lat="49.13588000000001" lon="12.55878">
    <ele>582.09</ele>
   </trkpt>
   <trkpt lat="49.13622" lon="12.558890000000002">
    <ele>584.67</ele>
   </trkpt>
   <trkpt lat="49.13638" lon="12.55892">
    <ele>584.67</ele>
   </trkpt>
   <trkpt lat="49.13676" lon="12.558940000000002">
    <ele>587.21</ele>
   </trkpt>
   <trkpt lat="49.13721" lon="12.55888">
    <ele>588.62</ele>
   </trkpt>
   <trkpt lat="49.13768" lon="12.55869">
    <ele>590.25</ele>
   </trkpt>
   <trkpt lat="49.1379" lon="12.558570000000001">
    <ele>591.09</ele>
   </trkpt>
   <trkpt lat="49.13821" lon="12.558340000000001">
    <ele>591.5799999999999</ele>
   </trkpt>
   <trkpt lat="49.13837" lon="12.558650000000002">
    <ele>590.99</ele>
   </trkpt>
   <trkpt lat="49.138540000000006" lon="12.558900000000001">
    <ele>590.0000000000001</ele>
   </trkpt>
   <trkpt lat="49.138720000000006" lon="12.55907">
    <ele>588.92</ele>
   </trkpt>
   <trkpt lat="49.13884" lon="12.559120000000002">
    <ele>588.35</ele>
   </trkpt>
   <trkpt lat="49.139030000000005" lon="12.55915">
    <ele>586.74</ele>
   </trkpt>
   <trkpt lat="49.13969" lon="12.55906">
    <ele>581.1</ele>
   </trkpt>
   <trkpt lat="49.140215000011345" lon="12.559035000264416">
    <ele>577.04</ele>
   </trkpt>
   <trkpt lat="49.14074" lon="12.55901">
    <ele>575.32</ele>
   </trkpt>
   <trkpt lat="49.14123499991983" lon="12.55900000010151">
    <ele>571.3000000000001</ele>
   </trkpt>
   <trkpt lat="49.14173" lon="12.558990000000001">
    <ele>568.6</ele>
   </trkpt>
   <trkpt lat="49.14202" lon="12.55901">
    <ele>565.22</ele>
   </trkpt>
   <trkpt lat="49.142360000000004" lon="12.5591">
    <ele>563.4100000000001</ele>
   </trkpt>
   <trkpt lat="49.1426" lon="12.559180000000001">
    <ele>562.2900000000001</ele>
   </trkpt>
   <trkpt lat="49.14293000000001" lon="12.55934">
    <ele>559.64</ele>
   </trkpt>
   <trkpt lat="49.143170000000005" lon="12.559500000000002">
    <ele>559.64</ele>
   </trkpt>
   <trkpt lat="49.14340000000001" lon="12.559690000000002">
    <ele>554.67</ele>
   </trkpt>
   <trkpt lat="49.14365" lon="12.559940000000001">
    <ele>554.67</ele>
   </trkpt>
   <trkpt lat="49.143950000000004" lon="12.560300000000002">
    <ele>552.6500000000001</ele>
   </trkpt>
   <trkpt lat="49.14414000000001" lon="12.56057">
    <ele>551.0</ele>
   </trkpt>
   <trkpt lat="49.14437" lon="12.56094">
    <ele>548.12</ele>
   </trkpt>
   <trkpt lat="49.144690000000004" lon="12.56155">
    <ele>546.06</ele>
   </trkpt>
   <trkpt lat="49.145030000000006" lon="12.562380000000001">
    <ele>541.8100000000001</ele>
   </trkpt>
   <trkpt lat="49.1454" lon="12.563590000000001">
    <ele>534.86</ele>
   </trkpt>
   <trkpt lat="49.145595002348635" lon="12.56432999702808">
    <ele>532.82</ele>
   </trkpt>
   <trkpt lat="49.145790000000005" lon="12.56507">
    <ele>527.0100000000001</ele>
   </trkpt>
   <trkpt lat="49.14598500440266" lon="12.566079996015754">
    <ele>521.95</ele>
   </trkpt>
   <trkpt lat="49.14618" lon="12.56709">
    <ele>514.02</ele>
   </trkpt>
   <trkpt lat="49.14632" lon="12.568140000000001">
    <ele>507.8</ele>
   </trkpt>
   <trkpt lat="49.146410003381284" lon="12.569024998387963">
    <ele>503.99000000000007</ele>
   </trkpt>
   <trkpt lat="49.1465" lon="12.569910000000002">
    <ele>505.06000000000006</ele>
   </trkpt>
   <trkpt lat="49.14663" lon="12.570770000000001">
    <ele>503.48</ele>
   </trkpt>
   <trkpt lat="49.146855005148645" lon="12.571859995141422">
    <ele>504.74000000000007</ele>
   </trkpt>
   <trkpt lat="49.14708" lon="12.57295">
    <ele>505.87</ele>
   </trkpt>
   <trkpt lat="49.14738334460723" lon="12.574093319280424">
    <ele>504.24</ele>
   </trkpt>
   <trkpt lat="49.147686677926345" lon="12.575236652559934">
    <ele>499.01000000000005</ele>
   </trkpt>
   <trkpt lat="49.14799000000001" lon="12.57638">
    <ele>492.67</ele>
   </trkpt>
   <trkpt lat="49.14824000297679" lon="12.577199996103882">
    <ele>489.72</ele>
   </trkpt>
   <trkpt lat="49.14849" lon="12.57802">
    <ele>484.78000000000003</ele>
   </trkpt>
   <trkpt lat="49.148760002956855" lon="12.578849995422887">
    <ele>479.6</ele>
   </trkpt>
   <trkpt lat="49.14903" lon="12.579680000000002">
    <ele>476.64000000000004</ele>
   </trkpt>
   <trkpt lat="49.14940500529964" lon="12.580789991538932">
    <ele>469.41</ele>
   </trkpt>
   <trkpt lat="49.14978000000001" lon="12.581900000000001">
    <ele>465.67</ele>
   </trkpt>
   <trkpt lat="49.149910000000006" lon="12.582370000000001">
    <ele>461.94</ele>
   </trkpt>
   <trkpt lat="49.150000000000006" lon="12.582880000000001">
    <ele>458.66</ele>
   </trkpt>
   <trkpt lat="49.15005500241766" lon="12.58362999901734">
    <ele>455.56</ele>
   </trkpt>
   <trkpt lat="49.150110000000005" lon="12.584380000000001">
    <ele>452.94000000000005</ele>
   </trkpt>
   <trkpt lat="49.150240000000004" lon="12.584990000000001">
    <ele>448.87000000000006</ele>
   </trkpt>
   <trkpt lat="49.15037" lon="12.585400000000002">
    <ele>445.96000000000004</ele>
   </trkpt>
   <trkpt lat="49.15048" lon="12.585680000000002">
    <ele>444.55000000000007</ele>
   </trkpt>
   <trkpt lat="49.15064" lon="12.58595">
    <ele>443.69</ele>
   </trkpt>
   <trkpt lat="49.15090000000001" lon="12.586310000000001">
    <ele>443.38000000000005</ele>
   </trkpt>
   <trkpt lat="49.15111" lon="12.586530000000002">
    <ele>443.57</ele>
   </trkpt>
   <trkpt lat="49.151250000000005" lon="12.58665">
    <ele>443.68</ele>
   </trkpt>
   <trkpt lat="49.15149" lon="12.586810000000002">
    <ele>444.12</ele>
   </trkpt>
   <trkpt lat="49.151860000000006" lon="12.58697">
    <ele>444.59000000000003</ele>
   </trkpt>
   <trkpt lat="49.152480000000004" lon="12.58708">
    <ele>444.75</ele>
   </trkpt>
   <trkpt lat="49.15285" lon="12.587200000000001">
    <ele>444.40000000000003</ele>
   </trkpt>
   <trkpt lat="49.1531" lon="12.587320000000002">
    <ele>443.89000000000004</ele>
   </trkpt>
   <trkpt lat="49.153690000000005" lon="12.587760000000001">
    <ele>441.84</ele>
   </trkpt>
   <trkpt lat="49.15429500380543" lon="12.588302480116875">
    <ele>438.73</ele>
   </trkpt>
   <trkpt lat="49.15490000506965" lon="12.588844973484896">
    <ele>437.47</ele>
   </trkpt>
   <trkpt lat="49.155505003792506" lon="12.589387480104621">
    <ele>433.39000000000004</ele>
   </trkpt>
   <trkpt lat="49.156110000000005" lon="12.58993">
    <ele>430.01000000000005</ele>
   </trkpt>
   <trkpt lat="49.15652500064727" lon="12.590329996606682">
    <ele>426.62000000000006</ele>
   </trkpt>
   <trkpt lat="49.156940000000006" lon="12.59073">
    <ele>424.91</ele>
   </trkpt>
   <trkpt lat="49.15719000000001" lon="12.590900000000001">
    <ele>423.17</ele>
   </trkpt>
   <trkpt lat="49.15742" lon="12.59102">
    <ele>422.83000000000004</ele>
   </trkpt>
   <trkpt lat="49.15785" lon="12.591230000000001">
    <ele>424.06000000000006</ele>
   </trkpt>
   <trkpt lat="49.15839500007946" lon="12.591414997941138">
    <ele>422.83000000000004</ele>
   </trkpt>
   <trkpt lat="49.15894" lon="12.591600000000001">
    <ele>421.67</ele>
   </trkpt>
   <trkpt lat="49.159180000000006" lon="12.591730000000002">
    <ele>421.39000000000004</ele>
   </trkpt>
   <trkpt lat="49.159530000000004" lon="12.591990000000001">
    <ele>420.93</ele>
   </trkpt>
   <trkpt lat="49.159690000000005" lon="12.59209">
    <ele>420.82</ele>
   </trkpt>
   <trkpt lat="49.15983000000001" lon="12.59215">
    <ele>420.69</ele>
   </trkpt>
   <trkpt lat="49.16015" lon="12.592200000000002">
    <ele>420.64</ele>
   </trkpt>
   <trkpt lat="49.16024" lon="12.59223">
    <ele>420.33000000000004</ele>
   </trkpt>
   <trkpt lat="49.16035" lon="12.592300000000002">
    <ele>420.33000000000004</ele>
   </trkpt>
   <trkpt lat="49.16068500120113" lon="12.59279499686339">
    <ele>419.56000000000006</ele>
   </trkpt>
   <trkpt lat="49.16102" lon="12.593290000000001">
    <ele>418.85</ele>
   </trkpt>
   <trkpt lat="49.161480000000005" lon="12.59415">
    <ele>419.04</ele>
   </trkpt>
   <trkpt lat="49.1617" lon="12.59467">
    <ele>419.27000000000004</ele>
   </trkpt>
   <trkpt lat="49.161770000000004" lon="12.59486">
    <ele>419.27000000000004</ele>
   </trkpt>
   <trkpt lat="49.161730000000006" lon="12.5949">
    <ele>419.46000000000004</ele>
   </trkpt>
   <trkpt lat="49.161840000000005" lon="12.595270000000001">
    <ele>419.48</ele>
   </trkpt>
   <trkpt lat="49.161880000000004" lon="12.595490000000002">
    <ele>419.48</ele>
   </trkpt>
   <trkpt lat="49.16192" lon="12.595880000000001">
    <ele>419.17</ele>
   </trkpt>
   <trkpt lat="49.161950000000004" lon="12.596490000000001">
    <ele>418.46000000000004</ele>
   </trkpt>
   <trkpt lat="49.16203" lon="12.597090000000001">
    <ele>417.44</ele>
   </trkpt>
   <trkpt lat="49.16214" lon="12.597690000000002">
    <ele>416.07000000000005</ele>
   </trkpt>
   <trkpt lat="49.16228" lon="12.5982">
    <ele>415.04</ele>
   </trkpt>
   <trkpt lat="49.16246" lon="12.598720000000002">
    <ele>413.88</ele>
   </trkpt>
   <trkpt lat="49.16273" lon="12.599380000000002">
    <ele>412.38</ele>
   </trkpt>
   <trkpt lat="49.16293" lon="12.59979">
    <ele>410.42</ele>
   </trkpt>
   <trkpt lat="49.163270000000004" lon="12.60054">
    <ele>404.39000000000004</ele>
   </trkpt>
   <trkpt lat="49.16348000000001" lon="12.601160000000002">
    <ele>401.18</ele>
   </trkpt>
   <trkpt lat="49.163650000000004" lon="12.601930000000001">
    <ele>397.89</ele>
   </trkpt>
   <trkpt lat="49.16376" lon="12.602760000000002">
    <ele>391.99</ele>
   </trkpt>
   <trkpt lat="49.16386000000001" lon="12.60392">
    <ele>389.3</ele>
   </trkpt>
   <trkpt lat="49.16395000000001" lon="12.60449">
    <ele>388.14000000000004</ele>
   </trkpt>
   <trkpt lat="49.16416" lon="12.605110000000002">
    <ele>387.8</ele>
   </trkpt>
   <trkpt lat="49.16460000000001" lon="12.60626">
    <ele>388.24</ele>
   </trkpt>
   <trkpt lat="49.164770000000004" lon="12.606650000000002">
    <ele>388.47</ele>
   </trkpt>
   <trkpt lat="49.16517" lon="12.60729">
    <ele>389.99000000000007</ele>
   </trkpt>
   <trkpt lat="49.165580000000006" lon="12.607840000000001">
    <ele>393.48</ele>
   </trkpt>
   <trkpt lat="49.16563000000001" lon="12.60796">
    <ele>393.8</ele>
   </trkpt>
   <trkpt lat="49.16563000000001" lon="12.608110000000002">
    <ele>393.8</ele>
   </trkpt>
   <trkpt lat="49.16537" lon="12.609010000000001">
    <ele>395.53000000000003</ele>
   </trkpt>
   <trkpt lat="49.16532" lon="12.60931">
    <ele>395.94</ele>
   </trkpt>
   <trkpt lat="49.1653" lon="12.609800000000002">
    <ele>396.23</ele>
   </trkpt>
   <trkpt lat="49.165350000000004" lon="12.610180000000001">
    <ele>397.34000000000003</ele>
   </trkpt>
   <trkpt lat="49.16536000000001" lon="12.61045">
    <ele>397.74</ele>
   </trkpt>
   <trkpt lat="49.16543" lon="12.61072">
    <ele>398.56</ele>
   </trkpt>
   <trkpt lat="49.16563000000001" lon="12.61128">
    <ele>400.13000000000005</ele>
   </trkpt>
   <trkpt lat="49.165890000000005" lon="12.611860000000002">
    <ele>402.95000000000005</ele>
   </trkpt>
   <trkpt lat="49.166090000000004" lon="12.61222">
    <ele>404.23</ele>
   </trkpt>
   <trkpt lat="49.166500000000006" lon="12.612820000000001">
    <ele>407.16</ele>
   </trkpt>
   <trkpt lat="49.16664" lon="12.612960000000001">
    <ele>407.53000000000003</ele>
   </trkpt>
   <trkpt lat="49.16666000000001" lon="12.61331">
    <ele>408.35</ele>
   </trkpt>
   <trkpt lat="49.16678" lon="12.614080000000001">
    <ele>408.89000000000004</ele>
   </trkpt>
   <trkpt lat="49.166810000000005" lon="12.614120000000002">
    <ele>408.89000000000004</ele>
   </trkpt>
   <trkpt lat="49.16684" lon="12.614130000000001">
    <ele>409.06</ele>
   </trkpt>
   <trkpt lat="49.167530000000006" lon="12.61381">
    <ele>411.15000000000003</ele>
   </trkpt>
   <trkpt lat="49.16804500094944" lon="12.614269995247396">
    <ele>412.69000000000005</ele>
   </trkpt>
   <trkpt lat="49.16856000000001" lon="12.614730000000002">
    <ele>412.76</ele>
   </trkpt>
   <trkpt lat="49.16910000000001" lon="12.615310000000001">
    <ele>410.87</ele>
   </trkpt>
   <trkpt lat="49.169610000000006" lon="12.615920000000001">
    <ele>410.47</ele>
   </trkpt>
   <trkpt lat="49.17029" lon="12.616800000000001">
    <ele>408.89000000000004</ele>
   </trkpt>
   <trkpt lat="49.17080000000001" lon="12.61744">
    <ele>408.90000000000003</ele>
   </trkpt>
   <trkpt lat="49.17136000000001" lon="12.61805">
    <ele>410.44</ele>
   </trkpt>
   <trkpt lat="49.17159" lon="12.61823">
    <ele>410.44</ele>
   </trkpt>
   <trkpt lat="49.1719" lon="12.618580000000001">
    <ele>412.02000000000004</ele>
   </trkpt>
   <trkpt lat="49.17221000000001" lon="12.619010000000001">
    <ele>412.93</ele>
   </trkpt>
   <trkpt lat="49.172380000000004" lon="12.61935">
    <ele>414.08000000000004</ele>
   </trkpt>
   <trkpt lat="49.172160000000005" lon="12.619750000000002">
    <ele>416.72</ele>
   </trkpt>
   <trkpt lat="49.17184" lon="12.62024">
    <ele>420.61</ele>
   </trkpt>
   <trkpt lat="49.17181" lon="12.620410000000001">
    <ele>420.77000000000004</ele>
   </trkpt>
   <trkpt lat="49.17184" lon="12.620510000000001">
    <ele>420.77000000000004</ele>
   </trkpt>
   <trkpt lat="49.17213" lon="12.6209">
    <ele>421.62000000000006</ele>
   </trkpt>
   <trkpt lat="49.17222" lon="12.62105">
    <ele>422.35</ele>
   </trkpt>
   <trkpt lat="49.17228" lon="12.62124">
    <ele>423.13000000000005</ele>
   </trkpt>
   <trkpt lat="49.17230000000001" lon="12.621500000000001">
    <ele>424.92</ele>
   </trkpt>
   <trkpt lat="49.17230000000001" lon="12.621900000000002">
    <ele>426.05</ele>
   </trkpt>
   <trkpt lat="49.172270000000005" lon="12.62226">
    <ele>427.14</ele>
   </trkpt>
   <trkpt lat="49.172200000000004" lon="12.622620000000001">
    <ele>427.19</ele>
   </trkpt>
   <trkpt lat="49.172090000000004" lon="12.623000000000001">
    <ele>425.91</ele>
   </trkpt>
   <trkpt lat="49.171730000000004" lon="12.62391">
    <ele>424.2</ele>
   </trkpt>
   <trkpt lat="49.17163000000001" lon="12.624210000000001">
    <ele>421.26</ele>
   </trkpt>
   <trkpt lat="49.17148" lon="12.624810000000002">
    <ele>418.39000000000004</ele>
   </trkpt>
   <trkpt lat="49.171330000000005" lon="12.62536">
    <ele>416.92</ele>
   </trkpt>
   <trkpt lat="49.17118000000001" lon="12.625720000000001">
    <ele>415.58000000000004</ele>
   </trkpt>
   <trkpt lat="49.17101" lon="12.62606">
    <ele>414.33000000000004</ele>
   </trkpt>
   <trkpt lat="49.170840000000005" lon="12.626290000000001">
    <ele>413.83000000000004</ele>
   </trkpt>
   <trkpt lat="49.170680000000004" lon="12.626460000000002">
    <ele>413.61</ele>
   </trkpt>
   <trkpt lat="49.170500000000004" lon="12.626560000000001">
    <ele>413.39000000000004</ele>
   </trkpt>
   <trkpt lat="49.17033000000001" lon="12.626600000000002">
    <ele>413.31</ele>
   </trkpt>
   <trkpt lat="49.17014" lon="12.626610000000001">
    <ele>413.03</ele>
   </trkpt>
   <trkpt lat="49.16935" lon="12.62662">
    <ele>409.6</ele>
   </trkpt>
   <trkpt lat="49.169230000000006" lon="12.626640000000002">
    <ele>408.45000000000005</ele>
   </trkpt>
   <trkpt lat="49.169050000000006" lon="12.626710000000001">
    <ele>407.11</ele>
   </trkpt>
   <trkpt lat="49.16897" lon="12.62677">
    <ele>406.80000000000007</ele>
   </trkpt>
   <trkpt lat="49.168890000000005" lon="12.62691">
    <ele>406.25000000000006</ele>
   </trkpt>
   <trkpt lat="49.1689" lon="12.62734">
    <ele>404.88</ele>
   </trkpt>
   <trkpt lat="49.168980000000005" lon="12.628340000000001">
    <ele>405.56</ele>
   </trkpt>
   <trkpt lat="49.16912000000001" lon="12.62958">
    <ele>411.45000000000005</ele>
   </trkpt>
   <trkpt lat="49.16924" lon="12.63043">
    <ele>413.74000000000007</ele>
   </trkpt>
   <trkpt lat="49.16948000000001" lon="12.631120000000001">
    <ele>411.62</ele>
   </trkpt>
   <trkpt lat="49.16951" lon="12.63137">
    <ele>409.09</ele>
   </trkpt>
   <trkpt lat="49.169520000000006" lon="12.632010000000001">
    <ele>407.18</ele>
   </trkpt>
   <trkpt lat="49.16948000000001" lon="12.63225">
    <ele>406.34000000000003</ele>
   </trkpt>
   <trkpt lat="49.169180000000004" lon="12.633220000000001">
    <ele>401.84000000000003</ele>
   </trkpt>
   <trkpt lat="49.16915" lon="12.633420000000001">
    <ele>401.84000000000003</ele>
   </trkpt>
   <trkpt lat="49.169140000000006" lon="12.633610000000001">
    <ele>401.08000000000004</ele>
   </trkpt>
   <trkpt lat="49.16931" lon="12.634260000000001">
    <ele>399.35</ele>
   </trkpt>
   <trkpt lat="49.169320000000006" lon="12.634530000000002">
    <ele>398.62</ele>
   </trkpt>
   <trkpt lat="49.16930000000001" lon="12.634590000000001">
    <ele>398.62</ele>
   </trkpt>
   <trkpt lat="49.169270000000004" lon="12.6346">
    <ele>398.62</ele>
   </trkpt>
   <trkpt lat="49.168940000000006" lon="12.634620000000002">
    <ele>398.29</ele>
   </trkpt>
   <trkpt lat="49.16883000000001" lon="12.634670000000002">
    <ele>398.3</ele>
   </trkpt>
   <trkpt lat="49.168710000000004" lon="12.63475">
    <ele>397.83</ele>
   </trkpt>
   <trkpt lat="49.168620000000004" lon="12.634870000000001">
    <ele>397.59000000000003</ele>
   </trkpt>
   <trkpt lat="49.168600000000005" lon="12.635000000000002">
    <ele>397.5400000000001</ele>
   </trkpt>
   <trkpt lat="49.168580000000006" lon="12.635750000000002">
    <ele>397.26000000000005</ele>
   </trkpt>
   <trkpt lat="49.168490000000006" lon="12.636120000000002">
    <ele>397.34000000000003</ele>
   </trkpt>
   <trkpt lat="49.16808" lon="12.637">
    <ele>397.78000000000003</ele>
   </trkpt>
   <trkpt lat="49.16801" lon="12.637210000000001">
    <ele>397.95000000000005</ele>
   </trkpt>
   <trkpt lat="49.168000000000006" lon="12.637640000000001">
    <ele>399.22</ele>
   </trkpt>
   <trkpt lat="49.16812" lon="12.63807">
    <ele>399.4800000000001</ele>
   </trkpt>
   <trkpt lat="49.167970000000004" lon="12.638330000000002">
    <ele>400.1</ele>
   </trkpt>
   <trkpt lat="49.16796" lon="12.638490000000001">
    <ele>400.1</ele>
   </trkpt>
   <trkpt lat="49.16798000000001" lon="12.63925">
    <ele>401.41</ele>
   </trkpt>
   <trkpt lat="49.167950000000005" lon="12.63957">
    <ele>403.09000000000003</ele>
   </trkpt>
   <trkpt lat="49.16783" lon="12.64018">
    <ele>405.11</ele>
   </trkpt>
   <trkpt lat="49.167660000000005" lon="12.640820000000001">
    <ele>406.03000000000003</ele>
   </trkpt>
   <trkpt lat="49.167590000000004" lon="12.641160000000001">
    <ele>408.22</ele>
   </trkpt>
   <trkpt lat="49.167565003156874" lon="12.642015000402369">
    <ele>410.30000000000007</ele>
   </trkpt>
   <trkpt lat="49.16754" lon="12.64287">
    <ele>412.43</ele>
   </trkpt>
   <trkpt lat="49.167570000000005" lon="12.64347">
    <ele>414.25</ele>
   </trkpt>
   <trkpt lat="49.167645002085564" lon="12.644164998949343">
    <ele>415.72</ele>
   </trkpt>
   <trkpt lat="49.16772" lon="12.644860000000001">
    <ele>416.80000000000007</ele>
   </trkpt>
   <trkpt lat="49.16778" lon="12.645090000000001">
    <ele>417.07000000000005</ele>
   </trkpt>
   <trkpt lat="49.16783" lon="12.645180000000002">
    <ele>417.41</ele>
   </trkpt>
   <trkpt lat="49.1679" lon="12.64525">
    <ele>417.62000000000006</ele>
   </trkpt>
   <trkpt lat="49.167840000000005" lon="12.645620000000001">
    <ele>419.46000000000004</ele>
   </trkpt>
   <trkpt lat="49.167840000000005" lon="12.645760000000001">
    <ele>419.46000000000004</ele>
   </trkpt>
   <trkpt lat="49.16760000000001" lon="12.64591">
    <ele>420.47</ele>
   </trkpt>
   <trkpt lat="49.16749" lon="12.645990000000001">
    <ele>421.78000000000003</ele>
   </trkpt>
   <trkpt lat="49.16731" lon="12.646260000000002">
    <ele>423.28000000000003</ele>
   </trkpt>
   <trkpt lat="49.16700500165628" lon="12.646885003911684">
    <ele>427.42</ele>
   </trkpt>
   <trkpt lat="49.166700000000006" lon="12.64751">
    <ele>429.58</ele>
   </trkpt>
   <trkpt lat="49.166790000000006" lon="12.64775">
    <ele>430.2300000000001</ele>
   </trkpt>
   <trkpt lat="49.166850000000004" lon="12.64811">
    <ele>432.19</ele>
   </trkpt>
   <trkpt lat="49.16705" lon="12.648460000000002">
    <ele>436.8</ele>
   </trkpt>
   <trkpt lat="49.16709" lon="12.64858">
    <ele>436.8</ele>
   </trkpt>
   <trkpt lat="49.16709" lon="12.648670000000001">
    <ele>436.8</ele>
   </trkpt>
   <trkpt lat="49.166940000000004" lon="12.649130000000001">
    <ele>437.47</ele>
   </trkpt>
   <trkpt lat="49.167190000000005" lon="12.649170000000002">
    <ele>436.27000000000004</ele>
   </trkpt>
   <trkpt lat="49.167880000000004" lon="12.6491">
    <ele>429.47</ele>
   </trkpt>
   <trkpt lat="49.167910000000006" lon="12.649120000000002">
    <ele>429.47</ele>
   </trkpt>
   <trkpt lat="49.16798000000001" lon="12.649090000000001">
    <ele>428.09000000000003</ele>
   </trkpt>
   <trkpt lat="49.168150000000004" lon="12.649090000000001">
    <ele>427.18000000000006</ele>
   </trkpt>
   <trkpt lat="49.168670000000006" lon="12.64916">
    <ele>422.6</ele>
   </trkpt>
   <trkpt lat="49.16865000000001" lon="12.64952">
    <ele>424.13</ele>
   </trkpt>
   <trkpt lat="49.16866" lon="12.64981">
    <ele>424.13</ele>
   </trkpt>
   <trkpt lat="49.16872000000001" lon="12.650350000000001">
    <ele>426.64</ele>
   </trkpt>
   <trkpt lat="49.16884" lon="12.65099">
    <ele>427.24</ele>
   </trkpt>
   <trkpt lat="49.169000000000004" lon="12.65201">
    <ele>429.99</ele>
   </trkpt>
   <trkpt lat="49.16899" lon="12.652840000000001">
    <ele>432.37</ele>
   </trkpt>
   <trkpt lat="49.16893" lon="12.65333">
    <ele>434.56000000000006</ele>
   </trkpt>
   <trkpt lat="49.16861" lon="12.654530000000001">
    <ele>437.25</ele>
   </trkpt>
   <trkpt lat="49.16834" lon="12.655690000000002">
    <ele>439.79</ele>
   </trkpt>
   <trkpt lat="49.16825000000001" lon="12.656400000000001">
    <ele>440.86</ele>
   </trkpt>
   <trkpt lat="49.16821" lon="12.65689">
    <ele>441.53000000000003</ele>
   </trkpt>
   <trkpt lat="49.168130000000005" lon="12.6577">
    <ele>442.13</ele>
   </trkpt>
   <trkpt lat="49.168000000000006" lon="12.6582">
    <ele>442.78000000000003</ele>
   </trkpt>
   <trkpt lat="49.16785" lon="12.65859">
    <ele>443.20000000000005</ele>
   </trkpt>
   <trkpt lat="49.16769000000001" lon="12.658880000000002">
    <ele>443.49000000000007</ele>
   </trkpt>
   <trkpt lat="49.167500000000004" lon="12.65914">
    <ele>443.99000000000007</ele>
   </trkpt>
   <trkpt lat="49.16731" lon="12.65933">
    <ele>444.57</ele>
   </trkpt>
   <trkpt lat="49.16702" lon="12.65952">
    <ele>445.96000000000004</ele>
   </trkpt>
   <trkpt lat="49.16651500037575" lon="12.65980500289255">
    <ele>446.67</ele>
   </trkpt>
   <trkpt lat="49.16601000000001" lon="12.66009">
    <ele>447.34000000000003</ele>
   </trkpt>
   <trkpt lat="49.16588" lon="12.660210000000001">
    <ele>447.34000000000003</ele>
   </trkpt>
   <trkpt lat="49.165800000000004" lon="12.66036">
    <ele>447.51</ele>
   </trkpt>
   <trkpt lat="49.165710000000004" lon="12.660680000000001">
    <ele>447.5</ele>
   </trkpt>
   <trkpt lat="49.16557" lon="12.66144">
    <ele>447.23</ele>
   </trkpt>
   <trkpt lat="49.1655" lon="12.66196">
    <ele>446.68</ele>
   </trkpt>
   <trkpt lat="49.1655" lon="12.66228">
    <ele>446.06</ele>
   </trkpt>
   <trkpt lat="49.165560000000006" lon="12.66258">
    <ele>445.88000000000005</ele>
   </trkpt>
   <trkpt lat="49.165710000000004" lon="12.662980000000001">
    <ele>445.58000000000004</ele>
   </trkpt>
   <trkpt lat="49.165760000000006" lon="12.663260000000001">
    <ele>445.8</ele>
   </trkpt>
   <trkpt lat="49.16575" lon="12.66402">
    <ele>447.82000000000005</ele>
   </trkpt>
   <trkpt lat="49.165710000000004" lon="12.664240000000001">
    <ele>448.16</ele>
   </trkpt>
   <trkpt lat="49.16559" lon="12.664650000000002">
    <ele>448.70000000000005</ele>
   </trkpt>
   <trkpt lat="49.16555" lon="12.66506">
    <ele>449.09000000000003</ele>
   </trkpt>
   <trkpt lat="49.16574000000001" lon="12.66613">
    <ele>449.43000000000006</ele>
   </trkpt>
   <trkpt lat="49.16586" lon="12.666590000000001">
    <ele>448.84000000000003</ele>
   </trkpt>
   <trkpt lat="49.16599" lon="12.66694">
    <ele>447.91</ele>
   </trkpt>
   <trkpt lat="49.16644" lon="12.66788">
    <ele>448.56</ele>
   </trkpt>
   <trkpt lat="49.166520000000006" lon="12.66815">
    <ele>449.58000000000004</ele>
   </trkpt>
   <trkpt lat="49.16662" lon="12.668590000000002">
    <ele>451.78000000000003</ele>
   </trkpt>
   <trkpt lat="49.16667" lon="12.668940000000001">
    <ele>453.16</ele>
   </trkpt>
   <trkpt lat="49.16669" lon="12.669540000000001">
    <ele>454.57</ele>
   </trkpt>
   <trkpt lat="49.166650000000004" lon="12.669960000000001">
    <ele>454.64000000000004</ele>
   </trkpt>
   <trkpt lat="49.16658" lon="12.670340000000001">
    <ele>454.45</ele>
   </trkpt>
   <trkpt lat="49.16639000000001" lon="12.671000000000001">
    <ele>453.58000000000004</ele>
   </trkpt>
   <trkpt lat="49.16606" lon="12.67195">
    <ele>452.79</ele>
   </trkpt>
   <trkpt lat="49.16567000353624" lon="12.672850006997976">
    <ele>451.47</ele>
   </trkpt>
   <trkpt lat="49.16528" lon="12.673750000000002">
    <ele>450.31000000000006</ele>
   </trkpt>
   <trkpt lat="49.16517" lon="12.67425">
    <ele>449.13</ele>
   </trkpt>
   <trkpt lat="49.16514" lon="12.67477">
    <ele>448.83000000000004</ele>
   </trkpt>
   <trkpt lat="49.16516000000001" lon="12.67509">
    <ele>448.26000000000005</ele>
   </trkpt>
   <trkpt lat="49.165240000000004" lon="12.67557">
    <ele>447.36</ele>
   </trkpt>
   <trkpt lat="49.16539" lon="12.675980000000001">
    <ele>446.07</ele>
   </trkpt>
   <trkpt lat="49.16565000000001" lon="12.676430000000002">
    <ele>444.45</ele>
   </trkpt>
   <trkpt lat="49.16604500108454" lon="12.676899996406387">
    <ele>440.86</ele>
   </trkpt>
   <trkpt lat="49.16644" lon="12.677370000000002">
    <ele>437.91</ele>
   </trkpt>
   <trkpt lat="49.16657000000001" lon="12.677600000000002">
    <ele>437.34000000000003</ele>
   </trkpt>
   <trkpt lat="49.166760000000004" lon="12.678020000000002">
    <ele>436.65000000000003</ele>
   </trkpt>
   <trkpt lat="49.16686000000001" lon="12.678370000000001">
    <ele>436.61000000000007</ele>
   </trkpt>
   <trkpt lat="49.16702" lon="12.67909">
    <ele>437.4</ele>
   </trkpt>
   <trkpt lat="49.167410000000004" lon="12.679630000000001">
    <ele>437.99</ele>
   </trkpt>
   <trkpt lat="49.16756" lon="12.67988">
    <ele>438.11000000000007</ele>
   </trkpt>
   <trkpt lat="49.167680000000004" lon="12.68012">
    <ele>438.19</ele>
   </trkpt>
   <trkpt lat="49.1679" lon="12.68077">
    <ele>437.99</ele>
   </trkpt>
   <trkpt lat="49.167930000000005" lon="12.680980000000002">
    <ele>437.94000000000005</ele>
   </trkpt>
   <trkpt lat="49.168014023640474" lon="12.682149992075866">
    <ele>438.26000000000005</ele>
   </trkpt>
   <trkpt lat="49.16809803546136" lon="12.683319988122477">
    <ele>438.6</ele>
   </trkpt>
   <trkpt lat="49.16818203546261" lon="12.684489988139296">
    <ele>437.58000000000004</ele>
   </trkpt>
   <trkpt lat="49.16826602364412" lon="12.6856599921258">
    <ele>436.20000000000005</ele>
   </trkpt>
   <trkpt lat="49.168350000000004" lon="12.68683">
    <ele>434.3</ele>
   </trkpt>
   <trkpt lat="49.168330000000005" lon="12.687170000000002">
    <ele>434.3</ele>
   </trkpt>
   <trkpt lat="49.168330000000005" lon="12.6872">
    <ele>434.25</ele>
   </trkpt>
   <trkpt lat="49.1683" lon="12.687660000000001">
    <ele>432.38000000000005</ele>
   </trkpt>
   <trkpt lat="49.16816000000001" lon="12.688300000000002">
    <ele>431.08</ele>
   </trkpt>
   <trkpt lat="49.1681" lon="12.688790000000001">
    <ele>429.93</ele>
   </trkpt>
   <trkpt lat="49.16807000290565" lon="12.689610000422027">
    <ele>427.64</ele>
   </trkpt>
   <trkpt lat="49.168040000000005" lon="12.690430000000001">
    <ele>426.14</ele>
   </trkpt>
   <trkpt lat="49.16805" lon="12.690970000000002">
    <ele>424.36</ele>
   </trkpt>
   <trkpt lat="49.168130000000005" lon="12.691840000000001">
    <ele>421.75</ele>
   </trkpt>
   <trkpt lat="49.16823" lon="12.69218">
    <ele>420.09000000000003</ele>
   </trkpt>
   <trkpt lat="49.16862500338897" lon="12.693069992830413">
    <ele>415.37</ele>
   </trkpt>
   <trkpt lat="49.16902" lon="12.69396">
    <ele>412.45000000000005</ele>
   </trkpt>
   <trkpt lat="49.16922" lon="12.694270000000001">
    <ele>411.63000000000005</ele>
   </trkpt>
   <trkpt lat="49.16935" lon="12.694420000000001">
    <ele>411.04</ele>
   </trkpt>
   <trkpt lat="49.16995000000001" lon="12.69494">
    <ele>410.2</ele>
   </trkpt>
   <trkpt lat="49.16942" lon="12.69602">
    <ele>408.06</ele>
   </trkpt>
   <trkpt lat="49.16910000000001" lon="12.696510000000002">
    <ele>407.55</ele>
   </trkpt>
   <trkpt lat="49.168890000000005" lon="12.696890000000002">
    <ele>407.29</ele>
   </trkpt>
   <trkpt lat="49.16872000000001" lon="12.697560000000001">
    <ele>406.86000000000007</ele>
   </trkpt>
   <trkpt lat="49.16866" lon="12.69772">
    <ele>406.86000000000007</ele>
   </trkpt>
   <trkpt lat="49.16856000000001" lon="12.697920000000002">
    <ele>406.91</ele>
   </trkpt>
   <trkpt lat="49.168380000000006" lon="12.698120000000001">
    <ele>407.1</ele>
   </trkpt>
   <trkpt lat="49.16801" lon="12.698390000000002">
    <ele>408.57000000000005</ele>
   </trkpt>
   <trkpt lat="49.167840000000005" lon="12.698570000000002">
    <ele>409.09</ele>
   </trkpt>
   <trkpt lat="49.16761" lon="12.699000000000002">
    <ele>410.38</ele>
   </trkpt>
   <trkpt lat="49.167500000000004" lon="12.69926">
    <ele>411.09</ele>
   </trkpt>
   <trkpt lat="49.16738" lon="12.699720000000001">
    <ele>411.34000000000003</ele>
   </trkpt>
   <trkpt lat="49.16734" lon="12.70006">
    <ele>412.17</ele>
   </trkpt>
   <trkpt lat="49.16733000000001" lon="12.700520000000001">
    <ele>412.52000000000004</ele>
   </trkpt>
   <trkpt lat="49.16742500236842" lon="12.701259998613738">
    <ele>411.44</ele>
   </trkpt>
   <trkpt lat="49.16752" lon="12.702000000000002">
    <ele>408.28000000000003</ele>
   </trkpt>
   <trkpt lat="49.167555003045884" lon="12.702839999397305">
    <ele>404.97</ele>
   </trkpt>
   <trkpt lat="49.167590000000004" lon="12.70368">
    <ele>401.34000000000003</ele>
   </trkpt>
   <trkpt lat="49.16761500333955" lon="12.704559999424731">
    <ele>399.76000000000005</ele>
   </trkpt>
   <trkpt lat="49.167640000000006" lon="12.705440000000001">
    <ele>400.61</ele>
   </trkpt>
   <trkpt lat="49.16762000000001" lon="12.7057">
    <ele>400.9800000000001</ele>
   </trkpt>
   <trkpt lat="49.16751500217223" lon="12.706405001317359">
    <ele>402.93</ele>
   </trkpt>
   <trkpt lat="49.167410000000004" lon="12.707110000000002">
    <ele>407.0</ele>
   </trkpt>
   <trkpt lat="49.1674" lon="12.707650000000001">
    <ele>411.86000000000007</ele>
   </trkpt>
   <trkpt lat="49.16742000000001" lon="12.708250000000001">
    <ele>413.25</ele>
   </trkpt>
   <trkpt lat="49.167410000000004" lon="12.708870000000001">
    <ele>415.91</ele>
   </trkpt>
   <trkpt lat="49.16734" lon="12.709480000000001">
    <ele>417.05</ele>
   </trkpt>
   <trkpt lat="49.16724000000001" lon="12.70992">
    <ele>417.73</ele>
   </trkpt>
   <trkpt lat="49.16714" lon="12.71025">
    <ele>418.24000000000007</ele>
   </trkpt>
   <trkpt lat="49.16689" lon="12.71081">
    <ele>418.83000000000004</ele>
   </trkpt>
   <trkpt lat="49.166720000000005" lon="12.71114">
    <ele>418.83000000000004</ele>
   </trkpt>
   <trkpt lat="49.16611000343118" lon="12.712025010830391">
    <ele>419.48</ele>
   </trkpt>
   <trkpt lat="49.1655" lon="12.71291">
    <ele>420.28000000000003</ele>
   </trkpt>
   <trkpt lat="49.165220000000005" lon="12.713410000000001">
    <ele>420.48</ele>
   </trkpt>
   <trkpt lat="49.1649" lon="12.714030000000001">
    <ele>421.17</ele>
   </trkpt>
   <trkpt lat="49.16458" lon="12.71475">
    <ele>421.67</ele>
   </trkpt>
   <trkpt lat="49.164280000000005" lon="12.715570000000001">
    <ele>422.8</ele>
   </trkpt>
   <trkpt lat="49.16395000000001" lon="12.71672">
    <ele>426.47</ele>
   </trkpt>
   <trkpt lat="49.16371334141776" lon="12.717686675841945">
    <ele>428.62000000000006</ele>
   </trkpt>
   <trkpt lat="49.163476674766834" lon="12.718653342444142">
    <ele>432.86</ele>
   </trkpt>
   <trkpt lat="49.16324" lon="12.71962">
    <ele>436.07</ele>
   </trkpt>
   <trkpt lat="49.163030000000006" lon="12.720260000000001">
    <ele>439.45000000000005</ele>
   </trkpt>
   <trkpt lat="49.16286" lon="12.720630000000002">
    <ele>440.8</ele>
   </trkpt>
   <trkpt lat="49.16272000000001" lon="12.720860000000002">
    <ele>442.26000000000005</ele>
   </trkpt>
   <trkpt lat="49.162530000000004" lon="12.721110000000001">
    <ele>443.50000000000006</ele>
   </trkpt>
   <trkpt lat="49.16232" lon="12.721330000000002">
    <ele>445.15000000000003</ele>
   </trkpt>
   <trkpt lat="49.16179" lon="12.721800000000002">
    <ele>450.07</ele>
   </trkpt>
   <trkpt lat="49.16163" lon="12.72193">
    <ele>451.16</ele>
   </trkpt>
   <trkpt lat="49.161210000000004" lon="12.7224">
    <ele>456.70000000000005</ele>
   </trkpt>
   <trkpt lat="49.16102" lon="12.722700000000001">
    <ele>458.53000000000003</ele>
   </trkpt>
   <trkpt lat="49.16078" lon="12.723270000000001">
    <ele>465.56</ele>
   </trkpt>
   <trkpt lat="49.160470000000004" lon="12.72417">
    <ele>470.68</ele>
   </trkpt>
   <trkpt lat="49.160360000000004" lon="12.72446">
    <ele>472.59000000000003</ele>
   </trkpt>
   <trkpt lat="49.16019000000001" lon="12.724770000000001">
    <ele>474.73</ele>
   </trkpt>
   <trkpt lat="49.160030000000006" lon="12.724950000000002">
    <ele>476.52000000000004</ele>
   </trkpt>
   <trkpt lat="49.15919" lon="12.725430000000001">
    <ele>479.41</ele>
   </trkpt>
   <trkpt lat="49.158820000000006" lon="12.72568">
    <ele>480.09000000000003</ele>
   </trkpt>
   <trkpt lat="49.15869000000001" lon="12.725740000000002">
    <ele>480.02000000000004</ele>
   </trkpt>
   <trkpt lat="49.158030000000004" lon="12.725890000000001">
    <ele>477.94</ele>
   </trkpt>
   <trkpt lat="49.15784000000001" lon="12.72591">
    <ele>476.90000000000003</ele>
   </trkpt>
   <trkpt lat="49.15769" lon="12.725890000000001">
    <ele>476.90000000000003</ele>
   </trkpt>
   <trkpt lat="49.157630000000005" lon="12.72587">
    <ele>476.90000000000003</ele>
   </trkpt>
   <trkpt lat="49.157000000000004" lon="12.725470000000001">
    <ele>473.13000000000005</ele>
   </trkpt>
   <trkpt lat="49.15690000000001" lon="12.725420000000002">
    <ele>473.13000000000005</ele>
   </trkpt>
   <trkpt lat="49.156850000000006" lon="12.725420000000002">
    <ele>473.13000000000005</ele>
   </trkpt>
   <trkpt lat="49.15679" lon="12.725480000000001">
    <ele>471.80000000000007</ele>
   </trkpt>
   <trkpt lat="49.15666" lon="12.72586">
    <ele>470.78000000000003</ele>
   </trkpt>
   <trkpt lat="49.15654000000001" lon="12.726160000000002">
    <ele>468.69000000000005</ele>
   </trkpt>
   <trkpt lat="49.15646" lon="12.72647">
    <ele>467.95000000000005</ele>
   </trkpt>
   <trkpt lat="49.156400000000005" lon="12.726980000000001">
    <ele>467.34000000000003</ele>
   </trkpt>
   <trkpt lat="49.156290000000006" lon="12.72822">
    <ele>466.01000000000005</ele>
   </trkpt>
   <trkpt lat="49.15621" lon="12.72896">
    <ele>463.69000000000005</ele>
   </trkpt>
   <trkpt lat="49.156110000000005" lon="12.72939">
    <ele>462.65000000000003</ele>
   </trkpt>
   <trkpt lat="49.15585" lon="12.730220000000001">
    <ele>460.06</ele>
   </trkpt>
   <trkpt lat="49.15574" lon="12.730830000000001">
    <ele>458.14000000000004</ele>
   </trkpt>
   <trkpt lat="49.15562000290395" lon="12.731645001728817">
    <ele>457.03000000000003</ele>
   </trkpt>
   <trkpt lat="49.1555" lon="12.732460000000001">
    <ele>451.65000000000003</ele>
   </trkpt>
   <trkpt lat="49.15526501581247" lon="12.733565015740751">
    <ele>444.68</ele>
   </trkpt>
   <trkpt lat="49.15503002108115" lon="12.734670020997264">
    <ele>441.19</ele>
   </trkpt>
   <trkpt lat="49.154795015806286" lon="12.73577501576925">
    <ele>436.77000000000004</ele>
   </trkpt>
   <trkpt lat="49.154560000000004" lon="12.736880000000001">
    <ele>435.20000000000005</ele>
   </trkpt>
   <trkpt lat="49.154450000000004" lon="12.737470000000002">
    <ele>435.38000000000005</ele>
   </trkpt>
   <trkpt lat="49.154410000000006" lon="12.73783">
    <ele>435.9</ele>
   </trkpt>
   <trkpt lat="49.154410000000006" lon="12.73831">
    <ele>436.82000000000005</ele>
   </trkpt>
   <trkpt lat="49.15447" lon="12.738930000000002">
    <ele>437.57</ele>
   </trkpt>
   <trkpt lat="49.15453" lon="12.73928">
    <ele>438.34000000000003</ele>
   </trkpt>
   <trkpt lat="49.15466000000001" lon="12.739730000000002">
    <ele>439.26000000000005</ele>
   </trkpt>
   <trkpt lat="49.15493000000001" lon="12.740450000000001">
    <ele>439.76000000000005</ele>
   </trkpt>
   <trkpt lat="49.15504000000001" lon="12.740850000000002">
    <ele>440.37</ele>
   </trkpt>
   <trkpt lat="49.155240000000006" lon="12.742040000000001">
    <ele>441.20000000000005</ele>
   </trkpt>
   <trkpt lat="49.15543402562218" lon="12.743257980930371">
    <ele>438.1</ele>
   </trkpt>
   <trkpt lat="49.155628038434415" lon="12.74447597140213">
    <ele>433.19</ele>
   </trkpt>
   <trkpt lat="49.155822038436554" lon="12.745693971414791">
    <ele>423.04</ele>
   </trkpt>
   <trkpt lat="49.15601602562836" lon="12.74691198096786">
    <ele>419.41</ele>
   </trkpt>
   <trkpt lat="49.15621" lon="12.748130000000002">
    <ele>413.82</ele>
   </trkpt>
   <trkpt lat="49.15625000000001" lon="12.748660000000001">
    <ele>411.42</ele>
   </trkpt>
   <trkpt lat="49.15628" lon="12.749640000000001">
    <ele>405.44</ele>
   </trkpt>
   <trkpt lat="49.156330000000004" lon="12.75018">
    <ele>403.67</ele>
   </trkpt>
   <trkpt lat="49.156580000000005" lon="12.751360000000002">
    <ele>402.18</ele>
   </trkpt>
   <trkpt lat="49.15664" lon="12.751830000000002">
    <ele>402.33000000000004</ele>
   </trkpt>
   <trkpt lat="49.156670000000005" lon="12.752350000000002">
    <ele>401.89000000000004</ele>
   </trkpt>
   <trkpt lat="49.156620000000004" lon="12.753150000000002">
    <ele>401.16</ele>
   </trkpt>
   <trkpt lat="49.1564900036951" lon="12.754080002720473">
    <ele>400.88</ele>
   </trkpt>
   <trkpt lat="49.15636000000001" lon="12.75501">
    <ele>399.88</ele>
   </trkpt>
   <trkpt lat="49.156220000000005" lon="12.755690000000001">
    <ele>399.6</ele>
   </trkpt>
   <trkpt lat="49.1560166733832" lon="12.756573340677406">
    <ele>398.16</ele>
   </trkpt>
   <trkpt lat="49.15581334002867" lon="12.757456674102752">
    <ele>396.77</ele>
   </trkpt>
   <trkpt lat="49.15561" lon="12.75834">
    <ele>394.79</ele>
   </trkpt>
   <trkpt lat="49.155530000000006" lon="12.758610000000001">
    <ele>394.79</ele>
   </trkpt>
   <trkpt lat="49.155350000000006" lon="12.759100000000002">
    <ele>394.25000000000006</ele>
   </trkpt>
   <trkpt lat="49.154910002887654" lon="12.759930007536068">
    <ele>392.52000000000004</ele>
   </trkpt>
   <trkpt lat="49.15447" lon="12.760760000000001">
    <ele>390.68</ele>
   </trkpt>
   <trkpt lat="49.154300000000006" lon="12.76116">
    <ele>389.8</ele>
   </trkpt>
   <trkpt lat="49.15405500362251" lon="12.7620850048455">
    <ele>388.91</ele>
   </trkpt>
   <trkpt lat="49.15381000000001" lon="12.763010000000001">
    <ele>388.07</ele>
   </trkpt>
   <trkpt lat="49.153650000000006" lon="12.763560000000002">
    <ele>388.07</ele>
   </trkpt>
   <trkpt lat="49.153780000000005" lon="12.763570000000001">
    <ele>388.26000000000005</ele>
   </trkpt>
   <trkpt lat="49.15386" lon="12.763660000000002">
    <ele>388.26000000000005</ele>
   </trkpt>
   <trkpt lat="49.15392000000001" lon="12.763770000000001">
    <ele>388.5</ele>
   </trkpt>
   <trkpt lat="49.15401000000001" lon="12.764130000000002">
    <ele>388.55</ele>
   </trkpt>
   <trkpt lat="49.154480000248796" lon="12.763930001865235">
    <ele>388.54</ele>
   </trkpt>
   <trkpt lat="49.15495000000001" lon="12.76373">
    <ele>388.41</ele>
   </trkpt>
   <trkpt lat="49.154990000000005" lon="12.763850000000001">
    <ele>388.41</ele>
   </trkpt>
   <trkpt lat="49.15504000000001" lon="12.763900000000001">
    <ele>387.41</ele>
   </trkpt>
   <trkpt lat="49.155170000000005" lon="12.763950000000001">
    <ele>387.41</ele>
   </trkpt>
   <trkpt lat="49.15561" lon="12.76407">
    <ele>384.54</ele>
   </trkpt>
   <trkpt lat="49.15567" lon="12.764120000000002">
    <ele>384.21999999999997</ele>
   </trkpt>
   <trkpt lat="49.15576" lon="12.764230000000001">
    <ele>383.93000000000006</ele>
   </trkpt>
   <trkpt lat="49.15597" lon="12.764740000000002">
    <ele>383.31000000000006</ele>
   </trkpt>
   <trkpt lat="49.15632" lon="12.765260000000001">
    <ele>382.97</ele>
   </trkpt>
   <trkpt lat="49.157030000000006" lon="12.765870000000001">
    <ele>382.45</ele>
   </trkpt>
   <trkpt lat="49.15749" lon="12.766050000000002">
    <ele>383.08000000000004</ele>
   </trkpt>
   <trkpt lat="49.15758" lon="12.766110000000001">
    <ele>383.11</ele>
   </trkpt>
   <trkpt lat="49.15755" lon="12.766210000000001">
    <ele>383.26000000000005</ele>
   </trkpt>
   <trkpt lat="49.15749" lon="12.766620000000001">
    <ele>382.63</ele>
   </trkpt>
   <trkpt lat="49.15744" lon="12.76726">
    <ele>382.04</ele>
   </trkpt>
   <trkpt lat="49.15746000000001" lon="12.76776">
    <ele>382.51</ele>
   </trkpt>
   <trkpt lat="49.157500000000006" lon="12.76795">
    <ele>382.51</ele>
   </trkpt>
   <trkpt lat="49.15757000000001" lon="12.7681">
    <ele>382.64000000000004</ele>
   </trkpt>
   <trkpt lat="49.157650000000004" lon="12.76823">
    <ele>382.81000000000006</ele>
   </trkpt>
   <trkpt lat="49.15762" lon="12.768460000000001">
    <ele>382.98</ele>
   </trkpt>
   <trkpt lat="49.157650000000004" lon="12.7687">
    <ele>383.07</ele>
   </trkpt>
   <trkpt lat="49.15776" lon="12.769260000000001">
    <ele>383.38000000000005</ele>
   </trkpt>
   <trkpt lat="49.158080000000005" lon="12.770240000000001">
    <ele>383.51</ele>
   </trkpt>
   <trkpt lat="49.15892000106163" lon="12.769896678294739">
    <ele>383.23</ele>
   </trkpt>
   <trkpt lat="49.15976000110541" lon="12.769553344943754">
    <ele>383.51</ele>
   </trkpt>
   <trkpt lat="49.1606" lon="12.769210000000001">
    <ele>383.43000000000006</ele>
   </trkpt>
   <trkpt lat="49.160990000000005" lon="12.769100000000002">
    <ele>383.27000000000004</ele>
   </trkpt>
   <trkpt lat="49.16123" lon="12.769010000000002">
    <ele>383.1</ele>
   </trkpt>
   <trkpt lat="49.161500000000004" lon="12.768960000000002">
    <ele>383.14000000000004</ele>
   </trkpt>
   <trkpt lat="49.161860000000004" lon="12.76895">
    <ele>383.5</ele>
   </trkpt>
   <trkpt lat="49.16223" lon="12.769020000000001">
    <ele>384.15000000000003</ele>
   </trkpt>
   <trkpt lat="49.16245000000001" lon="12.769050000000002">
    <ele>384.19</ele>
   </trkpt>
   <trkpt lat="49.162560000000006" lon="12.769020000000001">
    <ele>384.16</ele>
   </trkpt>
   <trkpt lat="49.162800000000004" lon="12.76885">
    <ele>384.16</ele>
   </trkpt>
   <trkpt lat="49.16330000000001" lon="12.76847">
    <ele>383.63</ele>
   </trkpt>
   <trkpt lat="49.16368000000001" lon="12.767980000000001">
    <ele>383.67</ele>
   </trkpt>
   <trkpt lat="49.164370000000005" lon="12.76748">
    <ele>383.43000000000006</ele>
   </trkpt>
   <trkpt lat="49.16368000000001" lon="12.767980000000001">
    <ele>383.67</ele>
   </trkpt>
   <trkpt lat="49.16330000000001" lon="12.76847">
    <ele>383.64000000000004</ele>
   </trkpt>
   <trkpt lat="49.162800000000004" lon="12.76885">
    <ele>384.16</ele>
   </trkpt>
   <trkpt lat="49.162560000000006" lon="12.769020000000001">
    <ele>384.19</ele>
   </trkpt>
   <trkpt lat="49.16245000000001" lon="12.769050000000002">
    <ele>384.19</ele>
   </trkpt>
   <trkpt lat="49.16223" lon="12.769020000000001">
    <ele>384.04</ele>
   </trkpt>
   <trkpt lat="49.161860000000004" lon="12.76895">
    <ele>383.38000000000005</ele>
   </trkpt>
   <trkpt lat="49.161500000000004" lon="12.768960000000002">
    <ele>383.14000000000004</ele>
   </trkpt>
   <trkpt lat="49.16123" lon="12.769010000000002">
    <ele>383.13</ele>
   </trkpt>
   <trkpt lat="49.160990000000005" lon="12.769100000000002">
    <ele>383.27000000000004</ele>
   </trkpt>
   <trkpt lat="49.1606" lon="12.769210000000001">
    <ele>383.51</ele>
   </trkpt>
   <trkpt lat="49.16064" lon="12.769470000000002">
    <ele>383.51</ele>
   </trkpt>
   <trkpt lat="49.16071" lon="12.77031">
    <ele>383.45</ele>
   </trkpt>
   <trkpt lat="49.16075000000001" lon="12.770660000000001">
    <ele>384.38000000000005</ele>
   </trkpt>
   <trkpt lat="49.15998000029454" lon="12.770935004286923">
    <ele>384.88000000000005</ele>
   </trkpt>
   <trkpt lat="49.15921" lon="12.771210000000002">
    <ele>384.84000000000003</ele>
   </trkpt>
   <trkpt lat="49.158910000000006" lon="12.77138">
    <ele>385.18</ele>
   </trkpt>
   <trkpt lat="49.158620000000006" lon="12.771590000000002">
    <ele>385.77000000000004</ele>
   </trkpt>
   <trkpt lat="49.15849000000001" lon="12.771700000000001">
    <ele>385.99000000000007</ele>
   </trkpt>
   <trkpt lat="49.15823" lon="12.77189">
    <ele>386.34000000000003</ele>
   </trkpt>
   <trkpt lat="49.15804000000001" lon="12.772010000000002">
    <ele>387.20000000000005</ele>
   </trkpt>
   <trkpt lat="49.157700000000006" lon="12.772170000000001">
    <ele>388.01</ele>
   </trkpt>
   <trkpt lat="49.157500000000006" lon="12.77222">
    <ele>388.01</ele>
   </trkpt>
   <trkpt lat="49.15726" lon="12.772240000000002">
    <ele>389.43000000000006</ele>
   </trkpt>
   <trkpt lat="49.156980000000004" lon="12.772210000000001">
    <ele>390.24</ele>
   </trkpt>
   <trkpt lat="49.156510000000004" lon="12.77204">
    <ele>391.1</ele>
   </trkpt>
   <trkpt lat="49.15617" lon="12.7718">
    <ele>392.35</ele>
   </trkpt>
   <trkpt lat="49.15583" lon="12.771440000000002">
    <ele>393.18</ele>
   </trkpt>
   <trkpt lat="49.15567" lon="12.771230000000001">
    <ele>393.17</ele>
   </trkpt>
   <trkpt lat="49.155480000000004" lon="12.77091">
    <ele>392.99</ele>
   </trkpt>
   <trkpt lat="49.15532" lon="12.77054">
    <ele>392.76000000000005</ele>
   </trkpt>
   <trkpt lat="49.15507000314197" lon="12.769684995636155">
    <ele>392.54</ele>
   </trkpt>
   <trkpt lat="49.15482" lon="12.768830000000001">
    <ele>392.11</ele>
   </trkpt>
   <trkpt lat="49.154720000000005" lon="12.768600000000001">
    <ele>391.97</ele>
   </trkpt>
   <trkpt lat="49.154520000000005" lon="12.7682">
    <ele>391.76000000000005</ele>
   </trkpt>
   <trkpt lat="49.154210000000006" lon="12.76776">
    <ele>391.55</ele>
   </trkpt>
   <trkpt lat="49.15391" lon="12.767470000000001">
    <ele>391.51</ele>
   </trkpt>
   <trkpt lat="49.15357" lon="12.76725">
    <ele>391.16</ele>
   </trkpt>
   <trkpt lat="49.15321" lon="12.76711">
    <ele>390.82000000000005</ele>
   </trkpt>
   <trkpt lat="49.152710000000006" lon="12.76707">
    <ele>390.22</ele>
   </trkpt>
   <trkpt lat="49.15204000000001" lon="12.76716">
    <ele>389.24</ele>
   </trkpt>
   <trkpt lat="49.15167" lon="12.767170000000002">
    <ele>388.85</ele>
   </trkpt>
   <trkpt lat="49.15133" lon="12.76715">
    <ele>388.64000000000004</ele>
   </trkpt>
   <trkpt lat="49.15077" lon="12.767040000000001">
    <ele>388.01</ele>
   </trkpt>
   <trkpt lat="49.14995000024179" lon="12.766819996367579">
    <ele>387.67</ele>
   </trkpt>
   <trkpt lat="49.14913000000001" lon="12.7666">
    <ele>387.88000000000005</ele>
   </trkpt>
   <trkpt lat="49.14865" lon="12.766520000000002">
    <ele>388.43000000000006</ele>
   </trkpt>
   <trkpt lat="49.148340000000005" lon="12.7664">
    <ele>389.04</ele>
   </trkpt>
   <trkpt lat="49.148050000000005" lon="12.766250000000001">
    <ele>389.21000000000004</ele>
   </trkpt>
   <trkpt lat="49.14725000124208" lon="12.76570499117303">
    <ele>389.78000000000003</ele>
   </trkpt>
   <trkpt lat="49.14645" lon="12.765160000000002">
    <ele>390.71000000000004</ele>
   </trkpt>
   <trkpt lat="49.14620000000001" lon="12.764970000000002">
    <ele>391.31000000000006</ele>
   </trkpt>
   <trkpt lat="49.14566500084885" lon="12.764499994833288">
    <ele>392.52000000000004</ele>
   </trkpt>
   <trkpt lat="49.14513" lon="12.764030000000002">
    <ele>393.23</ele>
   </trkpt>
   <trkpt lat="49.14481000000001" lon="12.763860000000001">
    <ele>393.28000000000003</ele>
   </trkpt>
   <trkpt lat="49.1445" lon="12.76374">
    <ele>393.28000000000003</ele>
   </trkpt>
   <trkpt lat="49.14415" lon="12.76365">
    <ele>393.41</ele>
   </trkpt>
   <trkpt lat="49.143620000000006" lon="12.76368">
    <ele>393.34000000000003</ele>
   </trkpt>
   <trkpt lat="49.14329000000001" lon="12.763710000000001">
    <ele>393.29</ele>
   </trkpt>
   <trkpt lat="49.14256" lon="12.763800000000002">
    <ele>393.33</ele>
   </trkpt>
   <trkpt lat="49.14199000000001" lon="12.763840000000002">
    <ele>393.47</ele>
   </trkpt>
   <trkpt lat="49.14168" lon="12.76383">
    <ele>393.72</ele>
   </trkpt>
   <trkpt lat="49.14126" lon="12.763760000000001">
    <ele>393.94</ele>
   </trkpt>
   <trkpt lat="49.1404883338877" lon="12.763599987544346">
    <ele>393.64000000000004</ele>
   </trkpt>
   <trkpt lat="49.13971666755431" lon="12.763439980071476">
    <ele>393.79</ele>
   </trkpt>
   <trkpt lat="49.138945000999826" lon="12.763279977581101">
    <ele>394.48</ele>
   </trkpt>
   <trkpt lat="49.13817333422427" lon="12.763119980072936">
    <ele>394.91</ele>
   </trkpt>
   <trkpt lat="49.13740166722766" lon="12.762959987546688">
    <ele>395.39</ele>
   </trkpt>
   <trkpt lat="49.136630000000004" lon="12.7628">
    <ele>396.14000000000004</ele>
   </trkpt>
   <trkpt lat="49.13606" lon="12.76274">
    <ele>396.64000000000004</ele>
   </trkpt>
   <trkpt lat="49.135450000000006" lon="12.7628">
    <ele>397.53000000000003</ele>
   </trkpt>
   <trkpt lat="49.13493000001377" lon="12.762915001215958">
    <ele>398.16</ele>
   </trkpt>
   <trkpt lat="49.13441" lon="12.76303">
    <ele>398.85</ele>
   </trkpt>
   <trkpt lat="49.13357666697024" lon="12.763223339837797">
    <ele>400.38</ele>
   </trkpt>
   <trkpt lat="49.13274333361769" lon="12.763416673175454">
    <ele>401.33</ele>
   </trkpt>
   <trkpt lat="49.131910000000005" lon="12.763610000000002">
    <ele>402.23</ele>
   </trkpt>
   <trkpt lat="49.13163" lon="12.763710000000001">
    <ele>403.33000000000004</ele>
   </trkpt>
   <trkpt lat="49.13136" lon="12.763850000000001">
    <ele>403.33000000000004</ele>
   </trkpt>
   <trkpt lat="49.130970000000005" lon="12.764090000000001">
    <ele>403.96000000000004</ele>
   </trkpt>
   <trkpt lat="49.130500000335665" lon="12.764350002440604">
    <ele>404.77000000000004</ele>
   </trkpt>
   <trkpt lat="49.130030000000005" lon="12.764610000000001">
    <ele>405.67</ele>
   </trkpt>
   <trkpt lat="49.12953" lon="12.764750000000001">
    <ele>405.89000000000004</ele>
   </trkpt>
   <trkpt lat="49.12901" lon="12.764740000000002">
    <ele>406.40000000000003</ele>
   </trkpt>
   <trkpt lat="49.12848" lon="12.76463">
    <ele>407.44</ele>
   </trkpt>
   <trkpt lat="49.12843" lon="12.764600000000002">
    <ele>407.66</ele>
   </trkpt>
   <trkpt lat="49.12838000000001" lon="12.76444">
    <ele>407.66</ele>
   </trkpt>
   <trkpt lat="49.12821" lon="12.76449">
    <ele>407.55</ele>
   </trkpt>
   <trkpt lat="49.12812" lon="12.764450000000002">
    <ele>407.55</ele>
   </trkpt>
   <trkpt lat="49.127840000000006" lon="12.76426">
    <ele>407.81</ele>
   </trkpt>
   <trkpt lat="49.12749" lon="12.763950000000001">
    <ele>407.86000000000007</ele>
   </trkpt>
   <trkpt lat="49.12688000000001" lon="12.763290000000001">
    <ele>408.04</ele>
   </trkpt>
   <trkpt lat="49.1263" lon="12.762730000000001">
    <ele>408.24000000000007</ele>
   </trkpt>
   <trkpt lat="49.12595" lon="12.762490000000001">
    <ele>408.37</ele>
   </trkpt>
   <trkpt lat="49.12538000000001" lon="12.76228">
    <ele>408.48</ele>
   </trkpt>
   <trkpt lat="49.12490499971939" lon="12.76218499902608">
    <ele>408.63000000000005</ele>
   </trkpt>
   <trkpt lat="49.124430000000004" lon="12.76209">
    <ele>409.54</ele>
   </trkpt>
   <trkpt lat="49.124210000000005" lon="12.762010000000002">
    <ele>409.96000000000004</ele>
   </trkpt>
   <trkpt lat="49.123940000000005" lon="12.761880000000001">
    <ele>410.32</ele>
   </trkpt>
   <trkpt lat="49.123540000000006" lon="12.76157">
    <ele>412.36000000000007</ele>
   </trkpt>
   <trkpt lat="49.123400000000004" lon="12.761420000000001">
    <ele>412.36000000000007</ele>
   </trkpt>
   <trkpt lat="49.12314000000001" lon="12.76016">
    <ele>412.74000000000007</ele>
   </trkpt>
   <trkpt lat="49.123110000000004" lon="12.759920000000001">
    <ele>412.52000000000004</ele>
   </trkpt>
   <trkpt lat="49.123110000000004" lon="12.75928">
    <ele>411.2</ele>
   </trkpt>
   <trkpt lat="49.12319000305531" lon="12.758440001267145">
    <ele>410.73</ele>
   </trkpt>
   <trkpt lat="49.123270000000005" lon="12.757600000000002">
    <ele>411.58000000000004</ele>
   </trkpt>
   <trkpt lat="49.123270000000005" lon="12.7573">
    <ele>412.02000000000004</ele>
   </trkpt>
   <trkpt lat="49.12324" lon="12.757040000000002">
    <ele>412.27000000000004</ele>
   </trkpt>
   <trkpt lat="49.12315" lon="12.756760000000002">
    <ele>412.40000000000003</ele>
   </trkpt>
   <trkpt lat="49.12303000000001" lon="12.756570000000002">
    <ele>412.75000000000006</ele>
   </trkpt>
   <trkpt lat="49.12283000000001" lon="12.756290000000002">
    <ele>412.83000000000004</ele>
   </trkpt>
   <trkpt lat="49.122550000000004" lon="12.755770000000002">
    <ele>413.65000000000003</ele>
   </trkpt>
   <trkpt lat="49.12218000000001" lon="12.754950000000001">
    <ele>419.46000000000004</ele>
   </trkpt>
   <trkpt lat="49.121860000000005" lon="12.75431">
    <ele>426.22</ele>
   </trkpt>
   <trkpt lat="49.12162000000001" lon="12.75403">
    <ele>430.04</ele>
   </trkpt>
   <trkpt lat="49.121010000000005" lon="12.753720000000001">
    <ele>435.4</ele>
   </trkpt>
   <trkpt lat="49.12071" lon="12.753490000000001">
    <ele>437.14000000000004</ele>
   </trkpt>
   <trkpt lat="49.12050000000001" lon="12.753190000000002">
    <ele>438.29</ele>
   </trkpt>
   <trkpt lat="49.120020000000004" lon="12.75243">
    <ele>440.22</ele>
   </trkpt>
   <trkpt lat="49.11986" lon="12.752350000000002">
    <ele>441.27000000000004</ele>
   </trkpt>
   <trkpt lat="49.119330000000005" lon="12.75223">
    <ele>444.04</ele>
   </trkpt>
   <trkpt lat="49.11907" lon="12.752070000000002">
    <ele>446.75</ele>
   </trkpt>
   <trkpt lat="49.118930000000006" lon="12.751880000000002">
    <ele>448.07</ele>
   </trkpt>
   <trkpt lat="49.11881" lon="12.751600000000002">
    <ele>450.35</ele>
   </trkpt>
   <trkpt lat="49.118770000000005" lon="12.751290000000001">
    <ele>452.54</ele>
   </trkpt>
   <trkpt lat="49.11878" lon="12.750940000000002">
    <ele>455.42</ele>
   </trkpt>
   <trkpt lat="49.11919" lon="12.749770000000002">
    <ele>462.39</ele>
   </trkpt>
   <trkpt lat="49.119260000000004" lon="12.749500000000001">
    <ele>462.95000000000005</ele>
   </trkpt>
   <trkpt lat="49.119310000000006" lon="12.749170000000001">
    <ele>464.03000000000003</ele>
   </trkpt>
   <trkpt lat="49.119330000000005" lon="12.748830000000002">
    <ele>464.31000000000006</ele>
   </trkpt>
   <trkpt lat="49.119310000000006" lon="12.74769">
    <ele>464.09000000000003</ele>
   </trkpt>
   <trkpt lat="49.11927000000001" lon="12.747230000000002">
    <ele>463.56</ele>
   </trkpt>
   <trkpt lat="49.119220000000006" lon="12.746870000000001">
    <ele>462.96000000000004</ele>
   </trkpt>
   <trkpt lat="49.119020000000006" lon="12.746290000000002">
    <ele>462.84000000000003</ele>
   </trkpt>
   <trkpt lat="49.11889000000001" lon="12.74604">
    <ele>462.81000000000006</ele>
   </trkpt>
   <trkpt lat="49.11846000202389" lon="12.74535499405757">
    <ele>464.06</ele>
   </trkpt>
   <trkpt lat="49.118030000000005" lon="12.744670000000001">
    <ele>466.88</ele>
   </trkpt>
   <trkpt lat="49.117900000000006" lon="12.74435">
    <ele>468.41</ele>
   </trkpt>
   <trkpt lat="49.117830000000005" lon="12.744040000000002">
    <ele>469.90000000000003</ele>
   </trkpt>
   <trkpt lat="49.11778" lon="12.74369">
    <ele>471.17</ele>
   </trkpt>
   <trkpt lat="49.117760000000004" lon="12.74285">
    <ele>472.89000000000004</ele>
   </trkpt>
   <trkpt lat="49.11784" lon="12.742220000000001">
    <ele>474.48</ele>
   </trkpt>
   <trkpt lat="49.11791" lon="12.741930000000002">
    <ele>475.17</ele>
   </trkpt>
   <trkpt lat="49.11807" lon="12.741410000000002">
    <ele>476.90000000000003</ele>
   </trkpt>
   <trkpt lat="49.118390000000005" lon="12.740820000000001">
    <ele>482.88</ele>
   </trkpt>
   <trkpt lat="49.118700000000004" lon="12.740340000000002">
    <ele>489.4100000000001</ele>
   </trkpt>
   <trkpt lat="49.11927000279234" lon="12.739530009367067">
    <ele>493.62000000000006</ele>
   </trkpt>
   <trkpt lat="49.11984" lon="12.73872">
    <ele>495.53000000000003</ele>
   </trkpt>
   <trkpt lat="49.12037500212288" lon="12.738020007542037">
    <ele>492.39000000000004</ele>
   </trkpt>
   <trkpt lat="49.12091" lon="12.73732">
    <ele>485.93</ele>
   </trkpt>
   <trkpt lat="49.12130500056823" lon="12.736960002859476">
    <ele>480.09000000000003</ele>
   </trkpt>
   <trkpt lat="49.121700000000004" lon="12.736600000000001">
    <ele>476.59000000000003</ele>
   </trkpt>
   <trkpt lat="49.121790000000004" lon="12.736450000000001">
    <ele>475.79</ele>
   </trkpt>
   <trkpt lat="49.121860000000005" lon="12.73628">
    <ele>475.45000000000005</ele>
   </trkpt>
   <trkpt lat="49.121900000000004" lon="12.736040000000001">
    <ele>475.08000000000004</ele>
   </trkpt>
   <trkpt lat="49.121900000000004" lon="12.734670000000001">
    <ele>478.75000000000006</ele>
   </trkpt>
   <trkpt lat="49.12194" lon="12.734420000000002">
    <ele>479.61</ele>
   </trkpt>
   <trkpt lat="49.12200000000001" lon="12.73418">
    <ele>482.35</ele>
   </trkpt>
   <trkpt lat="49.12212" lon="12.73394">
    <ele>483.68000000000006</ele>
   </trkpt>
   <trkpt lat="49.122330000000005" lon="12.73365">
    <ele>485.92</ele>
   </trkpt>
   <trkpt lat="49.1225" lon="12.733450000000001">
    <ele>487.7</ele>
   </trkpt>
   <trkpt lat="49.12266" lon="12.733300000000002">
    <ele>488.43</ele>
   </trkpt>
   <trkpt lat="49.12276000000001" lon="12.733260000000001">
    <ele>488.81</ele>
   </trkpt>
   <trkpt lat="49.12285000000001" lon="12.732650000000001">
    <ele>489.13000000000005</ele>
   </trkpt>
   <trkpt lat="49.12285000000001" lon="12.732230000000001">
    <ele>489.02000000000004</ele>
   </trkpt>
   <trkpt lat="49.1227550021947" lon="12.731514998533326">
    <ele>486.9100000000001</ele>
   </trkpt>
   <trkpt lat="49.12266" lon="12.7308">
    <ele>486.43</ele>
   </trkpt>
   <trkpt lat="49.12257" lon="12.730300000000002">
    <ele>485.30000000000007</ele>
   </trkpt>
   <trkpt lat="49.122490000000006" lon="12.73014">
    <ele>484.79</ele>
   </trkpt>
   <trkpt lat="49.122310000000006" lon="12.7299">
    <ele>484.4700000000001</ele>
   </trkpt>
   <trkpt lat="49.121860000000005" lon="12.729470000000001">
    <ele>484.61</ele>
   </trkpt>
   <trkpt lat="49.121550000000006" lon="12.7291">
    <ele>484.4700000000001</ele>
   </trkpt>
   <trkpt lat="49.12133000000001" lon="12.72877">
    <ele>484.66</ele>
   </trkpt>
   <trkpt lat="49.120990000000006" lon="12.728150000000001">
    <ele>484.66</ele>
   </trkpt>
   <trkpt lat="49.120900000000006" lon="12.727850000000002">
    <ele>484.65000000000003</ele>
   </trkpt>
   <trkpt lat="49.12069" lon="12.72672">
    <ele>485.06000000000006</ele>
   </trkpt>
   <trkpt lat="49.12062" lon="12.72601">
    <ele>485.66</ele>
   </trkpt>
   <trkpt lat="49.120580000000004" lon="12.725810000000001">
    <ele>485.66</ele>
   </trkpt>
   <trkpt lat="49.12044" lon="12.72536">
    <ele>485.82</ele>
   </trkpt>
   <trkpt lat="49.120270000000005" lon="12.72489">
    <ele>486.68000000000006</ele>
   </trkpt>
   <trkpt lat="49.1201" lon="12.72455">
    <ele>487.45000000000005</ele>
   </trkpt>
   <trkpt lat="49.11963500279537" lon="12.723759992763718">
    <ele>489.05</ele>
   </trkpt>
   <trkpt lat="49.119170000000004" lon="12.722970000000002">
    <ele>489.78000000000003</ele>
   </trkpt>
   <trkpt lat="49.11907" lon="12.722700000000001">
    <ele>490.02000000000004</ele>
   </trkpt>
   <trkpt lat="49.11894" lon="12.72216">
    <ele>491.23</ele>
   </trkpt>
   <trkpt lat="49.118840000000006" lon="12.72193">
    <ele>491.82000000000005</ele>
   </trkpt>
   <trkpt lat="49.118770000000005" lon="12.721810000000001">
    <ele>492.76000000000005</ele>
   </trkpt>
   <trkpt lat="49.11856" lon="12.721580000000001">
    <ele>492.76000000000005</ele>
   </trkpt>
   <trkpt lat="49.118140000000004" lon="12.721210000000001">
    <ele>496.35</ele>
   </trkpt>
   <trkpt lat="49.11769000035248" lon="12.720949997676124">
    <ele>498.57</ele>
   </trkpt>
   <trkpt lat="49.11724" lon="12.720690000000001">
    <ele>500.21000000000004</ele>
   </trkpt>
   <trkpt lat="49.11688" lon="12.72042">
    <ele>502.82000000000005</ele>
   </trkpt>
   <trkpt lat="49.116440000000004" lon="12.720030000000001">
    <ele>505.61</ele>
   </trkpt>
   <trkpt lat="49.115990000000004" lon="12.71954">
    <ele>507.74000000000007</ele>
   </trkpt>
   <trkpt lat="49.11563000076687" lon="12.719089996599624">
    <ele>508.30000000000007</ele>
   </trkpt>
   <trkpt lat="49.11527" lon="12.71864">
    <ele>508.78</ele>
   </trkpt>
   <trkpt lat="49.1152" lon="12.718530000000001">
    <ele>509.06000000000006</ele>
   </trkpt>
   <trkpt lat="49.11497000172334" lon="12.717914997389192">
    <ele>510.31000000000006</ele>
   </trkpt>
   <trkpt lat="49.114740000000005" lon="12.717300000000002">
    <ele>511.76</ele>
   </trkpt>
   <trkpt lat="49.11453" lon="12.71695">
    <ele>513.27</ele>
   </trkpt>
   <trkpt lat="49.11426" lon="12.716590000000002">
    <ele>513.8600000000001</ele>
   </trkpt>
   <trkpt lat="49.114050000000006" lon="12.716380000000001">
    <ele>514.94</ele>
   </trkpt>
   <trkpt lat="49.11431" lon="12.71569">
    <ele>515.81</ele>
   </trkpt>
   <trkpt lat="49.11462" lon="12.714760000000002">
    <ele>517.5300000000001</ele>
   </trkpt>
   <trkpt lat="49.114760000000004" lon="12.71409">
    <ele>518.72</ele>
   </trkpt>
   <trkpt lat="49.114850000000004" lon="12.71358">
    <ele>519.3100000000001</ele>
   </trkpt>
   <trkpt lat="49.11493" lon="12.712650000000002">
    <ele>520.35</ele>
   </trkpt>
   <trkpt lat="49.114940000000004" lon="12.71216">
    <ele>521.1300000000001</ele>
   </trkpt>
   <trkpt lat="49.11489" lon="12.71128">
    <ele>522.75</ele>
   </trkpt>
   <trkpt lat="49.114790000000006" lon="12.710490000000002">
    <ele>524.6899999999999</ele>
   </trkpt>
   <trkpt lat="49.11464" lon="12.70982">
    <ele>527.1300000000001</ele>
   </trkpt>
   <trkpt lat="49.114290000000004" lon="12.708760000000002">
    <ele>533.73</ele>
   </trkpt>
   <trkpt lat="49.113980000000005" lon="12.70803">
    <ele>539.76</ele>
   </trkpt>
   <trkpt lat="49.113780000000006" lon="12.70748">
    <ele>543.5300000000001</ele>
   </trkpt>
   <trkpt lat="49.11372" lon="12.707220000000001">
    <ele>546.0200000000001</ele>
   </trkpt>
   <trkpt lat="49.113620000000004" lon="12.706460000000002">
    <ele>551.8700000000001</ele>
   </trkpt>
   <trkpt lat="49.11361" lon="12.706130000000002">
    <ele>554.47</ele>
   </trkpt>
   <trkpt lat="49.113620000000004" lon="12.705720000000001">
    <ele>556.49</ele>
   </trkpt>
   <trkpt lat="49.113730000000004" lon="12.705060000000001">
    <ele>559.83</ele>
   </trkpt>
   <trkpt lat="49.113890000000005" lon="12.704490000000002">
    <ele>563.89</ele>
   </trkpt>
   <trkpt lat="49.114150001729975" lon="12.703850003450029">
    <ele>569.89</ele>
   </trkpt>
   <trkpt lat="49.11441000000001" lon="12.70321">
    <ele>574.0</ele>
   </trkpt>
   <trkpt lat="49.114540000000005" lon="12.70283">
    <ele>575.26</ele>
   </trkpt>
   <trkpt lat="49.114670000000004" lon="12.702100000000002">
    <ele>578.37</ele>
   </trkpt>
   <trkpt lat="49.114720000000005" lon="12.70194">
    <ele>578.37</ele>
   </trkpt>
   <trkpt lat="49.11504" lon="12.70114">
    <ele>585.53</ele>
   </trkpt>
   <trkpt lat="49.11513" lon="12.700800000000001">
    <ele>589.14</ele>
   </trkpt>
   <trkpt lat="49.115230000000004" lon="12.70024">
    <ele>593.6300000000001</ele>
   </trkpt>
   <trkpt lat="49.11525" lon="12.699990000000001">
    <ele>595.1800000000001</ele>
   </trkpt>
   <trkpt lat="49.11524000000001" lon="12.69968">
    <ele>595.1800000000001</ele>
   </trkpt>
   <trkpt lat="49.11513" lon="12.69927">
    <ele>599.58</ele>
   </trkpt>
   <trkpt lat="49.11511" lon="12.69899">
    <ele>599.58</ele>
   </trkpt>
   <trkpt lat="49.11516" lon="12.69847">
    <ele>603.94</ele>
   </trkpt>
   <trkpt lat="49.11515000000001" lon="12.698250000000002">
    <ele>604.69</ele>
   </trkpt>
   <trkpt lat="49.11511" lon="12.69809">
    <ele>606.11</ele>
   </trkpt>
   <trkpt lat="49.115010000000005" lon="12.697890000000001">
    <ele>606.11</ele>
   </trkpt>
   <trkpt lat="49.11495000000001" lon="12.697840000000001">
    <ele>608.1500000000001</ele>
   </trkpt>
   <trkpt lat="49.11475" lon="12.697750000000001">
    <ele>608.1500000000001</ele>
   </trkpt>
   <trkpt lat="49.11392000000001" lon="12.697700000000001">
    <ele>615.3100000000001</ele>
   </trkpt>
   <trkpt lat="49.113800000000005" lon="12.69767">
    <ele>615.3100000000001</ele>
   </trkpt>
   <trkpt lat="49.11375" lon="12.697640000000002">
    <ele>615.3100000000001</ele>
   </trkpt>
   <trkpt lat="49.11365000000001" lon="12.69752">
    <ele>617.84</ele>
   </trkpt>
   <trkpt lat="49.11359" lon="12.697330000000001">
    <ele>617.84</ele>
   </trkpt>
   <trkpt lat="49.113620000000004" lon="12.697030000000002">
    <ele>619.33</ele>
   </trkpt>
   <trkpt lat="49.113530000000004" lon="12.697000000000001">
    <ele>619.33</ele>
   </trkpt>
   <trkpt lat="49.11296000017955" lon="12.697025000279494">
    <ele>621.4000000000001</ele>
   </trkpt>
   <trkpt lat="49.112390000000005" lon="12.69705">
    <ele>622.1500000000001</ele>
   </trkpt>
   <trkpt lat="49.11169" lon="12.69705">
    <ele>620.92</ele>
   </trkpt>
   <trkpt lat="49.11150000000001" lon="12.696990000000001">
    <ele>620.8800000000001</ele>
   </trkpt>
   <trkpt lat="49.11133" lon="12.69688">
    <ele>620.59</ele>
   </trkpt>
   <trkpt lat="49.11084" lon="12.69641">
    <ele>615.65</ele>
   </trkpt>
   <trkpt lat="49.110600000000005" lon="12.696040000000002">
    <ele>612.58</ele>
   </trkpt>
   <trkpt lat="49.110490000000006" lon="12.695710000000002">
    <ele>610.3400000000001</ele>
   </trkpt>
   <trkpt lat="49.11026001064393" lon="12.69459998971942">
    <ele>603.38</ele>
   </trkpt>
   <trkpt lat="49.110030010646135" lon="12.693489989730262">
    <ele>593.1</ele>
   </trkpt>
   <trkpt lat="49.10980000000001" lon="12.692380000000002">
    <ele>585.19</ele>
   </trkpt>
   <trkpt lat="49.10965" lon="12.691920000000001">
    <ele>580.85</ele>
   </trkpt>
   <trkpt lat="49.109550000000006" lon="12.69171">
    <ele>580.4</ele>
   </trkpt>
   <trkpt lat="49.10949" lon="12.69161">
    <ele>579.5600000000001</ele>
   </trkpt>
   <trkpt lat="49.10931" lon="12.69139">
    <ele>578.2900000000001</ele>
   </trkpt>
   <trkpt lat="49.10905" lon="12.691210000000002">
    <ele>575.76</ele>
   </trkpt>
   <trkpt lat="49.108310000249666" lon="12.690934995869966">
    <ele>571.32</ele>
   </trkpt>
   <trkpt lat="49.10757" lon="12.690660000000001">
    <ele>565.6</ele>
   </trkpt>
   <trkpt lat="49.10748" lon="12.690600000000002">
    <ele>564.91</ele>
   </trkpt>
   <trkpt lat="49.107330000000005" lon="12.69044">
    <ele>563.08</ele>
   </trkpt>
   <trkpt lat="49.10727000000001" lon="12.69035">
    <ele>562.0</ele>
   </trkpt>
   <trkpt lat="49.10719" lon="12.690150000000001">
    <ele>560.25</ele>
   </trkpt>
   <trkpt lat="49.107150000000004" lon="12.68988">
    <ele>557.7800000000001</ele>
   </trkpt>
   <trkpt lat="49.107200000000006" lon="12.689530000000001">
    <ele>554.5300000000001</ele>
   </trkpt>
   <trkpt lat="49.107260000000004" lon="12.68931">
    <ele>552.64</ele>
   </trkpt>
   <trkpt lat="49.107575003134855" lon="12.688460005356568">
    <ele>543.49</ele>
   </trkpt>
   <trkpt lat="49.107890000000005" lon="12.687610000000001">
    <ele>534.86</ele>
   </trkpt>
   <trkpt lat="49.10797" lon="12.687310000000002">
    <ele>533.0100000000001</ele>
   </trkpt>
   <trkpt lat="49.108000000000004" lon="12.68707">
    <ele>531.87</ele>
   </trkpt>
   <trkpt lat="49.10801000000001" lon="12.686760000000001">
    <ele>530.3800000000001</ele>
   </trkpt>
   <trkpt lat="49.108000000000004" lon="12.686520000000002">
    <ele>529.8900000000001</ele>
   </trkpt>
   <trkpt lat="49.107870000000005" lon="12.686020000000001">
    <ele>528.2900000000001</ele>
   </trkpt>
   <trkpt lat="49.10765000000001" lon="12.685530000000002">
    <ele>527.1700000000001</ele>
   </trkpt>
   <trkpt lat="49.10736500127124" lon="12.68495999646229">
    <ele>523.3100000000001</ele>
   </trkpt>
   <trkpt lat="49.10708" lon="12.68439">
    <ele>522.1600000000001</ele>
   </trkpt>
   <trkpt lat="49.107000000000006" lon="12.684190000000001">
    <ele>520.69</ele>
   </trkpt>
   <trkpt lat="49.10689000000001" lon="12.68383">
    <ele>519.94</ele>
   </trkpt>
   <trkpt lat="49.10683" lon="12.68346">
    <ele>518.1300000000001</ele>
   </trkpt>
   <trkpt lat="49.10683" lon="12.68302">
    <ele>517.4100000000001</ele>
   </trkpt>
   <trkpt lat="49.106860000000005" lon="12.682780000000001">
    <ele>516.11</ele>
   </trkpt>
   <trkpt lat="49.106950000000005" lon="12.682340000000002">
    <ele>515.15</ele>
   </trkpt>
   <trkpt lat="49.10725251401855" lon="12.681300019001359">
    <ele>511.41</ele>
   </trkpt>
   <trkpt lat="49.10755501869543" lon="12.68026002532172">
    <ele>508.53000000000003</ele>
   </trkpt>
   <trkpt lat="49.10785751403042" lon="12.67922001896118">
    <ele>502.44</ele>
   </trkpt>
   <trkpt lat="49.108160000000005" lon="12.678180000000001">
    <ele>496.56000000000006</ele>
   </trkpt>
   <trkpt lat="49.108340000000005" lon="12.677710000000001">
    <ele>491.50000000000006</ele>
   </trkpt>
   <trkpt lat="49.10849" lon="12.67735">
    <ele>488.48</ele>
   </trkpt>
   <trkpt lat="49.10889" lon="12.6766">
    <ele>483.93</ele>
   </trkpt>
   <trkpt lat="49.109480000000005" lon="12.675770000000002">
    <ele>475.89000000000004</ele>
   </trkpt>
   <trkpt lat="49.109700000000004" lon="12.675400000000002">
    <ele>472.71000000000004</ele>
   </trkpt>
   <trkpt lat="49.109930000000006" lon="12.674850000000001">
    <ele>470.43</ele>
   </trkpt>
   <trkpt lat="49.110170000000004" lon="12.674420000000001">
    <ele>470.19000000000005</ele>
   </trkpt>
   <trkpt lat="49.10952" lon="12.67379">
    <ele>472.70000000000005</ele>
   </trkpt>
   <trkpt lat="49.10913000000001" lon="12.673520000000002">
    <ele>474.94</ele>
   </trkpt>
   <trkpt lat="49.108700000000006" lon="12.67332">
    <ele>476.17</ele>
   </trkpt>
   <trkpt lat="49.108320000000006" lon="12.673240000000002">
    <ele>476.37</ele>
   </trkpt>
   <trkpt lat="49.108090000000004" lon="12.673240000000002">
    <ele>476.86000000000007</ele>
   </trkpt>
   <trkpt lat="49.10721000009785" lon="12.673345001856212">
    <ele>480.52000000000004</ele>
   </trkpt>
   <trkpt lat="49.10633000000001" lon="12.67345">
    <ele>485.31</ele>
   </trkpt>
   <trkpt lat="49.105755000061684" lon="12.673545001097095">
    <ele>488.99</ele>
   </trkpt>
   <trkpt lat="49.105180000000004" lon="12.67364">
    <ele>492.03000000000003</ele>
   </trkpt>
   <trkpt lat="49.104690000000005" lon="12.6737">
    <ele>496.96000000000004</ele>
   </trkpt>
   <trkpt lat="49.104400000000005" lon="12.673710000000002">
    <ele>497.52</ele>
   </trkpt>
   <trkpt lat="49.104240000000004" lon="12.6737">
    <ele>498.88000000000005</ele>
   </trkpt>
   <trkpt lat="49.10403" lon="12.673660000000002">
    <ele>500.44</ele>
   </trkpt>
   <trkpt lat="49.10394" lon="12.673620000000001">
    <ele>500.44</ele>
   </trkpt>
   <trkpt lat="49.103590000000004" lon="12.67336">
    <ele>503.0800000000001</ele>
   </trkpt>
   <trkpt lat="49.10331000000001" lon="12.673060000000001">
    <ele>506.65000000000003</ele>
   </trkpt>
   <trkpt lat="49.103030000000004" lon="12.6727">
    <ele>509.95</ele>
   </trkpt>
   <trkpt lat="49.102810000000005" lon="12.67229">
    <ele>512.4399999999999</ele>
   </trkpt>
   <trkpt lat="49.10257000000001" lon="12.67177">
    <ele>513.7900000000001</ele>
   </trkpt>
   <trkpt lat="49.10231" lon="12.67224">
    <ele>512.87</ele>
   </trkpt>
   <trkpt lat="49.102140000000006" lon="12.67262">
    <ele>513.2500000000001</ele>
   </trkpt>
   <trkpt lat="49.10181000000001" lon="12.67322">
    <ele>516.4300000000001</ele>
   </trkpt>
   <trkpt lat="49.10157" lon="12.673490000000001">
    <ele>520.34</ele>
   </trkpt>
   <trkpt lat="49.10119" lon="12.673720000000001">
    <ele>522.44</ele>
   </trkpt>
   <trkpt lat="49.10107000000001" lon="12.673350000000001">
    <ele>523.05</ele>
   </trkpt>
   <trkpt lat="49.100910000000006" lon="12.67298">
    <ele>522.4000000000001</ele>
   </trkpt>
   <trkpt lat="49.10069000000001" lon="12.672670000000002">
    <ele>521.05</ele>
   </trkpt>
   <trkpt lat="49.100530000000006" lon="12.672530000000002">
    <ele>520.39</ele>
   </trkpt>
   <trkpt lat="49.10032" lon="12.67243">
    <ele>518.94</ele>
   </trkpt>
   <trkpt lat="49.10004000000001" lon="12.672390000000002">
    <ele>517.5500000000001</ele>
   </trkpt>
   <trkpt lat="49.09989" lon="12.672400000000001">
    <ele>515.39</ele>
   </trkpt>
   <trkpt lat="49.09919000000001" lon="12.672540000000001">
    <ele>510.05</ele>
   </trkpt>
   <trkpt lat="49.098870000000005" lon="12.672540000000001">
    <ele>506.55000000000007</ele>
   </trkpt>
   <trkpt lat="49.098670000000006" lon="12.672460000000001">
    <ele>505.75</ele>
   </trkpt>
   <trkpt lat="49.0979000020523" lon="12.671774989396358">
    <ele>498.2300000000001</ele>
   </trkpt>
   <trkpt lat="49.09713000000001" lon="12.671090000000001">
    <ele>490.61</ele>
   </trkpt>
   <trkpt lat="49.096900000000005" lon="12.670950000000001">
    <ele>489.63000000000005</ele>
   </trkpt>
   <trkpt lat="49.09675000000001" lon="12.670900000000001">
    <ele>488.76</ele>
   </trkpt>
   <trkpt lat="49.09662" lon="12.67088">
    <ele>487.95000000000005</ele>
   </trkpt>
   <trkpt lat="49.09649" lon="12.670900000000001">
    <ele>487.72</ele>
   </trkpt>
   <trkpt lat="49.09628000000001" lon="12.670990000000002">
    <ele>486.31</ele>
   </trkpt>
   <trkpt lat="49.09595" lon="12.671190000000001">
    <ele>483.21000000000004</ele>
   </trkpt>
   <trkpt lat="49.095690000000005" lon="12.67129">
    <ele>481.63000000000005</ele>
   </trkpt>
   <trkpt lat="49.09555" lon="12.6713">
    <ele>479.90000000000003</ele>
   </trkpt>
   <trkpt lat="49.09536000000001" lon="12.67126">
    <ele>479.0</ele>
   </trkpt>
   <trkpt lat="49.09525000000001" lon="12.671220000000002">
    <ele>476.68000000000006</ele>
   </trkpt>
   <trkpt lat="49.09514" lon="12.671140000000001">
    <ele>474.74000000000007</ele>
   </trkpt>
   <trkpt lat="49.095060000000004" lon="12.67106">
    <ele>474.74000000000007</ele>
   </trkpt>
   <trkpt lat="49.09494" lon="12.670860000000001">
    <ele>472.12</ele>
   </trkpt>
   <trkpt lat="49.09456" lon="12.66985">
    <ele>463.97</ele>
   </trkpt>
   <trkpt lat="49.094216675475245" lon="12.668839986021027">
    <ele>458.56</ele>
   </trkpt>
   <trkpt lat="49.09387334213904" lon="12.667829986012874">
    <ele>450.24</ele>
   </trkpt>
   <trkpt lat="49.09353" lon="12.666820000000001">
    <ele>442.1700000000001</ele>
   </trkpt>
   <trkpt lat="49.093360000000004" lon="12.66613">
    <ele>438.51</ele>
   </trkpt>
   <trkpt lat="49.09328000000001" lon="12.66533">
    <ele>435.05</ele>
   </trkpt>
   <trkpt lat="49.093250000000005" lon="12.66398">
    <ele>430.24</ele>
   </trkpt>
   <trkpt lat="49.093230000000005" lon="12.663640000000001">
    <ele>429.77000000000004</ele>
   </trkpt>
   <trkpt lat="49.0932" lon="12.663430000000002">
    <ele>427.57000000000005</ele>
   </trkpt>
   <trkpt lat="49.09295" lon="12.662590000000002">
    <ele>424.6</ele>
   </trkpt>
   <trkpt lat="49.09290000000001" lon="12.66228">
    <ele>422.11</ele>
   </trkpt>
   <trkpt lat="49.092830000000006" lon="12.661550000000002">
    <ele>420.37</ele>
   </trkpt>
   <trkpt lat="49.0927" lon="12.66111">
    <ele>416.90000000000003</ele>
   </trkpt>
   <trkpt lat="49.092560000000006" lon="12.660820000000001">
    <ele>416.18000000000006</ele>
   </trkpt>
   <trkpt lat="49.09199" lon="12.65994">
    <ele>409.88</ele>
   </trkpt>
   <trkpt lat="49.091570000000004" lon="12.659360000000001">
    <ele>408.76</ele>
   </trkpt>
   <trkpt lat="49.09107" lon="12.658710000000001">
    <ele>408.74000000000007</ele>
   </trkpt>
   <trkpt lat="49.09057000000001" lon="12.658140000000001">
    <ele>411.76</ele>
   </trkpt>
   <trkpt lat="49.08989333799898" lon="12.657406646699542">
    <ele>420.40000000000003</ele>
   </trkpt>
   <trkpt lat="49.08921667135259" lon="12.656673313388556">
    <ele>424.23</ele>
   </trkpt>
   <trkpt lat="49.08854" lon="12.655940000000001">
    <ele>422.29</ele>
   </trkpt>
   <trkpt lat="49.088350000000005" lon="12.655780000000002">
    <ele>421.23</ele>
   </trkpt>
   <trkpt lat="49.087630000000004" lon="12.655280000000001">
    <ele>414.52000000000004</ele>
   </trkpt>
   <trkpt lat="49.08746000000001" lon="12.655080000000002">
    <ele>411.80000000000007</ele>
   </trkpt>
   <trkpt lat="49.08719000000001" lon="12.654610000000002">
    <ele>408.28000000000003</ele>
   </trkpt>
   <trkpt lat="49.08713" lon="12.654530000000001">
    <ele>408.28000000000003</ele>
   </trkpt>
   <trkpt lat="49.08699000000001" lon="12.65446">
    <ele>406.4200000000001</ele>
   </trkpt>
   <trkpt lat="49.086890000000004" lon="12.654470000000002">
    <ele>405.57000000000005</ele>
   </trkpt>
   <trkpt lat="49.086780000000005" lon="12.65454">
    <ele>404.6</ele>
   </trkpt>
   <trkpt lat="49.08640000079839" lon="12.654930002839425">
    <ele>403.04</ele>
   </trkpt>
   <trkpt lat="49.086020000000005" lon="12.655320000000001">
    <ele>402.40000000000003</ele>
   </trkpt>
   <trkpt lat="49.08587000000001" lon="12.65553">
    <ele>400.58000000000004</ele>
   </trkpt>
   <trkpt lat="49.085460000000005" lon="12.65661">
    <ele>395.14000000000004</ele>
   </trkpt>
   <trkpt lat="49.08534" lon="12.656810000000002">
    <ele>395.14000000000004</ele>
   </trkpt>
   <trkpt lat="49.085260000000005" lon="12.65689">
    <ele>395.14000000000004</ele>
   </trkpt>
   <trkpt lat="49.08520000000001" lon="12.656910000000002">
    <ele>394.01</ele>
   </trkpt>
   <trkpt lat="49.085" lon="12.656930000000001">
    <ele>393.49</ele>
   </trkpt>
   <trkpt lat="49.08456" lon="12.65671">
    <ele>392.34000000000003</ele>
   </trkpt>
   <trkpt lat="49.084360000000004" lon="12.65666">
    <ele>391.84000000000003</ele>
   </trkpt>
   <trkpt lat="49.08393" lon="12.65662">
    <ele>391.67</ele>
   </trkpt>
   <trkpt lat="49.08384" lon="12.65656">
    <ele>391.69000000000005</ele>
   </trkpt>
   <trkpt lat="49.08371" lon="12.656300000000002">
    <ele>391.64000000000004</ele>
   </trkpt>
   <trkpt lat="49.08364" lon="12.656070000000001">
    <ele>390.93000000000006</ele>
   </trkpt>
   <trkpt lat="49.083400001526805" lon="12.655464996939811">
    <ele>391.58000000000004</ele>
   </trkpt>
   <trkpt lat="49.08316000000001" lon="12.654860000000001">
    <ele>393.67</ele>
   </trkpt>
   <trkpt lat="49.08292" lon="12.65418">
    <ele>399.26000000000005</ele>
   </trkpt>
   <trkpt lat="49.08281" lon="12.653820000000001">
    <ele>400.3</ele>
   </trkpt>
   <trkpt lat="49.08267000000001" lon="12.653210000000001">
    <ele>404.77000000000004</ele>
   </trkpt>
   <trkpt lat="49.08260500365068" lon="12.652289998725081">
    <ele>412.04</ele>
   </trkpt>
   <trkpt lat="49.08254" lon="12.651370000000002">
    <ele>420.54</ele>
   </trkpt>
   <trkpt lat="49.0825" lon="12.651150000000001">
    <ele>422.1</ele>
   </trkpt>
   <trkpt lat="49.08245" lon="12.65099">
    <ele>423.05</ele>
   </trkpt>
   <trkpt lat="49.08236" lon="12.650820000000001">
    <ele>424.26</ele>
   </trkpt>
   <trkpt lat="49.08185" lon="12.650070000000001">
    <ele>427.02</ele>
   </trkpt>
   <trkpt lat="49.081630000000004" lon="12.649560000000001">
    <ele>425.12000000000006</ele>
   </trkpt>
   <trkpt lat="49.0813400065073" lon="12.648693323268759">
    <ele>422.06000000000006</ele>
   </trkpt>
   <trkpt lat="49.08105000652624" lon="12.647826656658845">
    <ele>419.06000000000006</ele>
   </trkpt>
   <trkpt lat="49.080760000000005" lon="12.646960000000002">
    <ele>413.61</ele>
   </trkpt>
   <trkpt lat="49.080670000000005" lon="12.646780000000001">
    <ele>411.57000000000005</ele>
   </trkpt>
   <trkpt lat="49.080510000000004" lon="12.646560000000001">
    <ele>409.69000000000005</ele>
   </trkpt>
   <trkpt lat="49.08043000000001" lon="12.646490000000002">
    <ele>409.14000000000004</ele>
   </trkpt>
   <trkpt lat="49.080130000000004" lon="12.64633">
    <ele>407.24000000000007</ele>
   </trkpt>
   <trkpt lat="49.07930666732811" lon="12.646046657262081">
    <ele>411.44</ele>
   </trkpt>
   <trkpt lat="49.078483333962716" lon="12.645763323917913">
    <ele>424.72</ele>
   </trkpt>
   <trkpt lat="49.07766" lon="12.645480000000001">
    <ele>432.53000000000003</ele>
   </trkpt>
   <trkpt lat="49.077490000000004" lon="12.645370000000002">
    <ele>433.92</ele>
   </trkpt>
   <trkpt lat="49.077270000000006" lon="12.64517">
    <ele>434.87</ele>
   </trkpt>
   <trkpt lat="49.077110000000005" lon="12.64498">
    <ele>435.35</ele>
   </trkpt>
   <trkpt lat="49.07697" lon="12.644760000000002">
    <ele>435.55</ele>
   </trkpt>
   <trkpt lat="49.07676000000001" lon="12.64418">
    <ele>435.71000000000004</ele>
   </trkpt>
   <trkpt lat="49.076660000000004" lon="12.643770000000002">
    <ele>435.83000000000004</ele>
   </trkpt>
   <trkpt lat="49.07658000000001" lon="12.643320000000001">
    <ele>435.83000000000004</ele>
   </trkpt>
   <trkpt lat="49.07639" lon="12.6424">
    <ele>435.42</ele>
   </trkpt>
   <trkpt lat="49.07672" lon="12.64221">
    <ele>434.79</ele>
   </trkpt>
   <trkpt lat="49.07697" lon="12.64201">
    <ele>434.35</ele>
   </trkpt>
   <trkpt lat="49.07714000000001" lon="12.64184">
    <ele>434.35</ele>
   </trkpt>
   <trkpt lat="49.0774550011643" lon="12.641340003036753">
    <ele>433.63</ele>
   </trkpt>
   <trkpt lat="49.07777" lon="12.64084">
    <ele>433.49</ele>
   </trkpt>
   <trkpt lat="49.07817000000001" lon="12.640160000000002">
    <ele>433.53000000000003</ele>
   </trkpt>
   <trkpt lat="49.0784" lon="12.639840000000001">
    <ele>433.75</ele>
   </trkpt>
   <trkpt lat="49.07865" lon="12.639600000000002">
    <ele>433.97</ele>
   </trkpt>
   <trkpt lat="49.078920000000004" lon="12.639450000000002">
    <ele>434.38000000000005</ele>
   </trkpt>
   <trkpt lat="49.07909" lon="12.639410000000002">
    <ele>434.72</ele>
   </trkpt>
   <trkpt lat="49.079190000000004" lon="12.639410000000002">
    <ele>434.79</ele>
   </trkpt>
   <trkpt lat="49.079440000000005" lon="12.63943">
    <ele>435.42</ele>
   </trkpt>
   <trkpt lat="49.07958000000001" lon="12.639470000000001">
    <ele>436.12000000000006</ele>
   </trkpt>
   <trkpt lat="49.07999" lon="12.639650000000001">
    <ele>438.1700000000001</ele>
   </trkpt>
   <trkpt lat="49.08017" lon="12.639700000000001">
    <ele>438.1700000000001</ele>
   </trkpt>
   <trkpt lat="49.08028" lon="12.639700000000001">
    <ele>438.1700000000001</ele>
   </trkpt>
   <trkpt lat="49.08071" lon="12.639600000000002">
    <ele>439.04</ele>
   </trkpt>
   <trkpt lat="49.08135" lon="12.639410000000002">
    <ele>440.63</ele>
   </trkpt>
   <trkpt lat="49.08221" lon="12.63907">
    <ele>441.94000000000005</ele>
   </trkpt>
   <trkpt lat="49.08216" lon="12.638850000000001">
    <ele>441.38000000000005</ele>
   </trkpt>
   <trkpt lat="49.08214" lon="12.638390000000001">
    <ele>440.16</ele>
   </trkpt>
   <trkpt lat="49.08216500369186" lon="12.637465000601575">
    <ele>438.43</ele>
   </trkpt>
   <trkpt lat="49.082190000000004" lon="12.636540000000002">
    <ele>436.33000000000004</ele>
   </trkpt>
   <trkpt lat="49.082170000000005" lon="12.635790000000002">
    <ele>435.42</ele>
   </trkpt>
   <trkpt lat="49.08214" lon="12.63513">
    <ele>434.56000000000006</ele>
   </trkpt>
   <trkpt lat="49.082080000000005" lon="12.634390000000002">
    <ele>433.40000000000003</ele>
   </trkpt>
   <trkpt lat="49.082010000000004" lon="12.63366">
    <ele>431.77000000000004</ele>
   </trkpt>
   <trkpt lat="49.08193000000001" lon="12.63245">
    <ele>427.3</ele>
   </trkpt>
   <trkpt lat="49.08191" lon="12.63194">
    <ele>424.63</ele>
   </trkpt>
   <trkpt lat="49.082000008072" lon="12.630973336836279">
    <ele>419.52000000000004</ele>
   </trkpt>
   <trkpt lat="49.08209000807207" lon="12.630006670168768">
    <ele>412.06</ele>
   </trkpt>
   <trkpt lat="49.08218" lon="12.629040000000002">
    <ele>407.09</ele>
   </trkpt>
   <trkpt lat="49.08221" lon="12.628580000000001">
    <ele>405.47</ele>
   </trkpt>
   <trkpt lat="49.08221" lon="12.628120000000001">
    <ele>404.75000000000006</ele>
   </trkpt>
   <trkpt lat="49.08216" lon="12.62733">
    <ele>405.21</ele>
   </trkpt>
   <trkpt lat="49.082100000000004" lon="12.626990000000001">
    <ele>405.57000000000005</ele>
   </trkpt>
   <trkpt lat="49.082040000000006" lon="12.626700000000001">
    <ele>405.20000000000005</ele>
   </trkpt>
   <trkpt lat="49.08191" lon="12.626270000000002">
    <ele>405.09</ele>
   </trkpt>
   <trkpt lat="49.081680000000006" lon="12.625760000000001">
    <ele>405.48</ele>
   </trkpt>
   <trkpt lat="49.08146000000001" lon="12.625390000000001">
    <ele>406.44</ele>
   </trkpt>
   <trkpt lat="49.08119000000001" lon="12.62499">
    <ele>407.29</ele>
   </trkpt>
   <trkpt lat="49.080556670743015" lon="12.62430664928501">
    <ele>413.62000000000006</ele>
   </trkpt>
   <trkpt lat="49.07992333745232" lon="12.623623315997994">
    <ele>419.94000000000005</ele>
   </trkpt>
   <trkpt lat="49.07929000000001" lon="12.622940000000002">
    <ele>428.17</ele>
   </trkpt>
   <trkpt lat="49.07902000000001" lon="12.622570000000001">
    <ele>432.95000000000005</ele>
   </trkpt>
   <trkpt lat="49.078860000000006" lon="12.622280000000002">
    <ele>434.59000000000003</ele>
   </trkpt>
   <trkpt lat="49.078610000000005" lon="12.621720000000002">
    <ele>441.51</ele>
   </trkpt>
   <trkpt lat="49.07873000000001" lon="12.621480000000002">
    <ele>442.20000000000005</ele>
   </trkpt>
   <trkpt lat="49.07893000000001" lon="12.62114">
    <ele>444.73</ele>
   </trkpt>
   <trkpt lat="49.07916" lon="12.62081">
    <ele>446.25</ele>
   </trkpt>
   <trkpt lat="49.07985000000001" lon="12.62015">
    <ele>448.68</ele>
   </trkpt>
   <trkpt lat="49.080360000000006" lon="12.61949">
    <ele>450.36</ele>
   </trkpt>
   <trkpt lat="49.08055" lon="12.619290000000001">
    <ele>449.26000000000005</ele>
   </trkpt>
   <trkpt lat="49.080760000000005" lon="12.61899">
    <ele>447.02000000000004</ele>
   </trkpt>
   <trkpt lat="49.08084" lon="12.61874">
    <ele>444.46000000000004</ele>
   </trkpt>
   <trkpt lat="49.08064" lon="12.61833">
    <ele>443.74</ele>
   </trkpt>
   <trkpt lat="49.080540000000006" lon="12.617780000000002">
    <ele>446.96000000000004</ele>
   </trkpt>
   <trkpt lat="49.080420000000004" lon="12.616930000000002">
    <ele>455.97</ele>
   </trkpt>
   <trkpt lat="49.080360000000006" lon="12.616320000000002">
    <ele>460.13000000000005</ele>
   </trkpt>
   <trkpt lat="49.080400000000004" lon="12.615540000000001">
    <ele>466.29</ele>
   </trkpt>
   <trkpt lat="49.08034000000001" lon="12.61467">
    <ele>470.38</ele>
   </trkpt>
   <trkpt lat="49.080180000000006" lon="12.61411">
    <ele>476.81</ele>
   </trkpt>
   <trkpt lat="49.07999" lon="12.613650000000002">
    <ele>478.45000000000005</ele>
   </trkpt>
   <trkpt lat="49.079640000000005" lon="12.612990000000002">
    <ele>482.78000000000003</ele>
   </trkpt>
   <trkpt lat="49.07929000230429" lon="12.612269995060451">
    <ele>485.69000000000005</ele>
   </trkpt>
   <trkpt lat="49.07894" lon="12.611550000000001">
    <ele>488.68000000000006</ele>
   </trkpt>
   <trkpt lat="49.078880000000005" lon="12.61137">
    <ele>488.68000000000006</ele>
   </trkpt>
   <trkpt lat="49.078880000000005" lon="12.611210000000002">
    <ele>489.04</ele>
   </trkpt>
   <trkpt lat="49.07891" lon="12.611020000000002">
    <ele>489.45000000000005</ele>
   </trkpt>
   <trkpt lat="49.078950000000006" lon="12.610920000000002">
    <ele>489.90000000000003</ele>
   </trkpt>
   <trkpt lat="49.07907" lon="12.610780000000002">
    <ele>490.7900000000001</ele>
   </trkpt>
   <trkpt lat="49.07921" lon="12.610700000000001">
    <ele>491.36</ele>
   </trkpt>
   <trkpt lat="49.07932" lon="12.610690000000002">
    <ele>494.28000000000003</ele>
   </trkpt>
   <trkpt lat="49.07949000000001" lon="12.610800000000001">
    <ele>494.28000000000003</ele>
   </trkpt>
   <trkpt lat="49.07974" lon="12.61109">
    <ele>499.36</ele>
   </trkpt>
   <trkpt lat="49.08012" lon="12.61143">
    <ele>503.81000000000006</ele>
   </trkpt>
   <trkpt lat="49.0805" lon="12.611490000000002">
    <ele>509.41</ele>
   </trkpt>
   <trkpt lat="49.080740000000006" lon="12.61137">
    <ele>511.50000000000006</ele>
   </trkpt>
   <trkpt lat="49.08090000000001" lon="12.611120000000001">
    <ele>514.4300000000001</ele>
   </trkpt>
   <trkpt lat="49.08095" lon="12.61073">
    <ele>516.64</ele>
   </trkpt>
   <trkpt lat="49.08076000507801" lon="12.609644995811644">
    <ele>523.6800000000001</ele>
   </trkpt>
   <trkpt lat="49.08057" lon="12.60856">
    <ele>528.03</ele>
   </trkpt>
   <trkpt lat="49.08029000506197" lon="12.60747499379541">
    <ele>534.96</ele>
   </trkpt>
   <trkpt lat="49.08001" lon="12.606390000000001">
    <ele>542.9200000000001</ele>
   </trkpt>
   <trkpt lat="49.07972" lon="12.605300000000002">
    <ele>551.6500000000001</ele>
   </trkpt>
   <trkpt lat="49.07958000000001" lon="12.604260000000002">
    <ele>554.32</ele>
   </trkpt>
   <trkpt lat="49.0795100031673" lon="12.60340499891555">
    <ele>554.2900000000001</ele>
   </trkpt>
   <trkpt lat="49.079440000000005" lon="12.60255">
    <ele>553.91</ele>
   </trkpt>
   <trkpt lat="49.079222516986015" lon="12.601404984949047">
    <ele>555.09</ele>
   </trkpt>
   <trkpt lat="49.07900502264675" lon="12.600259979925838">
    <ele>561.4200000000001</ele>
   </trkpt>
   <trkpt lat="49.0787875169824" lon="12.599114984930731">
    <ele>575.16</ele>
   </trkpt>
   <trkpt lat="49.078570000000006" lon="12.597970000000002">
    <ele>589.19</ele>
   </trkpt>
   <trkpt lat="49.07855500467182" lon="12.596929999699627">
    <ele>600.2700000000001</ele>
   </trkpt>
   <trkpt lat="49.078540000000004" lon="12.59589">
    <ele>605.99</ele>
   </trkpt>
   <trkpt lat="49.078570000000006" lon="12.594980000000001">
    <ele>611.2700000000001</ele>
   </trkpt>
   <trkpt lat="49.07873000000001" lon="12.59369">
    <ele>617.5200000000001</ele>
   </trkpt>
   <trkpt lat="49.07876" lon="12.59293">
    <ele>620.4200000000001</ele>
   </trkpt>
   <trkpt lat="49.07862" lon="12.59167">
    <ele>626.9200000000001</ele>
   </trkpt>
   <trkpt lat="49.07866001618089" lon="12.590552502715047">
    <ele>630.8600000000001</ele>
   </trkpt>
   <trkpt lat="49.078700021574186" lon="12.589435003629681">
    <ele>634.66</ele>
   </trkpt>
   <trkpt lat="49.07874001617986" lon="12.588317502744381">
    <ele>638.17</ele>
   </trkpt>
   <trkpt lat="49.07878" lon="12.587200000000001">
    <ele>643.9100000000001</ele>
   </trkpt>
   <trkpt lat="49.07874" lon="12.58675">
    <ele>648.48</ele>
   </trkpt>
   <trkpt lat="49.078570000000006" lon="12.586300000000001">
    <ele>651.1800000000001</ele>
   </trkpt>
   <trkpt lat="49.078480000000006" lon="12.586160000000001">
    <ele>651.8600000000001</ele>
   </trkpt>
   <trkpt lat="49.078160000000004" lon="12.585780000000002">
    <ele>652.3500000000001</ele>
   </trkpt>
   <trkpt lat="49.07849" lon="12.584840000000002">
    <ele>654.7700000000001</ele>
   </trkpt>
   <trkpt lat="49.07856" lon="12.58449">
    <ele>656.08</ele>
   </trkpt>
   <trkpt lat="49.07858" lon="12.584340000000001">
    <ele>656.08</ele>
   </trkpt>
   <trkpt lat="49.07856" lon="12.5835">
    <ele>656.96</ele>
   </trkpt>
   <trkpt lat="49.078480000000006" lon="12.582360000000001">
    <ele>655.64</ele>
   </trkpt>
   <trkpt lat="49.078410000000005" lon="12.58201">
    <ele>654.5000000000001</ele>
   </trkpt>
   <trkpt lat="49.07831" lon="12.581660000000001">
    <ele>654.0400000000001</ele>
   </trkpt>
   <trkpt lat="49.07806" lon="12.580390000000001">
    <ele>650.76</ele>
   </trkpt>
   <trkpt lat="49.077940000000005" lon="12.579970000000001">
    <ele>650.39</ele>
   </trkpt>
   <trkpt lat="49.07784" lon="12.579720000000002">
    <ele>650.3100000000001</ele>
   </trkpt>
   <trkpt lat="49.07743000000001" lon="12.578880000000002">
    <ele>648.22</ele>
   </trkpt>
   <trkpt lat="49.077130000000004" lon="12.57849">
    <ele>650.14</ele>
   </trkpt>
   <trkpt lat="49.077090000000005" lon="12.578410000000002">
    <ele>650.6200000000001</ele>
   </trkpt>
   <trkpt lat="49.077000000000005" lon="12.578180000000001">
    <ele>651.19</ele>
   </trkpt>
   <trkpt lat="49.076910000000005" lon="12.577840000000002">
    <ele>651.88</ele>
   </trkpt>
   <trkpt lat="49.076890000000006" lon="12.577610000000002">
    <ele>653.12</ele>
   </trkpt>
   <trkpt lat="49.076890000000006" lon="12.57732">
    <ele>653.7900000000001</ele>
   </trkpt>
   <trkpt lat="49.076910000000005" lon="12.57693">
    <ele>654.15</ele>
   </trkpt>
   <trkpt lat="49.07697" lon="12.576390000000002">
    <ele>653.96</ele>
   </trkpt>
   <trkpt lat="49.077110000000005" lon="12.57535">
    <ele>652.5500000000001</ele>
   </trkpt>
   <trkpt lat="49.077310006799244" lon="12.574095005075923">
    <ele>650.17</ele>
   </trkpt>
   <trkpt lat="49.077510000000004" lon="12.572840000000001">
    <ele>649.3000000000001</ele>
   </trkpt>
   <trkpt lat="49.07752000000001" lon="12.57271">
    <ele>649.3000000000001</ele>
   </trkpt>
   <trkpt lat="49.077510000000004" lon="12.57201">
    <ele>649.1999999999999</ele>
   </trkpt>
   <trkpt lat="49.07742500449203" lon="12.570989998234444">
    <ele>650.09</ele>
   </trkpt>
   <trkpt lat="49.07734000000001" lon="12.569970000000001">
    <ele>650.1600000000001</ele>
   </trkpt>
   <trkpt lat="49.07725000000001" lon="12.56933">
    <ele>649.61</ele>
   </trkpt>
   <trkpt lat="49.07715" lon="12.568790000000002">
    <ele>648.2800000000001</ele>
   </trkpt>
   <trkpt lat="49.077000000000005" lon="12.56836">
    <ele>647.1999999999999</ele>
   </trkpt>
   <trkpt lat="49.07679" lon="12.567990000000002">
    <ele>647.1999999999999</ele>
   </trkpt>
   <trkpt lat="49.07652" lon="12.56765">
    <ele>645.7</ele>
   </trkpt>
   <trkpt lat="49.075880000000005" lon="12.56699">
    <ele>643.76</ele>
   </trkpt>
   <trkpt lat="49.075570000000006" lon="12.56657">
    <ele>642.9100000000001</ele>
   </trkpt>
   <trkpt lat="49.07542" lon="12.566320000000001">
    <ele>642.9100000000001</ele>
   </trkpt>
   <trkpt lat="49.07518" lon="12.565800000000001">
    <ele>641.57</ele>
   </trkpt>
   <trkpt lat="49.07506" lon="12.565460000000002">
    <ele>640.9200000000001</ele>
   </trkpt>
   <trkpt lat="49.07497000000001" lon="12.565140000000001">
    <ele>640.29</ele>
   </trkpt>
   <trkpt lat="49.07475251588834" lon="12.5640324854264">
    <ele>635.78</ele>
   </trkpt>
   <trkpt lat="49.07453502118086" lon="12.562924980550624">
    <ele>628.14</ele>
   </trkpt>
   <trkpt lat="49.074317515877745" lon="12.561817485372995">
    <ele>622.9300000000001</ele>
   </trkpt>
   <trkpt lat="49.0741" lon="12.56071">
    <ele>619.98</ele>
   </trkpt>
   <trkpt lat="49.07394000000001" lon="12.560080000000001">
    <ele>619.21</ele>
   </trkpt>
   <trkpt lat="49.07368" lon="12.559420000000001">
    <ele>618.53</ele>
   </trkpt>
   <trkpt lat="49.0732800021688" lon="12.558704994172613">
    <ele>618.4000000000001</ele>
   </trkpt>
   <trkpt lat="49.072880000000005" lon="12.55799">
    <ele>616.68</ele>
   </trkpt>
   <trkpt lat="49.072610000000005" lon="12.557430000000002">
    <ele>614.58</ele>
   </trkpt>
   <trkpt lat="49.07249" lon="12.55713">
    <ele>612.3700000000001</ele>
   </trkpt>
   <trkpt lat="49.07229" lon="12.55643">
    <ele>607.65</ele>
   </trkpt>
   <trkpt lat="49.07213" lon="12.555650000000002">
    <ele>601.5600000000001</ele>
   </trkpt>
   <trkpt lat="49.07194500384658" lon="12.554709996652209">
    <ele>596.94</ele>
   </trkpt>
   <trkpt lat="49.071760000000005" lon="12.553770000000002">
    <ele>597.7300000000001</ele>
   </trkpt>
   <trkpt lat="49.07164" lon="12.553020000000002">
    <ele>599.96</ele>
   </trkpt>
   <trkpt lat="49.07151" lon="12.551940000000002">
    <ele>605.4200000000001</ele>
   </trkpt>
   <trkpt lat="49.07144334529495" lon="12.550763330192863">
    <ele>609.0500000000001</ele>
   </trkpt>
   <trkpt lat="49.07137667862925" lon="12.549586663543362">
    <ele>613.6700000000001</ele>
   </trkpt>
   <trkpt lat="49.071310000000004" lon="12.54841">
    <ele>616.3700000000001</ele>
   </trkpt>
   <trkpt lat="49.071310000000004" lon="12.54733">
    <ele>616.34</ele>
   </trkpt>
   <trkpt lat="49.071360000000006" lon="12.54672">
    <ele>616.2700000000001</ele>
   </trkpt>
   <trkpt lat="49.071450000000006" lon="12.546190000000001">
    <ele>616.75</ele>
   </trkpt>
   <trkpt lat="49.0716350022706" lon="12.545475002421131">
    <ele>618.26</ele>
   </trkpt>
   <trkpt lat="49.07182" lon="12.544760000000002">
    <ele>619.87</ele>
   </trkpt>
   <trkpt lat="49.071070002197736" lon="12.54403998909109">
    <ele>622.33</ele>
   </trkpt>
   <trkpt lat="49.07032" lon="12.543320000000001">
    <ele>622.41</ele>
   </trkpt>
   <trkpt lat="49.070100000000004" lon="12.54316">
    <ele>622.45</ele>
   </trkpt>
   <trkpt lat="49.069900000000004" lon="12.543080000000002">
    <ele>622.8800000000001</ele>
   </trkpt>
   <trkpt lat="49.069660000000006" lon="12.543030000000002">
    <ele>623.59</ele>
   </trkpt>
   <trkpt lat="49.06894500006367" lon="12.542964999068747">
    <ele>626.48</ele>
   </trkpt>
   <trkpt lat="49.06823000000001" lon="12.542900000000001">
    <ele>632.1000000000001</ele>
   </trkpt>
   <trkpt lat="49.06777" lon="12.542620000000001">
    <ele>633.66</ele>
   </trkpt>
   <trkpt lat="49.067220000000006" lon="12.542150000000001">
    <ele>632.46</ele>
   </trkpt>
   <trkpt lat="49.067130000000006" lon="12.542110000000001">
    <ele>632.46</ele>
   </trkpt>
   <trkpt lat="49.06700000000001" lon="12.542090000000002">
    <ele>632.0400000000001</ele>
   </trkpt>
   <trkpt lat="49.06656" lon="12.542110000000001">
    <ele>630.71</ele>
   </trkpt>
   <trkpt lat="49.06633" lon="12.54216">
    <ele>630.9200000000001</ele>
   </trkpt>
   <trkpt lat="49.066210000000005" lon="12.542280000000002">
    <ele>631.61</ele>
   </trkpt>
   <trkpt lat="49.06615000000001" lon="12.542390000000001">
    <ele>631.85</ele>
   </trkpt>
   <trkpt lat="49.06604" lon="12.542700000000002">
    <ele>633.87</ele>
   </trkpt>
   <trkpt lat="49.065920000000006" lon="12.542890000000002">
    <ele>636.53</ele>
   </trkpt>
   <trkpt lat="49.06524" lon="12.543540000000002">
    <ele>639.48</ele>
   </trkpt>
   <trkpt lat="49.06504" lon="12.543640000000002">
    <ele>639.1600000000001</ele>
   </trkpt>
   <trkpt lat="49.064890000000005" lon="12.54367">
    <ele>639.0400000000001</ele>
   </trkpt>
   <trkpt lat="49.06465000000001" lon="12.54368">
    <ele>639.22</ele>
   </trkpt>
   <trkpt lat="49.064550000000004" lon="12.543650000000001">
    <ele>639.48</ele>
   </trkpt>
   <trkpt lat="49.06448" lon="12.543590000000002">
    <ele>639.48</ele>
   </trkpt>
   <trkpt lat="49.064350000000005" lon="12.543460000000001">
    <ele>639.88</ele>
   </trkpt>
   <trkpt lat="49.064220000000006" lon="12.543260000000002">
    <ele>640.21</ele>
   </trkpt>
   <trkpt lat="49.06385" lon="12.54222">
    <ele>640.85</ele>
   </trkpt>
   <trkpt lat="49.063750000000006" lon="12.542040000000002">
    <ele>640.66</ele>
   </trkpt>
   <trkpt lat="49.06358" lon="12.5418">
    <ele>640.3199999999999</ele>
   </trkpt>
   <trkpt lat="49.06351" lon="12.541730000000001">
    <ele>640.3199999999999</ele>
   </trkpt>
   <trkpt lat="49.06333" lon="12.54161">
    <ele>638.75</ele>
   </trkpt>
   <trkpt lat="49.063250000000004" lon="12.541580000000002">
    <ele>638.75</ele>
   </trkpt>
   <trkpt lat="49.062640000012856" lon="12.541509998278196">
    <ele>636.5500000000001</ele>
   </trkpt>
   <trkpt lat="49.06202999998338" lon="12.54143999827484">
    <ele>633.94</ele>
   </trkpt>
   <trkpt lat="49.061420000000005" lon="12.54137">
    <ele>632.17</ele>
   </trkpt>
   <trkpt lat="49.060650000539404" lon="12.54116499047054">
    <ele>628.6</ele>
   </trkpt>
   <trkpt lat="49.05988000071573" lon="12.540959987293373">
    <ele>623.9800000000001</ele>
   </trkpt>
   <trkpt lat="49.059110000529" lon="12.54075499046814">
    <ele>621.83</ele>
   </trkpt>
   <trkpt lat="49.05834" lon="12.540550000000001">
    <ele>620.77</ele>
   </trkpt>
   <trkpt lat="49.05812" lon="12.540470000000001">
    <ele>620.12</ele>
   </trkpt>
   <trkpt lat="49.057970000000005" lon="12.540370000000001">
    <ele>620.12</ele>
   </trkpt>
   <trkpt lat="49.05758000047915" lon="12.539984996820133">
    <ele>619.3700000000001</ele>
   </trkpt>
   <trkpt lat="49.057190000000006" lon="12.539600000000002">
    <ele>619.24</ele>
   </trkpt>
   <trkpt lat="49.05680500065408" lon="12.539194996805842">
    <ele>618.82</ele>
   </trkpt>
   <trkpt lat="49.05642" lon="12.53879">
    <ele>619.1600000000001</ele>
   </trkpt>
   <trkpt lat="49.055980000000005" lon="12.53841">
    <ele>619.78</ele>
   </trkpt>
   <trkpt lat="49.055440000000004" lon="12.537980000000001">
    <ele>621.4900000000001</ele>
   </trkpt>
   <trkpt lat="49.05518000000001" lon="12.53781">
    <ele>622.09</ele>
   </trkpt>
   <trkpt lat="49.05494" lon="12.537700000000001">
    <ele>622.2800000000001</ele>
   </trkpt>
   <trkpt lat="49.054640000000006" lon="12.537650000000001">
    <ele>621.39</ele>
   </trkpt>
   <trkpt lat="49.05413" lon="12.537650000000001">
    <ele>619.1500000000001</ele>
   </trkpt>
   <trkpt lat="49.05341750062242" lon="12.537870009460757">
    <ele>614.71</ele>
   </trkpt>
   <trkpt lat="49.052705000826684" lon="12.538090012615113">
    <ele>611.41</ele>
   </trkpt>
   <trkpt lat="49.051992500612776" lon="12.538310009463395">
    <ele>609.6100000000001</ele>
   </trkpt>
   <trkpt lat="49.051280000000006" lon="12.538530000000002">
    <ele>608.32</ele>
   </trkpt>
   <trkpt lat="49.05070000004306" lon="12.538785003079374">
    <ele>607.7600000000001</ele>
   </trkpt>
   <trkpt lat="49.05012000000001" lon="12.539040000000002">
    <ele>606.58</ele>
   </trkpt>
   <trkpt lat="49.049400000000006" lon="12.539290000000001">
    <ele>603.53</ele>
   </trkpt>
   <trkpt lat="49.04855000011781" lon="12.53912999726611">
    <ele>602.09</ele>
   </trkpt>
   <trkpt lat="49.047700000000006" lon="12.53897">
    <ele>602.71</ele>
   </trkpt>
   <trkpt lat="49.04719" lon="12.53893">
    <ele>603.14</ele>
   </trkpt>
   <trkpt lat="49.047000000000004" lon="12.538960000000001">
    <ele>603.57</ele>
   </trkpt>
   <trkpt lat="49.04686" lon="12.539050000000001">
    <ele>603.57</ele>
   </trkpt>
   <trkpt lat="49.046620000000004" lon="12.539250000000001">
    <ele>604.2900000000001</ele>
   </trkpt>
   <trkpt lat="49.04641" lon="12.539390000000001">
    <ele>604.5600000000001</ele>
   </trkpt>
   <trkpt lat="49.046260000000004" lon="12.539430000000001">
    <ele>604.68</ele>
   </trkpt>
   <trkpt lat="49.04556" lon="12.53955">
    <ele>603.63</ele>
   </trkpt>
   <trkpt lat="49.04536" lon="12.53955">
    <ele>603.63</ele>
   </trkpt>
   <trkpt lat="49.04468000000001" lon="12.539460000000002">
    <ele>602.7300000000001</ele>
   </trkpt>
   <trkpt lat="49.044290000000004" lon="12.539520000000001">
    <ele>603.1899999999999</ele>
   </trkpt>
   <trkpt lat="49.04388" lon="12.539700000000002">
    <ele>603.72</ele>
   </trkpt>
   <trkpt lat="49.0437" lon="12.539700000000002">
    <ele>604.0000000000001</ele>
   </trkpt>
   <trkpt lat="49.04363000000001" lon="12.539670000000001">
    <ele>604.0000000000001</ele>
   </trkpt>
   <trkpt lat="49.0435" lon="12.539560000000002">
    <ele>604.1700000000001</ele>
   </trkpt>
   <trkpt lat="49.043040000000005" lon="12.539150000000001">
    <ele>605.0699999999999</ele>
   </trkpt>
   <trkpt lat="49.04248500112413" lon="12.53861999399996">
    <ele>606.1899999999999</ele>
   </trkpt>
   <trkpt lat="49.04193" lon="12.53809">
    <ele>607.82</ele>
   </trkpt>
   <trkpt lat="49.04222000000001" lon="12.53743">
    <ele>610.1500000000001</ele>
   </trkpt>
   <trkpt lat="49.04238" lon="12.537">
    <ele>610.7600000000001</ele>
   </trkpt>
   <trkpt lat="49.042660000000005" lon="12.535990000000002">
    <ele>610.48</ele>
   </trkpt>
   <trkpt lat="49.04272" lon="12.535620000000002">
    <ele>610.21</ele>
   </trkpt>
   <trkpt lat="49.04272" lon="12.535260000000001">
    <ele>609.9</ele>
   </trkpt>
   <trkpt lat="49.04265" lon="12.535260000000001">
    <ele>609.97</ele>
   </trkpt>
   <trkpt lat="49.041920000000005" lon="12.5347">
    <ele>610.1700000000001</ele>
   </trkpt>
   <trkpt lat="49.04167" lon="12.53447">
    <ele>610.0300000000001</ele>
   </trkpt>
   <trkpt lat="49.041560000000004" lon="12.534310000000001">
    <ele>610.0300000000001</ele>
   </trkpt>
   <trkpt lat="49.041470000000004" lon="12.534070000000002">
    <ele>609.92</ele>
   </trkpt>
   <trkpt lat="49.041320000000006" lon="12.533570000000001">
    <ele>610.3900000000001</ele>
   </trkpt>
   <trkpt lat="49.04115500232887" lon="12.532839997696454">
    <ele>612.98</ele>
   </trkpt>
   <trkpt lat="49.04099" lon="12.532110000000001">
    <ele>615.0300000000001</ele>
   </trkpt>
   <trkpt lat="49.04083000000001" lon="12.531530000000002">
    <ele>616.5</ele>
   </trkpt>
   <trkpt lat="49.04052500396993" lon="12.530579994395676">
    <ele>623.5400000000001</ele>
   </trkpt>
   <trkpt lat="49.040220000000005" lon="12.529630000000001">
    <ele>626.4200000000001</ele>
   </trkpt>
   <trkpt lat="49.039970000000004" lon="12.528760000000002">
    <ele>629.6400000000001</ele>
   </trkpt>
   <trkpt lat="49.03985" lon="12.528480000000002">
    <ele>631.47</ele>
   </trkpt>
   <trkpt lat="49.039475000968366" lon="12.527984996148906">
    <ele>634.53</ele>
   </trkpt>
   <trkpt lat="49.039100000000005" lon="12.52749">
    <ele>637.6400000000001</ele>
   </trkpt>
   <trkpt lat="49.038650000000004" lon="12.527140000000001">
    <ele>638.12</ele>
   </trkpt>
   <trkpt lat="49.03848000000001" lon="12.526950000000001">
    <ele>637.9</ele>
   </trkpt>
   <trkpt lat="49.03831" lon="12.526620000000001">
    <ele>636.88</ele>
   </trkpt>
   <trkpt lat="49.038120000000006" lon="12.52616">
    <ele>636.7600000000001</ele>
   </trkpt>
   <trkpt lat="49.0377" lon="12.525400000000001">
    <ele>636.3100000000001</ele>
   </trkpt>
   <trkpt lat="49.03740500176116" lon="12.524774996449274">
    <ele>634.6800000000001</ele>
   </trkpt>
   <trkpt lat="49.037110000000006" lon="12.52415">
    <ele>632.73</ele>
   </trkpt>
   <trkpt lat="49.03663" lon="12.523340000000001">
    <ele>631.12</ele>
   </trkpt>
   <trkpt lat="49.036480000000005" lon="12.523010000000001">
    <ele>630.62</ele>
   </trkpt>
   <trkpt lat="49.03633000000001" lon="12.52247">
    <ele>629.05</ele>
   </trkpt>
   <trkpt lat="49.03612500326793" lon="12.521604996585053">
    <ele>627.63</ele>
   </trkpt>
   <trkpt lat="49.035920000000004" lon="12.520740000000002">
    <ele>625.9</ele>
   </trkpt>
   <trkpt lat="49.03582" lon="12.52021">
    <ele>625.72</ele>
   </trkpt>
   <trkpt lat="49.03575000000001" lon="12.5195">
    <ele>625.85</ele>
   </trkpt>
   <trkpt lat="49.03570000632767" lon="12.518289998847363">
    <ele>625.5500000000001</ele>
   </trkpt>
   <trkpt lat="49.035650000000004" lon="12.517080000000002">
    <ele>621.0</ele>
   </trkpt>
   <trkpt lat="49.035590000000006" lon="12.516520000000002">
    <ele>620.02</ele>
   </trkpt>
   <trkpt lat="49.03548000000001" lon="12.51609">
    <ele>620.0600000000001</ele>
   </trkpt>
   <trkpt lat="49.03530000000001" lon="12.515740000000001">
    <ele>620.58</ele>
   </trkpt>
   <trkpt lat="49.03510000000001" lon="12.51551">
    <ele>621.1500000000001</ele>
   </trkpt>
   <trkpt lat="49.03483000000001" lon="12.515320000000001">
    <ele>622.0</ele>
   </trkpt>
   <trkpt lat="49.034440000000004" lon="12.514990000000001">
    <ele>624.5500000000001</ele>
   </trkpt>
   <trkpt lat="49.034180000000006" lon="12.51472">
    <ele>625.63</ele>
   </trkpt>
   <trkpt lat="49.033970000000004" lon="12.514330000000001">
    <ele>626.96</ele>
   </trkpt>
   <trkpt lat="49.03380000000001" lon="12.51379">
    <ele>629.85</ele>
   </trkpt>
   <trkpt lat="49.03379" lon="12.5136">
    <ele>630.75</ele>
   </trkpt>
   <trkpt lat="49.03380000000001" lon="12.51331">
    <ele>631.7400000000001</ele>
   </trkpt>
   <trkpt lat="49.03387000000001" lon="12.51246">
    <ele>632.69</ele>
   </trkpt>
   <trkpt lat="49.033840000000005" lon="12.51149">
    <ele>632.45</ele>
   </trkpt>
   <trkpt lat="49.03388" lon="12.5106">
    <ele>632.58</ele>
   </trkpt>
   <trkpt lat="49.0340100115429" lon="12.509443339527337">
    <ele>633.1500000000001</ele>
   </trkpt>
   <trkpt lat="49.03414001152623" lon="12.50828667300914">
    <ele>633.14</ele>
   </trkpt>
   <trkpt lat="49.03427000000001" lon="12.507130000000002">
    <ele>633.39</ele>
   </trkpt>
   <trkpt lat="49.03434000000001" lon="12.506580000000001">
    <ele>633.45</ele>
   </trkpt>
   <trkpt lat="49.03452" lon="12.505510000000001">
    <ele>632.7</ele>
   </trkpt>
   <trkpt lat="49.034600000000005" lon="12.504790000000002">
    <ele>630.9200000000001</ele>
   </trkpt>
   <trkpt lat="49.034600000000005" lon="12.504560000000001">
    <ele>630.9200000000001</ele>
   </trkpt>
   <trkpt lat="49.03454000354035" lon="12.503654998939632">
    <ele>629.61</ele>
   </trkpt>
   <trkpt lat="49.03448" lon="12.50275">
    <ele>627.46</ele>
   </trkpt>
   <trkpt lat="49.03440500225185" lon="12.502029999032471">
    <ele>626.53</ele>
   </trkpt>
   <trkpt lat="49.034330000000004" lon="12.50131">
    <ele>624.35</ele>
   </trkpt>
   <trkpt lat="49.034310000000005" lon="12.500100000000002">
    <ele>624.0300000000001</ele>
   </trkpt>
   <trkpt lat="49.03421000495722" lon="12.499029997967739">
    <ele>625.6</ele>
   </trkpt>
   <trkpt lat="49.034110000000005" lon="12.49796">
    <ele>627.09</ele>
   </trkpt>
   <trkpt lat="49.03401" lon="12.49707">
    <ele>628.17</ele>
   </trkpt>
   <trkpt lat="49.03396000000001" lon="12.496210000000001">
    <ele>629.22</ele>
   </trkpt>
   <trkpt lat="49.03396000000001" lon="12.49585">
    <ele>630.24</ele>
   </trkpt>
   <trkpt lat="49.034010002469174" lon="12.495095000659548">
    <ele>631.1000000000001</ele>
   </trkpt>
   <trkpt lat="49.034060000000004" lon="12.494340000000001">
    <ele>633.0</ele>
   </trkpt>
   <trkpt lat="49.03405" lon="12.493770000000001">
    <ele>634.6400000000001</ele>
   </trkpt>
   <trkpt lat="49.034040000000005" lon="12.493590000000001">
    <ele>634.6400000000001</ele>
   </trkpt>
   <trkpt lat="49.03388" lon="12.49294">
    <ele>636.47</ele>
   </trkpt>
   <trkpt lat="49.033575003981355" lon="12.491984994274144">
    <ele>637.71</ele>
   </trkpt>
   <trkpt lat="49.03327" lon="12.49103">
    <ele>638.5400000000001</ele>
   </trkpt>
   <trkpt lat="49.03316" lon="12.490620000000002">
    <ele>639.48</ele>
   </trkpt>
   <trkpt lat="49.03304000000001" lon="12.489930000000001">
    <ele>642.5600000000001</ele>
   </trkpt>
   <trkpt lat="49.03289" lon="12.488600000000002">
    <ele>646.0400000000001</ele>
   </trkpt>
   <trkpt lat="49.03286000000001" lon="12.488080000000002">
    <ele>646.6500000000001</ele>
   </trkpt>
   <trkpt lat="49.032875017894185" lon="12.486905001014296">
    <ele>646.33</ele>
   </trkpt>
   <trkpt lat="49.03289002385933" lon="12.48573000131947">
    <ele>644.1</ele>
   </trkpt>
   <trkpt lat="49.03290501789543" lon="12.48455500091608">
    <ele>640.5500000000001</ele>
   </trkpt>
   <trkpt lat="49.032920000000004" lon="12.48338">
    <ele>635.51</ele>
   </trkpt>
   <trkpt lat="49.03284000000001" lon="12.48268">
    <ele>634.02</ele>
   </trkpt>
   <trkpt lat="49.03262" lon="12.481850000000001">
    <ele>632.45</ele>
   </trkpt>
   <trkpt lat="49.032360000000004" lon="12.48127">
    <ele>632.23</ele>
   </trkpt>
   <trkpt lat="49.032210000000006" lon="12.48099">
    <ele>632.29</ele>
   </trkpt>
   <trkpt lat="49.03197" lon="12.480640000000001">
    <ele>632.38</ele>
   </trkpt>
   <trkpt lat="49.03172000000001" lon="12.480360000000001">
    <ele>632.24</ele>
   </trkpt>
   <trkpt lat="49.031330000000004" lon="12.480010000000002">
    <ele>632.0</ele>
   </trkpt>
   <trkpt lat="49.03066500191854" lon="12.479624984560745">
    <ele>631.4900000000001</ele>
   </trkpt>
   <trkpt lat="49.03000000255629" lon="12.47923997941366">
    <ele>630.27</ele>
   </trkpt>
   <trkpt lat="49.029335001913296" lon="12.478854984558245">
    <ele>628.26</ele>
   </trkpt>
   <trkpt lat="49.028670000000005" lon="12.478470000000002">
    <ele>626.9</ele>
   </trkpt>
   <trkpt lat="49.028270000000006" lon="12.478190000000001">
    <ele>625.39</ele>
   </trkpt>
   <trkpt lat="49.02808" lon="12.478010000000001">
    <ele>625.39</ele>
   </trkpt>
   <trkpt lat="49.02787000000001" lon="12.477760000000002">
    <ele>623.85</ele>
   </trkpt>
   <trkpt lat="49.027730000000005" lon="12.47747">
    <ele>622.57</ele>
   </trkpt>
   <trkpt lat="49.02763" lon="12.47714">
    <ele>622.57</ele>
   </trkpt>
   <trkpt lat="49.02756" lon="12.47672">
    <ele>621.58</ele>
   </trkpt>
   <trkpt lat="49.02754" lon="12.476450000000002">
    <ele>620.71</ele>
   </trkpt>
   <trkpt lat="49.027570000000004" lon="12.476020000000002">
    <ele>620.2500000000001</ele>
   </trkpt>
   <trkpt lat="49.02763" lon="12.475670000000001">
    <ele>619.0400000000001</ele>
   </trkpt>
   <trkpt lat="49.02769000000001" lon="12.47545">
    <ele>617.7</ele>
   </trkpt>
   <trkpt lat="49.02797" lon="12.47488">
    <ele>614.26</ele>
   </trkpt>
   <trkpt lat="49.02821" lon="12.474580000000001">
    <ele>611.8</ele>
   </trkpt>
   <trkpt lat="49.02837" lon="12.474450000000001">
    <ele>609.94</ele>
   </trkpt>
   <trkpt lat="49.02864" lon="12.47432">
    <ele>603.58</ele>
   </trkpt>
   <trkpt lat="49.02948000000001" lon="12.474050000000002">
    <ele>596.7800000000001</ele>
   </trkpt>
   <trkpt lat="49.029680000000006" lon="12.47394">
    <ele>594.72</ele>
   </trkpt>
   <trkpt lat="49.029880000000006" lon="12.4738">
    <ele>591.43</ele>
   </trkpt>
   <trkpt lat="49.030060000000006" lon="12.473600000000001">
    <ele>591.43</ele>
   </trkpt>
   <trkpt lat="49.03018" lon="12.47343">
    <ele>585.7800000000001</ele>
   </trkpt>
   <trkpt lat="49.03038" lon="12.473020000000002">
    <ele>582.77</ele>
   </trkpt>
   <trkpt lat="49.03058" lon="12.4724">
    <ele>577.57</ele>
   </trkpt>
   <trkpt lat="49.03079000247004" lon="12.471650003023122">
    <ele>572.3100000000001</ele>
   </trkpt>
   <trkpt lat="49.031000000000006" lon="12.4709">
    <ele>567.2600000000001</ele>
   </trkpt>
   <trkpt lat="49.031060000000004" lon="12.470450000000001">
    <ele>562.59</ele>
   </trkpt>
   <trkpt lat="49.03103" lon="12.469990000000001">
    <ele>561.08</ele>
   </trkpt>
   <trkpt lat="49.03099" lon="12.469700000000001">
    <ele>556.62</ele>
   </trkpt>
   <trkpt lat="49.03088" lon="12.46935">
    <ele>553.61</ele>
   </trkpt>
   <trkpt lat="49.030750000000005" lon="12.469050000000001">
    <ele>553.61</ele>
   </trkpt>
   <trkpt lat="49.03052" lon="12.468710000000002">
    <ele>546.88</ele>
   </trkpt>
   <trkpt lat="49.0302" lon="12.46845">
    <ele>543.9200000000001</ele>
   </trkpt>
   <trkpt lat="49.029880000000006" lon="12.46822">
    <ele>542.34</ele>
   </trkpt>
   <trkpt lat="49.029103335709486" lon="12.467699983792595">
    <ele>532.08</ele>
   </trkpt>
   <trkpt lat="49.02832666908253" lon="12.467179983819504">
    <ele>524.2900000000001</ele>
   </trkpt>
   <trkpt lat="49.027550000000005" lon="12.466660000000001">
    <ele>520.81</ele>
   </trkpt>
   <trkpt lat="49.027390000000004" lon="12.46654">
    <ele>520.34</ele>
   </trkpt>
   <trkpt lat="49.027190000000004" lon="12.466360000000002">
    <ele>519.9</ele>
   </trkpt>
   <trkpt lat="49.027080000000005" lon="12.466230000000001">
    <ele>519.29</ele>
   </trkpt>
   <trkpt lat="49.02691" lon="12.46597">
    <ele>518.4100000000001</ele>
   </trkpt>
   <trkpt lat="49.02658" lon="12.4654">
    <ele>515.76</ele>
   </trkpt>
   <trkpt lat="49.02603000299068" lon="12.46456499073814">
    <ele>510.2300000000001</ele>
   </trkpt>
   <trkpt lat="49.02548" lon="12.463730000000002">
    <ele>505.4700000000001</ele>
   </trkpt>
   <trkpt lat="49.02521" lon="12.46324">
    <ele>504.02000000000004</ele>
   </trkpt>
   <trkpt lat="49.02496000000001" lon="12.462610000000002">
    <ele>503.21000000000004</ele>
   </trkpt>
   <trkpt lat="49.024840000000005" lon="12.46221">
    <ele>502.99000000000007</ele>
   </trkpt>
   <trkpt lat="49.02456" lon="12.461030000000001">
    <ele>504.8</ele>
   </trkpt>
   <trkpt lat="49.024390000000004" lon="12.46011">
    <ele>507.78</ele>
   </trkpt>
   <trkpt lat="49.02418500405672" lon="12.459139995964856">
    <ele>515.35</ele>
   </trkpt>
   <trkpt lat="49.02398" lon="12.45817">
    <ele>522.02</ele>
   </trkpt>
   <trkpt lat="49.023830000000004" lon="12.457650000000001">
    <ele>525.15</ele>
   </trkpt>
   <trkpt lat="49.02356" lon="12.45692">
    <ele>527.37</ele>
   </trkpt>
   <trkpt lat="49.023340000000005" lon="12.456430000000001">
    <ele>527.27</ele>
   </trkpt>
   <trkpt lat="49.02299000000001" lon="12.455800000000002">
    <ele>524.87</ele>
   </trkpt>
   <trkpt lat="49.02262" lon="12.45522">
    <ele>521.6</ele>
   </trkpt>
   <trkpt lat="49.022290000000005" lon="12.4548">
    <ele>517.6</ele>
   </trkpt>
   <trkpt lat="49.021660000000004" lon="12.454160000000002">
    <ele>512.6200000000001</ele>
   </trkpt>
   <trkpt lat="49.02105000139747" lon="12.453599993175455">
    <ele>510.51</ele>
   </trkpt>
   <trkpt lat="49.02044" lon="12.453040000000001">
    <ele>507.14000000000004</ele>
   </trkpt>
   <trkpt lat="49.01997" lon="12.452490000000001">
    <ele>503.70000000000005</ele>
   </trkpt>
   <trkpt lat="49.01977" lon="12.452200000000001">
    <ele>501.29</ele>
   </trkpt>
   <trkpt lat="49.019420000000004" lon="12.451640000000001">
    <ele>499.8</ele>
   </trkpt>
   <trkpt lat="49.019050001650285" lon="12.451014995290734">
    <ele>497.3</ele>
   </trkpt>
   <trkpt lat="49.01868" lon="12.45039">
    <ele>494.95000000000005</ele>
   </trkpt>
   <trkpt lat="49.0183" lon="12.449890000000002">
    <ele>494.22</ele>
   </trkpt>
   <trkpt lat="49.018080000000005" lon="12.449650000000002">
    <ele>493.39000000000004</ele>
   </trkpt>
   <trkpt lat="49.017830000000004" lon="12.449430000000001">
    <ele>492.77000000000004</ele>
   </trkpt>
   <trkpt lat="49.01719000000001" lon="12.448920000000001">
    <ele>491.49</ele>
   </trkpt>
   <trkpt lat="49.016850000000005" lon="12.4486">
    <ele>490.90000000000003</ele>
   </trkpt>
   <trkpt lat="49.016490000000005" lon="12.448070000000001">
    <ele>490.44000000000005</ele>
   </trkpt>
   <trkpt lat="49.01615" lon="12.447310000000002">
    <ele>490.18000000000006</ele>
   </trkpt>
   <trkpt lat="49.01603" lon="12.446800000000001">
    <ele>489.73</ele>
   </trkpt>
   <trkpt lat="49.01597" lon="12.44641">
    <ele>489.51000000000005</ele>
   </trkpt>
   <trkpt lat="49.015950000000004" lon="12.44597">
    <ele>489.45000000000005</ele>
   </trkpt>
   <trkpt lat="49.01597" lon="12.445200000000002">
    <ele>489.6</ele>
   </trkpt>
   <trkpt lat="49.016040000000004" lon="12.44414">
    <ele>490.2900000000001</ele>
   </trkpt>
   <trkpt lat="49.016040000000004" lon="12.443430000000001">
    <ele>490.72</ele>
   </trkpt>
   <trkpt lat="49.016000000000005" lon="12.442860000000001">
    <ele>491.57000000000005</ele>
   </trkpt>
   <trkpt lat="49.01596000000001" lon="12.442570000000002">
    <ele>491.57000000000005</ele>
   </trkpt>
   <trkpt lat="49.01583" lon="12.44199">
    <ele>492.28000000000003</ele>
   </trkpt>
   <trkpt lat="49.015570000000004" lon="12.4412">
    <ele>493.2900000000001</ele>
   </trkpt>
   <trkpt lat="49.01532000150203" lon="12.440604996946242">
    <ele>495.06000000000006</ele>
   </trkpt>
   <trkpt lat="49.01507" lon="12.440010000000001">
    <ele>495.59000000000003</ele>
   </trkpt>
   <trkpt lat="49.014860000000006" lon="12.43946">
    <ele>496.08</ele>
   </trkpt>
   <trkpt lat="49.01474" lon="12.439060000000001">
    <ele>496.90000000000003</ele>
   </trkpt>
   <trkpt lat="49.014590000000005" lon="12.43843">
    <ele>497.64000000000004</ele>
   </trkpt>
   <trkpt lat="49.01446000000001" lon="12.437570000000001">
    <ele>498.08</ele>
   </trkpt>
   <trkpt lat="49.01437000000001" lon="12.43655">
    <ele>497.90000000000003</ele>
   </trkpt>
   <trkpt lat="49.0144" lon="12.435590000000001">
    <ele>496.97</ele>
   </trkpt>
   <trkpt lat="49.01448500409989" lon="12.434615001748986">
    <ele>495.00000000000006</ele>
   </trkpt>
   <trkpt lat="49.014570000000006" lon="12.43364">
    <ele>493.17</ele>
   </trkpt>
   <trkpt lat="49.014590000000005" lon="12.433180000000002">
    <ele>492.61</ele>
   </trkpt>
   <trkpt lat="49.014590000000005" lon="12.432690000000001">
    <ele>492.32000000000005</ele>
   </trkpt>
   <trkpt lat="49.014540000000004" lon="12.43228">
    <ele>492.57000000000005</ele>
   </trkpt>
   <trkpt lat="49.01433" lon="12.43129">
    <ele>492.56000000000006</ele>
   </trkpt>
   <trkpt lat="49.013895004967324" lon="12.430214990543213">
    <ele>489.96000000000004</ele>
   </trkpt>
   <trkpt lat="49.01346" lon="12.42914">
    <ele>485.83000000000004</ele>
   </trkpt>
   <trkpt lat="49.01319" lon="12.428300000000002">
    <ele>482.91</ele>
   </trkpt>
   <trkpt lat="49.01306" lon="12.42754">
    <ele>479.27000000000004</ele>
   </trkpt>
   <trkpt lat="49.01293668067209" lon="12.42626666030401">
    <ele>475.23</ele>
   </trkpt>
   <trkpt lat="49.01281334733351" lon="12.424993326916741">
    <ele>468.1</ele>
   </trkpt>
   <trkpt lat="49.012690000000006" lon="12.423720000000001">
    <ele>463.75000000000006</ele>
   </trkpt>
   <trkpt lat="49.01256" lon="12.422630000000002">
    <ele>460.57000000000005</ele>
   </trkpt>
   <trkpt lat="49.01229000000001" lon="12.4214">
    <ele>453.67</ele>
   </trkpt>
   <trkpt lat="49.012010000000004" lon="12.420520000000002">
    <ele>446.06</ele>
   </trkpt>
   <trkpt lat="49.01158" lon="12.419530000000002">
    <ele>439.59000000000003</ele>
   </trkpt>
   <trkpt lat="49.01126500149755" lon="12.418974996782204">
    <ele>436.03000000000003</ele>
   </trkpt>
   <trkpt lat="49.01095" lon="12.418420000000001">
    <ele>433.41</ele>
   </trkpt>
   <trkpt lat="49.01046" lon="12.41774">
    <ele>432.25</ele>
   </trkpt>
   <trkpt lat="49.00999666971709" lon="12.417143322194782">
    <ele>431.75</ele>
   </trkpt>
   <trkpt lat="49.00953333635771" lon="12.416546655494738">
    <ele>430.98</ele>
   </trkpt>
   <trkpt lat="49.00907" lon="12.41595">
    <ele>429.34000000000003</ele>
   </trkpt>
   <trkpt lat="49.00846000000001" lon="12.415370000000001">
    <ele>426.78000000000003</ele>
   </trkpt>
   <trkpt lat="49.00789" lon="12.415090000000001">
    <ele>425.65000000000003</ele>
   </trkpt>
   <trkpt lat="49.007186666863014" lon="12.414913328324124">
    <ele>422.38000000000005</ele>
   </trkpt>
   <trkpt lat="49.00648333345629" lon="12.414736661639115">
    <ele>416.03000000000003</ele>
   </trkpt>
   <trkpt lat="49.00578" lon="12.414560000000002">
    <ele>409.52000000000004</ele>
   </trkpt>
   <trkpt lat="49.005050000000004" lon="12.414290000000001">
    <ele>402.4200000000001</ele>
   </trkpt>
   <trkpt lat="49.00451" lon="12.41393">
    <ele>395.16</ele>
   </trkpt>
   <trkpt lat="49.004020000000004" lon="12.41365">
    <ele>388.88000000000005</ele>
   </trkpt>
   <trkpt lat="49.00334666839046" lon="12.413206654695125">
    <ele>382.91</ele>
   </trkpt>
   <trkpt lat="49.00267333508241" lon="12.412763321378652">
    <ele>374.4</ele>
   </trkpt>
   <trkpt lat="49.002" lon="12.412320000000001">
    <ele>369.77000000000004</ele>
   </trkpt>
   <trkpt lat="49.001450000000006" lon="12.411930000000002">
    <ele>362.62000000000006</ele>
   </trkpt>
   <trkpt lat="49.00122" lon="12.41172">
    <ele>362.62000000000006</ele>
   </trkpt>
   <trkpt lat="49.00103000000001" lon="12.41149">
    <ele>360.09000000000003</ele>
   </trkpt>
   <trkpt lat="49.000890000000005" lon="12.411230000000002">
    <ele>357.22</ele>
   </trkpt>
   <trkpt lat="49.00063" lon="12.4106">
    <ele>352.46000000000004</ele>
   </trkpt>
   <trkpt lat="49.000530000000005" lon="12.40999">
    <ele>347.24000000000007</ele>
   </trkpt>
   <trkpt lat="49.0005" lon="12.408740000000002">
    <ele>342.13000000000005</ele>
   </trkpt>
   <trkpt lat="49.00052" lon="12.4084">
    <ele>340.28000000000003</ele>
   </trkpt>
   <trkpt lat="49.000640000000004" lon="12.407950000000001">
    <ele>339.48</ele>
   </trkpt>
   <trkpt lat="49.00066" lon="12.407430000000002">
    <ele>338.55</ele>
   </trkpt>
   <trkpt lat="49.00061" lon="12.407430000000002">
    <ele>335.4200000000001</ele>
   </trkpt>
   <trkpt lat="48.99991000000001" lon="12.407190000000002">
    <ele>330.46000000000004</ele>
   </trkpt>
   <trkpt lat="48.999610000000004" lon="12.40703">
    <ele>328.67</ele>
   </trkpt>
   <trkpt lat="48.9992" lon="12.40661">
    <ele>328.03000000000003</ele>
   </trkpt>
   <trkpt lat="48.99911" lon="12.40656">
    <ele>328.20000000000005</ele>
   </trkpt>
   <trkpt lat="48.99879000000001" lon="12.40643">
    <ele>328.26000000000005</ele>
   </trkpt>
   <trkpt lat="48.998780000000004" lon="12.40633">
    <ele>328.26000000000005</ele>
   </trkpt>
   <trkpt lat="48.99873" lon="12.406310000000001">
    <ele>328.26000000000005</ele>
   </trkpt>
   <trkpt lat="48.9987850044987" lon="12.405290001066028">
    <ele>328.42</ele>
   </trkpt>
   <trkpt lat="48.99884" lon="12.40427">
    <ele>330.26000000000005</ele>
   </trkpt>
   <trkpt lat="48.998850000000004" lon="12.403690000000001">
    <ele>332.73</ele>
   </trkpt>
   <trkpt lat="48.99889" lon="12.40328">
    <ele>333.59000000000003</ele>
   </trkpt>
   <trkpt lat="48.998960000000004" lon="12.40282">
    <ele>334.08000000000004</ele>
   </trkpt>
   <trkpt lat="48.999100000000006" lon="12.40221">
    <ele>334.20000000000005</ele>
   </trkpt>
   <trkpt lat="48.999430000000004" lon="12.40108">
    <ele>334.08000000000004</ele>
   </trkpt>
   <trkpt lat="48.99947" lon="12.401000000000002">
    <ele>334.08000000000004</ele>
   </trkpt>
   <trkpt lat="48.99954" lon="12.400910000000001">
    <ele>334.08000000000004</ele>
   </trkpt>
   <trkpt lat="48.99972" lon="12.400780000000001">
    <ele>334.0</ele>
   </trkpt>
   <trkpt lat="48.99983" lon="12.400720000000002">
    <ele>333.99</ele>
   </trkpt>
   <trkpt lat="49.00011000000001" lon="12.400630000000001">
    <ele>334.08000000000004</ele>
   </trkpt>
   <trkpt lat="49.000420000000005" lon="12.40065">
    <ele>334.36</ele>
   </trkpt>
   <trkpt lat="49.00059" lon="12.40055">
    <ele>334.5</ele>
   </trkpt>
   <trkpt lat="49.000800000000005" lon="12.399780000000002">
    <ele>335.96000000000004</ele>
   </trkpt>
   <trkpt lat="49.00077" lon="12.399690000000001">
    <ele>335.96000000000004</ele>
   </trkpt>
   <trkpt lat="49.00054" lon="12.399410000000001">
    <ele>337.98</ele>
   </trkpt>
   <trkpt lat="49.000400000000006" lon="12.399260000000002">
    <ele>338.21</ele>
   </trkpt>
   <trkpt lat="49.00009000000001" lon="12.39901">
    <ele>339.07000000000005</ele>
   </trkpt>
   <trkpt lat="48.99972" lon="12.39858">
    <ele>337.71</ele>
   </trkpt>
   <trkpt lat="48.99954" lon="12.3983">
    <ele>335.79</ele>
   </trkpt>
   <trkpt lat="48.999460000000006" lon="12.398090000000002">
    <ele>334.67</ele>
   </trkpt>
   <trkpt lat="48.999410000000005" lon="12.397850000000002">
    <ele>334.11</ele>
   </trkpt>
   <trkpt lat="48.999430000000004" lon="12.397450000000001">
    <ele>334.08000000000004</ele>
   </trkpt>
   <trkpt lat="48.99970500402931" lon="12.396490005135643">
    <ele>333.84000000000003</ele>
   </trkpt>
   <trkpt lat="48.99998" lon="12.39553">
    <ele>331.45</ele>
   </trkpt>
   <trkpt lat="48.99985" lon="12.39539">
    <ele>330.64000000000004</ele>
   </trkpt>
   <trkpt lat="48.999770000000005" lon="12.395230000000002">
    <ele>329.90000000000003</ele>
   </trkpt>
   <trkpt lat="48.9996" lon="12.39437">
    <ele>328.93</ele>
   </trkpt>
   <trkpt lat="48.999520000000004" lon="12.39404">
    <ele>329.06</ele>
   </trkpt>
   <trkpt lat="48.9994" lon="12.39371">
    <ele>329.45</ele>
   </trkpt>
   <trkpt lat="48.999280000000006" lon="12.39343">
    <ele>330.07000000000005</ele>
   </trkpt>
   <trkpt lat="48.99907" lon="12.393110000000002">
    <ele>331.09000000000003</ele>
   </trkpt>
   <trkpt lat="48.998870000000004" lon="12.392850000000001">
    <ele>331.54</ele>
   </trkpt>
   <trkpt lat="48.99859000000001" lon="12.39254">
    <ele>332.07000000000005</ele>
   </trkpt>
   <trkpt lat="48.998170000677284" lon="12.392114996311948">
    <ele>332.16</ele>
   </trkpt>
   <trkpt lat="48.99775" lon="12.39169">
    <ele>331.47</ele>
   </trkpt>
   <trkpt lat="48.99761" lon="12.391530000000001">
    <ele>331.23</ele>
   </trkpt>
   <trkpt lat="48.997460000000004" lon="12.39132">
    <ele>330.21</ele>
   </trkpt>
   <trkpt lat="48.997240000000005" lon="12.3909">
    <ele>328.90000000000003</ele>
   </trkpt>
   <trkpt lat="48.997110000000006" lon="12.39052">
    <ele>327.66</ele>
   </trkpt>
   <trkpt lat="48.997020000000006" lon="12.390070000000001">
    <ele>326.84000000000003</ele>
   </trkpt>
   <trkpt lat="48.996990000000004" lon="12.38963">
    <ele>326.43000000000006</ele>
   </trkpt>
   <trkpt lat="48.99696500414861" lon="12.388649999460643">
    <ele>325.62</ele>
   </trkpt>
   <trkpt lat="48.99694" lon="12.387670000000002">
    <ele>325.62</ele>
   </trkpt>
   <trkpt lat="48.99689" lon="12.387300000000002">
    <ele>325.62</ele>
   </trkpt>
   <trkpt lat="48.99676" lon="12.38671">
    <ele>325.04</ele>
   </trkpt>
   <trkpt lat="48.996640000000006" lon="12.38635">
    <ele>325.04</ele>
   </trkpt>
   <trkpt lat="48.99636" lon="12.385700000000002">
    <ele>324.73</ele>
   </trkpt>
   <trkpt lat="48.99615000000001" lon="12.385000000000002">
    <ele>325.05</ele>
   </trkpt>
   <trkpt lat="48.99602" lon="12.38465">
    <ele>325.38</ele>
   </trkpt>
   <trkpt lat="48.99571" lon="12.384100000000002">
    <ele>326.46000000000004</ele>
   </trkpt>
   <trkpt lat="48.99541000000001" lon="12.383700000000001">
    <ele>326.77</ele>
   </trkpt>
   <trkpt lat="48.99506" lon="12.38319">
    <ele>326.17</ele>
   </trkpt>
   <trkpt lat="48.995200000000004" lon="12.38297">
    <ele>325.52000000000004</ele>
   </trkpt>
   <trkpt lat="48.99522" lon="12.382880000000002">
    <ele>325.52000000000004</ele>
   </trkpt>
   <trkpt lat="48.99522" lon="12.382330000000001">
    <ele>325.58000000000004</ele>
   </trkpt>
   <trkpt lat="48.995250000000006" lon="12.38194">
    <ele>325.58000000000004</ele>
   </trkpt>
   <trkpt lat="48.99533" lon="12.381260000000001">
    <ele>325.85</ele>
   </trkpt>
   <trkpt lat="48.99550000000001" lon="12.38047">
    <ele>325.87000000000006</ele>
   </trkpt>
   <trkpt lat="48.99564" lon="12.380070000000002">
    <ele>325.86</ele>
   </trkpt>
   <trkpt lat="48.99573" lon="12.37973">
    <ele>325.86</ele>
   </trkpt>
   <trkpt lat="48.995760000000004" lon="12.379480000000001">
    <ele>325.93000000000006</ele>
   </trkpt>
   <trkpt lat="48.99577000000001" lon="12.379220000000002">
    <ele>325.91</ele>
   </trkpt>
   <trkpt lat="48.995740000000005" lon="12.378820000000001">
    <ele>325.82000000000005</ele>
   </trkpt>
   <trkpt lat="48.995270000000005" lon="12.377860000000002">
    <ele>325.53000000000003</ele>
   </trkpt>
   <trkpt lat="48.99521000000001" lon="12.377780000000001">
    <ele>325.53000000000003</ele>
   </trkpt>
   <trkpt lat="48.994960000000006" lon="12.37767">
    <ele>325.35</ele>
   </trkpt>
   <trkpt lat="48.995050000000006" lon="12.376880000000002">
    <ele>325.75000000000006</ele>
   </trkpt>
   <trkpt lat="48.9951" lon="12.37612">
    <ele>325.87000000000006</ele>
   </trkpt>
   <trkpt lat="48.9951" lon="12.37498">
    <ele>325.62</ele>
   </trkpt>
   <trkpt lat="48.99499003357848" lon="12.373733319576118">
    <ele>325.49</ele>
   </trkpt>
   <trkpt lat="48.99488005372562" lon="12.372486644656618">
    <ele>325.67</ele>
   </trkpt>
   <trkpt lat="48.99477006044154" lon="12.371239975242124">
    <ele>325.91</ele>
   </trkpt>
   <trkpt lat="48.99466005372635" lon="12.369993311333262">
    <ele>326.14000000000004</ele>
   </trkpt>
   <trkpt lat="48.99455003358017" lon="12.36874665293066">
    <ele>326.33</ele>
   </trkpt>
   <trkpt lat="48.994440000000004" lon="12.367500000000001">
    <ele>326.42</ele>
   </trkpt>
   <trkpt lat="48.99438000319157" lon="12.366639998903642">
    <ele>326.54</ele>
   </trkpt>
   <trkpt lat="48.99432" lon="12.36578">
    <ele>326.63000000000005</ele>
   </trkpt>
   <trkpt lat="48.994295002604396" lon="12.365004999893843">
    <ele>326.72</ele>
   </trkpt>
   <trkpt lat="48.99427000000001" lon="12.364230000000001">
    <ele>326.79</ele>
   </trkpt>
   <trkpt lat="48.99427667441072" lon="12.363283333683855">
    <ele>326.88</ele>
   </trkpt>
   <trkpt lat="48.99428334107672" lon="12.362336667114185">
    <ele>326.29</ele>
   </trkpt>
   <trkpt lat="48.99429000000001" lon="12.361390000000002">
    <ele>326.33</ele>
   </trkpt>
   <trkpt lat="48.994330000000005" lon="12.361070000000002">
    <ele>326.67</ele>
   </trkpt>
   <trkpt lat="48.994400000000006" lon="12.360850000000001">
    <ele>326.65000000000003</ele>
   </trkpt>
   <trkpt lat="48.994350000000004" lon="12.360740000000002">
    <ele>326.73</ele>
   </trkpt>
   <trkpt lat="48.99434" lon="12.36048">
    <ele>326.89</ele>
   </trkpt>
   <trkpt lat="48.994420000000005" lon="12.360330000000001">
    <ele>326.85</ele>
   </trkpt>
   <trkpt lat="48.994490000000006" lon="12.360030000000002">
    <ele>326.3</ele>
   </trkpt>
   <trkpt lat="48.99439" lon="12.359890000000002">
    <ele>326.23</ele>
   </trkpt>
   <trkpt lat="48.99434" lon="12.35974">
    <ele>326.13000000000005</ele>
   </trkpt>
   <trkpt lat="48.9943" lon="12.359350000000001">
    <ele>326.09000000000003</ele>
   </trkpt>
   <trkpt lat="48.99429000000001" lon="12.35889">
    <ele>326.19000000000005</ele>
   </trkpt>
   <trkpt lat="48.99427000000001" lon="12.358860000000002">
    <ele>326.19000000000005</ele>
   </trkpt>
   <trkpt lat="48.99425" lon="12.358860000000002">
    <ele>326.13000000000005</ele>
   </trkpt>
   <trkpt lat="48.994310000000006" lon="12.357830000000002">
    <ele>325.84000000000003</ele>
   </trkpt>
   <trkpt lat="48.99432" lon="12.35701">
    <ele>326.12</ele>
   </trkpt>
   <trkpt lat="48.99425" lon="12.356380000000001">
    <ele>326.01</ele>
   </trkpt>
   <trkpt lat="48.994105003588906" lon="12.355464997155442">
    <ele>326.07</ele>
   </trkpt>
   <trkpt lat="48.99396" lon="12.354550000000001">
    <ele>326.21</ele>
   </trkpt>
   <trkpt lat="48.993880000000004" lon="12.354190000000001">
    <ele>326.21</ele>
   </trkpt>
   <trkpt lat="48.99362000000001" lon="12.353240000000001">
    <ele>326.28000000000003</ele>
   </trkpt>
   <trkpt lat="48.993480000000005" lon="12.352590000000001">
    <ele>326.09000000000003</ele>
   </trkpt>
   <trkpt lat="48.993460000000006" lon="12.35222">
    <ele>326.12</ele>
   </trkpt>
   <trkpt lat="48.993460000000006" lon="12.351880000000001">
    <ele>326.05</ele>
   </trkpt>
   <trkpt lat="48.99347" lon="12.351460000000001">
    <ele>326.05</ele>
   </trkpt>
   <trkpt lat="48.99351" lon="12.351030000000002">
    <ele>325.98</ele>
   </trkpt>
   <trkpt lat="48.993460000000006" lon="12.350010000000001">
    <ele>325.35</ele>
   </trkpt>
   <trkpt lat="48.99334" lon="12.348880000000001">
    <ele>325.03000000000003</ele>
   </trkpt>
  </trkseg>
 </trk>
</gpx>
