<?xml version='1.0' encoding='UTF-8'?>
<gpx version="1.1" creator="https://www.komoot.de" xmlns="http://www.topografix.com/GPX/1/1" xmlns:xsi="http://www.w3.org/2001/XMLSchema-instance" xsi:schemaLocation="http://www.topografix.com/GPX/1/1 http://www.topografix.com/GPX/1/1/gpx.xsd">
  <metadata>
    <name>SR09 Wurst-Case Scenario</name>
    <author>
      <link href="https://www.komoot.de">
        <text>komoot</text>
        <type>text/html</type>
      </link>
    </author>
  </metadata>
  <trk>
    <name>SR09 Wurst-Case Scenario</name>
    <type>touring_bicycle</type>
    <trkseg>
      <trkpt lat="49.019052" lon="12.302708">
        <ele>324.893542</ele>
        <time>2026-07-03T08:32:40.852Z</time>
      </trkpt>
      <trkpt lat="49.018501" lon="12.302594">
        <ele>324.893542</ele>
        <time>2026-07-03T08:32:53.549Z</time>
      </trkpt>
      <trkpt lat="49.018203" lon="12.302533">
        <ele>324.893542</ele>
        <time>2026-07-03T08:33:00.763Z</time>
      </trkpt>
      <trkpt lat="49.017319" lon="12.302352">
        <ele>325.330079</ele>
        <time>2026-07-03T08:33:24.058Z</time>
      </trkpt>
      <trkpt lat="49.017185" lon="12.302323">
        <ele>325.399642</ele>
        <time>2026-07-03T08:33:27.706Z</time>
      </trkpt>
      <trkpt lat="49.016784" lon="12.302229">
        <ele>325.608167</ele>
        <time>2026-07-03T08:33:38.323Z</time>
      </trkpt>
      <trkpt lat="49.016602" lon="12.302230">
        <ele>325.701711</ele>
        <time>2026-07-03T08:33:42.944Z</time>
      </trkpt>
      <trkpt lat="49.016626" lon="12.300549">
        <ele>325.754708</ele>
        <time>2026-07-03T08:34:07.272Z</time>
      </trkpt>
      <trkpt lat="49.016622" lon="12.300018">
        <ele>325.729558</ele>
        <time>2026-07-03T08:34:14.553Z</time>
      </trkpt>
      <trkpt lat="49.016582" lon="12.299335">
        <ele>325.697083</ele>
        <time>2026-07-03T08:34:24.196Z</time>
      </trkpt>
      <trkpt lat="49.016514" lon="12.296056">
        <ele>325.798180</ele>
        <time>2026-07-03T08:35:13.151Z</time>
      </trkpt>
      <trkpt lat="49.016387" lon="12.292056">
        <ele>325.578553</ele>
        <time>2026-07-03T08:36:09.818Z</time>
      </trkpt>
      <trkpt lat="49.016345" lon="12.291334">
        <ele>325.568385</ele>
        <time>2026-07-03T08:36:20.532Z</time>
      </trkpt>
      <trkpt lat="49.016247" lon="12.289970">
        <ele>325.684030</ele>
        <time>2026-07-03T08:36:41.402Z</time>
      </trkpt>
      <trkpt lat="49.015994" lon="12.287563">
        <ele>325.902272</ele>
        <time>2026-07-03T08:37:18.052Z</time>
      </trkpt>
      <trkpt lat="49.015882" lon="12.286842">
        <ele>325.896553</ele>
        <time>2026-07-03T08:37:29.014Z</time>
      </trkpt>
      <trkpt lat="49.015766" lon="12.286318">
        <ele>325.892285</ele>
        <time>2026-07-03T08:37:36.957Z</time>
      </trkpt>
      <trkpt lat="49.015655" lon="12.285660">
        <ele>325.887041</ele>
        <time>2026-07-03T08:37:46.552Z</time>
      </trkpt>
      <trkpt lat="49.015623" lon="12.285308">
        <ele>325.874123</ele>
        <time>2026-07-03T08:37:51.560Z</time>
      </trkpt>
      <trkpt lat="49.015474" lon="12.284555">
        <ele>325.835658</ele>
        <time>2026-07-03T08:38:02.800Z</time>
      </trkpt>
      <trkpt lat="49.015442" lon="12.284165">
        <ele>325.816436</ele>
        <time>2026-07-03T08:38:08.392Z</time>
      </trkpt>
      <trkpt lat="49.014885" lon="12.281553">
        <ele>325.767696</ele>
        <time>2026-07-03T08:38:48.403Z</time>
      </trkpt>
      <trkpt lat="49.014686" lon="12.280738">
        <ele>325.777185</ele>
        <time>2026-07-03T08:39:01.200Z</time>
      </trkpt>
      <trkpt lat="49.013846" lon="12.277591">
        <ele>325.888534</ele>
        <time>2026-07-03T08:39:51.008Z</time>
      </trkpt>
      <trkpt lat="49.013090" lon="12.274941">
        <ele>326.365117</ele>
        <time>2026-07-03T08:40:35.278Z</time>
      </trkpt>
      <trkpt lat="49.012822" lon="12.273900">
        <ele>326.454160</ele>
        <time>2026-07-03T08:40:53.054Z</time>
      </trkpt>
      <trkpt lat="49.012578" lon="12.272658">
        <ele>326.549352</ele>
        <time>2026-07-03T08:41:11.597Z</time>
      </trkpt>
      <trkpt lat="49.012436" lon="12.272121">
        <ele>326.455709</ele>
        <time>2026-07-03T08:41:19.639Z</time>
      </trkpt>
      <trkpt lat="49.012331" lon="12.271871">
        <ele>326.407697</ele>
        <time>2026-07-03T08:41:23.715Z</time>
      </trkpt>
      <trkpt lat="49.012251" lon="12.271577">
        <ele>326.356218</ele>
        <time>2026-07-03T08:41:28.031Z</time>
      </trkpt>
      <trkpt lat="49.011940" lon="12.270146">
        <ele>326.112403</ele>
        <time>2026-07-03T08:41:48.814Z</time>
      </trkpt>
      <trkpt lat="49.011805" lon="12.269309">
        <ele>326.212030</ele>
        <time>2026-07-03T08:42:01.793Z</time>
      </trkpt>
      <trkpt lat="49.011773" lon="12.268781">
        <ele>326.274571</ele>
        <time>2026-07-03T08:42:09.878Z</time>
      </trkpt>
      <trkpt lat="49.011783" lon="12.268253">
        <ele>326.336873</ele>
        <time>2026-07-03T08:42:17.994Z</time>
      </trkpt>
      <trkpt lat="49.011847" lon="12.267655">
        <ele>326.408338</ele>
        <time>2026-07-03T08:42:27.286Z</time>
      </trkpt>
      <trkpt lat="49.011972" lon="12.266981">
        <ele>326.482387</ele>
        <time>2026-07-03T08:42:37.984Z</time>
      </trkpt>
      <trkpt lat="49.012100" lon="12.266536">
        <ele>326.530979</ele>
        <time>2026-07-03T08:42:45.439Z</time>
      </trkpt>
      <trkpt lat="49.012249" lon="12.266128">
        <ele>326.577677</ele>
        <time>2026-07-03T08:42:52.588Z</time>
      </trkpt>
      <trkpt lat="49.012405" lon="12.265800">
        <ele>326.618193</ele>
        <time>2026-07-03T08:42:58.729Z</time>
      </trkpt>
      <trkpt lat="49.012576" lon="12.265508">
        <ele>326.657338</ele>
        <time>2026-07-03T08:43:04.531Z</time>
      </trkpt>
      <trkpt lat="49.012947" lon="12.264988">
        <ele>326.685299</ele>
        <time>2026-07-03T08:43:15.502Z</time>
      </trkpt>
      <trkpt lat="49.013371" lon="12.264561">
        <ele>326.612994</ele>
        <time>2026-07-03T08:43:26.473Z</time>
      </trkpt>
      <trkpt lat="49.013871" lon="12.264217">
        <ele>326.534940</ele>
        <time>2026-07-03T08:43:38.361Z</time>
      </trkpt>
      <trkpt lat="49.014550" lon="12.263875">
        <ele>326.431690</ele>
        <time>2026-07-03T08:43:53.718Z</time>
      </trkpt>
      <trkpt lat="49.016582" lon="12.262954">
        <ele>326.210707</ele>
        <time>2026-07-03T08:44:39.844Z</time>
      </trkpt>
      <trkpt lat="49.017609" lon="12.262374">
        <ele>326.289455</ele>
        <time>2026-07-03T08:45:04.566Z</time>
      </trkpt>
      <trkpt lat="49.018162" lon="12.261975">
        <ele>326.427955</ele>
        <time>2026-07-03T08:45:18.644Z</time>
      </trkpt>
      <trkpt lat="49.018717" lon="12.261517">
        <ele>326.635176</ele>
        <time>2026-07-03T08:45:33.537Z</time>
      </trkpt>
      <trkpt lat="49.019576" lon="12.260630">
        <ele>326.927936</ele>
        <time>2026-07-03T08:45:58.379Z</time>
      </trkpt>
      <trkpt lat="49.020076" lon="12.259943">
        <ele>327.013700</ele>
        <time>2026-07-03T08:46:14.093Z</time>
      </trkpt>
      <trkpt lat="49.020444" lon="12.259354">
        <ele>327.081683</ele>
        <time>2026-07-03T08:46:25.904Z</time>
      </trkpt>
      <trkpt lat="49.020868" lon="12.258610">
        <ele>327.131658</ele>
        <time>2026-07-03T08:46:39.876Z</time>
      </trkpt>
      <trkpt lat="49.021071" lon="12.258202">
        <ele>327.137279</ele>
        <time>2026-07-03T08:46:47.178Z</time>
      </trkpt>
      <trkpt lat="49.021458" lon="12.257285">
        <ele>327.149248</ele>
        <time>2026-07-03T08:47:03.131Z</time>
      </trkpt>
      <trkpt lat="49.021792" lon="12.256354">
        <ele>327.262947</ele>
        <time>2026-07-03T08:47:18.964Z</time>
      </trkpt>
      <trkpt lat="49.022522" lon="12.254045">
        <ele>328.014722</ele>
        <time>2026-07-03T08:47:59.702Z</time>
      </trkpt>
      <trkpt lat="49.022694" lon="12.253643">
        <ele>328.182788</ele>
        <time>2026-07-03T08:48:07.623Z</time>
      </trkpt>
      <trkpt lat="49.022772" lon="12.253525">
        <ele>328.241452</ele>
        <time>2026-07-03T08:48:10.321Z</time>
      </trkpt>
      <trkpt lat="49.022876" lon="12.253437">
        <ele>328.304957</ele>
        <time>2026-07-03T08:48:13.206Z</time>
      </trkpt>
      <trkpt lat="49.023101" lon="12.253375">
        <ele>328.427039</ele>
        <time>2026-07-03T08:48:18.837Z</time>
      </trkpt>
      <trkpt lat="49.023273" lon="12.252116">
        <ele>328.877322</ele>
        <time>2026-07-03T08:48:39.770Z</time>
      </trkpt>
      <trkpt lat="49.023759" lon="12.249139">
        <ele>328.951580</ele>
        <time>2026-07-03T08:49:25.096Z</time>
      </trkpt>
      <trkpt lat="49.024057" lon="12.247359">
        <ele>328.248969</ele>
        <time>2026-07-03T08:49:48.953Z</time>
      </trkpt>
      <trkpt lat="49.024276" lon="12.246426">
        <ele>327.936749</ele>
        <time>2026-07-03T08:50:01.931Z</time>
      </trkpt>
      <trkpt lat="49.024505" lon="12.245165">
        <ele>327.710425</ele>
        <time>2026-07-03T08:50:20.295Z</time>
      </trkpt>
      <trkpt lat="49.024806" lon="12.243933">
        <ele>327.552915</ele>
        <time>2026-07-03T08:50:38.909Z</time>
      </trkpt>
      <trkpt lat="49.025131" lon="12.243032">
        <ele>327.736136</ele>
        <time>2026-07-03T08:50:54.531Z</time>
      </trkpt>
      <trkpt lat="49.025648" lon="12.241798">
        <ele>327.997048</ele>
        <time>2026-07-03T08:51:17.715Z</time>
      </trkpt>
      <trkpt lat="49.026295" lon="12.240076">
        <ele>328.379951</ele>
        <time>2026-07-03T08:51:48.743Z</time>
      </trkpt>
      <trkpt lat="49.026748" lon="12.238715">
        <ele>328.496346</ele>
        <time>2026-07-03T08:52:11.152Z</time>
      </trkpt>
      <trkpt lat="49.026766" lon="12.238666">
        <ele>328.493203</ele>
        <time>2026-07-03T08:52:11.981Z</time>
      </trkpt>
      <trkpt lat="49.026859" lon="12.238424">
        <ele>328.477504</ele>
        <time>2026-07-03T08:52:16.036Z</time>
      </trkpt>
      <trkpt lat="49.026911" lon="12.238278">
        <ele>328.468205</ele>
        <time>2026-07-03T08:52:18.425Z</time>
      </trkpt>
      <trkpt lat="49.027484" lon="12.236822">
        <ele>328.451869</ele>
        <time>2026-07-03T08:52:42.255Z</time>
      </trkpt>
      <trkpt lat="49.027470" lon="12.236553">
        <ele>328.558422</ele>
        <time>2026-07-03T08:52:46.126Z</time>
      </trkpt>
      <trkpt lat="49.027191" lon="12.235991">
        <ele>328.836766</ele>
        <time>2026-07-03T08:52:56.570Z</time>
      </trkpt>
      <trkpt lat="49.027153" lon="12.235869">
        <ele>328.890099</ele>
        <time>2026-07-03T08:52:58.602Z</time>
      </trkpt>
      <trkpt lat="49.027143" lon="12.235416">
        <ele>329.069075</ele>
        <time>2026-07-03T08:53:05.773Z</time>
      </trkpt>
      <trkpt lat="49.027160" lon="12.235285">
        <ele>329.121806</ele>
        <time>2026-07-03T08:53:07.956Z</time>
      </trkpt>
      <trkpt lat="49.027476" lon="12.234314">
        <ele>329.605438</ele>
        <time>2026-07-03T08:53:27.836Z</time>
      </trkpt>
      <trkpt lat="49.027593" lon="12.234056">
        <ele>329.811512</ele>
        <time>2026-07-03T08:53:33.927Z</time>
      </trkpt>
      <trkpt lat="49.027814" lon="12.233811">
        <ele>330.085244</ele>
        <time>2026-07-03T08:53:41.742Z</time>
      </trkpt>
      <trkpt lat="49.028197" lon="12.233663">
        <ele>330.481090</ele>
        <time>2026-07-03T08:53:52.590Z</time>
      </trkpt>
      <trkpt lat="49.028275" lon="12.233607">
        <ele>330.567463</ele>
        <time>2026-07-03T08:53:54.873Z</time>
      </trkpt>
      <trkpt lat="49.028337" lon="12.233536">
        <ele>330.645141</ele>
        <time>2026-07-03T08:53:56.924Z</time>
      </trkpt>
      <trkpt lat="49.028399" lon="12.233377">
        <ele>330.766666</ele>
        <time>2026-07-03T08:54:00.085Z</time>
      </trkpt>
      <trkpt lat="49.028564" lon="12.232428">
        <ele>331.223008</ele>
        <time>2026-07-03T08:54:15.457Z</time>
      </trkpt>
      <trkpt lat="49.028602" lon="12.232088">
        <ele>331.151787</ele>
        <time>2026-07-03T08:54:20.205Z</time>
      </trkpt>
      <trkpt lat="49.029041" lon="12.225505">
        <ele>329.939650</ele>
        <time>2026-07-03T08:55:50.830Z</time>
      </trkpt>
      <trkpt lat="49.029142" lon="12.224073">
        <ele>329.663572</ele>
        <time>2026-07-03T08:56:12.690Z</time>
      </trkpt>
      <trkpt lat="49.029133" lon="12.223761">
        <ele>329.539830</ele>
        <time>2026-07-03T08:56:17.326Z</time>
      </trkpt>
      <trkpt lat="49.029088" lon="12.223484">
        <ele>329.426757</ele>
        <time>2026-07-03T08:56:21.311Z</time>
      </trkpt>
      <trkpt lat="49.029155" lon="12.223224">
        <ele>329.316067</ele>
        <time>2026-07-03T08:56:24.987Z</time>
      </trkpt>
      <trkpt lat="49.029211" lon="12.222706">
        <ele>329.108051</ele>
        <time>2026-07-03T08:56:31.635Z</time>
      </trkpt>
      <trkpt lat="49.029272" lon="12.222273">
        <ele>328.932570</ele>
        <time>2026-07-03T08:56:37.103Z</time>
      </trkpt>
      <trkpt lat="49.029313" lon="12.221569">
        <ele>328.641063</ele>
        <time>2026-07-03T08:56:45.800Z</time>
      </trkpt>
      <trkpt lat="49.029370" lon="12.220221">
        <ele>328.028223</ele>
        <time>2026-07-03T08:57:03.246Z</time>
      </trkpt>
      <trkpt lat="49.029384" lon="12.218944">
        <ele>327.534693</ele>
        <time>2026-07-03T08:57:20.451Z</time>
      </trkpt>
      <trkpt lat="49.029374" lon="12.218684">
        <ele>327.681892</ele>
        <time>2026-07-03T08:57:24.164Z</time>
      </trkpt>
      <trkpt lat="49.029366" lon="12.218480">
        <ele>327.797395</ele>
        <time>2026-07-03T08:57:27.183Z</time>
      </trkpt>
      <trkpt lat="49.029320" lon="12.218186">
        <ele>327.968223</ele>
        <time>2026-07-03T08:57:31.735Z</time>
      </trkpt>
      <trkpt lat="49.029305" lon="12.218089">
        <ele>328.024549</ele>
        <time>2026-07-03T08:57:33.284Z</time>
      </trkpt>
      <trkpt lat="49.029367" lon="12.217780">
        <ele>328.207183</ele>
        <time>2026-07-03T08:57:38.574Z</time>
      </trkpt>
      <trkpt lat="49.029355" lon="12.217472">
        <ele>328.381565</ele>
        <time>2026-07-03T08:57:43.825Z</time>
      </trkpt>
      <trkpt lat="49.029260" lon="12.216380">
        <ele>329.004149</ele>
        <time>2026-07-03T08:58:04.972Z</time>
      </trkpt>
      <trkpt lat="49.029148" lon="12.215500">
        <ele>329.442795</ele>
        <time>2026-07-03T08:58:22.209Z</time>
      </trkpt>
      <trkpt lat="49.029082" lon="12.215063">
        <ele>329.659838</ele>
        <time>2026-07-03T08:58:30.179Z</time>
      </trkpt>
      <trkpt lat="49.028905" lon="12.214312">
        <ele>330.046087</ele>
        <time>2026-07-03T08:58:42.938Z</time>
      </trkpt>
      <trkpt lat="49.028163" lon="12.211800">
        <ele>329.731454</ele>
        <time>2026-07-03T08:59:19.464Z</time>
      </trkpt>
      <trkpt lat="49.027343" lon="12.209182">
        <ele>328.985650</ele>
        <time>2026-07-03T09:00:00.283Z</time>
      </trkpt>
      <trkpt lat="49.027204" lon="12.208586">
        <ele>328.863800</ele>
        <time>2026-07-03T09:00:08.474Z</time>
      </trkpt>
      <trkpt lat="49.026933" lon="12.207863">
        <ele>328.849178</ele>
        <time>2026-07-03T09:00:19.368Z</time>
      </trkpt>
      <trkpt lat="49.026931" lon="12.207608">
        <ele>328.844700</ele>
        <time>2026-07-03T09:00:22.762Z</time>
      </trkpt>
      <trkpt lat="49.026930" lon="12.207520">
        <ele>328.843155</ele>
        <time>2026-07-03T09:00:23.947Z</time>
      </trkpt>
      <trkpt lat="49.026953" lon="12.207082">
        <ele>328.835439</ele>
        <time>2026-07-03T09:00:30.222Z</time>
      </trkpt>
      <trkpt lat="49.026990" lon="12.206841">
        <ele>328.831093</ele>
        <time>2026-07-03T09:00:34.080Z</time>
      </trkpt>
      <trkpt lat="49.026952" lon="12.206492">
        <ele>328.824882</ele>
        <time>2026-07-03T09:00:39.795Z</time>
      </trkpt>
      <trkpt lat="49.026972" lon="12.205897">
        <ele>328.952664</ele>
        <time>2026-07-03T09:00:49.987Z</time>
      </trkpt>
      <trkpt lat="49.027347" lon="12.203593">
        <ele>330.452665</ele>
        <time>2026-07-03T09:01:31.191Z</time>
      </trkpt>
      <trkpt lat="49.027450" lon="12.202716">
        <ele>330.818352</ele>
        <time>2026-07-03T09:01:45.999Z</time>
      </trkpt>
      <trkpt lat="49.027535" lon="12.201475">
        <ele>331.271707</ele>
        <time>2026-07-03T09:02:06.695Z</time>
      </trkpt>
      <trkpt lat="49.027517" lon="12.200503">
        <ele>331.440288</ele>
        <time>2026-07-03T09:02:21.272Z</time>
      </trkpt>
      <trkpt lat="49.027530" lon="12.200160">
        <ele>331.265332</ele>
        <time>2026-07-03T09:02:26.016Z</time>
      </trkpt>
      <trkpt lat="49.027555" lon="12.199747">
        <ele>331.054127</ele>
        <time>2026-07-03T09:02:31.569Z</time>
      </trkpt>
      <trkpt lat="49.027680" lon="12.198644">
        <ele>330.484124</ele>
        <time>2026-07-03T09:02:45.658Z</time>
      </trkpt>
      <trkpt lat="49.027710" lon="12.197698">
        <ele>329.969816</ele>
        <time>2026-07-03T09:02:57.273Z</time>
      </trkpt>
      <trkpt lat="49.027693" lon="12.197342">
        <ele>329.749097</ele>
        <time>2026-07-03T09:03:01.691Z</time>
      </trkpt>
      <trkpt lat="49.027582" lon="12.196793">
        <ele>329.393844</ele>
        <time>2026-07-03T09:03:08.965Z</time>
      </trkpt>
      <trkpt lat="49.027425" lon="12.196393">
        <ele>329.105571</ele>
        <time>2026-07-03T09:03:14.970Z</time>
      </trkpt>
      <trkpt lat="49.027308" lon="12.196157">
        <ele>328.922620</ele>
        <time>2026-07-03T09:03:18.816Z</time>
      </trkpt>
      <trkpt lat="49.027013" lon="12.195858">
        <ele>328.588581</ele>
        <time>2026-07-03T09:03:25.915Z</time>
      </trkpt>
      <trkpt lat="49.026761" lon="12.195706">
        <ele>328.392261</ele>
        <time>2026-07-03T09:03:31.266Z</time>
      </trkpt>
      <trkpt lat="49.026498" lon="12.195599">
        <ele>328.260235</ele>
        <time>2026-07-03T09:03:36.614Z</time>
      </trkpt>
      <trkpt lat="49.025936" lon="12.195240">
        <ele>327.964696</ele>
        <time>2026-07-03T09:03:48.874Z</time>
      </trkpt>
      <trkpt lat="49.025714" lon="12.195069">
        <ele>327.844062</ele>
        <time>2026-07-03T09:03:54.055Z</time>
      </trkpt>
      <trkpt lat="49.025621" lon="12.194950">
        <ele>327.785178</ele>
        <time>2026-07-03T09:03:56.599Z</time>
      </trkpt>
      <trkpt lat="49.025463" lon="12.194662">
        <ele>327.665749</ele>
        <time>2026-07-03T09:04:01.824Z</time>
      </trkpt>
      <trkpt lat="49.025018" lon="12.193369">
        <ele>327.616979</ele>
        <time>2026-07-03T09:04:23.285Z</time>
      </trkpt>
      <trkpt lat="49.024723" lon="12.192669">
        <ele>327.640850</ele>
        <time>2026-07-03T09:04:35.874Z</time>
      </trkpt>
      <trkpt lat="49.024644" lon="12.192467">
        <ele>327.647598</ele>
        <time>2026-07-03T09:04:39.376Z</time>
      </trkpt>
      <trkpt lat="49.023919" lon="12.190644">
        <ele>327.517117</ele>
        <time>2026-07-03T09:05:09.996Z</time>
      </trkpt>
      <trkpt lat="49.023276" lon="12.189106">
        <ele>327.323280</ele>
        <time>2026-07-03T09:05:35.529Z</time>
      </trkpt>
      <trkpt lat="49.022097" lon="12.186420">
        <ele>327.225873</ele>
        <time>2026-07-03T09:06:21.288Z</time>
      </trkpt>
      <trkpt lat="49.021873" lon="12.185747">
        <ele>327.332205</ele>
        <time>2026-07-03T09:06:33.250Z</time>
      </trkpt>
      <trkpt lat="49.021368" lon="12.184664">
        <ele>327.571562</ele>
        <time>2026-07-03T09:06:54.924Z</time>
      </trkpt>
      <trkpt lat="49.021158" lon="12.184103">
        <ele>327.722025</ele>
        <time>2026-07-03T09:07:05.124Z</time>
      </trkpt>
      <trkpt lat="49.020855" lon="12.183241">
        <ele>327.949834</ele>
        <time>2026-07-03T09:07:20.026Z</time>
      </trkpt>
      <trkpt lat="49.020423" lon="12.181833">
        <ele>328.149248</ele>
        <time>2026-07-03T09:07:42.929Z</time>
      </trkpt>
      <trkpt lat="49.020249" lon="12.181171">
        <ele>328.199605</ele>
        <time>2026-07-03T09:07:53.421Z</time>
      </trkpt>
      <trkpt lat="49.020149" lon="12.181231">
        <ele>328.211176</ele>
        <time>2026-07-03T09:07:55.811Z</time>
      </trkpt>
      <trkpt lat="49.019505" lon="12.179016">
        <ele>328.556013</ele>
        <time>2026-07-03T09:08:32.171Z</time>
      </trkpt>
      <trkpt lat="49.019074" lon="12.177292">
        <ele>328.797118</ele>
        <time>2026-07-03T09:09:01.354Z</time>
      </trkpt>
      <trkpt lat="49.018896" lon="12.176754">
        <ele>328.820533</ele>
        <time>2026-07-03T09:09:10.489Z</time>
      </trkpt>
      <trkpt lat="49.018792" lon="12.175954">
        <ele>328.852224</ele>
        <time>2026-07-03T09:09:22.475Z</time>
      </trkpt>
      <trkpt lat="49.018498" lon="12.174326">
        <ele>328.645444</ele>
        <time>2026-07-03T09:09:45.449Z</time>
      </trkpt>
      <trkpt lat="49.018396" lon="12.173495">
        <ele>328.453819</ele>
        <time>2026-07-03T09:09:57.015Z</time>
      </trkpt>
      <trkpt lat="49.018276" lon="12.172018">
        <ele>328.336290</ele>
        <time>2026-07-03T09:10:17.675Z</time>
      </trkpt>
      <trkpt lat="49.018265" lon="12.170920">
        <ele>328.478590</ele>
        <time>2026-07-03T09:10:34.051Z</time>
      </trkpt>
      <trkpt lat="49.018310" lon="12.170384">
        <ele>328.548613</ele>
        <time>2026-07-03T09:10:42.617Z</time>
      </trkpt>
      <trkpt lat="49.018342" lon="12.170057">
        <ele>328.591456</ele>
        <time>2026-07-03T09:10:47.958Z</time>
      </trkpt>
      <trkpt lat="49.018361" lon="12.169358">
        <ele>328.798669</ele>
        <time>2026-07-03T09:10:59.302Z</time>
      </trkpt>
      <trkpt lat="49.018525" lon="12.168093">
        <ele>329.242480</ele>
        <time>2026-07-03T09:11:20.860Z</time>
      </trkpt>
      <trkpt lat="49.018530" lon="12.168058">
        <ele>329.254809</ele>
        <time>2026-07-03T09:11:21.428Z</time>
      </trkpt>
      <trkpt lat="49.018575" lon="12.167784">
        <ele>329.352025</ele>
        <time>2026-07-03T09:11:25.840Z</time>
      </trkpt>
      <trkpt lat="49.018618" lon="12.167515">
        <ele>329.447319</ele>
        <time>2026-07-03T09:11:30.054Z</time>
      </trkpt>
      <trkpt lat="49.018687" lon="12.167063">
        <ele>329.561249</ele>
        <time>2026-07-03T09:11:36.970Z</time>
      </trkpt>
      <trkpt lat="49.018718" lon="12.166864">
        <ele>329.568890</ele>
        <time>2026-07-03T09:11:39.974Z</time>
      </trkpt>
      <trkpt lat="49.018943" lon="12.165336">
        <ele>329.627390</ele>
        <time>2026-07-03T09:12:02.632Z</time>
      </trkpt>
      <trkpt lat="49.018980" lon="12.164939">
        <ele>329.642369</ele>
        <time>2026-07-03T09:12:08.495Z</time>
      </trkpt>
      <trkpt lat="49.019082" lon="12.161917">
        <ele>329.942967</ele>
        <time>2026-07-03T09:12:53.805Z</time>
      </trkpt>
      <trkpt lat="49.019359" lon="12.160021">
        <ele>330.476627</ele>
        <time>2026-07-03T09:13:23.881Z</time>
      </trkpt>
      <trkpt lat="49.019432" lon="12.159176">
        <ele>330.721594</ele>
        <time>2026-07-03T09:13:37.793Z</time>
      </trkpt>
      <trkpt lat="49.019395" lon="12.158874">
        <ele>330.792892</ele>
        <time>2026-07-03T09:13:42.840Z</time>
      </trkpt>
      <trkpt lat="49.019387" lon="12.158740">
        <ele>330.821209</ele>
        <time>2026-07-03T09:13:45.051Z</time>
      </trkpt>
      <trkpt lat="49.019478" lon="12.157960">
        <ele>330.987936</ele>
        <time>2026-07-03T09:13:58.035Z</time>
      </trkpt>
      <trkpt lat="49.019810" lon="12.156601">
        <ele>331.293133</ele>
        <time>2026-07-03T09:14:19.983Z</time>
      </trkpt>
      <trkpt lat="49.019960" lon="12.155962">
        <ele>331.178410</ele>
        <time>2026-07-03T09:14:29.237Z</time>
      </trkpt>
      <trkpt lat="49.020380" lon="12.154658">
        <ele>330.783442</ele>
        <time>2026-07-03T09:14:48.678Z</time>
      </trkpt>
      <trkpt lat="49.020910" lon="12.153121">
        <ele>330.358351</ele>
        <time>2026-07-03T09:15:12.744Z</time>
      </trkpt>
      <trkpt lat="49.020913" lon="12.152942">
        <ele>330.318256</ele>
        <time>2026-07-03T09:15:15.135Z</time>
      </trkpt>
      <trkpt lat="49.020823" lon="12.152535">
        <ele>330.222078</ele>
        <time>2026-07-03T09:15:20.995Z</time>
      </trkpt>
      <trkpt lat="49.021011" lon="12.151964">
        <ele>330.079008</ele>
        <time>2026-07-03T09:15:30.097Z</time>
      </trkpt>
      <trkpt lat="49.021201" lon="12.151495">
        <ele>329.945749</ele>
        <time>2026-07-03T09:15:37.588Z</time>
      </trkpt>
      <trkpt lat="49.021256" lon="12.151396">
        <ele>329.881943</ele>
        <time>2026-07-03T09:15:39.303Z</time>
      </trkpt>
      <trkpt lat="49.021349" lon="12.151310">
        <ele>329.800382</ele>
        <time>2026-07-03T09:15:41.498Z</time>
      </trkpt>
      <trkpt lat="49.021593" lon="12.151300">
        <ele>329.617343</ele>
        <time>2026-07-03T09:15:46.495Z</time>
      </trkpt>
      <trkpt lat="49.021568" lon="12.151077">
        <ele>329.506090</ele>
        <time>2026-07-03T09:15:50.511Z</time>
      </trkpt>
      <trkpt lat="49.021590" lon="12.150963">
        <ele>329.447653</ele>
        <time>2026-07-03T09:15:52.588Z</time>
      </trkpt>
      <trkpt lat="49.021929" lon="12.149865">
        <ele>328.850855</ele>
        <time>2026-07-03T09:16:14.037Z</time>
      </trkpt>
      <trkpt lat="49.022183" lon="12.148918">
        <ele>328.480947</ele>
        <time>2026-07-03T09:16:31.151Z</time>
      </trkpt>
      <trkpt lat="49.022257" lon="12.148617">
        <ele>328.401668</ele>
        <time>2026-07-03T09:16:36.695Z</time>
      </trkpt>
      <trkpt lat="49.022492" lon="12.147601">
        <ele>328.135969</ele>
        <time>2026-07-03T09:16:56.074Z</time>
      </trkpt>
      <trkpt lat="49.022957" lon="12.145808">
        <ele>328.412871</ele>
        <time>2026-07-03T09:17:35.806Z</time>
      </trkpt>
      <trkpt lat="49.023168" lon="12.145085">
        <ele>328.745752</ele>
        <time>2026-07-03T09:17:53.301Z</time>
      </trkpt>
      <trkpt lat="49.023251" lon="12.144849">
        <ele>328.858398</ele>
        <time>2026-07-03T09:17:59.016Z</time>
      </trkpt>
      <trkpt lat="49.023386" lon="12.144618">
        <ele>328.988554</ele>
        <time>2026-07-03T09:18:05.430Z</time>
      </trkpt>
      <trkpt lat="49.023400" lon="12.144595">
        <ele>329.001754</ele>
        <time>2026-07-03T09:18:06.060Z</time>
      </trkpt>
      <trkpt lat="49.023460" lon="12.144493">
        <ele>329.059392</ele>
        <time>2026-07-03T09:18:08.826Z</time>
      </trkpt>
      <trkpt lat="49.023492" lon="12.144427">
        <ele>329.091323</ele>
        <time>2026-07-03T09:18:10.493Z</time>
      </trkpt>
      <trkpt lat="49.023561" lon="12.144198">
        <ele>329.027153</ele>
        <time>2026-07-03T09:18:15.542Z</time>
      </trkpt>
      <trkpt lat="49.023574" lon="12.144150">
        <ele>329.013930</ele>
        <time>2026-07-03T09:18:16.587Z</time>
      </trkpt>
      <trkpt lat="49.023648" lon="12.143885">
        <ele>328.940591</ele>
        <time>2026-07-03T09:18:22.255Z</time>
      </trkpt>
      <trkpt lat="49.023823" lon="12.143264">
        <ele>328.768487</ele>
        <time>2026-07-03T09:18:34.830Z</time>
      </trkpt>
      <trkpt lat="49.023846" lon="12.143174">
        <ele>328.743892</ele>
        <time>2026-07-03T09:18:36.514Z</time>
      </trkpt>
      <trkpt lat="49.023883" lon="12.143028">
        <ele>328.704038</ele>
        <time>2026-07-03T09:18:39.184Z</time>
      </trkpt>
      <trkpt lat="49.023972" lon="12.142760">
        <ele>328.627547</ele>
        <time>2026-07-03T09:18:42.807Z</time>
      </trkpt>
      <trkpt lat="49.024032" lon="12.142576">
        <ele>328.575223</ele>
        <time>2026-07-03T09:18:45.252Z</time>
      </trkpt>
      <trkpt lat="49.024041" lon="12.142484">
        <ele>328.551539</ele>
        <time>2026-07-03T09:18:46.361Z</time>
      </trkpt>
      <trkpt lat="49.024004" lon="12.142042">
        <ele>328.438083</ele>
        <time>2026-07-03T09:18:51.647Z</time>
      </trkpt>
      <trkpt lat="49.024090" lon="12.140675">
        <ele>329.329607</ele>
        <time>2026-07-03T09:19:13.271Z</time>
      </trkpt>
      <trkpt lat="49.024076" lon="12.140537">
        <ele>329.438517</ele>
        <time>2026-07-03T09:19:15.883Z</time>
      </trkpt>
      <trkpt lat="49.024102" lon="12.140469">
        <ele>329.499910</ele>
        <time>2026-07-03T09:19:17.468Z</time>
      </trkpt>
      <trkpt lat="49.024108" lon="12.140330">
        <ele>329.608554</ele>
        <time>2026-07-03T09:19:20.208Z</time>
      </trkpt>
      <trkpt lat="49.024303" lon="12.140321">
        <ele>329.840590</ele>
        <time>2026-07-03T09:19:26.228Z</time>
      </trkpt>
      <trkpt lat="49.024620" lon="12.139951">
        <ele>330.315383</ele>
        <time>2026-07-03T09:19:39.094Z</time>
      </trkpt>
      <trkpt lat="49.024655" lon="12.140008">
        <ele>330.376286</ele>
        <time>2026-07-03T09:19:40.694Z</time>
      </trkpt>
      <trkpt lat="49.024993" lon="12.139670">
        <ele>330.611536</ele>
        <time>2026-07-03T09:19:53.831Z</time>
      </trkpt>
      <trkpt lat="49.025115" lon="12.139489">
        <ele>330.660523</ele>
        <time>2026-07-03T09:19:58.920Z</time>
      </trkpt>
      <trkpt lat="49.025423" lon="12.138834">
        <ele>330.812634</ele>
        <time>2026-07-03T09:20:11.456Z</time>
      </trkpt>
      <trkpt lat="49.025700" lon="12.138597">
        <ele>330.904046</ele>
        <time>2026-07-03T09:20:17.727Z</time>
      </trkpt>
      <trkpt lat="49.026024" lon="12.138382">
        <ele>331.005740</ele>
        <time>2026-07-03T09:20:24.389Z</time>
      </trkpt>
      <trkpt lat="49.026104" lon="12.138364">
        <ele>331.029013</ele>
        <time>2026-07-03T09:20:25.924Z</time>
      </trkpt>
      <trkpt lat="49.026298" lon="12.138415">
        <ele>330.997198</ele>
        <time>2026-07-03T09:20:29.625Z</time>
      </trkpt>
      <trkpt lat="49.026464" lon="12.138563">
        <ele>330.912007</ele>
        <time>2026-07-03T09:20:33.235Z</time>
      </trkpt>
      <trkpt lat="49.027138" lon="12.139338">
        <ele>330.538029</ele>
        <time>2026-07-03T09:20:50.500Z</time>
      </trkpt>
      <trkpt lat="49.027260" lon="12.139144">
        <ele>330.459940</ele>
        <time>2026-07-03T09:20:54.277Z</time>
      </trkpt>
      <trkpt lat="49.027327" lon="12.139101">
        <ele>330.427735</ele>
        <time>2026-07-03T09:20:55.821Z</time>
      </trkpt>
      <trkpt lat="49.027387" lon="12.139156">
        <ele>330.396720</ele>
        <time>2026-07-03T09:20:57.413Z</time>
      </trkpt>
      <trkpt lat="49.027484" lon="12.139273">
        <ele>330.341928</ele>
        <time>2026-07-03T09:21:00.177Z</time>
      </trkpt>
      <trkpt lat="49.027542" lon="12.139340">
        <ele>330.309692</ele>
        <time>2026-07-03T09:21:01.856Z</time>
      </trkpt>
      <trkpt lat="49.027653" lon="12.139163">
        <ele>330.272048</ele>
        <time>2026-07-03T09:21:05.557Z</time>
      </trkpt>
      <trkpt lat="49.027931" lon="12.138843">
        <ele>330.453323</ele>
        <time>2026-07-03T09:21:13.650Z</time>
      </trkpt>
      <trkpt lat="49.028384" lon="12.138164">
        <ele>330.783898</ele>
        <time>2026-07-03T09:21:28.926Z</time>
      </trkpt>
      <trkpt lat="49.029272" lon="12.136928">
        <ele>331.528365</ele>
        <time>2026-07-03T09:21:59.436Z</time>
      </trkpt>
      <trkpt lat="49.029945" lon="12.136136">
        <ele>332.210118</ele>
        <time>2026-07-03T09:22:21.231Z</time>
      </trkpt>
      <trkpt lat="49.030093" lon="12.135968">
        <ele>332.358083</ele>
        <time>2026-07-03T09:22:25.873Z</time>
      </trkpt>
      <trkpt lat="49.030207" lon="12.135843">
        <ele>332.470688</ele>
        <time>2026-07-03T09:22:29.424Z</time>
      </trkpt>
      <trkpt lat="49.031189" lon="12.134767">
        <ele>333.342369</ele>
        <time>2026-07-03T09:23:00.004Z</time>
      </trkpt>
      <trkpt lat="49.032271" lon="12.133835">
        <ele>334.220989</ele>
        <time>2026-07-03T09:23:30.737Z</time>
      </trkpt>
      <trkpt lat="49.032327" lon="12.133806">
        <ele>334.263056</ele>
        <time>2026-07-03T09:23:32.197Z</time>
      </trkpt>
      <trkpt lat="49.032492" lon="12.133822">
        <ele>334.380658</ele>
        <time>2026-07-03T09:23:36.310Z</time>
      </trkpt>
      <trkpt lat="49.032745" lon="12.133621">
        <ele>334.583568</ele>
        <time>2026-07-03T09:23:43.439Z</time>
      </trkpt>
      <trkpt lat="49.033059" lon="12.133543">
        <ele>334.809862</ele>
        <time>2026-07-03T09:23:51.445Z</time>
      </trkpt>
      <trkpt lat="49.035823" lon="12.133218">
        <ele>336.920607</ele>
        <time>2026-07-03T09:25:02.905Z</time>
      </trkpt>
      <trkpt lat="49.036041" lon="12.133254">
        <ele>337.005420</ele>
        <time>2026-07-03T09:25:08.033Z</time>
      </trkpt>
      <trkpt lat="49.036728" lon="12.133275">
        <ele>337.271199</ele>
        <time>2026-07-03T09:25:24.090Z</time>
      </trkpt>
      <trkpt lat="49.037218" lon="12.133304">
        <ele>337.438018</ele>
        <time>2026-07-03T09:25:35.447Z</time>
      </trkpt>
      <trkpt lat="49.037461" lon="12.133270">
        <ele>337.425486</ele>
        <time>2026-07-03T09:25:40.755Z</time>
      </trkpt>
      <trkpt lat="49.037830" lon="12.133238">
        <ele>337.406504</ele>
        <time>2026-07-03T09:25:48.638Z</time>
      </trkpt>
      <trkpt lat="49.037900" lon="12.133233">
        <ele>337.402905</ele>
        <time>2026-07-03T09:25:50.162Z</time>
      </trkpt>
      <trkpt lat="49.038253" lon="12.133246">
        <ele>337.384771</ele>
        <time>2026-07-03T09:25:57.829Z</time>
      </trkpt>
      <trkpt lat="49.038792" lon="12.133194">
        <ele>337.357034</ele>
        <time>2026-07-03T09:26:09.671Z</time>
      </trkpt>
      <trkpt lat="49.039535" lon="12.133121">
        <ele>337.580563</ele>
        <time>2026-07-03T09:26:26.246Z</time>
      </trkpt>
      <trkpt lat="49.039920" lon="12.133086">
        <ele>337.736358</ele>
        <time>2026-07-03T09:26:35.709Z</time>
      </trkpt>
      <trkpt lat="49.040699" lon="12.133006">
        <ele>338.051746</ele>
        <time>2026-07-03T09:26:55.265Z</time>
      </trkpt>
      <trkpt lat="49.041100" lon="12.132971">
        <ele>338.173936</ele>
        <time>2026-07-03T09:27:04.944Z</time>
      </trkpt>
      <trkpt lat="49.044080" lon="12.132681">
        <ele>338.797805</ele>
        <time>2026-07-03T09:28:13.770Z</time>
      </trkpt>
      <trkpt lat="49.044190" lon="12.132672">
        <ele>338.812589</ele>
        <time>2026-07-03T09:28:16.376Z</time>
      </trkpt>
      <trkpt lat="49.047701" lon="12.132316">
        <ele>338.294737</ele>
        <time>2026-07-03T09:29:32.709Z</time>
      </trkpt>
      <trkpt lat="49.048947" lon="12.132195">
        <ele>338.451534</ele>
        <time>2026-07-03T09:29:58.329Z</time>
      </trkpt>
      <trkpt lat="49.048991" lon="12.132379">
        <ele>338.477640</ele>
        <time>2026-07-03T09:30:01.338Z</time>
      </trkpt>
      <trkpt lat="49.049053" lon="12.132496">
        <ele>338.497693</ele>
        <time>2026-07-03T09:30:03.706Z</time>
      </trkpt>
      <trkpt lat="49.049121" lon="12.132548">
        <ele>338.513161</ele>
        <time>2026-07-03T09:30:05.626Z</time>
      </trkpt>
      <trkpt lat="49.049266" lon="12.132550">
        <ele>338.542649</ele>
        <time>2026-07-03T09:30:09.288Z</time>
      </trkpt>
      <trkpt lat="49.049413" lon="12.132436">
        <ele>338.576183</ele>
        <time>2026-07-03T09:30:13.617Z</time>
      </trkpt>
      <trkpt lat="49.049472" lon="12.132186">
        <ele>338.613941</ele>
        <time>2026-07-03T09:30:18.451Z</time>
      </trkpt>
      <trkpt lat="49.049454" lon="12.131486">
        <ele>339.321510</ele>
        <time>2026-07-03T09:30:31.882Z</time>
      </trkpt>
      <trkpt lat="49.049431" lon="12.130865">
        <ele>339.949744</ele>
        <time>2026-07-03T09:30:44.549Z</time>
      </trkpt>
      <trkpt lat="49.049452" lon="12.130462">
        <ele>340.358073</ele>
        <time>2026-07-03T09:30:52.649Z</time>
      </trkpt>
      <trkpt lat="49.049569" lon="12.129364">
        <ele>341.408169</ele>
        <time>2026-07-03T09:31:12.621Z</time>
      </trkpt>
      <trkpt lat="49.049957" lon="12.129421">
        <ele>341.560974</ele>
        <time>2026-07-03T09:31:22.177Z</time>
      </trkpt>
      <trkpt lat="49.050487" lon="12.129490">
        <ele>341.769496</ele>
        <time>2026-07-03T09:31:34.438Z</time>
      </trkpt>
      <trkpt lat="49.051322" lon="12.129687">
        <ele>342.091129</ele>
        <time>2026-07-03T09:31:53.572Z</time>
      </trkpt>
      <trkpt lat="49.053798" lon="12.129932">
        <ele>342.797564</ele>
        <time>2026-07-03T09:32:49.698Z</time>
      </trkpt>
      <trkpt lat="49.055114" lon="12.130433">
        <ele>343.843662</ele>
        <time>2026-07-03T09:33:26.771Z</time>
      </trkpt>
      <trkpt lat="49.055262" lon="12.130596">
        <ele>343.991624</ele>
        <time>2026-07-03T09:33:31.627Z</time>
      </trkpt>
      <trkpt lat="49.055344" lon="12.130590">
        <ele>344.058174</ele>
        <time>2026-07-03T09:33:33.789Z</time>
      </trkpt>
      <trkpt lat="49.055386" lon="12.130607">
        <ele>344.093399</ele>
        <time>2026-07-03T09:33:34.897Z</time>
      </trkpt>
      <trkpt lat="49.055948" lon="12.130884">
        <ele>344.572163</ele>
        <time>2026-07-03T09:33:49.560Z</time>
      </trkpt>
      <trkpt lat="49.056068" lon="12.130996">
        <ele>344.686195</ele>
        <time>2026-07-03T09:33:53.028Z</time>
      </trkpt>
      <trkpt lat="49.056162" lon="12.131177">
        <ele>344.808883</ele>
        <time>2026-07-03T09:33:56.726Z</time>
      </trkpt>
      <trkpt lat="49.056196" lon="12.131273">
        <ele>344.866853</ele>
        <time>2026-07-03T09:33:58.463Z</time>
      </trkpt>
      <trkpt lat="49.056216" lon="12.131450">
        <ele>344.962270</ele>
        <time>2026-07-03T09:34:01.382Z</time>
      </trkpt>
      <trkpt lat="49.056172" lon="12.131816">
        <ele>345.156702</ele>
        <time>2026-07-03T09:34:07.312Z</time>
      </trkpt>
      <trkpt lat="49.056414" lon="12.131102">
        <ele>345.566162</ele>
        <time>2026-07-03T09:34:20.341Z</time>
      </trkpt>
      <trkpt lat="49.056532" lon="12.130760">
        <ele>345.763039</ele>
        <time>2026-07-03T09:34:26.734Z</time>
      </trkpt>
      <trkpt lat="49.056583" lon="12.130607">
        <ele>345.850476</ele>
        <time>2026-07-03T09:34:29.653Z</time>
      </trkpt>
      <trkpt lat="49.057175" lon="12.128843">
        <ele>346.831304</ele>
        <time>2026-07-03T09:35:03.178Z</time>
      </trkpt>
      <trkpt lat="49.057199" lon="12.128679">
        <ele>346.910452</ele>
        <time>2026-07-03T09:35:05.940Z</time>
      </trkpt>
      <trkpt lat="49.057179" lon="12.128619">
        <ele>346.942159</ele>
        <time>2026-07-03T09:35:07.019Z</time>
      </trkpt>
      <trkpt lat="49.057233" lon="12.128468">
        <ele>347.023183</ele>
        <time>2026-07-03T09:35:09.827Z</time>
      </trkpt>
      <trkpt lat="49.057284" lon="12.128324">
        <ele>347.100280</ele>
        <time>2026-07-03T09:35:12.472Z</time>
      </trkpt>
      <trkpt lat="49.057384" lon="12.128233">
        <ele>347.183966</ele>
        <time>2026-07-03T09:35:15.331Z</time>
      </trkpt>
      <trkpt lat="49.057619" lon="12.127636">
        <ele>347.511988</ele>
        <time>2026-07-03T09:35:26.460Z</time>
      </trkpt>
      <trkpt lat="49.058596" lon="12.124887">
        <ele>349.427594</ele>
        <time>2026-07-03T09:36:18.037Z</time>
      </trkpt>
      <trkpt lat="49.058672" lon="12.124620">
        <ele>349.785650</ele>
        <time>2026-07-03T09:36:23.650Z</time>
      </trkpt>
      <trkpt lat="49.059078" lon="12.123559">
        <ele>352.301839</ele>
        <time>2026-07-03T09:36:50.164Z</time>
      </trkpt>
      <trkpt lat="49.059621" lon="12.121999">
        <ele>355.972765</ele>
        <time>2026-07-03T09:37:34.330Z</time>
      </trkpt>
      <trkpt lat="49.059681" lon="12.121845">
        <ele>356.365430</ele>
        <time>2026-07-03T09:37:38.978Z</time>
      </trkpt>
      <trkpt lat="49.059819" lon="12.121610">
        <ele>357.057018</ele>
        <time>2026-07-03T09:37:47.164Z</time>
      </trkpt>
      <trkpt lat="49.059981" lon="12.121428">
        <ele>357.729832</ele>
        <time>2026-07-03T09:37:54.999Z</time>
      </trkpt>
      <trkpt lat="49.060837" lon="12.120676">
        <ele>361.033301</ele>
        <time>2026-07-03T09:38:29.343Z</time>
      </trkpt>
      <trkpt lat="49.061146" lon="12.120476">
        <ele>361.625035</ele>
        <time>2026-07-03T09:38:39.262Z</time>
      </trkpt>
      <trkpt lat="49.061450" lon="12.120434">
        <ele>362.094278</ele>
        <time>2026-07-03T09:38:47.927Z</time>
      </trkpt>
      <trkpt lat="49.062007" lon="12.120594">
        <ele>362.965576</ele>
        <time>2026-07-03T09:39:03.471Z</time>
      </trkpt>
      <trkpt lat="49.062140" lon="12.120559">
        <ele>363.173051</ele>
        <time>2026-07-03T09:39:07.059Z</time>
      </trkpt>
      <trkpt lat="49.062222" lon="12.120425">
        <ele>363.357737</ele>
        <time>2026-07-03T09:39:10.217Z</time>
      </trkpt>
      <trkpt lat="49.062514" lon="12.119205">
        <ele>364.032439</ele>
        <time>2026-07-03T09:39:33.128Z</time>
      </trkpt>
      <trkpt lat="49.062563" lon="12.119215">
        <ele>364.042250</ele>
        <time>2026-07-03T09:39:34.416Z</time>
      </trkpt>
      <trkpt lat="49.062581" lon="12.119138">
        <ele>364.052882</ele>
        <time>2026-07-03T09:39:35.924Z</time>
      </trkpt>
      <trkpt lat="49.062676" lon="12.118771">
        <ele>364.104198</ele>
        <time>2026-07-03T09:39:42.742Z</time>
      </trkpt>
      <trkpt lat="49.062807" lon="12.118400">
        <ele>364.159004</ele>
        <time>2026-07-03T09:39:49.572Z</time>
      </trkpt>
      <trkpt lat="49.063158" lon="12.117679">
        <ele>364.275813</ele>
        <time>2026-07-03T09:40:01.734Z</time>
      </trkpt>
      <trkpt lat="49.063425" lon="12.117272">
        <ele>363.618165</ele>
        <time>2026-07-03T09:40:08.643Z</time>
      </trkpt>
      <trkpt lat="49.064008" lon="12.116553">
        <ele>361.793409</ele>
        <time>2026-07-03T09:40:21.239Z</time>
      </trkpt>
      <trkpt lat="49.064510" lon="12.115781">
        <ele>360.058502</ele>
        <time>2026-07-03T09:40:32.917Z</time>
      </trkpt>
      <trkpt lat="49.064812" lon="12.115259">
        <ele>359.219514</ele>
        <time>2026-07-03T09:40:40.861Z</time>
      </trkpt>
      <trkpt lat="49.065055" lon="12.114719">
        <ele>358.467659</ele>
        <time>2026-07-03T09:40:48.649Z</time>
      </trkpt>
      <trkpt lat="49.065205" lon="12.114176">
        <ele>357.791333</ele>
        <time>2026-07-03T09:40:56.095Z</time>
      </trkpt>
      <trkpt lat="49.065385" lon="12.113014">
        <ele>356.646526</ele>
        <time>2026-07-03T09:41:12.138Z</time>
      </trkpt>
      <trkpt lat="49.065555" lon="12.112086">
        <ele>356.263362</ele>
        <time>2026-07-03T09:41:25.915Z</time>
      </trkpt>
      <trkpt lat="49.065617" lon="12.111858">
        <ele>356.165202</ele>
        <time>2026-07-03T09:41:29.595Z</time>
      </trkpt>
      <trkpt lat="49.065653" lon="12.111804">
        <ele>356.134568</ele>
        <time>2026-07-03T09:41:30.781Z</time>
      </trkpt>
      <trkpt lat="49.065752" lon="12.111772">
        <ele>356.073151</ele>
        <time>2026-07-03T09:41:33.102Z</time>
      </trkpt>
      <trkpt lat="49.065737" lon="12.111192">
        <ele>355.842341</ele>
        <time>2026-07-03T09:41:41.883Z</time>
      </trkpt>
      <trkpt lat="49.065752" lon="12.110973">
        <ele>355.754783</ele>
        <time>2026-07-03T09:41:44.973Z</time>
      </trkpt>
      <trkpt lat="49.065783" lon="12.110532">
        <ele>355.209464</ele>
        <time>2026-07-03T09:41:50.747Z</time>
      </trkpt>
      <trkpt lat="49.065846" lon="12.109657">
        <ele>353.515506</ele>
        <time>2026-07-03T09:42:01.231Z</time>
      </trkpt>
      <trkpt lat="49.066076" lon="12.108561">
        <ele>351.300862</ele>
        <time>2026-07-03T09:42:13.223Z</time>
      </trkpt>
      <trkpt lat="49.066424" lon="12.107412">
        <ele>348.716857</ele>
        <time>2026-07-03T09:42:25.988Z</time>
      </trkpt>
      <trkpt lat="49.066645" lon="12.106562">
        <ele>346.786364</ele>
        <time>2026-07-03T09:42:35.724Z</time>
      </trkpt>
      <trkpt lat="49.066834" lon="12.105918">
        <ele>345.296714</ele>
        <time>2026-07-03T09:42:43.573Z</time>
      </trkpt>
      <trkpt lat="49.067065" lon="12.105259">
        <ele>344.039396</ele>
        <time>2026-07-03T09:42:52.134Z</time>
      </trkpt>
      <trkpt lat="49.067364" lon="12.104413">
        <ele>342.751237</ele>
        <time>2026-07-03T09:43:03.447Z</time>
      </trkpt>
      <trkpt lat="49.067573" lon="12.103641">
        <ele>341.631843</ele>
        <time>2026-07-03T09:43:12.988Z</time>
      </trkpt>
      <trkpt lat="49.067778" lon="12.102944">
        <ele>340.636960</ele>
        <time>2026-07-03T09:43:21.605Z</time>
      </trkpt>
      <trkpt lat="49.067960" lon="12.102350">
        <ele>339.840439</ele>
        <time>2026-07-03T09:43:29.123Z</time>
      </trkpt>
      <trkpt lat="49.068160" lon="12.101808">
        <ele>339.084847</ele>
        <time>2026-07-03T09:43:36.482Z</time>
      </trkpt>
      <trkpt lat="49.068297" lon="12.101506">
        <ele>338.638664</ele>
        <time>2026-07-03T09:43:40.874Z</time>
      </trkpt>
      <trkpt lat="49.068506" lon="12.101157">
        <ele>338.064337</ele>
        <time>2026-07-03T09:43:46.527Z</time>
      </trkpt>
      <trkpt lat="49.069117" lon="12.101203">
        <ele>336.873922</ele>
        <time>2026-07-03T09:43:57.471Z</time>
      </trkpt>
      <trkpt lat="49.069384" lon="12.101321">
        <ele>336.314156</ele>
        <time>2026-07-03T09:44:02.280Z</time>
      </trkpt>
      <trkpt lat="49.069597" lon="12.101435">
        <ele>335.859615</ele>
        <time>2026-07-03T09:44:06.200Z</time>
      </trkpt>
      <trkpt lat="49.069628" lon="12.101352">
        <ele>335.733567</ele>
        <time>2026-07-03T09:44:07.284Z</time>
      </trkpt>
      <trkpt lat="49.069710" lon="12.101142">
        <ele>335.411033</ele>
        <time>2026-07-03T09:44:10.060Z</time>
      </trkpt>
      <trkpt lat="49.070023" lon="12.100966">
        <ele>334.739309</ele>
        <time>2026-07-03T09:44:15.818Z</time>
      </trkpt>
      <trkpt lat="49.070087" lon="12.100893">
        <ele>334.578417</ele>
        <time>2026-07-03T09:44:17.194Z</time>
      </trkpt>
      <trkpt lat="49.070751" lon="12.100660">
        <ele>333.761444</ele>
        <time>2026-07-03T09:44:29.075Z</time>
      </trkpt>
      <trkpt lat="49.071591" lon="12.100425">
        <ele>333.307201</ele>
        <time>2026-07-03T09:44:46.720Z</time>
      </trkpt>
      <trkpt lat="49.072010" lon="12.100497">
        <ele>333.082924</ele>
        <time>2026-07-03T09:44:57.144Z</time>
      </trkpt>
      <trkpt lat="49.072368" lon="12.100796">
        <ele>333.114530</ele>
        <time>2026-07-03T09:45:07.178Z</time>
      </trkpt>
      <trkpt lat="49.072485" lon="12.100904">
        <ele>333.172752</ele>
        <time>2026-07-03T09:45:10.540Z</time>
      </trkpt>
      <trkpt lat="49.072735" lon="12.101319">
        <ele>333.330025</ele>
        <time>2026-07-03T09:45:19.641Z</time>
      </trkpt>
      <trkpt lat="49.073003" lon="12.101765">
        <ele>333.498851</ele>
        <time>2026-07-03T09:45:29.193Z</time>
      </trkpt>
      <trkpt lat="49.073326" lon="12.102277">
        <ele>333.697135</ele>
        <time>2026-07-03T09:45:40.560Z</time>
      </trkpt>
      <trkpt lat="49.073455" lon="12.102395">
        <ele>333.761173</ele>
        <time>2026-07-03T09:45:44.001Z</time>
      </trkpt>
      <trkpt lat="49.073746" lon="12.102541">
        <ele>333.820308</ele>
        <time>2026-07-03T09:45:50.472Z</time>
      </trkpt>
      <trkpt lat="49.073774" lon="12.102587">
        <ele>333.827566</ele>
        <time>2026-07-03T09:45:51.344Z</time>
      </trkpt>
      <trkpt lat="49.073813" lon="12.102650">
        <ele>333.837583</ele>
        <time>2026-07-03T09:45:52.587Z</time>
      </trkpt>
      <trkpt lat="49.073830" lon="12.102743">
        <ele>333.848742</ele>
        <time>2026-07-03T09:45:53.945Z</time>
      </trkpt>
      <trkpt lat="49.073824" lon="12.102840">
        <ele>333.860003</ele>
        <time>2026-07-03T09:45:55.365Z</time>
      </trkpt>
      <trkpt lat="49.073752" lon="12.103056">
        <ele>333.888012</ele>
        <time>2026-07-03T09:45:58.916Z</time>
      </trkpt>
      <trkpt lat="49.073998" lon="12.103342">
        <ele>333.942567</ele>
        <time>2026-07-03T09:46:06.275Z</time>
      </trkpt>
      <trkpt lat="49.074211" lon="12.103601">
        <ele>333.990610</ele>
        <time>2026-07-03T09:46:12.838Z</time>
      </trkpt>
      <trkpt lat="49.074838" lon="12.104369">
        <ele>334.239261</ele>
        <time>2026-07-03T09:46:32.455Z</time>
      </trkpt>
      <trkpt lat="49.075009" lon="12.104567">
        <ele>334.366538</ele>
        <time>2026-07-03T09:46:37.812Z</time>
      </trkpt>
      <trkpt lat="49.075217" lon="12.104806">
        <ele>334.520922</ele>
        <time>2026-07-03T09:46:44.717Z</time>
      </trkpt>
      <trkpt lat="49.075395" lon="12.105014">
        <ele>334.653854</ele>
        <time>2026-07-03T09:46:50.566Z</time>
      </trkpt>
      <trkpt lat="49.075669" lon="12.105386">
        <ele>334.871304</ele>
        <time>2026-07-03T09:47:00.067Z</time>
      </trkpt>
      <trkpt lat="49.075703" lon="12.105436">
        <ele>334.899300</ele>
        <time>2026-07-03T09:47:01.265Z</time>
      </trkpt>
      <trkpt lat="49.075974" lon="12.105895">
        <ele>335.139340</ele>
        <time>2026-07-03T09:47:11.694Z</time>
      </trkpt>
      <trkpt lat="49.076288" lon="12.106617">
        <ele>335.129703</ele>
        <time>2026-07-03T09:47:26.045Z</time>
      </trkpt>
      <trkpt lat="49.076437" lon="12.107002">
        <ele>335.116701</ele>
        <time>2026-07-03T09:47:32.819Z</time>
      </trkpt>
      <trkpt lat="49.076726" lon="12.107723">
        <ele>335.092123</ele>
        <time>2026-07-03T09:47:45.059Z</time>
      </trkpt>
      <trkpt lat="49.076828" lon="12.107989">
        <ele>335.083161</ele>
        <time>2026-07-03T09:47:49.516Z</time>
      </trkpt>
      <trkpt lat="49.076934" lon="12.108273">
        <ele>335.070540</ele>
        <time>2026-07-03T09:47:54.166Z</time>
      </trkpt>
      <trkpt lat="49.077151" lon="12.108853">
        <ele>334.863564</ele>
        <time>2026-07-03T09:48:03.171Z</time>
      </trkpt>
      <trkpt lat="49.077181" lon="12.108934">
        <ele>334.834730</ele>
        <time>2026-07-03T09:48:04.454Z</time>
      </trkpt>
      <trkpt lat="49.077295" lon="12.109288">
        <ele>334.712496</ele>
        <time>2026-07-03T09:48:09.837Z</time>
      </trkpt>
      <trkpt lat="49.077408" lon="12.109640">
        <ele>334.591026</ele>
        <time>2026-07-03T09:48:15.333Z</time>
      </trkpt>
      <trkpt lat="49.077484" lon="12.109874">
        <ele>334.510093</ele>
        <time>2026-07-03T09:48:19.023Z</time>
      </trkpt>
      <trkpt lat="49.077519" lon="12.109982">
        <ele>334.472755</ele>
        <time>2026-07-03T09:48:20.753Z</time>
      </trkpt>
      <trkpt lat="49.077553" lon="12.110063">
        <ele>334.442944</ele>
        <time>2026-07-03T09:48:22.121Z</time>
      </trkpt>
      <trkpt lat="49.077671" lon="12.110354">
        <ele>334.336893</ele>
        <time>2026-07-03T09:48:27.141Z</time>
      </trkpt>
      <trkpt lat="49.077734" lon="12.110467">
        <ele>334.290912</ele>
        <time>2026-07-03T09:48:29.361Z</time>
      </trkpt>
      <trkpt lat="49.078095" lon="12.110954">
        <ele>334.349940</ele>
        <time>2026-07-03T09:48:40.129Z</time>
      </trkpt>
      <trkpt lat="49.078221" lon="12.111108">
        <ele>334.410423</ele>
        <time>2026-07-03T09:48:43.812Z</time>
      </trkpt>
      <trkpt lat="49.078409" lon="12.111330">
        <ele>334.499487</ele>
        <time>2026-07-03T09:48:49.494Z</time>
      </trkpt>
      <trkpt lat="49.078531" lon="12.111470">
        <ele>334.556678</ele>
        <time>2026-07-03T09:48:53.250Z</time>
      </trkpt>
      <trkpt lat="49.079055" lon="12.112075">
        <ele>334.802865</ele>
        <time>2026-07-03T09:49:09.901Z</time>
      </trkpt>
      <trkpt lat="49.079692" lon="12.112817">
        <ele>335.277444</ele>
        <time>2026-07-03T09:49:31.684Z</time>
      </trkpt>
      <trkpt lat="49.079843" lon="12.112987">
        <ele>335.407248</ele>
        <time>2026-07-03T09:49:36.765Z</time>
      </trkpt>
      <trkpt lat="49.080138" lon="12.113314">
        <ele>335.659470</ele>
        <time>2026-07-03T09:49:46.519Z</time>
      </trkpt>
      <trkpt lat="49.080218" lon="12.113403">
        <ele>335.727955</ele>
        <time>2026-07-03T09:49:49.103Z</time>
      </trkpt>
      <trkpt lat="49.080838" lon="12.113834">
        <ele>336.120428</ele>
        <time>2026-07-03T09:50:06.229Z</time>
      </trkpt>
      <trkpt lat="49.081089" lon="12.113970">
        <ele>336.053114</ele>
        <time>2026-07-03T09:50:12.478Z</time>
      </trkpt>
      <trkpt lat="49.081128" lon="12.113839">
        <ele>336.029293</ele>
        <time>2026-07-03T09:50:14.598Z</time>
      </trkpt>
      <trkpt lat="49.081285" lon="12.113974">
        <ele>335.983753</ele>
        <time>2026-07-03T09:50:18.397Z</time>
      </trkpt>
      <trkpt lat="49.081799" lon="12.114265">
        <ele>335.845202</ele>
        <time>2026-07-03T09:50:29.755Z</time>
      </trkpt>
      <trkpt lat="49.082363" lon="12.114696">
        <ele>335.685813</ele>
        <time>2026-07-03T09:50:42.625Z</time>
      </trkpt>
      <trkpt lat="49.082950" lon="12.115369">
        <ele>335.502365</ele>
        <time>2026-07-03T09:50:57.788Z</time>
      </trkpt>
      <trkpt lat="49.083704" lon="12.116395">
        <ele>335.249966</ele>
        <time>2026-07-03T09:51:19.455Z</time>
      </trkpt>
      <trkpt lat="49.084307" lon="12.117142">
        <ele>335.565491</ele>
        <time>2026-07-03T09:51:37.760Z</time>
      </trkpt>
      <trkpt lat="49.084621" lon="12.117521">
        <ele>335.746232</ele>
        <time>2026-07-03T09:51:47.458Z</time>
      </trkpt>
      <trkpt lat="49.084827" lon="12.117720">
        <ele>335.856307</ele>
        <time>2026-07-03T09:51:53.494Z</time>
      </trkpt>
      <trkpt lat="49.085031" lon="12.117829">
        <ele>335.953901</ele>
        <time>2026-07-03T09:51:58.906Z</time>
      </trkpt>
      <trkpt lat="49.085129" lon="12.118013">
        <ele>336.024040</ele>
        <time>2026-07-03T09:52:02.839Z</time>
      </trkpt>
      <trkpt lat="49.085334" lon="12.118225">
        <ele>336.114028</ele>
        <time>2026-07-03T09:52:09.168Z</time>
      </trkpt>
      <trkpt lat="49.085876" lon="12.118670">
        <ele>336.321590</ele>
        <time>2026-07-03T09:52:24.533Z</time>
      </trkpt>
      <trkpt lat="49.086478" lon="12.118986">
        <ele>336.536299</ele>
        <time>2026-07-03T09:52:40.069Z</time>
      </trkpt>
      <trkpt lat="49.087232" lon="12.119234">
        <ele>336.187103</ele>
        <time>2026-07-03T09:52:56.003Z</time>
      </trkpt>
      <trkpt lat="49.087351" lon="12.119117">
        <ele>336.027285</ele>
        <time>2026-07-03T09:52:58.615Z</time>
      </trkpt>
      <trkpt lat="49.087931" lon="12.118798">
        <ele>335.331173</ele>
        <time>2026-07-03T09:53:09.863Z</time>
      </trkpt>
      <trkpt lat="49.087992" lon="12.118589">
        <ele>335.161965</ele>
        <time>2026-07-03T09:53:12.596Z</time>
      </trkpt>
      <trkpt lat="49.088361" lon="12.118306">
        <ele>334.695696</ele>
        <time>2026-07-03T09:53:20.113Z</time>
      </trkpt>
      <trkpt lat="49.089034" lon="12.117753">
        <ele>334.376228</ele>
        <time>2026-07-03T09:53:34.898Z</time>
      </trkpt>
      <trkpt lat="49.089192" lon="12.117562">
        <ele>334.304717</ele>
        <time>2026-07-03T09:53:39.284Z</time>
      </trkpt>
      <trkpt lat="49.089856" lon="12.117071">
        <ele>334.042914</ele>
        <time>2026-07-03T09:53:56.389Z</time>
      </trkpt>
      <trkpt lat="49.090101" lon="12.116995">
        <ele>333.975085</ele>
        <time>2026-07-03T09:54:02.021Z</time>
      </trkpt>
      <trkpt lat="49.090923" lon="12.116209">
        <ele>333.849779</ele>
        <time>2026-07-03T09:54:24.983Z</time>
      </trkpt>
      <trkpt lat="49.091538" lon="12.115732">
        <ele>333.760660</ele>
        <time>2026-07-03T09:54:38.875Z</time>
      </trkpt>
      <trkpt lat="49.091672" lon="12.115714">
        <ele>333.690018</ele>
        <time>2026-07-03T09:54:41.486Z</time>
      </trkpt>
      <trkpt lat="49.091751" lon="12.115682">
        <ele>333.630033</ele>
        <time>2026-07-03T09:54:43.083Z</time>
      </trkpt>
      <trkpt lat="49.091802" lon="12.115567">
        <ele>333.563281</ele>
        <time>2026-07-03T09:54:44.815Z</time>
      </trkpt>
      <trkpt lat="49.091805" lon="12.115476">
        <ele>333.519490</ele>
        <time>2026-07-03T09:54:45.983Z</time>
      </trkpt>
      <trkpt lat="49.091720" lon="12.115286">
        <ele>333.408898</ele>
        <time>2026-07-03T09:54:48.876Z</time>
      </trkpt>
      <trkpt lat="49.091725" lon="12.115062">
        <ele>333.301178</ele>
        <time>2026-07-03T09:54:51.694Z</time>
      </trkpt>
      <trkpt lat="49.091799" lon="12.114544">
        <ele>333.046366</ele>
        <time>2026-07-03T09:54:58.403Z</time>
      </trkpt>
      <trkpt lat="49.091917" lon="12.114032">
        <ele>332.785498</ele>
        <time>2026-07-03T09:55:05.149Z</time>
      </trkpt>
      <trkpt lat="49.092059" lon="12.113705">
        <ele>332.596923</ele>
        <time>2026-07-03T09:55:09.998Z</time>
      </trkpt>
      <trkpt lat="49.092404" lon="12.113108">
        <ele>332.424038</ele>
        <time>2026-07-03T09:55:22.246Z</time>
      </trkpt>
      <trkpt lat="49.092519" lon="12.112952">
        <ele>332.418634</ele>
        <time>2026-07-03T09:55:26.121Z</time>
      </trkpt>
      <trkpt lat="49.092723" lon="12.112604">
        <ele>332.407889</ele>
        <time>2026-07-03T09:55:33.636Z</time>
      </trkpt>
      <trkpt lat="49.092820" lon="12.112362">
        <ele>332.401362</ele>
        <time>2026-07-03T09:55:37.934Z</time>
      </trkpt>
      <trkpt lat="49.092885" lon="12.112114">
        <ele>332.395217</ele>
        <time>2026-07-03T09:55:41.914Z</time>
      </trkpt>
      <trkpt lat="49.092902" lon="12.111920">
        <ele>332.390714</ele>
        <time>2026-07-03T09:55:44.737Z</time>
      </trkpt>
      <trkpt lat="49.092885" lon="12.111722">
        <ele>332.386120</ele>
        <time>2026-07-03T09:55:47.532Z</time>
      </trkpt>
      <trkpt lat="49.092792" lon="12.111380">
        <ele>332.377601</ele>
        <time>2026-07-03T09:55:52.603Z</time>
      </trkpt>
      <trkpt lat="49.092587" lon="12.110948">
        <ele>332.338859</ele>
        <time>2026-07-03T09:55:59.737Z</time>
      </trkpt>
      <trkpt lat="49.092552" lon="12.110820">
        <ele>332.321751</ele>
        <time>2026-07-03T09:56:01.589Z</time>
      </trkpt>
      <trkpt lat="49.092531" lon="12.110647">
        <ele>332.300050</ele>
        <time>2026-07-03T09:56:03.912Z</time>
      </trkpt>
      <trkpt lat="49.092542" lon="12.110457">
        <ele>332.276524</ele>
        <time>2026-07-03T09:56:06.426Z</time>
      </trkpt>
      <trkpt lat="49.092603" lon="12.110084">
        <ele>332.229107</ele>
        <time>2026-07-03T09:56:11.512Z</time>
      </trkpt>
      <trkpt lat="49.092651" lon="12.109928">
        <ele>332.207848</ele>
        <time>2026-07-03T09:56:13.833Z</time>
      </trkpt>
      <trkpt lat="49.092729" lon="12.109716">
        <ele>332.177856</ele>
        <time>2026-07-03T09:56:17.140Z</time>
      </trkpt>
      <trkpt lat="49.093052" lon="12.109124">
        <ele>332.082818</ele>
        <time>2026-07-03T09:56:28.501Z</time>
      </trkpt>
      <trkpt lat="49.093091" lon="12.108963">
        <ele>332.061646</ele>
        <time>2026-07-03T09:56:31.167Z</time>
      </trkpt>
      <trkpt lat="49.093105" lon="12.108771">
        <ele>332.037819</ele>
        <time>2026-07-03T09:56:34.198Z</time>
      </trkpt>
      <trkpt lat="49.093235" lon="12.108400">
        <ele>332.045996</ele>
        <time>2026-07-03T09:56:40.918Z</time>
      </trkpt>
      <trkpt lat="49.093308" lon="12.108318">
        <ele>332.050882</ele>
        <time>2026-07-03T09:56:43.088Z</time>
      </trkpt>
      <trkpt lat="49.094017" lon="12.107831">
        <ele>332.092792</ele>
        <time>2026-07-03T09:57:00.635Z</time>
      </trkpt>
      <trkpt lat="49.094584" lon="12.107566">
        <ele>332.124759</ele>
        <time>2026-07-03T09:57:13.127Z</time>
      </trkpt>
      <trkpt lat="49.095138" lon="12.107400">
        <ele>332.701012</ele>
        <time>2026-07-03T09:57:25.875Z</time>
      </trkpt>
      <trkpt lat="49.095567" lon="12.107182">
        <ele>333.245034</ele>
        <time>2026-07-03T09:57:37.222Z</time>
      </trkpt>
      <trkpt lat="49.096344" lon="12.106885">
        <ele>334.208802</ele>
        <time>2026-07-03T09:58:01.201Z</time>
      </trkpt>
      <trkpt lat="49.097779" lon="12.106379">
        <ele>337.354507</ele>
        <time>2026-07-03T09:58:49.208Z</time>
      </trkpt>
      <trkpt lat="49.098061" lon="12.106285">
        <ele>337.984586</ele>
        <time>2026-07-03T09:58:57.615Z</time>
      </trkpt>
      <trkpt lat="49.098836" lon="12.106247">
        <ele>338.627029</ele>
        <time>2026-07-03T09:59:18.191Z</time>
      </trkpt>
      <trkpt lat="49.099612" lon="12.106288">
        <ele>339.100343</ele>
        <time>2026-07-03T09:59:36.727Z</time>
      </trkpt>
      <trkpt lat="49.101303" lon="12.106450">
        <ele>338.079360</ele>
        <time>2026-07-03T10:00:13.497Z</time>
      </trkpt>
      <trkpt lat="49.101895" lon="12.106539">
        <ele>337.350334</ele>
        <time>2026-07-03T10:00:23.407Z</time>
      </trkpt>
      <trkpt lat="49.102307" lon="12.106618">
        <ele>336.417738</ele>
        <time>2026-07-03T10:00:30.099Z</time>
      </trkpt>
      <trkpt lat="49.102620" lon="12.106723">
        <ele>335.698000</ele>
        <time>2026-07-03T10:00:35.282Z</time>
      </trkpt>
      <trkpt lat="49.103052" lon="12.106918">
        <ele>334.686267</ele>
        <time>2026-07-03T10:00:42.815Z</time>
      </trkpt>
      <trkpt lat="49.104303" lon="12.107596">
        <ele>333.721406</ele>
        <time>2026-07-03T10:01:09.727Z</time>
      </trkpt>
      <trkpt lat="49.108401" lon="12.110022">
        <ele>334.718034</ele>
        <time>2026-07-03T10:02:54.145Z</time>
      </trkpt>
      <trkpt lat="49.108800" lon="12.110216">
        <ele>334.921886</ele>
        <time>2026-07-03T10:03:04.307Z</time>
      </trkpt>
      <trkpt lat="49.108818" lon="12.110136">
        <ele>334.951604</ele>
        <time>2026-07-03T10:03:05.713Z</time>
      </trkpt>
      <trkpt lat="49.109204" lon="12.110348">
        <ele>335.171734</ele>
        <time>2026-07-03T10:03:15.717Z</time>
      </trkpt>
      <trkpt lat="49.109406" lon="12.110467">
        <ele>335.287920</ele>
        <time>2026-07-03T10:03:20.968Z</time>
      </trkpt>
      <trkpt lat="49.109691" lon="12.110634">
        <ele>335.451732</ele>
        <time>2026-07-03T10:03:28.363Z</time>
      </trkpt>
      <trkpt lat="49.109796" lon="12.110692">
        <ele>335.511651</ele>
        <time>2026-07-03T10:03:31.110Z</time>
      </trkpt>
      <trkpt lat="49.110056" lon="12.110869">
        <ele>335.664409</ele>
        <time>2026-07-03T10:03:38.225Z</time>
      </trkpt>
      <trkpt lat="49.110484" lon="12.111166">
        <ele>335.725510</ele>
        <time>2026-07-03T10:03:49.906Z</time>
      </trkpt>
      <trkpt lat="49.110814" lon="12.111436">
        <ele>335.705278</ele>
        <time>2026-07-03T10:03:58.698Z</time>
      </trkpt>
      <trkpt lat="49.110890" lon="12.111502">
        <ele>335.700553</ele>
        <time>2026-07-03T10:04:00.639Z</time>
      </trkpt>
      <trkpt lat="49.110936" lon="12.111541">
        <ele>335.697710</ele>
        <time>2026-07-03T10:04:01.793Z</time>
      </trkpt>
      <trkpt lat="49.110992" lon="12.111596">
        <ele>335.694112</ele>
        <time>2026-07-03T10:04:03.246Z</time>
      </trkpt>
      <trkpt lat="49.111399" lon="12.112097">
        <ele>335.665863</ele>
        <time>2026-07-03T10:04:14.214Z</time>
      </trkpt>
      <trkpt lat="49.111690" lon="12.112447">
        <ele>335.645846</ele>
        <time>2026-07-03T10:04:21.806Z</time>
      </trkpt>
      <trkpt lat="49.111931" lon="12.112668">
        <ele>335.476235</ele>
        <time>2026-07-03T10:04:27.462Z</time>
      </trkpt>
      <trkpt lat="49.112411" lon="12.113047">
        <ele>335.149138</ele>
        <time>2026-07-03T10:04:38.259Z</time>
      </trkpt>
      <trkpt lat="49.113186" lon="12.113475">
        <ele>334.650260</ele>
        <time>2026-07-03T10:04:54.911Z</time>
      </trkpt>
      <trkpt lat="49.114459" lon="12.114179">
        <ele>334.226470</ele>
        <time>2026-07-03T10:05:22.887Z</time>
      </trkpt>
      <trkpt lat="49.114786" lon="12.114360">
        <ele>334.130664</ele>
        <time>2026-07-03T10:05:30.464Z</time>
      </trkpt>
      <trkpt lat="49.114882" lon="12.114419">
        <ele>334.102160</ele>
        <time>2026-07-03T10:05:32.799Z</time>
      </trkpt>
      <trkpt lat="49.114863" lon="12.114499">
        <ele>334.086816</ele>
        <time>2026-07-03T10:05:33.988Z</time>
      </trkpt>
      <trkpt lat="49.115048" lon="12.114721">
        <ele>334.084907</ele>
        <time>2026-07-03T10:05:39.428Z</time>
      </trkpt>
      <trkpt lat="49.115132" lon="12.114896">
        <ele>334.108135</ele>
        <time>2026-07-03T10:05:42.749Z</time>
      </trkpt>
      <trkpt lat="49.115230" lon="12.114974">
        <ele>334.126205</ele>
        <time>2026-07-03T10:05:45.370Z</time>
      </trkpt>
      <trkpt lat="49.115439" lon="12.115100">
        <ele>334.162947</ele>
        <time>2026-07-03T10:05:50.813Z</time>
      </trkpt>
      <trkpt lat="49.115507" lon="12.115142">
        <ele>334.174941</ele>
        <time>2026-07-03T10:05:52.515Z</time>
      </trkpt>
      <trkpt lat="49.115571" lon="12.115129">
        <ele>334.185499</ele>
        <time>2026-07-03T10:05:54.125Z</time>
      </trkpt>
      <trkpt lat="49.115656" lon="12.115166">
        <ele>334.199951</ele>
        <time>2026-07-03T10:05:56.202Z</time>
      </trkpt>
      <trkpt lat="49.115956" lon="12.115277">
        <ele>334.250428</ele>
        <time>2026-07-03T10:06:03.672Z</time>
      </trkpt>
      <trkpt lat="49.116272" lon="12.115523">
        <ele>334.308424</ele>
        <time>2026-07-03T10:06:11.859Z</time>
      </trkpt>
      <trkpt lat="49.117542" lon="12.116314">
        <ele>334.407225</ele>
        <time>2026-07-03T10:06:40.980Z</time>
      </trkpt>
      <trkpt lat="49.118101" lon="12.116655">
        <ele>334.435916</ele>
        <time>2026-07-03T10:06:54.954Z</time>
      </trkpt>
      <trkpt lat="49.118539" lon="12.116961">
        <ele>334.646256</ele>
        <time>2026-07-03T10:07:06.995Z</time>
      </trkpt>
      <trkpt lat="49.118640" lon="12.116968">
        <ele>334.702580</ele>
        <time>2026-07-03T10:07:09.560Z</time>
      </trkpt>
      <trkpt lat="49.118856" lon="12.117128">
        <ele>334.836310</ele>
        <time>2026-07-03T10:07:15.589Z</time>
      </trkpt>
      <trkpt lat="49.118876" lon="12.117139">
        <ele>334.848151</ele>
        <time>2026-07-03T10:07:16.121Z</time>
      </trkpt>
      <trkpt lat="49.118896" lon="12.117150">
        <ele>334.859993</ele>
        <time>2026-07-03T10:07:16.648Z</time>
      </trkpt>
      <trkpt lat="49.118919" lon="12.117163">
        <ele>334.873655</ele>
        <time>2026-07-03T10:07:17.261Z</time>
      </trkpt>
      <trkpt lat="49.119414" lon="12.117434">
        <ele>335.166587</ele>
        <time>2026-07-03T10:07:30.251Z</time>
      </trkpt>
      <trkpt lat="49.120139" lon="12.117791">
        <ele>335.592258</ele>
        <time>2026-07-03T10:07:48.544Z</time>
      </trkpt>
      <trkpt lat="49.120662" lon="12.117837">
        <ele>335.886709</ele>
        <time>2026-07-03T10:08:00.995Z</time>
      </trkpt>
      <trkpt lat="49.120846" lon="12.117813">
        <ele>335.990507</ele>
        <time>2026-07-03T10:08:05.484Z</time>
      </trkpt>
      <trkpt lat="49.121479" lon="12.117622">
        <ele>336.353171</ele>
        <time>2026-07-03T10:08:21.856Z</time>
      </trkpt>
      <trkpt lat="49.121576" lon="12.117610">
        <ele>336.407870</ele>
        <time>2026-07-03T10:08:24.329Z</time>
      </trkpt>
      <trkpt lat="49.121831" lon="12.117571">
        <ele>336.427048</ele>
        <time>2026-07-03T10:08:30.793Z</time>
      </trkpt>
      <trkpt lat="49.122313" lon="12.117436">
        <ele>336.350040</ele>
        <time>2026-07-03T10:08:42.646Z</time>
      </trkpt>
      <trkpt lat="49.124065" lon="12.117544">
        <ele>335.783117</ele>
        <time>2026-07-03T10:09:18.117Z</time>
      </trkpt>
      <trkpt lat="49.124500" lon="12.117619">
        <ele>335.508072</ele>
        <time>2026-07-03T10:09:26.206Z</time>
      </trkpt>
      <trkpt lat="49.124718" lon="12.117651">
        <ele>335.370472</ele>
        <time>2026-07-03T10:09:30.234Z</time>
      </trkpt>
      <trkpt lat="49.125021" lon="12.117625">
        <ele>335.179797</ele>
        <time>2026-07-03T10:09:36.374Z</time>
      </trkpt>
      <trkpt lat="49.125439" lon="12.117652">
        <ele>335.296100</ele>
        <time>2026-07-03T10:09:46.395Z</time>
      </trkpt>
      <trkpt lat="49.125757" lon="12.117754">
        <ele>335.712936</ele>
        <time>2026-07-03T10:09:55.105Z</time>
      </trkpt>
      <trkpt lat="49.125887" lon="12.117722">
        <ele>335.881856</ele>
        <time>2026-07-03T10:09:58.753Z</time>
      </trkpt>
      <trkpt lat="49.125915" lon="12.117716">
        <ele>335.918127</ele>
        <time>2026-07-03T10:09:59.569Z</time>
      </trkpt>
      <trkpt lat="49.126146" lon="12.117266">
        <ele>336.398260</ele>
        <time>2026-07-03T10:10:10.355Z</time>
      </trkpt>
      <trkpt lat="49.126390" lon="12.116979">
        <ele>336.793262</ele>
        <time>2026-07-03T10:10:19.588Z</time>
      </trkpt>
      <trkpt lat="49.126524" lon="12.116796">
        <ele>337.023808</ele>
        <time>2026-07-03T10:10:25.140Z</time>
      </trkpt>
      <trkpt lat="49.126626" lon="12.116656">
        <ele>337.199690</ele>
        <time>2026-07-03T10:10:29.487Z</time>
      </trkpt>
      <trkpt lat="49.125907" lon="12.115239">
        <ele>338.275036</ele>
        <time>2026-07-03T10:11:00.986Z</time>
      </trkpt>
      <trkpt lat="49.125589" lon="12.114660">
        <ele>338.708418</ele>
        <time>2026-07-03T10:11:13.196Z</time>
      </trkpt>
      <trkpt lat="49.124397" lon="12.112619">
        <ele>339.216801</ele>
        <time>2026-07-03T10:11:53.014Z</time>
      </trkpt>
      <trkpt lat="49.124178" lon="12.112407">
        <ele>339.269266</ele>
        <time>2026-07-03T10:11:59.187Z</time>
      </trkpt>
      <trkpt lat="49.124311" lon="12.112082">
        <ele>339.540253</ele>
        <time>2026-07-03T10:12:05.508Z</time>
      </trkpt>
      <trkpt lat="49.124485" lon="12.111254">
        <ele>340.155055</ele>
        <time>2026-07-03T10:12:20.482Z</time>
      </trkpt>
      <trkpt lat="49.124594" lon="12.110455">
        <ele>340.732057</ele>
        <time>2026-07-03T10:12:35.506Z</time>
      </trkpt>
      <trkpt lat="49.125181" lon="12.106064">
        <ele>344.246963</ele>
        <time>2026-07-03T10:13:54.810Z</time>
      </trkpt>
      <trkpt lat="49.125208" lon="12.105321">
        <ele>344.862451</ele>
        <time>2026-07-03T10:14:07.815Z</time>
      </trkpt>
      <trkpt lat="49.125197" lon="12.104899">
        <ele>345.211767</ele>
        <time>2026-07-03T10:14:15.317Z</time>
      </trkpt>
      <trkpt lat="49.125141" lon="12.103016">
        <ele>347.876227</ele>
        <time>2026-07-03T10:14:50.249Z</time>
      </trkpt>
      <trkpt lat="49.125089" lon="12.102684">
        <ele>348.435516</ele>
        <time>2026-07-03T10:14:57.137Z</time>
      </trkpt>
      <trkpt lat="49.124968" lon="12.102176">
        <ele>349.321206</ele>
        <time>2026-07-03T10:15:09.188Z</time>
      </trkpt>
      <trkpt lat="49.124732" lon="12.101693">
        <ele>350.514361</ele>
        <time>2026-07-03T10:15:24.217Z</time>
      </trkpt>
      <trkpt lat="49.124884" lon="12.101526">
        <ele>351.577738</ele>
        <time>2026-07-03T10:15:31.918Z</time>
      </trkpt>
      <trkpt lat="49.125574" lon="12.100838">
        <ele>356.257583</ele>
        <time>2026-07-03T10:16:09.428Z</time>
      </trkpt>
      <trkpt lat="49.125803" lon="12.100539">
        <ele>357.968481</ele>
        <time>2026-07-03T10:16:24.319Z</time>
      </trkpt>
      <trkpt lat="49.125894" lon="12.100348">
        <ele>358.846672</ele>
        <time>2026-07-03T10:16:32.022Z</time>
      </trkpt>
      <trkpt lat="49.126371" lon="12.099225">
        <ele>363.903742</ele>
        <time>2026-07-03T10:17:13.208Z</time>
      </trkpt>
      <trkpt lat="49.126611" lon="12.098162">
        <ele>368.180861</ele>
        <time>2026-07-03T10:17:45.900Z</time>
      </trkpt>
      <trkpt lat="49.126924" lon="12.097190">
        <ele>372.430277</ele>
        <time>2026-07-03T10:18:17.256Z</time>
      </trkpt>
      <trkpt lat="49.127167" lon="12.096628">
        <ele>375.215044</ele>
        <time>2026-07-03T10:18:37.122Z</time>
      </trkpt>
      <trkpt lat="49.127392" lon="12.096118">
        <ele>377.757864</ele>
        <time>2026-07-03T10:18:56.102Z</time>
      </trkpt>
      <trkpt lat="49.127789" lon="12.095322">
        <ele>381.895441</ele>
        <time>2026-07-03T10:19:28.759Z</time>
      </trkpt>
      <trkpt lat="49.128346" lon="12.093798">
        <ele>389.882319</ele>
        <time>2026-07-03T10:20:28.577Z</time>
      </trkpt>
      <trkpt lat="49.128480" lon="12.092878">
        <ele>394.211838</ele>
        <time>2026-07-03T10:20:59.659Z</time>
      </trkpt>
      <trkpt lat="49.128607" lon="12.092192">
        <ele>396.635977</ele>
        <time>2026-07-03T10:21:21.464Z</time>
      </trkpt>
      <trkpt lat="49.129107" lon="12.089794">
        <ele>403.995005</ele>
        <time>2026-07-03T10:22:27.003Z</time>
      </trkpt>
      <trkpt lat="49.129185" lon="12.089323">
        <ele>404.783475</ele>
        <time>2026-07-03T10:22:37.445Z</time>
      </trkpt>
      <trkpt lat="49.129261" lon="12.088572">
        <ele>406.016737</ele>
        <time>2026-07-03T10:22:52.705Z</time>
      </trkpt>
      <trkpt lat="49.129208" lon="12.088159">
        <ele>406.699749</ele>
        <time>2026-07-03T10:23:00.631Z</time>
      </trkpt>
      <trkpt lat="49.128796" lon="12.085508">
        <ele>410.393753</ele>
        <time>2026-07-03T10:23:53.524Z</time>
      </trkpt>
      <trkpt lat="49.128698" lon="12.085144">
        <ele>410.888848</ele>
        <time>2026-07-03T10:24:01.696Z</time>
      </trkpt>
      <trkpt lat="49.128645" lon="12.085047">
        <ele>411.047801</ele>
        <time>2026-07-03T10:24:04.288Z</time>
      </trkpt>
      <trkpt lat="49.128593" lon="12.085022">
        <ele>411.152587</ele>
        <time>2026-07-03T10:24:05.987Z</time>
      </trkpt>
      <trkpt lat="49.128301" lon="12.085256">
        <ele>411.448171</ele>
        <time>2026-07-03T10:24:16.043Z</time>
      </trkpt>
      <trkpt lat="49.127732" lon="12.085575">
        <ele>411.724622</ele>
        <time>2026-07-03T10:24:33.434Z</time>
      </trkpt>
      <trkpt lat="49.126564" lon="12.085874">
        <ele>411.794068</ele>
        <time>2026-07-03T10:24:57.893Z</time>
      </trkpt>
      <trkpt lat="49.125862" lon="12.086183">
        <ele>410.580974</ele>
        <time>2026-07-03T10:25:10.233Z</time>
      </trkpt>
      <trkpt lat="49.125221" lon="12.086381">
        <ele>409.495039</ele>
        <time>2026-07-03T10:25:21.594Z</time>
      </trkpt>
      <trkpt lat="49.124797" lon="12.086698">
        <ele>408.670764</ele>
        <time>2026-07-03T10:25:31.017Z</time>
      </trkpt>
      <trkpt lat="49.124477" lon="12.086892">
        <ele>408.049413</ele>
        <time>2026-07-03T10:25:38.597Z</time>
      </trkpt>
      <trkpt lat="49.124358" lon="12.086916">
        <ele>407.832771</ele>
        <time>2026-07-03T10:25:41.225Z</time>
      </trkpt>
      <trkpt lat="49.124236" lon="12.086897">
        <ele>407.611437</ele>
        <time>2026-07-03T10:25:43.903Z</time>
      </trkpt>
      <trkpt lat="49.124017" lon="12.086798">
        <ele>407.199237</ele>
        <time>2026-07-03T10:25:48.686Z</time>
      </trkpt>
      <trkpt lat="49.123627" lon="12.086542">
        <ele>406.433141</ele>
        <time>2026-07-03T10:25:56.300Z</time>
      </trkpt>
      <trkpt lat="49.123461" lon="12.085856">
        <ele>404.500994</ele>
        <time>2026-07-03T10:26:03.820Z</time>
      </trkpt>
      <trkpt lat="49.123087" lon="12.084011">
        <ele>395.470133</ele>
        <time>2026-07-03T10:26:21.601Z</time>
      </trkpt>
      <trkpt lat="49.122690" lon="12.083307">
        <ele>391.135969</ele>
        <time>2026-07-03T10:26:30.021Z</time>
      </trkpt>
      <trkpt lat="49.122309" lon="12.082858">
        <ele>387.717636</ele>
        <time>2026-07-03T10:26:36.765Z</time>
      </trkpt>
      <trkpt lat="49.121938" lon="12.082196">
        <ele>383.665319</ele>
        <time>2026-07-03T10:26:44.942Z</time>
      </trkpt>
      <trkpt lat="49.121830" lon="12.081994">
        <ele>382.452536</ele>
        <time>2026-07-03T10:26:47.406Z</time>
      </trkpt>
      <trkpt lat="49.121592" lon="12.081455">
        <ele>379.807122</ele>
        <time>2026-07-03T10:26:53.994Z</time>
      </trkpt>
      <trkpt lat="49.121434" lon="12.080867">
        <ele>378.131922</ele>
        <time>2026-07-03T10:27:00.602Z</time>
      </trkpt>
      <trkpt lat="49.121310" lon="12.080264">
        <ele>376.466116</ele>
        <time>2026-07-03T10:27:07.424Z</time>
      </trkpt>
      <trkpt lat="49.121295" lon="12.080196">
        <ele>376.276996</ele>
        <time>2026-07-03T10:27:08.219Z</time>
      </trkpt>
      <trkpt lat="49.121270" lon="12.079887">
        <ele>375.456428</ele>
        <time>2026-07-03T10:27:11.662Z</time>
      </trkpt>
      <trkpt lat="49.121335" lon="12.078336">
        <ele>372.150908</ele>
        <time>2026-07-03T10:27:29.198Z</time>
      </trkpt>
      <trkpt lat="49.121421" lon="12.077207">
        <ele>370.549987</ele>
        <time>2026-07-03T10:27:42.980Z</time>
      </trkpt>
      <trkpt lat="49.121407" lon="12.076970">
        <ele>370.214818</ele>
        <time>2026-07-03T10:27:46.172Z</time>
      </trkpt>
      <trkpt lat="49.121224" lon="12.075976">
        <ele>368.380939</ele>
        <time>2026-07-03T10:27:59.345Z</time>
      </trkpt>
      <trkpt lat="49.121184" lon="12.075538">
        <ele>367.204391</ele>
        <time>2026-07-03T10:28:04.472Z</time>
      </trkpt>
      <trkpt lat="49.121219" lon="12.074483">
        <ele>364.394061</ele>
        <time>2026-07-03T10:28:15.676Z</time>
      </trkpt>
      <trkpt lat="49.121175" lon="12.073786">
        <ele>362.531152</ele>
        <time>2026-07-03T10:28:22.760Z</time>
      </trkpt>
      <trkpt lat="49.121102" lon="12.073508">
        <ele>361.810283</ele>
        <time>2026-07-03T10:28:25.597Z</time>
      </trkpt>
      <trkpt lat="49.121062" lon="12.073249">
        <ele>361.482443</ele>
        <time>2026-07-03T10:28:28.150Z</time>
      </trkpt>
      <trkpt lat="49.120959" lon="12.072374">
        <ele>360.387186</ele>
        <time>2026-07-03T10:28:37.091Z</time>
      </trkpt>
      <trkpt lat="49.120874" lon="12.072062">
        <ele>359.970843</ele>
        <time>2026-07-03T10:28:40.965Z</time>
      </trkpt>
      <trkpt lat="49.120777" lon="12.071837">
        <ele>359.638917</ele>
        <time>2026-07-03T10:28:44.429Z</time>
      </trkpt>
      <trkpt lat="49.120042" lon="12.070432">
        <ele>359.681212</ele>
        <time>2026-07-03T10:29:19.966Z</time>
      </trkpt>
      <trkpt lat="49.119445" lon="12.069441">
        <ele>361.533365</ele>
        <time>2026-07-03T10:29:48.893Z</time>
      </trkpt>
      <trkpt lat="49.119240" lon="12.069052">
        <ele>362.220147</ele>
        <time>2026-07-03T10:29:58.777Z</time>
      </trkpt>
      <trkpt lat="49.118847" lon="12.068008">
        <ele>362.274093</ele>
        <time>2026-07-03T10:30:19.493Z</time>
      </trkpt>
      <trkpt lat="49.118702" lon="12.067707">
        <ele>362.275650</ele>
        <time>2026-07-03T10:30:24.951Z</time>
      </trkpt>
      <trkpt lat="49.118521" lon="12.067437">
        <ele>362.277259</ele>
        <time>2026-07-03T10:30:30.231Z</time>
      </trkpt>
      <trkpt lat="49.118321" lon="12.067208">
        <ele>362.278850</ele>
        <time>2026-07-03T10:30:35.146Z</time>
      </trkpt>
      <trkpt lat="49.118167" lon="12.066921">
        <ele>362.280396</ele>
        <time>2026-07-03T10:30:39.666Z</time>
      </trkpt>
      <trkpt lat="49.117953" lon="12.066207">
        <ele>361.375912</ele>
        <time>2026-07-03T10:30:48.958Z</time>
      </trkpt>
      <trkpt lat="49.117759" lon="12.065495">
        <ele>360.405502</ele>
        <time>2026-07-03T10:30:57.691Z</time>
      </trkpt>
      <trkpt lat="49.117553" lon="12.065201">
        <ele>359.863575</ele>
        <time>2026-07-03T10:31:02.673Z</time>
      </trkpt>
      <trkpt lat="49.117497" lon="12.065160">
        <ele>359.744195</ele>
        <time>2026-07-03T10:31:03.779Z</time>
      </trkpt>
      <trkpt lat="49.117239" lon="12.065091">
        <ele>359.240660</ele>
        <time>2026-07-03T10:31:08.569Z</time>
      </trkpt>
      <trkpt lat="49.117148" lon="12.065023">
        <ele>359.045914</ele>
        <time>2026-07-03T10:31:10.488Z</time>
      </trkpt>
      <trkpt lat="49.117079" lon="12.064938">
        <ele>358.875517</ele>
        <time>2026-07-03T10:31:12.192Z</time>
      </trkpt>
      <trkpt lat="49.117450" lon="12.064344">
        <ele>360.583940</ele>
        <time>2026-07-03T10:31:24.294Z</time>
      </trkpt>
      <trkpt lat="49.117723" lon="12.063931">
        <ele>361.910563</ele>
        <time>2026-07-03T10:31:36.762Z</time>
      </trkpt>
      <trkpt lat="49.117762" lon="12.063888">
        <ele>362.076637</ele>
        <time>2026-07-03T10:31:38.639Z</time>
      </trkpt>
      <trkpt lat="49.118226" lon="12.063336">
        <ele>364.107287</ele>
        <time>2026-07-03T10:32:04.921Z</time>
      </trkpt>
      <trkpt lat="49.118828" lon="12.062666">
        <ele>368.340698</ele>
        <time>2026-07-03T10:32:44.118Z</time>
      </trkpt>
      <trkpt lat="49.119199" lon="12.062323">
        <ele>371.350250</ele>
        <time>2026-07-03T10:33:06.702Z</time>
      </trkpt>
      <trkpt lat="49.119406" lon="12.062171">
        <ele>372.944196</ele>
        <time>2026-07-03T10:33:18.653Z</time>
      </trkpt>
      <trkpt lat="49.119269" lon="12.061587">
        <ele>375.762185</ele>
        <time>2026-07-03T10:33:39.018Z</time>
      </trkpt>
      <trkpt lat="49.119146" lon="12.060825">
        <ele>378.825749</ele>
        <time>2026-07-03T10:34:03.019Z</time>
      </trkpt>
      <trkpt lat="49.119070" lon="12.059882">
        <ele>381.946108</ele>
        <time>2026-07-03T10:34:29.423Z</time>
      </trkpt>
      <trkpt lat="49.119088" lon="12.058374">
        <ele>386.630828</ele>
        <time>2026-07-03T10:35:10.766Z</time>
      </trkpt>
      <trkpt lat="49.119131" lon="12.057191">
        <ele>387.594976</ele>
        <time>2026-07-03T10:35:36.431Z</time>
      </trkpt>
      <trkpt lat="49.119143" lon="12.057001">
        <ele>387.750306</ele>
        <time>2026-07-03T10:35:39.855Z</time>
      </trkpt>
      <trkpt lat="49.119168" lon="12.056759">
        <ele>387.949671</ele>
        <time>2026-07-03T10:35:43.928Z</time>
      </trkpt>
      <trkpt lat="49.119280" lon="12.055920">
        <ele>388.646462</ele>
        <time>2026-07-03T10:35:55.561Z</time>
      </trkpt>
      <trkpt lat="49.119517" lon="12.054787">
        <ele>386.749730</ele>
        <time>2026-07-03T10:36:08.828Z</time>
      </trkpt>
      <trkpt lat="49.119514" lon="12.054693">
        <ele>386.563805</ele>
        <time>2026-07-03T10:36:09.826Z</time>
      </trkpt>
      <trkpt lat="49.119493" lon="12.053938">
        <ele>385.070900</ele>
        <time>2026-07-03T10:36:17.929Z</time>
      </trkpt>
      <trkpt lat="49.119489" lon="12.053917">
        <ele>385.027691</ele>
        <time>2026-07-03T10:36:18.160Z</time>
      </trkpt>
      <trkpt lat="49.119457" lon="12.053742">
        <ele>384.668725</ele>
        <time>2026-07-03T10:36:20.069Z</time>
      </trkpt>
      <trkpt lat="49.119283" lon="12.052914">
        <ele>382.854987</ele>
        <time>2026-07-03T10:36:28.955Z</time>
      </trkpt>
      <trkpt lat="49.119098" lon="12.052459">
        <ele>381.542747</ele>
        <time>2026-07-03T10:36:34.276Z</time>
      </trkpt>
      <trkpt lat="49.119076" lon="12.052140">
        <ele>380.756934</ele>
        <time>2026-07-03T10:36:37.424Z</time>
      </trkpt>
      <trkpt lat="49.119128" lon="12.052048">
        <ele>380.459140</ele>
        <time>2026-07-03T10:36:38.620Z</time>
      </trkpt>
      <trkpt lat="49.119248" lon="12.051996">
        <ele>379.992256</ele>
        <time>2026-07-03T10:36:40.520Z</time>
      </trkpt>
      <trkpt lat="49.119414" lon="12.052023">
        <ele>379.367395</ele>
        <time>2026-07-03T10:36:43.083Z</time>
      </trkpt>
      <trkpt lat="49.119475" lon="12.051869">
        <ele>378.926415</ele>
        <time>2026-07-03T10:36:44.914Z</time>
      </trkpt>
      <trkpt lat="49.119478" lon="12.051311">
        <ele>377.559391</ele>
        <time>2026-07-03T10:36:50.728Z</time>
      </trkpt>
      <trkpt lat="49.119482" lon="12.051080">
        <ele>376.993294</ele>
        <time>2026-07-03T10:36:53.216Z</time>
      </trkpt>
      <trkpt lat="49.119560" lon="12.051089">
        <ele>376.700503</ele>
        <time>2026-07-03T10:36:54.561Z</time>
      </trkpt>
      <trkpt lat="49.119972" lon="12.051037">
        <ele>377.180221</ele>
        <time>2026-07-03T10:37:02.565Z</time>
      </trkpt>
      <trkpt lat="49.120041" lon="12.051059">
        <ele>377.281740</ele>
        <time>2026-07-03T10:37:04.132Z</time>
      </trkpt>
      <trkpt lat="49.120502" lon="12.051174">
        <ele>377.954496</ele>
        <time>2026-07-03T10:37:17.561Z</time>
      </trkpt>
      <trkpt lat="49.120683" lon="12.051267">
        <ele>378.229530</ele>
        <time>2026-07-03T10:37:24.359Z</time>
      </trkpt>
      <trkpt lat="49.120785" lon="12.051335">
        <ele>378.389812</ele>
        <time>2026-07-03T10:37:28.366Z</time>
      </trkpt>
      <trkpt lat="49.121034" lon="12.051506">
        <ele>378.782997</ele>
        <time>2026-07-03T10:37:38.226Z</time>
      </trkpt>
      <trkpt lat="49.121420" lon="12.050663">
        <ele>380.592219</ele>
        <time>2026-07-03T10:38:01.591Z</time>
      </trkpt>
      <trkpt lat="49.121610" lon="12.050238">
        <ele>381.824214</ele>
        <time>2026-07-03T10:38:13.659Z</time>
      </trkpt>
      <trkpt lat="49.121774" lon="12.049776">
        <ele>383.082275</ele>
        <time>2026-07-03T10:38:26.257Z</time>
      </trkpt>
      <trkpt lat="49.121921" lon="12.049389">
        <ele>384.153331</ele>
        <time>2026-07-03T10:38:36.910Z</time>
      </trkpt>
      <trkpt lat="49.122029" lon="12.049174">
        <ele>384.802078</ele>
        <time>2026-07-03T10:38:43.378Z</time>
      </trkpt>
      <trkpt lat="49.122332" lon="12.048784">
        <ele>386.447381</ele>
        <time>2026-07-03T10:38:58.908Z</time>
      </trkpt>
      <trkpt lat="49.122501" lon="12.048613">
        <ele>387.501628</ele>
        <time>2026-07-03T10:39:07.428Z</time>
      </trkpt>
      <trkpt lat="49.122916" lon="12.048325">
        <ele>389.872300</ele>
        <time>2026-07-03T10:39:27.273Z</time>
      </trkpt>
      <trkpt lat="49.123225" lon="12.048059">
        <ele>391.716958</ele>
        <time>2026-07-03T10:39:42.129Z</time>
      </trkpt>
      <trkpt lat="49.123332" lon="12.047997">
        <ele>392.312154</ele>
        <time>2026-07-03T10:39:46.984Z</time>
      </trkpt>
      <trkpt lat="49.123923" lon="12.047154">
        <ele>397.036967</ele>
        <time>2026-07-03T10:40:23.742Z</time>
      </trkpt>
      <trkpt lat="49.124096" lon="12.047000">
        <ele>398.471634</ele>
        <time>2026-07-03T10:40:33.447Z</time>
      </trkpt>
      <trkpt lat="49.124286" lon="12.046910">
        <ele>399.897021</ele>
        <time>2026-07-03T10:40:43.402Z</time>
      </trkpt>
      <trkpt lat="49.124750" lon="12.046702">
        <ele>403.361998</ele>
        <time>2026-07-03T10:41:09.028Z</time>
      </trkpt>
      <trkpt lat="49.125473" lon="12.046305">
        <ele>408.424879</ele>
        <time>2026-07-03T10:41:51.938Z</time>
      </trkpt>
      <trkpt lat="49.125884" lon="12.045979">
        <ele>409.991306</ele>
        <time>2026-07-03T10:42:14.807Z</time>
      </trkpt>
      <trkpt lat="49.126190" lon="12.045794">
        <ele>411.104480</ele>
        <time>2026-07-03T10:42:28.357Z</time>
      </trkpt>
      <trkpt lat="49.126303" lon="12.045711">
        <ele>411.528590</ele>
        <time>2026-07-03T10:42:32.840Z</time>
      </trkpt>
      <trkpt lat="49.126682" lon="12.045462">
        <ele>412.924101</ele>
        <time>2026-07-03T10:42:44.844Z</time>
      </trkpt>
      <trkpt lat="49.127535" lon="12.044661">
        <ele>412.722898</ele>
        <time>2026-07-03T10:43:02.322Z</time>
      </trkpt>
      <trkpt lat="49.128280" lon="12.044132">
        <ele>410.963731</ele>
        <time>2026-07-03T10:43:15.665Z</time>
      </trkpt>
      <trkpt lat="49.128547" lon="12.043860">
        <ele>410.276576</ele>
        <time>2026-07-03T10:43:21.404Z</time>
      </trkpt>
      <trkpt lat="49.129243" lon="12.043153">
        <ele>409.802408</ele>
        <time>2026-07-03T10:43:38.936Z</time>
      </trkpt>
      <trkpt lat="49.129374" lon="12.042927">
        <ele>409.692855</ele>
        <time>2026-07-03T10:43:43.677Z</time>
      </trkpt>
      <trkpt lat="49.129499" lon="12.042801">
        <ele>409.609820</ele>
        <time>2026-07-03T10:43:47.299Z</time>
      </trkpt>
      <trkpt lat="49.129594" lon="12.042814">
        <ele>409.556930</ele>
        <time>2026-07-03T10:43:49.533Z</time>
      </trkpt>
      <trkpt lat="49.129652" lon="12.042876">
        <ele>409.517681</ele>
        <time>2026-07-03T10:43:51.175Z</time>
      </trkpt>
      <trkpt lat="49.129923" lon="12.043361">
        <ele>409.286267</ele>
        <time>2026-07-03T10:44:00.006Z</time>
      </trkpt>
      <trkpt lat="49.130192" lon="12.043824">
        <ele>408.676342</ele>
        <time>2026-07-03T10:44:07.716Z</time>
      </trkpt>
      <trkpt lat="49.131003" lon="12.044658">
        <ele>407.106058</ele>
        <time>2026-07-03T10:44:24.931Z</time>
      </trkpt>
      <trkpt lat="49.131886" lon="12.045503">
        <ele>405.035021</ele>
        <time>2026-07-03T10:44:43.470Z</time>
      </trkpt>
      <trkpt lat="49.132015" lon="12.045664">
        <ele>404.654698</ele>
        <time>2026-07-03T10:44:46.436Z</time>
      </trkpt>
      <trkpt lat="49.132289" lon="12.046132">
        <ele>403.716366</ele>
        <time>2026-07-03T10:44:53.606Z</time>
      </trkpt>
      <trkpt lat="49.132664" lon="12.046842">
        <ele>402.353024</ele>
        <time>2026-07-03T10:45:03.652Z</time>
      </trkpt>
      <trkpt lat="49.132970" lon="12.047488">
        <ele>400.588128</ele>
        <time>2026-07-03T10:45:12.152Z</time>
      </trkpt>
      <trkpt lat="49.133187" lon="12.048162">
        <ele>398.884325</ele>
        <time>2026-07-03T10:45:20.060Z</time>
      </trkpt>
      <trkpt lat="49.133375" lon="12.049074">
        <ele>396.715524</ele>
        <time>2026-07-03T10:45:30.025Z</time>
      </trkpt>
      <trkpt lat="49.133572" lon="12.049599">
        <ele>395.184908</ele>
        <time>2026-07-03T10:45:36.285Z</time>
      </trkpt>
      <trkpt lat="49.133978" lon="12.050315">
        <ele>392.544230</ele>
        <time>2026-07-03T10:45:45.961Z</time>
      </trkpt>
      <trkpt lat="49.134495" lon="12.051148">
        <ele>389.344250</ele>
        <time>2026-07-03T10:45:57.538Z</time>
      </trkpt>
      <trkpt lat="49.134695" lon="12.051333">
        <ele>388.353343</ele>
        <time>2026-07-03T10:46:01.117Z</time>
      </trkpt>
      <trkpt lat="49.134881" lon="12.051445">
        <ele>387.684304</ele>
        <time>2026-07-03T10:46:04.167Z</time>
      </trkpt>
      <trkpt lat="49.135300" lon="12.051516">
        <ele>386.273478</ele>
        <time>2026-07-03T10:46:10.652Z</time>
      </trkpt>
      <trkpt lat="49.135758" lon="12.051508">
        <ele>384.740625</ele>
        <time>2026-07-03T10:46:17.814Z</time>
      </trkpt>
      <trkpt lat="49.136440" lon="12.051382">
        <ele>382.441615</ele>
        <time>2026-07-03T10:46:29.494Z</time>
      </trkpt>
      <trkpt lat="49.136581" lon="12.051319">
        <ele>382.287526</ele>
        <time>2026-07-03T10:46:32.213Z</time>
      </trkpt>
      <trkpt lat="49.137023" lon="12.051082">
        <ele>382.036300</ele>
        <time>2026-07-03T10:46:41.648Z</time>
      </trkpt>
      <trkpt lat="49.137423" lon="12.051075">
        <ele>381.821750</ele>
        <time>2026-07-03T10:46:50.610Z</time>
      </trkpt>
      <trkpt lat="49.137464" lon="12.051250">
        <ele>381.756524</ele>
        <time>2026-07-03T10:46:53.510Z</time>
      </trkpt>
      <trkpt lat="49.137604" lon="12.051407">
        <ele>381.663394</ele>
        <time>2026-07-03T10:46:57.747Z</time>
      </trkpt>
      <trkpt lat="49.137704" lon="12.051527">
        <ele>381.595206</ele>
        <time>2026-07-03T10:47:00.819Z</time>
      </trkpt>
      <trkpt lat="49.137919" lon="12.051887">
        <ele>381.424166</ele>
        <time>2026-07-03T10:47:08.010Z</time>
      </trkpt>
      <trkpt lat="49.138349" lon="12.052456">
        <ele>380.537443</ele>
        <time>2026-07-03T10:47:19.198Z</time>
      </trkpt>
      <trkpt lat="49.138407" lon="12.052531">
        <ele>380.408304</ele>
        <time>2026-07-03T10:47:20.596Z</time>
      </trkpt>
      <trkpt lat="49.138766" lon="12.053008">
        <ele>379.599733</ele>
        <time>2026-07-03T10:47:28.943Z</time>
      </trkpt>
      <trkpt lat="49.138951" lon="12.053314">
        <ele>379.136384</ele>
        <time>2026-07-03T10:47:33.591Z</time>
      </trkpt>
      <trkpt lat="49.139215" lon="12.053920">
        <ele>378.326491</ele>
        <time>2026-07-03T10:47:41.668Z</time>
      </trkpt>
      <trkpt lat="49.139339" lon="12.054334">
        <ele>377.782389</ele>
        <time>2026-07-03T10:47:46.708Z</time>
      </trkpt>
      <trkpt lat="49.139356" lon="12.054430">
        <ele>377.663544</ele>
        <time>2026-07-03T10:47:47.812Z</time>
      </trkpt>
      <trkpt lat="49.139642" lon="12.055985">
        <ele>375.733331</ele>
        <time>2026-07-03T10:48:06.524Z</time>
      </trkpt>
      <trkpt lat="49.139805" lon="12.056705">
        <ele>375.037798</ele>
        <time>2026-07-03T10:48:16.050Z</time>
      </trkpt>
      <trkpt lat="49.139951" lon="12.057167">
        <ele>375.019156</ele>
        <time>2026-07-03T10:48:22.690Z</time>
      </trkpt>
      <trkpt lat="49.140064" lon="12.057623">
        <ele>375.001439</ele>
        <time>2026-07-03T10:48:29.269Z</time>
      </trkpt>
      <trkpt lat="49.140104" lon="12.057823">
        <ele>374.993840</ele>
        <time>2026-07-03T10:48:32.149Z</time>
      </trkpt>
      <trkpt lat="49.140099" lon="12.058614">
        <ele>374.965098</ele>
        <time>2026-07-03T10:48:43.797Z</time>
      </trkpt>
      <trkpt lat="49.139986" lon="12.059792">
        <ele>375.452470</ele>
        <time>2026-07-03T10:49:04.668Z</time>
      </trkpt>
      <trkpt lat="49.139977" lon="12.060466">
        <ele>375.997941</ele>
        <time>2026-07-03T10:49:17.863Z</time>
      </trkpt>
      <trkpt lat="49.140835" lon="12.060701">
        <ele>377.076022</ele>
        <time>2026-07-03T10:49:42.920Z</time>
      </trkpt>
      <trkpt lat="49.141048" lon="12.060770">
        <ele>376.934321</ele>
        <time>2026-07-03T10:49:48.460Z</time>
      </trkpt>
      <trkpt lat="49.141433" lon="12.060808">
        <ele>376.297824</ele>
        <time>2026-07-03T10:49:56.479Z</time>
      </trkpt>
      <trkpt lat="49.141654" lon="12.060795">
        <ele>375.932948</ele>
        <time>2026-07-03T10:50:00.469Z</time>
      </trkpt>
      <trkpt lat="49.141963" lon="12.060688">
        <ele>375.410243</ele>
        <time>2026-07-03T10:50:05.792Z</time>
      </trkpt>
      <trkpt lat="49.142823" lon="12.059964">
        <ele>373.731413</ele>
        <time>2026-07-03T10:50:21.891Z</time>
      </trkpt>
      <trkpt lat="49.144085" lon="12.058843">
        <ele>370.977623</ele>
        <time>2026-07-03T10:50:47.875Z</time>
      </trkpt>
      <trkpt lat="49.144420" lon="12.058517">
        <ele>370.332107</ele>
        <time>2026-07-03T10:50:56.315Z</time>
      </trkpt>
      <trkpt lat="49.144616" lon="12.058280">
        <ele>369.944942</ele>
        <time>2026-07-03T10:51:01.363Z</time>
      </trkpt>
      <trkpt lat="49.145045" lon="12.057652">
        <ele>369.024725</ele>
        <time>2026-07-03T10:51:12.698Z</time>
      </trkpt>
      <trkpt lat="49.145247" lon="12.057422">
        <ele>368.634507</ele>
        <time>2026-07-03T10:51:17.237Z</time>
      </trkpt>
      <trkpt lat="49.145597" lon="12.057114">
        <ele>367.997187</ele>
        <time>2026-07-03T10:51:24.285Z</time>
      </trkpt>
      <trkpt lat="49.146386" lon="12.056567">
        <ele>365.444714</ele>
        <time>2026-07-03T10:51:38.068Z</time>
      </trkpt>
      <trkpt lat="49.147396" lon="12.055778">
        <ele>362.909802</ele>
        <time>2026-07-03T10:51:56.650Z</time>
      </trkpt>
      <trkpt lat="49.147878" lon="12.055458">
        <ele>363.377918</ele>
        <time>2026-07-03T10:52:07.838Z</time>
      </trkpt>
      <trkpt lat="49.148295" lon="12.055282">
        <ele>363.763286</ele>
        <time>2026-07-03T10:52:20.582Z</time>
      </trkpt>
      <trkpt lat="49.148720" lon="12.055181">
        <ele>364.146432</ele>
        <time>2026-07-03T10:52:35.592Z</time>
      </trkpt>
      <trkpt lat="49.149412" lon="12.055024">
        <ele>365.102406</ele>
        <time>2026-07-03T10:53:00.616Z</time>
      </trkpt>
      <trkpt lat="49.150297" lon="12.054901">
        <ele>366.486194</ele>
        <time>2026-07-03T10:53:26.389Z</time>
      </trkpt>
      <trkpt lat="49.150905" lon="12.054923">
        <ele>366.950373</ele>
        <time>2026-07-03T10:53:38.970Z</time>
      </trkpt>
      <trkpt lat="49.152507" lon="12.055160">
        <ele>365.542139</ele>
        <time>2026-07-03T10:54:08.939Z</time>
      </trkpt>
      <trkpt lat="49.152638" lon="12.055550">
        <ele>365.937671</ele>
        <time>2026-07-03T10:54:15.618Z</time>
      </trkpt>
      <trkpt lat="49.152843" lon="12.056420">
        <ele>366.771935</ele>
        <time>2026-07-03T10:54:32.550Z</time>
      </trkpt>
      <trkpt lat="49.153036" lon="12.056993">
        <ele>367.353394</ele>
        <time>2026-07-03T10:54:46.804Z</time>
      </trkpt>
      <trkpt lat="49.153360" lon="12.057732">
        <ele>368.034019</ele>
        <time>2026-07-03T10:55:05.702Z</time>
      </trkpt>
      <trkpt lat="49.153449" lon="12.057799">
        <ele>368.055329</ele>
        <time>2026-07-03T10:55:08.684Z</time>
      </trkpt>
      <trkpt lat="49.153458" lon="12.057859">
        <ele>368.063977</ele>
        <time>2026-07-03T10:55:09.909Z</time>
      </trkpt>
      <trkpt lat="49.153487" lon="12.058153">
        <ele>368.105749</ele>
        <time>2026-07-03T10:55:15.522Z</time>
      </trkpt>
      <trkpt lat="49.153466" lon="12.058385">
        <ele>368.138653</ele>
        <time>2026-07-03T10:55:19.640Z</time>
      </trkpt>
      <trkpt lat="49.153423" lon="12.058542">
        <ele>368.162566</ele>
        <time>2026-07-03T10:55:22.507Z</time>
      </trkpt>
      <trkpt lat="49.153293" lon="12.059159">
        <ele>368.253637</ele>
        <time>2026-07-03T10:55:32.508Z</time>
      </trkpt>
      <trkpt lat="49.153258" lon="12.059530">
        <ele>368.306299</ele>
        <time>2026-07-03T10:55:37.645Z</time>
      </trkpt>
      <trkpt lat="49.153274" lon="12.059763">
        <ele>368.339214</ele>
        <time>2026-07-03T10:55:40.577Z</time>
      </trkpt>
      <trkpt lat="49.153308" lon="12.059903">
        <ele>368.360195</ele>
        <time>2026-07-03T10:55:42.342Z</time>
      </trkpt>
      <trkpt lat="49.153691" lon="12.061108">
        <ele>366.176696</ele>
        <time>2026-07-03T10:55:57.207Z</time>
      </trkpt>
      <trkpt lat="49.153856" lon="12.061628">
        <ele>364.978637</ele>
        <time>2026-07-03T10:56:03.431Z</time>
      </trkpt>
      <trkpt lat="49.154351" lon="12.062889">
        <ele>361.655698</ele>
        <time>2026-07-03T10:56:18.479Z</time>
      </trkpt>
      <trkpt lat="49.154406" lon="12.063080">
        <ele>361.068392</ele>
        <time>2026-07-03T10:56:20.554Z</time>
      </trkpt>
      <trkpt lat="49.154550" lon="12.063867">
        <ele>358.768575</ele>
        <time>2026-07-03T10:56:28.706Z</time>
      </trkpt>
      <trkpt lat="49.154636" lon="12.064170">
        <ele>357.839040</ele>
        <time>2026-07-03T10:56:32.005Z</time>
      </trkpt>
      <trkpt lat="49.154850" lon="12.064541">
        <ele>356.446925</ele>
        <time>2026-07-03T10:56:36.960Z</time>
      </trkpt>
      <trkpt lat="49.155075" lon="12.064740">
        <ele>355.328467</ele>
        <time>2026-07-03T10:56:40.982Z</time>
      </trkpt>
      <trkpt lat="49.155354" lon="12.064922">
        <ele>354.680636</ele>
        <time>2026-07-03T10:56:45.813Z</time>
      </trkpt>
      <trkpt lat="49.155509" lon="12.065081">
        <ele>354.442408</ele>
        <time>2026-07-03T10:56:48.876Z</time>
      </trkpt>
      <trkpt lat="49.155658" lon="12.065288">
        <ele>354.185461</ele>
        <time>2026-07-03T10:56:52.289Z</time>
      </trkpt>
      <trkpt lat="49.155741" lon="12.065425">
        <ele>354.029576</ele>
        <time>2026-07-03T10:56:54.448Z</time>
      </trkpt>
      <trkpt lat="49.155879" lon="12.065771">
        <ele>353.691290</ele>
        <time>2026-07-03T10:56:59.360Z</time>
      </trkpt>
      <trkpt lat="49.155977" lon="12.066173">
        <ele>353.333176</ele>
        <time>2026-07-03T10:57:05.063Z</time>
      </trkpt>
      <trkpt lat="49.156039" lon="12.066643">
        <ele>352.932955</ele>
        <time>2026-07-03T10:57:12.336Z</time>
      </trkpt>
      <trkpt lat="49.156046" lon="12.067682">
        <ele>353.687126</ele>
        <time>2026-07-03T10:57:31.522Z</time>
      </trkpt>
      <trkpt lat="49.156067" lon="12.067982">
        <ele>354.119822</ele>
        <time>2026-07-03T10:57:37.788Z</time>
      </trkpt>
      <trkpt lat="49.156168" lon="12.068540">
        <ele>354.950147</ele>
        <time>2026-07-03T10:57:50.326Z</time>
      </trkpt>
      <trkpt lat="49.156309" lon="12.068987">
        <ele>355.661869</ele>
        <time>2026-07-03T10:58:00.976Z</time>
      </trkpt>
      <trkpt lat="49.156472" lon="12.069318">
        <ele>356.256085</ele>
        <time>2026-07-03T10:58:09.933Z</time>
      </trkpt>
      <trkpt lat="49.156752" lon="12.069771">
        <ele>357.111236</ele>
        <time>2026-07-03T10:58:23.409Z</time>
      </trkpt>
      <trkpt lat="49.156943" lon="12.070161">
        <ele>357.760183</ele>
        <time>2026-07-03T10:58:33.768Z</time>
      </trkpt>
      <trkpt lat="49.157329" lon="12.071178">
        <ele>359.326313</ele>
        <time>2026-07-03T10:58:57.454Z</time>
      </trkpt>
      <trkpt lat="49.157745" lon="12.072158">
        <ele>360.290593</ele>
        <time>2026-07-03T10:59:18.461Z</time>
      </trkpt>
      <trkpt lat="49.157934" lon="12.072551">
        <ele>360.313023</ele>
        <time>2026-07-03T10:59:26.245Z</time>
      </trkpt>
      <trkpt lat="49.158329" lon="12.073198">
        <ele>360.353722</ele>
        <time>2026-07-03T10:59:38.573Z</time>
      </trkpt>
      <trkpt lat="49.158693" lon="12.073764">
        <ele>360.390222</ele>
        <time>2026-07-03T10:59:48.845Z</time>
      </trkpt>
      <trkpt lat="49.158866" lon="12.074192">
        <ele>360.329019</ele>
        <time>2026-07-03T10:59:55.554Z</time>
      </trkpt>
      <trkpt lat="49.158956" lon="12.074672">
        <ele>360.241104</ele>
        <time>2026-07-03T11:00:02.286Z</time>
      </trkpt>
      <trkpt lat="49.159007" lon="12.075128">
        <ele>360.159654</ele>
        <time>2026-07-03T11:00:08.546Z</time>
      </trkpt>
      <trkpt lat="49.159065" lon="12.075639">
        <ele>360.068341</ele>
        <time>2026-07-03T11:00:15.700Z</time>
      </trkpt>
      <trkpt lat="49.159120" lon="12.075863">
        <ele>360.026214</ele>
        <time>2026-07-03T11:00:19.084Z</time>
      </trkpt>
      <trkpt lat="49.159228" lon="12.076049">
        <ele>359.982421</ele>
        <time>2026-07-03T11:00:22.739Z</time>
      </trkpt>
      <trkpt lat="49.159583" lon="12.076397">
        <ele>359.893173</ele>
        <time>2026-07-03T11:00:32.644Z</time>
      </trkpt>
      <trkpt lat="49.159846" lon="12.076769">
        <ele>359.851486</ele>
        <time>2026-07-03T11:00:41.035Z</time>
      </trkpt>
      <trkpt lat="49.159895" lon="12.076847">
        <ele>359.843255</ele>
        <time>2026-07-03T11:00:42.668Z</time>
      </trkpt>
      <trkpt lat="49.160223" lon="12.077326">
        <ele>359.790481</ele>
        <time>2026-07-03T11:00:52.825Z</time>
      </trkpt>
      <trkpt lat="49.160554" lon="12.077606">
        <ele>359.746465</ele>
        <time>2026-07-03T11:01:00.842Z</time>
      </trkpt>
      <trkpt lat="49.160786" lon="12.077683">
        <ele>359.718841</ele>
        <time>2026-07-03T11:01:05.777Z</time>
      </trkpt>
      <trkpt lat="49.161037" lon="12.077679">
        <ele>359.679321</ele>
        <time>2026-07-03T11:01:10.884Z</time>
      </trkpt>
      <trkpt lat="49.161254" lon="12.077597">
        <ele>359.632242</ele>
        <time>2026-07-03T11:01:15.255Z</time>
      </trkpt>
      <trkpt lat="49.161583" lon="12.077404">
        <ele>359.558024</ele>
        <time>2026-07-03T11:01:22.175Z</time>
      </trkpt>
      <trkpt lat="49.161717" lon="12.077365">
        <ele>359.529294</ele>
        <time>2026-07-03T11:01:24.921Z</time>
      </trkpt>
      <trkpt lat="49.161855" lon="12.077396">
        <ele>359.499916</ele>
        <time>2026-07-03T11:01:27.689Z</time>
      </trkpt>
      <trkpt lat="49.162375" lon="12.077608">
        <ele>359.386568</ele>
        <time>2026-07-03T11:01:38.832Z</time>
      </trkpt>
      <trkpt lat="49.162655" lon="12.077866">
        <ele>359.390789</ele>
        <time>2026-07-03T11:01:46.872Z</time>
      </trkpt>
      <trkpt lat="49.162810" lon="12.078031">
        <ele>359.850819</ele>
        <time>2026-07-03T11:01:52.076Z</time>
      </trkpt>
      <trkpt lat="49.163128" lon="12.078374">
        <ele>360.798721</ele>
        <time>2026-07-03T11:02:03.891Z</time>
      </trkpt>
      <trkpt lat="49.163393" lon="12.078739">
        <ele>361.667451</ele>
        <time>2026-07-03T11:02:15.656Z</time>
      </trkpt>
      <trkpt lat="49.163626" lon="12.079113">
        <ele>362.490255</ele>
        <time>2026-07-03T11:02:26.973Z</time>
      </trkpt>
      <trkpt lat="49.163735" lon="12.079287">
        <ele>362.874064</ele>
        <time>2026-07-03T11:02:32.464Z</time>
      </trkpt>
      <trkpt lat="49.163859" lon="12.079477">
        <ele>363.301641</ele>
        <time>2026-07-03T11:02:38.666Z</time>
      </trkpt>
      <trkpt lat="49.164344" lon="12.080118">
        <ele>366.003514</ele>
        <time>2026-07-03T11:03:02.279Z</time>
      </trkpt>
      <trkpt lat="49.164368" lon="12.080366">
        <ele>366.795993</ele>
        <time>2026-07-03T11:03:08.640Z</time>
      </trkpt>
      <trkpt lat="49.164620" lon="12.080934">
        <ele>368.965734</ele>
        <time>2026-07-03T11:03:26.835Z</time>
      </trkpt>
      <trkpt lat="49.165040" lon="12.081990">
        <ele>372.982099</ele>
        <time>2026-07-03T11:04:03.395Z</time>
      </trkpt>
      <trkpt lat="49.165084" lon="12.082198">
        <ele>373.832901</ele>
        <time>2026-07-03T11:04:10.362Z</time>
      </trkpt>
      <trkpt lat="49.165064" lon="12.082353">
        <ele>374.447763</ele>
        <time>2026-07-03T11:04:15.503Z</time>
      </trkpt>
      <trkpt lat="49.164935" lon="12.082662">
        <ele>375.874532</ele>
        <time>2026-07-03T11:04:27.939Z</time>
      </trkpt>
      <trkpt lat="49.164826" lon="12.082895">
        <ele>376.989499</ele>
        <time>2026-07-03T11:04:38.100Z</time>
      </trkpt>
      <trkpt lat="49.164188" lon="12.083486">
        <ele>381.429057</ele>
        <time>2026-07-03T11:05:15.152Z</time>
      </trkpt>
      <trkpt lat="49.163916" lon="12.083708">
        <ele>383.111353</ele>
        <time>2026-07-03T11:05:27.247Z</time>
      </trkpt>
      <trkpt lat="49.163955" lon="12.083900">
        <ele>383.142240</ele>
        <time>2026-07-03T11:05:31.692Z</time>
      </trkpt>
      <trkpt lat="49.164023" lon="12.084049">
        <ele>383.170154</ele>
        <time>2026-07-03T11:05:35.384Z</time>
      </trkpt>
      <trkpt lat="49.164409" lon="12.084641">
        <ele>383.298589</ele>
        <time>2026-07-03T11:05:49.851Z</time>
      </trkpt>
      <trkpt lat="49.164743" lon="12.085192">
        <ele>383.414013</ele>
        <time>2026-07-03T11:05:59.010Z</time>
      </trkpt>
      <trkpt lat="49.165013" lon="12.085760">
        <ele>383.521892</ele>
        <time>2026-07-03T11:06:06.828Z</time>
      </trkpt>
      <trkpt lat="49.165278" lon="12.086367">
        <ele>382.987405</ele>
        <time>2026-07-03T11:06:15.199Z</time>
      </trkpt>
      <trkpt lat="49.165502" lon="12.087045">
        <ele>382.394682</ele>
        <time>2026-07-03T11:06:24.976Z</time>
      </trkpt>
      <trkpt lat="49.165584" lon="12.087575">
        <ele>381.969717</ele>
        <time>2026-07-03T11:06:32.017Z</time>
      </trkpt>
      <trkpt lat="49.165590" lon="12.087882">
        <ele>381.730066</ele>
        <time>2026-07-03T11:06:35.982Z</time>
      </trkpt>
      <trkpt lat="49.165632" lon="12.089998">
        <ele>380.059048</ele>
        <time>2026-07-03T11:07:03.218Z</time>
      </trkpt>
      <trkpt lat="49.165612" lon="12.090291">
        <ele>379.825799</ele>
        <time>2026-07-03T11:07:06.977Z</time>
      </trkpt>
      <trkpt lat="49.165369" lon="12.091569">
        <ele>377.901292</ele>
        <time>2026-07-03T11:07:22.446Z</time>
      </trkpt>
      <trkpt lat="49.165262" lon="12.091942">
        <ele>376.927806</ele>
        <time>2026-07-03T11:07:26.823Z</time>
      </trkpt>
      <trkpt lat="49.165201" lon="12.092164">
        <ele>376.352283</ele>
        <time>2026-07-03T11:07:29.344Z</time>
      </trkpt>
      <trkpt lat="49.164759" lon="12.093589">
        <ele>372.584433</ele>
        <time>2026-07-03T11:07:45.128Z</time>
      </trkpt>
      <trkpt lat="49.164698" lon="12.094042">
        <ele>371.518904</ele>
        <time>2026-07-03T11:07:49.748Z</time>
      </trkpt>
      <trkpt lat="49.164705" lon="12.094458">
        <ele>370.560200</ele>
        <time>2026-07-03T11:07:53.982Z</time>
      </trkpt>
      <trkpt lat="49.164775" lon="12.095150">
        <ele>368.946996</ele>
        <time>2026-07-03T11:08:01.311Z</time>
      </trkpt>
      <trkpt lat="49.164913" lon="12.096408">
        <ele>366.050350</ele>
        <time>2026-07-03T11:08:15.339Z</time>
      </trkpt>
      <trkpt lat="49.164946" lon="12.096812">
        <ele>365.251386</ele>
        <time>2026-07-03T11:08:19.807Z</time>
      </trkpt>
      <trkpt lat="49.164973" lon="12.097131">
        <ele>364.620164</ele>
        <time>2026-07-03T11:08:23.301Z</time>
      </trkpt>
      <trkpt lat="49.165003" lon="12.097567">
        <ele>363.759842</ele>
        <time>2026-07-03T11:08:28.011Z</time>
      </trkpt>
      <trkpt lat="49.165057" lon="12.097849">
        <ele>363.183210</ele>
        <time>2026-07-03T11:08:31.133Z</time>
      </trkpt>
      <trkpt lat="49.165170" lon="12.098235">
        <ele>362.353284</ele>
        <time>2026-07-03T11:08:35.609Z</time>
      </trkpt>
      <trkpt lat="49.165389" lon="12.098622">
        <ele>361.348936</ele>
        <time>2026-07-03T11:08:41.045Z</time>
      </trkpt>
      <trkpt lat="49.165839" lon="12.099076">
        <ele>360.322056</ele>
        <time>2026-07-03T11:08:49.830Z</time>
      </trkpt>
      <trkpt lat="49.165957" lon="12.099265">
        <ele>360.069840</ele>
        <time>2026-07-03T11:08:52.717Z</time>
      </trkpt>
      <trkpt lat="49.166219" lon="12.099822">
        <ele>359.407598</ele>
        <time>2026-07-03T11:09:00.729Z</time>
      </trkpt>
      <trkpt lat="49.166290" lon="12.099974">
        <ele>359.227306</ele>
        <time>2026-07-03T11:09:03.039Z</time>
      </trkpt>
      <trkpt lat="49.166469" lon="12.100121">
        <ele>358.927407</ele>
        <time>2026-07-03T11:09:07.029Z</time>
      </trkpt>
      <trkpt lat="49.166725" lon="12.100198">
        <ele>358.542295</ele>
        <time>2026-07-03T11:09:12.449Z</time>
      </trkpt>
      <trkpt lat="49.166951" lon="12.100163">
        <ele>358.264185</ele>
        <time>2026-07-03T11:09:17.563Z</time>
      </trkpt>
      <trkpt lat="49.167772" lon="12.099912">
        <ele>359.225453</ele>
        <time>2026-07-03T11:09:39.895Z</time>
      </trkpt>
      <trkpt lat="49.168100" lon="12.099870">
        <ele>359.603359</ele>
        <time>2026-07-03T11:09:49.468Z</time>
      </trkpt>
      <trkpt lat="49.168218" lon="12.099887">
        <ele>359.739439</ele>
        <time>2026-07-03T11:09:52.877Z</time>
      </trkpt>
      <trkpt lat="49.168351" lon="12.099919">
        <ele>359.894019</ele>
        <time>2026-07-03T11:09:56.814Z</time>
      </trkpt>
      <trkpt lat="49.169020" lon="12.100115">
        <ele>360.455857</ele>
        <time>2026-07-03T11:10:16.048Z</time>
      </trkpt>
      <trkpt lat="49.169258" lon="12.100232">
        <ele>360.572883</ele>
        <time>2026-07-03T11:10:22.508Z</time>
      </trkpt>
      <trkpt lat="49.169509" lon="12.100420">
        <ele>360.703715</ele>
        <time>2026-07-03T11:10:29.391Z</time>
      </trkpt>
      <trkpt lat="49.169704" lon="12.100617">
        <ele>360.813115</ele>
        <time>2026-07-03T11:10:34.835Z</time>
      </trkpt>
      <trkpt lat="49.169886" lon="12.100872">
        <ele>360.928658</ele>
        <time>2026-07-03T11:10:40.364Z</time>
      </trkpt>
      <trkpt lat="49.170564" lon="12.101927">
        <ele>361.113936</ele>
        <time>2026-07-03T11:11:00.800Z</time>
      </trkpt>
      <trkpt lat="49.171055" lon="12.102539">
        <ele>361.073216</ele>
        <time>2026-07-03T11:11:14.518Z</time>
      </trkpt>
      <trkpt lat="49.173323" lon="12.104627">
        <ele>361.643949</ele>
        <time>2026-07-03T11:12:15.274Z</time>
      </trkpt>
      <trkpt lat="49.173588" lon="12.104842">
        <ele>361.945893</ele>
        <time>2026-07-03T11:12:22.822Z</time>
      </trkpt>
      <trkpt lat="49.174388" lon="12.105266">
        <ele>362.798126</ele>
        <time>2026-07-03T11:12:45.378Z</time>
      </trkpt>
      <trkpt lat="49.175743" lon="12.105927">
        <ele>364.451818</ele>
        <time>2026-07-03T11:13:25.319Z</time>
      </trkpt>
      <trkpt lat="49.175832" lon="12.105983">
        <ele>364.571047</ele>
        <time>2026-07-03T11:13:27.977Z</time>
      </trkpt>
      <trkpt lat="49.176344" lon="12.106443">
        <ele>365.306698</ele>
        <time>2026-07-03T11:13:43.720Z</time>
      </trkpt>
      <trkpt lat="49.176823" lon="12.107040">
        <ele>366.182519</ele>
        <time>2026-07-03T11:13:59.552Z</time>
      </trkpt>
      <trkpt lat="49.177042" lon="12.107380">
        <ele>366.643120</ele>
        <time>2026-07-03T11:14:07.601Z</time>
      </trkpt>
      <trkpt lat="49.177434" lon="12.108152">
        <ele>367.586416</ele>
        <time>2026-07-03T11:14:25.353Z</time>
      </trkpt>
      <trkpt lat="49.177555" lon="12.108440">
        <ele>367.916777</ele>
        <time>2026-07-03T11:14:32.065Z</time>
      </trkpt>
      <trkpt lat="49.177968" lon="12.109150">
        <ele>369.738401</ele>
        <time>2026-07-03T11:14:52.808Z</time>
      </trkpt>
      <trkpt lat="49.178372" lon="12.109613">
        <ele>371.470551</ele>
        <time>2026-07-03T11:15:11.079Z</time>
      </trkpt>
      <trkpt lat="49.178797" lon="12.109946">
        <ele>373.109040</ele>
        <time>2026-07-03T11:15:29.043Z</time>
      </trkpt>
      <trkpt lat="49.179572" lon="12.110461">
        <ele>376.941420</ele>
        <time>2026-07-03T11:16:01.780Z</time>
      </trkpt>
      <trkpt lat="49.180232" lon="12.110981">
        <ele>380.898837</ele>
        <time>2026-07-03T11:16:32.275Z</time>
      </trkpt>
      <trkpt lat="49.180710" lon="12.111519">
        <ele>384.164009</ele>
        <time>2026-07-03T11:17:00.639Z</time>
      </trkpt>
      <trkpt lat="49.181015" lon="12.111963">
        <ele>387.916080</ele>
        <time>2026-07-03T11:17:23.661Z</time>
      </trkpt>
      <trkpt lat="49.181432" lon="12.112512">
        <ele>392.818982</ele>
        <time>2026-07-03T11:17:57.075Z</time>
      </trkpt>
      <trkpt lat="49.181922" lon="12.113020">
        <ele>398.094034</ele>
        <time>2026-07-03T11:18:35.048Z</time>
      </trkpt>
      <trkpt lat="49.182115" lon="12.113236">
        <ele>400.094643</ele>
        <time>2026-07-03T11:18:50.188Z</time>
      </trkpt>
      <trkpt lat="49.182880" lon="12.113775">
        <ele>404.166840</ele>
        <time>2026-07-03T11:19:34.067Z</time>
      </trkpt>
      <trkpt lat="49.183036" lon="12.113841">
        <ele>404.949412</ele>
        <time>2026-07-03T11:19:40.794Z</time>
      </trkpt>
      <trkpt lat="49.183165" lon="12.113887">
        <ele>405.589847</ele>
        <time>2026-07-03T11:19:45.835Z</time>
      </trkpt>
      <trkpt lat="49.183252" lon="12.113941">
        <ele>406.043794</ele>
        <time>2026-07-03T11:19:49.088Z</time>
      </trkpt>
      <trkpt lat="49.183437" lon="12.114145">
        <ele>407.146402</ele>
        <time>2026-07-03T11:19:56.284Z</time>
      </trkpt>
      <trkpt lat="49.183553" lon="12.114290">
        <ele>407.870667</ele>
        <time>2026-07-03T11:20:00.217Z</time>
      </trkpt>
      <trkpt lat="49.183794" lon="12.114391">
        <ele>408.387977</ele>
        <time>2026-07-03T11:20:05.504Z</time>
      </trkpt>
      <trkpt lat="49.184135" lon="12.114693">
        <ele>407.318631</ele>
        <time>2026-07-03T11:20:12.492Z</time>
      </trkpt>
      <trkpt lat="49.184275" lon="12.114766">
        <ele>406.917212</ele>
        <time>2026-07-03T11:20:15.000Z</time>
      </trkpt>
      <trkpt lat="49.184516" lon="12.114800">
        <ele>406.260367</ele>
        <time>2026-07-03T11:20:19.035Z</time>
      </trkpt>
      <trkpt lat="49.184962" lon="12.114699">
        <ele>405.036743</ele>
        <time>2026-07-03T11:20:26.246Z</time>
      </trkpt>
      <trkpt lat="49.185740" lon="12.114439">
        <ele>402.607281</ele>
        <time>2026-07-03T11:20:38.465Z</time>
      </trkpt>
      <trkpt lat="49.185931" lon="12.114349">
        <ele>401.899460</ele>
        <time>2026-07-03T11:20:41.585Z</time>
      </trkpt>
      <trkpt lat="49.186105" lon="12.114198">
        <ele>401.190972</ele>
        <time>2026-07-03T11:20:44.741Z</time>
      </trkpt>
      <trkpt lat="49.186268" lon="12.113979">
        <ele>400.422676</ele>
        <time>2026-07-03T11:20:48.186Z</time>
      </trkpt>
      <trkpt lat="49.186442" lon="12.113717">
        <ele>399.558034</ele>
        <time>2026-07-03T11:20:52.145Z</time>
      </trkpt>
      <trkpt lat="49.186651" lon="12.113520">
        <ele>398.688620</ele>
        <time>2026-07-03T11:20:56.138Z</time>
      </trkpt>
      <trkpt lat="49.187867" lon="12.113027">
        <ele>394.957837</ele>
        <time>2026-07-03T11:21:17.344Z</time>
      </trkpt>
      <trkpt lat="49.188099" lon="12.112829">
        <ele>394.233304</ele>
        <time>2026-07-03T11:21:21.809Z</time>
      </trkpt>
      <trkpt lat="49.188519" lon="12.112461">
        <ele>392.913273</ele>
        <time>2026-07-03T11:21:29.857Z</time>
      </trkpt>
      <trkpt lat="49.188834" lon="12.112258">
        <ele>392.187011</ele>
        <time>2026-07-03T11:21:35.494Z</time>
      </trkpt>
      <trkpt lat="49.189067" lon="12.112204">
        <ele>391.810119</ele>
        <time>2026-07-03T11:21:39.408Z</time>
      </trkpt>
      <trkpt lat="49.189800" lon="12.112033">
        <ele>390.624269</ele>
        <time>2026-07-03T11:21:52.398Z</time>
      </trkpt>
      <trkpt lat="49.190219" lon="12.111934">
        <ele>389.946211</ele>
        <time>2026-07-03T11:22:00.820Z</time>
      </trkpt>
      <trkpt lat="49.190992" lon="12.111768">
        <ele>390.022159</ele>
        <time>2026-07-03T11:22:18.893Z</time>
      </trkpt>
      <trkpt lat="49.191154" lon="12.111733">
        <ele>390.143578</ele>
        <time>2026-07-03T11:22:22.803Z</time>
      </trkpt>
      <trkpt lat="49.191634" lon="12.111620">
        <ele>390.503995</ele>
        <time>2026-07-03T11:22:34.782Z</time>
      </trkpt>
      <trkpt lat="49.191606" lon="12.110845">
        <ele>390.880452</ele>
        <time>2026-07-03T11:22:48.891Z</time>
      </trkpt>
      <trkpt lat="49.191836" lon="12.110785">
        <ele>391.352716</ele>
        <time>2026-07-03T11:22:55.959Z</time>
      </trkpt>
      <trkpt lat="49.192063" lon="12.110673">
        <ele>391.984714</ele>
        <time>2026-07-03T11:23:03.210Z</time>
      </trkpt>
      <trkpt lat="49.192396" lon="12.110493">
        <ele>392.920531</ele>
        <time>2026-07-03T11:23:14.327Z</time>
      </trkpt>
      <trkpt lat="49.192466" lon="12.110478">
        <ele>393.107826</ele>
        <time>2026-07-03T11:23:16.639Z</time>
      </trkpt>
      <trkpt lat="49.192633" lon="12.110429">
        <ele>393.558402</ele>
        <time>2026-07-03T11:23:22.439Z</time>
      </trkpt>
      <trkpt lat="49.193182" lon="12.110313">
        <ele>395.026938</ele>
        <time>2026-07-03T11:23:42.458Z</time>
      </trkpt>
      <trkpt lat="49.193409" lon="12.110254">
        <ele>395.637055</ele>
        <time>2026-07-03T11:23:50.734Z</time>
      </trkpt>
      <trkpt lat="49.193527" lon="12.110221">
        <ele>395.847625</ele>
        <time>2026-07-03T11:23:54.913Z</time>
      </trkpt>
      <trkpt lat="49.193623" lon="12.110177">
        <ele>395.999960</ele>
        <time>2026-07-03T11:23:58.302Z</time>
      </trkpt>
      <trkpt lat="49.193719" lon="12.110133">
        <ele>396.152294</ele>
        <time>2026-07-03T11:24:01.652Z</time>
      </trkpt>
      <trkpt lat="49.194150" lon="12.109993">
        <ele>396.822055</ele>
        <time>2026-07-03T11:24:15.810Z</time>
      </trkpt>
      <trkpt lat="49.194590" lon="12.109832">
        <ele>397.509754</ele>
        <time>2026-07-03T11:24:28.325Z</time>
      </trkpt>
      <trkpt lat="49.195130" lon="12.109716">
        <ele>398.338656</ele>
        <time>2026-07-03T11:24:40.595Z</time>
      </trkpt>
      <trkpt lat="49.195108" lon="12.109031">
        <ele>398.353540</ele>
        <time>2026-07-03T11:24:50.528Z</time>
      </trkpt>
      <trkpt lat="49.195096" lon="12.108377">
        <ele>398.260006</ele>
        <time>2026-07-03T11:25:00.292Z</time>
      </trkpt>
      <trkpt lat="49.195072" lon="12.107252">
        <ele>398.099089</ele>
        <time>2026-07-03T11:25:15.981Z</time>
      </trkpt>
      <trkpt lat="49.195069" lon="12.107094">
        <ele>398.076491</ele>
        <time>2026-07-03T11:25:18.151Z</time>
      </trkpt>
      <trkpt lat="49.195070" lon="12.106979">
        <ele>398.060049</ele>
        <time>2026-07-03T11:25:19.711Z</time>
      </trkpt>
      <trkpt lat="49.195113" lon="12.106958">
        <ele>398.050175</ele>
        <time>2026-07-03T11:25:20.692Z</time>
      </trkpt>
      <trkpt lat="49.195168" lon="12.106850">
        <ele>397.903258</ele>
        <time>2026-07-03T11:25:22.579Z</time>
      </trkpt>
      <trkpt lat="49.195250" lon="12.106887">
        <ele>397.705398</ele>
        <time>2026-07-03T11:25:24.365Z</time>
      </trkpt>
      <trkpt lat="49.195515" lon="12.106974">
        <ele>397.078121</ele>
        <time>2026-07-03T11:25:29.605Z</time>
      </trkpt>
      <trkpt lat="49.195731" lon="12.107010">
        <ele>396.575250</ele>
        <time>2026-07-03T11:25:33.455Z</time>
      </trkpt>
      <trkpt lat="49.196136" lon="12.107078">
        <ele>395.632286</ele>
        <time>2026-07-03T11:25:40.216Z</time>
      </trkpt>
      <trkpt lat="49.196195" lon="12.107083">
        <ele>395.495526</ele>
        <time>2026-07-03T11:25:41.175Z</time>
      </trkpt>
      <trkpt lat="49.196599" lon="12.107120">
        <ele>394.558828</ele>
        <time>2026-07-03T11:25:47.642Z</time>
      </trkpt>
      <trkpt lat="49.196947" lon="12.107086">
        <ele>393.765856</ele>
        <time>2026-07-03T11:25:53.253Z</time>
      </trkpt>
      <trkpt lat="49.197184" lon="12.107049">
        <ele>393.274546</ele>
        <time>2026-07-03T11:25:57.227Z</time>
      </trkpt>
      <trkpt lat="49.197185" lon="12.107123">
        <ele>393.174798</ele>
        <time>2026-07-03T11:25:58.021Z</time>
      </trkpt>
      <trkpt lat="49.197814" lon="12.107058">
        <ele>391.874636</ele>
        <time>2026-07-03T11:26:08.853Z</time>
      </trkpt>
      <trkpt lat="49.197809" lon="12.106993">
        <ele>391.786435</ele>
        <time>2026-07-03T11:26:09.656Z</time>
      </trkpt>
      <trkpt lat="49.197993" lon="12.106936">
        <ele>391.399269</ele>
        <time>2026-07-03T11:26:13.105Z</time>
      </trkpt>
      <trkpt lat="49.198060" lon="12.106878">
        <ele>391.240517</ele>
        <time>2026-07-03T11:26:14.519Z</time>
      </trkpt>
      <trkpt lat="49.198192" lon="12.107141">
        <ele>390.793611</ele>
        <time>2026-07-03T11:26:18.586Z</time>
      </trkpt>
      <trkpt lat="49.198349" lon="12.107339">
        <ele>390.374046</ele>
        <time>2026-07-03T11:26:22.443Z</time>
      </trkpt>
      <trkpt lat="49.198397" lon="12.107348">
        <ele>390.274313</ele>
        <time>2026-07-03T11:26:23.350Z</time>
      </trkpt>
      <trkpt lat="49.198504" lon="12.107294">
        <ele>390.067326</ele>
        <time>2026-07-03T11:26:25.507Z</time>
      </trkpt>
      <trkpt lat="49.198753" lon="12.107190">
        <ele>389.639132</ele>
        <time>2026-07-03T11:26:30.437Z</time>
      </trkpt>
      <trkpt lat="49.199014" lon="12.107165">
        <ele>389.205291</ele>
        <time>2026-07-03T11:26:35.294Z</time>
      </trkpt>
      <trkpt lat="49.199696" lon="12.107123">
        <ele>388.072952</ele>
        <time>2026-07-03T11:26:47.607Z</time>
      </trkpt>
      <trkpt lat="49.199965" lon="12.107090">
        <ele>387.625255</ele>
        <time>2026-07-03T11:26:52.399Z</time>
      </trkpt>
      <trkpt lat="49.201654" lon="12.106753">
        <ele>384.097008</ele>
        <time>2026-07-03T11:27:22.027Z</time>
      </trkpt>
      <trkpt lat="49.201809" lon="12.106720">
        <ele>383.761022</ele>
        <time>2026-07-03T11:27:24.776Z</time>
      </trkpt>
      <trkpt lat="49.202275" lon="12.106495">
        <ele>382.678920</ele>
        <time>2026-07-03T11:27:33.315Z</time>
      </trkpt>
      <trkpt lat="49.202699" lon="12.106255">
        <ele>381.656186</ele>
        <time>2026-07-03T11:27:40.924Z</time>
      </trkpt>
      <trkpt lat="49.202797" lon="12.106147">
        <ele>381.382981</ele>
        <time>2026-07-03T11:27:42.940Z</time>
      </trkpt>
      <trkpt lat="49.203013" lon="12.105917">
        <ele>380.787682</ele>
        <time>2026-07-03T11:27:47.285Z</time>
      </trkpt>
      <trkpt lat="49.203229" lon="12.105593">
        <ele>380.103457</ele>
        <time>2026-07-03T11:27:52.386Z</time>
      </trkpt>
      <trkpt lat="49.203432" lon="12.105138">
        <ele>379.289051</ele>
        <time>2026-07-03T11:27:58.791Z</time>
      </trkpt>
      <trkpt lat="49.203634" lon="12.104567">
        <ele>378.930746</ele>
        <time>2026-07-03T11:28:06.789Z</time>
      </trkpt>
      <trkpt lat="49.203923" lon="12.103677">
        <ele>378.414163</ele>
        <time>2026-07-03T11:28:20.158Z</time>
      </trkpt>
      <trkpt lat="49.204000" lon="12.103523">
        <ele>378.313369</ele>
        <time>2026-07-03T11:28:22.910Z</time>
      </trkpt>
      <trkpt lat="49.204312" lon="12.103284">
        <ele>378.035811</ele>
        <time>2026-07-03T11:28:30.662Z</time>
      </trkpt>
      <trkpt lat="49.204698" lon="12.103003">
        <ele>377.518514</ele>
        <time>2026-07-03T11:28:39.390Z</time>
      </trkpt>
      <trkpt lat="49.204913" lon="12.102860">
        <ele>377.078370</ele>
        <time>2026-07-03T11:28:43.743Z</time>
      </trkpt>
      <trkpt lat="49.205152" lon="12.102836">
        <ele>376.628668</ele>
        <time>2026-07-03T11:28:48.003Z</time>
      </trkpt>
      <trkpt lat="49.205842" lon="12.102944">
        <ele>375.326393</ele>
        <time>2026-07-03T11:28:59.678Z</time>
      </trkpt>
      <trkpt lat="49.206190" lon="12.102929">
        <ele>374.672742</ele>
        <time>2026-07-03T11:29:05.627Z</time>
      </trkpt>
      <trkpt lat="49.206408" lon="12.102861">
        <ele>374.336263</ele>
        <time>2026-07-03T11:29:09.503Z</time>
      </trkpt>
      <trkpt lat="49.206601" lon="12.102758">
        <ele>374.113200</ele>
        <time>2026-07-03T11:29:13.141Z</time>
      </trkpt>
      <trkpt lat="49.206932" lon="12.102337">
        <ele>373.643528</ele>
        <time>2026-07-03T11:29:21.098Z</time>
      </trkpt>
      <trkpt lat="49.207079" lon="12.102134">
        <ele>373.427460</ele>
        <time>2026-07-03T11:29:24.981Z</time>
      </trkpt>
      <trkpt lat="49.207155" lon="12.101983">
        <ele>373.291554</ele>
        <time>2026-07-03T11:29:27.475Z</time>
      </trkpt>
      <trkpt lat="49.207167" lon="12.101945">
        <ele>373.261461</ele>
        <time>2026-07-03T11:29:28.054Z</time>
      </trkpt>
      <trkpt lat="49.207333" lon="12.101442">
        <ele>372.859667</ele>
        <time>2026-07-03T11:29:35.794Z</time>
      </trkpt>
      <trkpt lat="49.207607" lon="12.100486">
        <ele>372.212042</ele>
        <time>2026-07-03T11:29:49.786Z</time>
      </trkpt>
      <trkpt lat="49.207744" lon="12.100104">
        <ele>371.982374</ele>
        <time>2026-07-03T11:29:55.628Z</time>
      </trkpt>
      <trkpt lat="49.207797" lon="12.099996">
        <ele>371.911184</ele>
        <time>2026-07-03T11:29:57.435Z</time>
      </trkpt>
      <trkpt lat="49.207935" lon="12.099714">
        <ele>371.725490</ele>
        <time>2026-07-03T11:30:02.141Z</time>
      </trkpt>
      <trkpt lat="49.208042" lon="12.099510">
        <ele>371.587612</ele>
        <time>2026-07-03T11:30:05.531Z</time>
      </trkpt>
      <trkpt lat="49.208097" lon="12.099572">
        <ele>371.532510</ele>
        <time>2026-07-03T11:30:07.357Z</time>
      </trkpt>
      <trkpt lat="49.208447" lon="12.098859">
        <ele>371.062483</ele>
        <time>2026-07-03T11:30:18.446Z</time>
      </trkpt>
      <trkpt lat="49.209074" lon="12.097376">
        <ele>368.933575</ele>
        <time>2026-07-03T11:30:39.540Z</time>
      </trkpt>
      <trkpt lat="49.209844" lon="12.095416">
        <ele>366.038891</ele>
        <time>2026-07-03T11:31:04.794Z</time>
      </trkpt>
      <trkpt lat="49.209997" lon="12.095273">
        <ele>365.682465</ele>
        <time>2026-07-03T11:31:07.876Z</time>
      </trkpt>
      <trkpt lat="49.210033" lon="12.095205">
        <ele>365.568778</ele>
        <time>2026-07-03T11:31:08.882Z</time>
      </trkpt>
      <trkpt lat="49.210043" lon="12.095077">
        <ele>365.401335</ele>
        <time>2026-07-03T11:31:10.358Z</time>
      </trkpt>
      <trkpt lat="49.210048" lon="12.094849">
        <ele>365.105019</ele>
        <time>2026-07-03T11:31:13.009Z</time>
      </trkpt>
      <trkpt lat="49.210240" lon="12.094337">
        <ele>364.338207</ele>
        <time>2026-07-03T11:31:20.123Z</time>
      </trkpt>
      <trkpt lat="49.210386" lon="12.094052">
        <ele>364.037280</ele>
        <time>2026-07-03T11:31:24.753Z</time>
      </trkpt>
      <trkpt lat="49.210605" lon="12.093734">
        <ele>363.906632</ele>
        <time>2026-07-03T11:31:30.953Z</time>
      </trkpt>
      <trkpt lat="49.210817" lon="12.093513">
        <ele>363.795618</ele>
        <time>2026-07-03T11:31:36.278Z</time>
      </trkpt>
      <trkpt lat="49.211407" lon="12.093109">
        <ele>363.515873</ele>
        <time>2026-07-03T11:31:50.180Z</time>
      </trkpt>
      <trkpt lat="49.212864" lon="12.092191">
        <ele>363.154330</ele>
        <time>2026-07-03T11:32:23.997Z</time>
      </trkpt>
      <trkpt lat="49.213272" lon="12.091863">
        <ele>363.090255</ele>
        <time>2026-07-03T11:32:34.031Z</time>
      </trkpt>
      <trkpt lat="49.213759" lon="12.091366">
        <ele>362.938310</ele>
        <time>2026-07-03T11:32:47.149Z</time>
      </trkpt>
      <trkpt lat="49.214596" lon="12.090444">
        <ele>362.579721</ele>
        <time>2026-07-03T11:33:09.637Z</time>
      </trkpt>
      <trkpt lat="49.215097" lon="12.090116">
        <ele>362.277816</ele>
        <time>2026-07-03T11:33:20.253Z</time>
      </trkpt>
      <trkpt lat="49.215257" lon="12.090019">
        <ele>362.050505</ele>
        <time>2026-07-03T11:33:23.535Z</time>
      </trkpt>
      <trkpt lat="49.215457" lon="12.089898">
        <ele>361.766446</ele>
        <time>2026-07-03T11:33:27.577Z</time>
      </trkpt>
      <trkpt lat="49.215629" lon="12.089749">
        <ele>361.505402</ele>
        <time>2026-07-03T11:33:31.252Z</time>
      </trkpt>
      <trkpt lat="49.215891" lon="12.089568">
        <ele>361.125724</ele>
        <time>2026-07-03T11:33:36.602Z</time>
      </trkpt>
      <trkpt lat="49.216251" lon="12.089216">
        <ele>360.561491</ele>
        <time>2026-07-03T11:33:44.333Z</time>
      </trkpt>
      <trkpt lat="49.216726" lon="12.088680">
        <ele>359.770936</ele>
        <time>2026-07-03T11:33:55.085Z</time>
      </trkpt>
      <trkpt lat="49.217270" lon="12.088005">
        <ele>358.808288</ele>
        <time>2026-07-03T11:34:08.191Z</time>
      </trkpt>
      <trkpt lat="49.217602" lon="12.087453">
        <ele>358.134485</ele>
        <time>2026-07-03T11:34:17.240Z</time>
      </trkpt>
      <trkpt lat="49.218815" lon="12.084477">
        <ele>355.142273</ele>
        <time>2026-07-03T11:35:00.061Z</time>
      </trkpt>
      <trkpt lat="49.219869" lon="12.084840">
        <ele>354.001661</ele>
        <time>2026-07-03T11:35:20.380Z</time>
      </trkpt>
      <trkpt lat="49.220322" lon="12.084764">
        <ele>353.520525</ele>
        <time>2026-07-03T11:35:29.309Z</time>
      </trkpt>
      <trkpt lat="49.220594" lon="12.084829">
        <ele>353.307907</ele>
        <time>2026-07-03T11:35:34.860Z</time>
      </trkpt>
      <trkpt lat="49.220737" lon="12.084823">
        <ele>353.264823</ele>
        <time>2026-07-03T11:35:37.736Z</time>
      </trkpt>
      <trkpt lat="49.220793" lon="12.085052">
        <ele>353.216723</ele>
        <time>2026-07-03T11:35:41.015Z</time>
      </trkpt>
      <trkpt lat="49.220935" lon="12.085343">
        <ele>353.145268</ele>
        <time>2026-07-03T11:35:45.993Z</time>
      </trkpt>
      <trkpt lat="49.221028" lon="12.085508">
        <ele>353.102397</ele>
        <time>2026-07-03T11:35:49.090Z</time>
      </trkpt>
      <trkpt lat="49.221106" lon="12.085642">
        <ele>353.067089</ele>
        <time>2026-07-03T11:35:51.675Z</time>
      </trkpt>
      <trkpt lat="49.221235" lon="12.085802">
        <ele>353.017088</ele>
        <time>2026-07-03T11:35:55.424Z</time>
      </trkpt>
      <trkpt lat="49.221278" lon="12.085847">
        <ele>353.001402</ele>
        <time>2026-07-03T11:35:56.600Z</time>
      </trkpt>
      <trkpt lat="49.221468" lon="12.085985">
        <ele>352.938066</ele>
        <time>2026-07-03T11:36:01.241Z</time>
      </trkpt>
      <trkpt lat="49.222163" lon="12.086302">
        <ele>352.561234</ele>
        <time>2026-07-03T11:36:16.982Z</time>
      </trkpt>
      <trkpt lat="49.222336" lon="12.086381">
        <ele>352.395985</ele>
        <time>2026-07-03T11:36:20.738Z</time>
      </trkpt>
      <trkpt lat="49.222435" lon="12.086090">
        <ele>352.199826</ele>
        <time>2026-07-03T11:36:25.127Z</time>
      </trkpt>
      <trkpt lat="49.222485" lon="12.086012">
        <ele>352.134487</ele>
        <time>2026-07-03T11:36:26.604Z</time>
      </trkpt>
      <trkpt lat="49.222880" lon="12.085670">
        <ele>351.719116</ele>
        <time>2026-07-03T11:36:35.476Z</time>
      </trkpt>
      <trkpt lat="49.223222" lon="12.085572">
        <ele>351.400630</ele>
        <time>2026-07-03T11:36:41.876Z</time>
      </trkpt>
      <trkpt lat="49.223621" lon="12.085480">
        <ele>350.960174</ele>
        <time>2026-07-03T11:36:49.081Z</time>
      </trkpt>
      <trkpt lat="49.223831" lon="12.085282">
        <ele>350.600278</ele>
        <time>2026-07-03T11:36:53.435Z</time>
      </trkpt>
      <trkpt lat="49.224467" lon="12.084339">
        <ele>349.308321</ele>
        <time>2026-07-03T11:37:09.321Z</time>
      </trkpt>
      <trkpt lat="49.224760" lon="12.083858">
        <ele>348.681444</ele>
        <time>2026-07-03T11:37:17.604Z</time>
      </trkpt>
      <trkpt lat="49.224914" lon="12.083740">
        <ele>348.502845</ele>
        <time>2026-07-03T11:37:20.996Z</time>
      </trkpt>
      <trkpt lat="49.224997" lon="12.083704">
        <ele>348.472254</ele>
        <time>2026-07-03T11:37:22.734Z</time>
      </trkpt>
      <trkpt lat="49.225145" lon="12.083728">
        <ele>348.419478</ele>
        <time>2026-07-03T11:37:25.741Z</time>
      </trkpt>
      <trkpt lat="49.225679" lon="12.083893">
        <ele>348.226298</ele>
        <time>2026-07-03T11:37:37.158Z</time>
      </trkpt>
      <trkpt lat="49.226060" lon="12.083945">
        <ele>348.090655</ele>
        <time>2026-07-03T11:37:45.563Z</time>
      </trkpt>
      <trkpt lat="49.226180" lon="12.083898">
        <ele>348.046732</ele>
        <time>2026-07-03T11:37:48.260Z</time>
      </trkpt>
      <trkpt lat="49.226556" lon="12.083617">
        <ele>347.898364</ele>
        <time>2026-07-03T11:37:57.299Z</time>
      </trkpt>
      <trkpt lat="49.226761" lon="12.083411">
        <ele>347.881410</ele>
        <time>2026-07-03T11:38:02.545Z</time>
      </trkpt>
      <trkpt lat="49.227089" lon="12.082992">
        <ele>347.867724</ele>
        <time>2026-07-03T11:38:11.788Z</time>
      </trkpt>
      <trkpt lat="49.227506" lon="12.082600">
        <ele>347.852048</ele>
        <time>2026-07-03T11:38:22.552Z</time>
      </trkpt>
      <trkpt lat="49.227849" lon="12.082437">
        <ele>347.840541</ele>
        <time>2026-07-03T11:38:30.840Z</time>
      </trkpt>
      <trkpt lat="49.228216" lon="12.082378">
        <ele>347.808026</ele>
        <time>2026-07-03T11:38:39.432Z</time>
      </trkpt>
      <trkpt lat="49.228630" lon="12.082408">
        <ele>347.658551</ele>
        <time>2026-07-03T11:38:48.779Z</time>
      </trkpt>
      <trkpt lat="49.228844" lon="12.082483">
        <ele>347.579377</ele>
        <time>2026-07-03T11:38:53.442Z</time>
      </trkpt>
      <trkpt lat="49.229389" lon="12.082648">
        <ele>347.379021</ele>
        <time>2026-07-03T11:39:04.738Z</time>
      </trkpt>
      <trkpt lat="49.229472" lon="12.081895">
        <ele>347.199170</ele>
        <time>2026-07-03T11:39:14.857Z</time>
      </trkpt>
      <trkpt lat="49.229499" lon="12.081356">
        <ele>346.939365</ele>
        <time>2026-07-03T11:39:21.784Z</time>
      </trkpt>
      <trkpt lat="49.229563" lon="12.081363">
        <ele>346.888406</ele>
        <time>2026-07-03T11:39:23.069Z</time>
      </trkpt>
      <trkpt lat="49.229528" lon="12.080440">
        <ele>346.408888</ele>
        <time>2026-07-03T11:39:34.710Z</time>
      </trkpt>
      <trkpt lat="49.229440" lon="12.079771">
        <ele>346.054944</ele>
        <time>2026-07-03T11:39:43.547Z</time>
      </trkpt>
      <trkpt lat="49.229438" lon="12.079757">
        <ele>346.047511</ele>
        <time>2026-07-03T11:39:43.751Z</time>
      </trkpt>
      <trkpt lat="49.229278" lon="12.079054">
        <ele>345.730467</ele>
        <time>2026-07-03T11:39:53.540Z</time>
      </trkpt>
      <trkpt lat="49.229132" lon="12.078598">
        <ele>345.664493</ele>
        <time>2026-07-03T11:40:00.160Z</time>
      </trkpt>
      <trkpt lat="49.228880" lon="12.077962">
        <ele>345.567854</ele>
        <time>2026-07-03T11:40:10.127Z</time>
      </trkpt>
      <trkpt lat="49.228593" lon="12.077405">
        <ele>345.475684</ele>
        <time>2026-07-03T11:40:20.326Z</time>
      </trkpt>
      <trkpt lat="49.227969" lon="12.076541">
        <ele>345.553313</ele>
        <time>2026-07-03T11:40:40.721Z</time>
      </trkpt>
      <trkpt lat="49.227925" lon="12.076230">
        <ele>345.627822</ele>
        <time>2026-07-03T11:40:45.869Z</time>
      </trkpt>
      <trkpt lat="49.227858" lon="12.076182">
        <ele>345.654344</ele>
        <time>2026-07-03T11:40:47.769Z</time>
      </trkpt>
      <trkpt lat="49.228301" lon="12.075128">
        <ele>345.947829</ele>
        <time>2026-07-03T11:41:07.774Z</time>
      </trkpt>
      <trkpt lat="49.228557" lon="12.074318">
        <ele>345.901310</ele>
        <time>2026-07-03T11:41:20.459Z</time>
      </trkpt>
      <trkpt lat="49.228893" lon="12.073183">
        <ele>345.556452</ele>
        <time>2026-07-03T11:41:37.015Z</time>
      </trkpt>
      <trkpt lat="49.228931" lon="12.073054">
        <ele>345.517290</ele>
        <time>2026-07-03T11:41:38.895Z</time>
      </trkpt>
      <trkpt lat="49.229087" lon="12.072656">
        <ele>345.388835</ele>
        <time>2026-07-03T11:41:45.039Z</time>
      </trkpt>
      <trkpt lat="49.229463" lon="12.071924">
        <ele>345.529809</ele>
        <time>2026-07-03T11:41:57.230Z</time>
      </trkpt>
      <trkpt lat="49.229638" lon="12.071634">
        <ele>345.716230</ele>
        <time>2026-07-03T11:42:02.661Z</time>
      </trkpt>
      <trkpt lat="49.230278" lon="12.070571">
        <ele>346.398838</ele>
        <time>2026-07-03T11:42:28.020Z</time>
      </trkpt>
      <trkpt lat="49.230334" lon="12.070462">
        <ele>346.464315</ele>
        <time>2026-07-03T11:42:30.738Z</time>
      </trkpt>
      <trkpt lat="49.230367" lon="12.070402">
        <ele>346.501351</ele>
        <time>2026-07-03T11:42:32.232Z</time>
      </trkpt>
      <trkpt lat="49.230441" lon="12.070150">
        <ele>346.680951</ele>
        <time>2026-07-03T11:42:37.506Z</time>
      </trkpt>
      <trkpt lat="49.230523" lon="12.069678">
        <ele>347.125427</ele>
        <time>2026-07-03T11:42:47.028Z</time>
      </trkpt>
      <trkpt lat="49.230635" lon="12.069479">
        <ele>347.364502</ele>
        <time>2026-07-03T11:42:52.281Z</time>
      </trkpt>
      <trkpt lat="49.230886" lon="12.069295">
        <ele>347.752304</ele>
        <time>2026-07-03T11:43:01.017Z</time>
      </trkpt>
      <trkpt lat="49.230833" lon="12.068495">
        <ele>348.484061</ele>
        <time>2026-07-03T11:43:16.143Z</time>
      </trkpt>
      <trkpt lat="49.230724" lon="12.067706">
        <ele>349.078813</ele>
        <time>2026-07-03T11:43:28.938Z</time>
      </trkpt>
      <trkpt lat="49.230458" lon="12.066081">
        <ele>349.003535</ele>
        <time>2026-07-03T11:43:53.050Z</time>
      </trkpt>
      <trkpt lat="49.230388" lon="12.065808">
        <ele>348.990356</ele>
        <time>2026-07-03T11:43:57.191Z</time>
      </trkpt>
      <trkpt lat="49.229933" lon="12.064951">
        <ele>348.626820</ele>
        <time>2026-07-03T11:44:12.103Z</time>
      </trkpt>
      <trkpt lat="49.229833" lon="12.064751">
        <ele>348.445246</ele>
        <time>2026-07-03T11:44:15.389Z</time>
      </trkpt>
      <trkpt lat="49.228807" lon="12.062895">
        <ele>346.761168</ele>
        <time>2026-07-03T11:44:44.871Z</time>
      </trkpt>
      <trkpt lat="49.228367" lon="12.062330">
        <ele>346.280978</ele>
        <time>2026-07-03T11:44:55.750Z</time>
      </trkpt>
      <trkpt lat="49.227899" lon="12.061851">
        <ele>345.810248</ele>
        <time>2026-07-03T11:45:07.122Z</time>
      </trkpt>
      <trkpt lat="49.227471" lon="12.061308">
        <ele>345.519223</ele>
        <time>2026-07-03T11:45:18.848Z</time>
      </trkpt>
      <trkpt lat="49.227074" lon="12.060632">
        <ele>345.704029</ele>
        <time>2026-07-03T11:45:31.386Z</time>
      </trkpt>
      <trkpt lat="49.226864" lon="12.060140">
        <ele>345.823509</ele>
        <time>2026-07-03T11:45:39.950Z</time>
      </trkpt>
      <trkpt lat="49.226704" lon="12.059659">
        <ele>345.933239</ele>
        <time>2026-07-03T11:45:48.404Z</time>
      </trkpt>
      <trkpt lat="49.225236" lon="12.054754">
        <ele>352.206045</ele>
        <time>2026-07-03T11:47:30.232Z</time>
      </trkpt>
      <trkpt lat="49.225086" lon="12.054166">
        <ele>353.180256</ele>
        <time>2026-07-03T11:47:46.570Z</time>
      </trkpt>
      <trkpt lat="49.224989" lon="12.053502">
        <ele>354.250324</ele>
        <time>2026-07-03T11:48:04.743Z</time>
      </trkpt>
      <trkpt lat="49.224935" lon="12.052611">
        <ele>355.657610</ele>
        <time>2026-07-03T11:48:26.443Z</time>
      </trkpt>
      <trkpt lat="49.224870" lon="12.051962">
        <ele>356.690218</ele>
        <time>2026-07-03T11:48:38.862Z</time>
      </trkpt>
      <trkpt lat="49.224485" lon="12.050200">
        <ele>357.015461</ele>
        <time>2026-07-03T11:49:02.568Z</time>
      </trkpt>
      <trkpt lat="49.224248" lon="12.049063">
        <ele>356.628207</ele>
        <time>2026-07-03T11:49:18.298Z</time>
      </trkpt>
      <trkpt lat="49.224009" lon="12.048124">
        <ele>356.236913</ele>
        <time>2026-07-03T11:49:33.801Z</time>
      </trkpt>
      <trkpt lat="49.223692" lon="12.047317">
        <ele>355.857153</ele>
        <time>2026-07-03T11:49:46.348Z</time>
      </trkpt>
      <trkpt lat="49.223483" lon="12.046863">
        <ele>355.633162</ele>
        <time>2026-07-03T11:49:53.151Z</time>
      </trkpt>
      <trkpt lat="49.223235" lon="12.046416">
        <ele>355.498399</ele>
        <time>2026-07-03T11:49:59.935Z</time>
      </trkpt>
      <trkpt lat="49.222326" lon="12.045062">
        <ele>356.070929</ele>
        <time>2026-07-03T11:50:26.046Z</time>
      </trkpt>
      <trkpt lat="49.221876" lon="12.044435">
        <ele>356.781428</ele>
        <time>2026-07-03T11:50:47.333Z</time>
      </trkpt>
      <trkpt lat="49.221443" lon="12.043794">
        <ele>358.568995</ele>
        <time>2026-07-03T11:51:11.487Z</time>
      </trkpt>
      <trkpt lat="49.220520" lon="12.042603">
        <ele>361.223759</ele>
        <time>2026-07-03T11:51:52.882Z</time>
      </trkpt>
      <trkpt lat="49.220249" lon="12.042322">
        <ele>360.544209</ele>
        <time>2026-07-03T11:51:59.795Z</time>
      </trkpt>
      <trkpt lat="49.219714" lon="12.041770">
        <ele>359.204741</ele>
        <time>2026-07-03T11:52:10.920Z</time>
      </trkpt>
      <trkpt lat="49.218874" lon="12.041071">
        <ele>356.915237</ele>
        <time>2026-07-03T11:52:25.283Z</time>
      </trkpt>
      <trkpt lat="49.218293" lon="12.040369">
        <ele>354.660280</ele>
        <time>2026-07-03T11:52:36.738Z</time>
      </trkpt>
      <trkpt lat="49.218078" lon="12.040046">
        <ele>353.742551</ele>
        <time>2026-07-03T11:52:41.822Z</time>
      </trkpt>
      <trkpt lat="49.217763" lon="12.039574">
        <ele>352.399686</ele>
        <time>2026-07-03T11:52:50.325Z</time>
      </trkpt>
      <trkpt lat="49.217366" lon="12.038761">
        <ele>352.517700</ele>
        <time>2026-07-03T11:53:08.423Z</time>
      </trkpt>
      <trkpt lat="49.217009" lon="12.037721">
        <ele>352.664481</ele>
        <time>2026-07-03T11:53:29.716Z</time>
      </trkpt>
      <trkpt lat="49.216918" lon="12.037270">
        <ele>352.723454</ele>
        <time>2026-07-03T11:53:35.761Z</time>
      </trkpt>
      <trkpt lat="49.216874" lon="12.036694">
        <ele>351.820661</ele>
        <time>2026-07-03T11:53:42.401Z</time>
      </trkpt>
      <trkpt lat="49.216662" lon="12.036658">
        <ele>351.203625</ele>
        <time>2026-07-03T11:53:45.832Z</time>
      </trkpt>
      <trkpt lat="49.215702" lon="12.036331">
        <ele>348.358620</ele>
        <time>2026-07-03T11:54:01.224Z</time>
      </trkpt>
      <trkpt lat="49.215081" lon="12.036147">
        <ele>347.367929</ele>
        <time>2026-07-03T11:54:12.021Z</time>
      </trkpt>
      <trkpt lat="49.214805" lon="12.036184">
        <ele>347.236644</ele>
        <time>2026-07-03T11:54:17.357Z</time>
      </trkpt>
      <trkpt lat="49.214494" lon="12.036118">
        <ele>347.087866</ele>
        <time>2026-07-03T11:54:24.251Z</time>
      </trkpt>
      <trkpt lat="49.214151" lon="12.035958">
        <ele>346.917956</ele>
        <time>2026-07-03T11:54:33.030Z</time>
      </trkpt>
      <trkpt lat="49.214060" lon="12.035887">
        <ele>346.869558</ele>
        <time>2026-07-03T11:54:35.806Z</time>
      </trkpt>
      <trkpt lat="49.213726" lon="12.035458">
        <ele>346.682231</ele>
        <time>2026-07-03T11:54:47.133Z</time>
      </trkpt>
      <trkpt lat="49.213448" lon="12.035033">
        <ele>346.706569</ele>
        <time>2026-07-03T11:54:56.611Z</time>
      </trkpt>
      <trkpt lat="49.213347" lon="12.034974">
        <ele>346.713265</ele>
        <time>2026-07-03T11:54:59.169Z</time>
      </trkpt>
      <trkpt lat="49.213196" lon="12.034981">
        <ele>346.722623</ele>
        <time>2026-07-03T11:55:02.664Z</time>
      </trkpt>
      <trkpt lat="49.212600" lon="12.035923">
        <ele>346.775689</ele>
        <time>2026-07-03T11:55:21.232Z</time>
      </trkpt>
      <trkpt lat="49.212117" lon="12.036718">
        <ele>346.705653</ele>
        <time>2026-07-03T11:55:35.640Z</time>
      </trkpt>
      <trkpt lat="49.211943" lon="12.037003">
        <ele>346.657647</ele>
        <time>2026-07-03T11:55:41.076Z</time>
      </trkpt>
      <trkpt lat="49.211883" lon="12.037042">
        <ele>346.645367</ele>
        <time>2026-07-03T11:55:42.488Z</time>
      </trkpt>
      <trkpt lat="49.211783" lon="12.037011">
        <ele>346.626146</ele>
        <time>2026-07-03T11:55:44.716Z</time>
      </trkpt>
      <trkpt lat="49.211651" lon="12.036917">
        <ele>346.598721</ele>
        <time>2026-07-03T11:55:47.905Z</time>
      </trkpt>
      <trkpt lat="49.211393" lon="12.036649">
        <ele>346.539984</ele>
        <time>2026-07-03T11:55:54.807Z</time>
      </trkpt>
      <trkpt lat="49.211231" lon="12.036447">
        <ele>346.500623</ele>
        <time>2026-07-03T11:55:59.518Z</time>
      </trkpt>
      <trkpt lat="49.211174" lon="12.036442">
        <ele>346.489867</ele>
        <time>2026-07-03T11:56:00.838Z</time>
      </trkpt>
      <trkpt lat="49.210983" lon="12.036246">
        <ele>346.438066</ele>
        <time>2026-07-03T11:56:06.132Z</time>
      </trkpt>
      <trkpt lat="49.210624" lon="12.035867">
        <ele>346.240481</ele>
        <time>2026-07-03T11:56:15.872Z</time>
      </trkpt>
      <trkpt lat="49.210448" lon="12.036190">
        <ele>346.115988</ele>
        <time>2026-07-03T11:56:21.607Z</time>
      </trkpt>
      <trkpt lat="49.210361" lon="12.036414">
        <ele>346.038855</ele>
        <time>2026-07-03T11:56:25.050Z</time>
      </trkpt>
      <trkpt lat="49.210067" lon="12.036127">
        <ele>345.880870</ele>
        <time>2026-07-03T11:56:32.016Z</time>
      </trkpt>
      <trkpt lat="49.209814" lon="12.035962">
        <ele>345.756272</ele>
        <time>2026-07-03T11:56:37.539Z</time>
      </trkpt>
      <trkpt lat="49.209756" lon="12.035936">
        <ele>345.728890</ele>
        <time>2026-07-03T11:56:38.746Z</time>
      </trkpt>
      <trkpt lat="49.209477" lon="12.035807">
        <ele>345.561593</ele>
        <time>2026-07-03T11:56:44.554Z</time>
      </trkpt>
      <trkpt lat="49.209260" lon="12.035628">
        <ele>345.353487</ele>
        <time>2026-07-03T11:56:49.354Z</time>
      </trkpt>
      <trkpt lat="49.209084" lon="12.035605">
        <ele>345.204361</ele>
        <time>2026-07-03T11:56:52.795Z</time>
      </trkpt>
      <trkpt lat="49.208872" lon="12.035075">
        <ele>344.861605</ele>
        <time>2026-07-03T11:57:00.659Z</time>
      </trkpt>
      <trkpt lat="49.208596" lon="12.034348">
        <ele>344.397848</ele>
        <time>2026-07-03T11:57:11.345Z</time>
      </trkpt>
      <trkpt lat="49.208397" lon="12.033921">
        <ele>344.112559</ele>
        <time>2026-07-03T11:57:18.124Z</time>
      </trkpt>
      <trkpt lat="49.208006" lon="12.033212">
        <ele>343.793350</ele>
        <time>2026-07-03T11:57:30.346Z</time>
      </trkpt>
      <trkpt lat="49.207924" lon="12.033080">
        <ele>343.730685</ele>
        <time>2026-07-03T11:57:32.739Z</time>
      </trkpt>
      <trkpt lat="49.207776" lon="12.032800">
        <ele>343.606774</ele>
        <time>2026-07-03T11:57:37.525Z</time>
      </trkpt>
      <trkpt lat="49.207696" lon="12.032470">
        <ele>343.485676</ele>
        <time>2026-07-03T11:57:42.274Z</time>
      </trkpt>
      <trkpt lat="49.207703" lon="12.032231">
        <ele>343.403368</ele>
        <time>2026-07-03T11:57:45.527Z</time>
      </trkpt>
      <trkpt lat="49.207754" lon="12.032036">
        <ele>343.331104</ele>
        <time>2026-07-03T11:57:48.432Z</time>
      </trkpt>
      <trkpt lat="49.207580" lon="12.031720">
        <ele>343.188923</ele>
        <time>2026-07-03T11:57:54.162Z</time>
      </trkpt>
      <trkpt lat="49.207521" lon="12.031437">
        <ele>343.128714</ele>
        <time>2026-07-03T11:57:58.374Z</time>
      </trkpt>
      <trkpt lat="49.207350" lon="12.030043">
        <ele>342.880967</ele>
        <time>2026-07-03T11:58:17.970Z</time>
      </trkpt>
      <trkpt lat="49.207278" lon="12.029035">
        <ele>342.703849</ele>
        <time>2026-07-03T11:58:32.223Z</time>
      </trkpt>
      <trkpt lat="49.207352" lon="12.027378">
        <ele>342.386797</ele>
        <time>2026-07-03T11:58:55.303Z</time>
      </trkpt>
      <trkpt lat="49.207357" lon="12.027309">
        <ele>342.373493</ele>
        <time>2026-07-03T11:58:56.255Z</time>
      </trkpt>
      <trkpt lat="49.207405" lon="12.025912">
        <ele>342.155279</ele>
        <time>2026-07-03T11:59:15.412Z</time>
      </trkpt>
      <trkpt lat="49.207391" lon="12.025546">
        <ele>342.145293</ele>
        <time>2026-07-03T11:59:20.483Z</time>
      </trkpt>
      <trkpt lat="49.207321" lon="12.024826">
        <ele>342.125465</ele>
        <time>2026-07-03T11:59:30.597Z</time>
      </trkpt>
      <trkpt lat="49.207250" lon="12.024283">
        <ele>342.110382</ele>
        <time>2026-07-03T11:59:38.579Z</time>
      </trkpt>
      <trkpt lat="49.207172" lon="12.023695">
        <ele>342.094038</ele>
        <time>2026-07-03T11:59:47.693Z</time>
      </trkpt>
      <trkpt lat="49.207115" lon="12.023191">
        <ele>342.108674</ele>
        <time>2026-07-03T11:59:55.842Z</time>
      </trkpt>
      <trkpt lat="49.206987" lon="12.022419">
        <ele>342.160345</ele>
        <time>2026-07-03T12:00:07.901Z</time>
      </trkpt>
      <trkpt lat="49.206816" lon="12.021724">
        <ele>342.208525</ele>
        <time>2026-07-03T12:00:18.752Z</time>
      </trkpt>
      <trkpt lat="49.206630" lon="12.021165">
        <ele>342.249223</ele>
        <time>2026-07-03T12:00:28.083Z</time>
      </trkpt>
      <trkpt lat="49.206336" lon="12.020341">
        <ele>342.179412</ele>
        <time>2026-07-03T12:00:41.375Z</time>
      </trkpt>
      <trkpt lat="49.206161" lon="12.019888">
        <ele>342.109699</ele>
        <time>2026-07-03T12:00:48.481Z</time>
      </trkpt>
      <trkpt lat="49.206112" lon="12.019773">
        <ele>342.091512</ele>
        <time>2026-07-03T12:00:50.376Z</time>
      </trkpt>
      <trkpt lat="49.205930" lon="12.019346">
        <ele>342.023975</ele>
        <time>2026-07-03T12:00:57.441Z</time>
      </trkpt>
      <trkpt lat="49.205597" lon="12.018700">
        <ele>341.914972</ele>
        <time>2026-07-03T12:01:08.801Z</time>
      </trkpt>
      <trkpt lat="49.205542" lon="12.018609">
        <ele>341.905729</ele>
        <time>2026-07-03T12:01:10.543Z</time>
      </trkpt>
      <trkpt lat="49.205120" lon="12.017914">
        <ele>342.009947</ele>
        <time>2026-07-03T12:01:24.555Z</time>
      </trkpt>
      <trkpt lat="49.204819" lon="12.017490">
        <ele>342.078722</ele>
        <time>2026-07-03T12:01:33.806Z</time>
      </trkpt>
      <trkpt lat="49.204876" lon="12.017395">
        <ele>342.092890</ele>
        <time>2026-07-03T12:01:35.829Z</time>
      </trkpt>
      <trkpt lat="49.205103" lon="12.017042">
        <ele>342.147295</ele>
        <time>2026-07-03T12:01:43.399Z</time>
      </trkpt>
      <trkpt lat="49.205265" lon="12.016892">
        <ele>342.179127</ele>
        <time>2026-07-03T12:01:47.876Z</time>
      </trkpt>
      <trkpt lat="49.205476" lon="12.016767">
        <ele>342.264985</ele>
        <time>2026-07-03T12:01:53.367Z</time>
      </trkpt>
      <trkpt lat="49.206139" lon="12.016526">
        <ele>342.825011</ele>
        <time>2026-07-03T12:02:10.010Z</time>
      </trkpt>
      <trkpt lat="49.206719" lon="12.016236">
        <ele>343.326459</ele>
        <time>2026-07-03T12:02:24.719Z</time>
      </trkpt>
      <trkpt lat="49.208301" lon="12.015044">
        <ele>347.211470</ele>
        <time>2026-07-03T12:03:15.781Z</time>
      </trkpt>
      <trkpt lat="49.208476" lon="12.014819">
        <ele>347.818061</ele>
        <time>2026-07-03T12:03:24.224Z</time>
      </trkpt>
      <trkpt lat="49.208630" lon="12.014515">
        <ele>348.560323</ele>
        <time>2026-07-03T12:03:34.410Z</time>
      </trkpt>
      <trkpt lat="49.208706" lon="12.014252">
        <ele>350.390010</ele>
        <time>2026-07-03T12:03:42.807Z</time>
      </trkpt>
      <trkpt lat="49.208761" lon="12.013787">
        <ele>353.396605</ele>
        <time>2026-07-03T12:03:58.146Z</time>
      </trkpt>
      <trkpt lat="49.208807" lon="12.013363">
        <ele>356.131187</ele>
        <time>2026-07-03T12:04:14.207Z</time>
      </trkpt>
      <trkpt lat="49.208875" lon="12.013017">
        <ele>358.430011</ele>
        <time>2026-07-03T12:04:28.674Z</time>
      </trkpt>
      <trkpt lat="49.209146" lon="12.012235">
        <ele>364.062004</ele>
        <time>2026-07-03T12:05:07.540Z</time>
      </trkpt>
      <trkpt lat="49.209195" lon="12.011946">
        <ele>365.961624</ele>
        <time>2026-07-03T12:05:23.341Z</time>
      </trkpt>
      <trkpt lat="49.209244" lon="12.011281">
        <ele>372.782315</ele>
        <time>2026-07-03T12:06:02.177Z</time>
      </trkpt>
      <trkpt lat="49.209324" lon="12.010861">
        <ele>377.245855</ele>
        <time>2026-07-03T12:06:28.785Z</time>
      </trkpt>
      <trkpt lat="49.209484" lon="12.010103">
        <ele>385.373115</ele>
        <time>2026-07-03T12:07:17.530Z</time>
      </trkpt>
      <trkpt lat="49.209515" lon="12.009673">
        <ele>389.786875</ele>
        <time>2026-07-03T12:07:42.240Z</time>
      </trkpt>
      <trkpt lat="49.209478" lon="12.009109">
        <ele>394.855122</ele>
        <time>2026-07-03T12:08:12.972Z</time>
      </trkpt>
      <trkpt lat="49.209392" lon="12.008684">
        <ele>397.240807</ele>
        <time>2026-07-03T12:08:34.450Z</time>
      </trkpt>
      <trkpt lat="49.209147" lon="12.007697">
        <ele>402.902321</ele>
        <time>2026-07-03T12:09:13.281Z</time>
      </trkpt>
      <trkpt lat="49.209129" lon="12.007610">
        <ele>403.391657</ele>
        <time>2026-07-03T12:09:16.139Z</time>
      </trkpt>
      <trkpt lat="49.208683" lon="12.005531">
        <ele>410.093326</ele>
        <time>2026-07-03T12:10:10.057Z</time>
      </trkpt>
      <trkpt lat="49.208126" lon="12.002610">
        <ele>410.449149</ele>
        <time>2026-07-03T12:10:53.619Z</time>
      </trkpt>
      <trkpt lat="49.207712" lon="12.000459">
        <ele>407.098979</ele>
        <time>2026-07-03T12:11:17.959Z</time>
      </trkpt>
      <trkpt lat="49.207012" lon="11.997053">
        <ele>398.253804</ele>
        <time>2026-07-03T12:11:54.855Z</time>
      </trkpt>
      <trkpt lat="49.206925" lon="11.996408">
        <ele>396.483421</ele>
        <time>2026-07-03T12:12:01.405Z</time>
      </trkpt>
      <trkpt lat="49.206873" lon="11.995150">
        <ele>393.025675</ele>
        <time>2026-07-03T12:12:14.013Z</time>
      </trkpt>
      <trkpt lat="49.206885" lon="11.994587">
        <ele>391.469790</ele>
        <time>2026-07-03T12:12:19.704Z</time>
      </trkpt>
      <trkpt lat="49.207040" lon="11.992503">
        <ele>385.441551</ele>
        <time>2026-07-03T12:12:41.429Z</time>
      </trkpt>
      <trkpt lat="49.207017" lon="11.990158">
        <ele>378.462470</ele>
        <time>2026-07-03T12:13:04.518Z</time>
      </trkpt>
      <trkpt lat="49.207080" lon="11.989498">
        <ele>376.664407</ele>
        <time>2026-07-03T12:13:11.026Z</time>
      </trkpt>
      <trkpt lat="49.207227" lon="11.988650">
        <ele>374.299344</ele>
        <time>2026-07-03T12:13:19.821Z</time>
      </trkpt>
      <trkpt lat="49.207394" lon="11.987617">
        <ele>372.005447</ele>
        <time>2026-07-03T12:13:31.408Z</time>
      </trkpt>
      <trkpt lat="49.207542" lon="11.986400">
        <ele>371.098978</ele>
        <time>2026-07-03T12:13:47.520Z</time>
      </trkpt>
      <trkpt lat="49.207723" lon="11.984440">
        <ele>369.492639</ele>
        <time>2026-07-03T12:14:13.762Z</time>
      </trkpt>
      <trkpt lat="49.207754" lon="11.983816">
        <ele>368.904736</ele>
        <time>2026-07-03T12:14:21.085Z</time>
      </trkpt>
      <trkpt lat="49.207739" lon="11.983376">
        <ele>368.490820</ele>
        <time>2026-07-03T12:14:26.177Z</time>
      </trkpt>
      <trkpt lat="49.207681" lon="11.983017">
        <ele>368.143402</ele>
        <time>2026-07-03T12:14:30.425Z</time>
      </trkpt>
      <trkpt lat="49.207617" lon="11.982750">
        <ele>367.876221</ele>
        <time>2026-07-03T12:14:33.693Z</time>
      </trkpt>
      <trkpt lat="49.207448" lon="11.982266">
        <ele>367.455013</ele>
        <time>2026-07-03T12:14:40.108Z</time>
      </trkpt>
      <trkpt lat="49.207209" lon="11.981898">
        <ele>367.146634</ele>
        <time>2026-07-03T12:14:46.433Z</time>
      </trkpt>
      <trkpt lat="49.206711" lon="11.981220">
        <ele>366.540351</ele>
        <time>2026-07-03T12:14:59.866Z</time>
      </trkpt>
      <trkpt lat="49.206604" lon="11.981041">
        <ele>366.396161</ele>
        <time>2026-07-03T12:15:03.164Z</time>
      </trkpt>
      <trkpt lat="49.206466" lon="11.980640">
        <ele>366.126802</ele>
        <time>2026-07-03T12:15:09.323Z</time>
      </trkpt>
      <trkpt lat="49.206392" lon="11.980153">
        <ele>365.847986</ele>
        <time>2026-07-03T12:15:16.017Z</time>
      </trkpt>
      <trkpt lat="49.206144" lon="11.977144">
        <ele>364.679127</ele>
        <time>2026-07-03T12:15:54.705Z</time>
      </trkpt>
      <trkpt lat="49.206095" lon="11.976872">
        <ele>364.750910</ele>
        <time>2026-07-03T12:15:58.372Z</time>
      </trkpt>
      <trkpt lat="49.206047" lon="11.976672">
        <ele>364.805118</ele>
        <time>2026-07-03T12:16:01.316Z</time>
      </trkpt>
      <trkpt lat="49.205900" lon="11.976320">
        <ele>364.911403</ele>
        <time>2026-07-03T12:16:07.498Z</time>
      </trkpt>
      <trkpt lat="49.205615" lon="11.975937">
        <ele>365.059090</ele>
        <time>2026-07-03T12:16:16.961Z</time>
      </trkpt>
      <trkpt lat="49.205236" lon="11.975701">
        <ele>365.218421</ele>
        <time>2026-07-03T12:16:28.434Z</time>
      </trkpt>
      <trkpt lat="49.204526" lon="11.975443">
        <ele>367.422335</ele>
        <time>2026-07-03T12:16:51.257Z</time>
      </trkpt>
      <trkpt lat="49.204197" lon="11.975258">
        <ele>368.569789</ele>
        <time>2026-07-03T12:17:04.475Z</time>
      </trkpt>
      <trkpt lat="49.204007" lon="11.975046">
        <ele>369.339545</ele>
        <time>2026-07-03T12:17:13.604Z</time>
      </trkpt>
      <trkpt lat="49.203846" lon="11.974715">
        <ele>370.222193</ele>
        <time>2026-07-03T12:17:24.059Z</time>
      </trkpt>
      <trkpt lat="49.203748" lon="11.974279">
        <ele>371.233753</ele>
        <time>2026-07-03T12:17:35.753Z</time>
      </trkpt>
      <trkpt lat="49.203739" lon="11.973920">
        <ele>372.255904</ele>
        <time>2026-07-03T12:17:44.933Z</time>
      </trkpt>
      <trkpt lat="49.203758" lon="11.973734">
        <ele>372.791526</ele>
        <time>2026-07-03T12:17:49.729Z</time>
      </trkpt>
      <trkpt lat="49.203806" lon="11.973500">
        <ele>373.489325</ele>
        <time>2026-07-03T12:17:56.002Z</time>
      </trkpt>
      <trkpt lat="49.204225" lon="11.972122">
        <ele>377.813648</ele>
        <time>2026-07-03T12:18:35.112Z</time>
      </trkpt>
      <trkpt lat="49.204324" lon="11.971704">
        <ele>379.111965</ele>
        <time>2026-07-03T12:18:46.602Z</time>
      </trkpt>
      <trkpt lat="49.204364" lon="11.971373">
        <ele>380.348152</ele>
        <time>2026-07-03T12:18:55.570Z</time>
      </trkpt>
      <trkpt lat="49.204378" lon="11.969714">
        <ele>386.441192</ele>
        <time>2026-07-03T12:19:44.649Z</time>
      </trkpt>
      <trkpt lat="49.204454" lon="11.968444">
        <ele>391.277838</ele>
        <time>2026-07-03T12:20:24.136Z</time>
      </trkpt>
      <trkpt lat="49.204471" lon="11.967663">
        <ele>394.361891</ele>
        <time>2026-07-03T12:20:47.627Z</time>
      </trkpt>
      <trkpt lat="49.204459" lon="11.967384">
        <ele>395.465393</ele>
        <time>2026-07-03T12:20:56.001Z</time>
      </trkpt>
      <trkpt lat="49.204391" lon="11.966844">
        <ele>397.635816</ele>
        <time>2026-07-03T12:21:12.478Z</time>
      </trkpt>
      <trkpt lat="49.204126" lon="11.965534">
        <ele>401.937348</ele>
        <time>2026-07-03T12:21:54.583Z</time>
      </trkpt>
      <trkpt lat="49.204070" lon="11.965086">
        <ele>403.094498</ele>
        <time>2026-07-03T12:22:07.902Z</time>
      </trkpt>
      <trkpt lat="49.204074" lon="11.964195">
        <ele>405.354941</ele>
        <time>2026-07-03T12:22:29.534Z</time>
      </trkpt>
      <trkpt lat="49.204122" lon="11.963608">
        <ele>406.855725</ele>
        <time>2026-07-03T12:22:40.794Z</time>
      </trkpt>
      <trkpt lat="49.204128" lon="11.963307">
        <ele>406.514870</ele>
        <time>2026-07-03T12:22:45.441Z</time>
      </trkpt>
      <trkpt lat="49.204095" lon="11.962629">
        <ele>405.506944</ele>
        <time>2026-07-03T12:22:53.879Z</time>
      </trkpt>
      <trkpt lat="49.203988" lon="11.961819">
        <ele>404.281814</ele>
        <time>2026-07-03T12:23:02.640Z</time>
      </trkpt>
      <trkpt lat="49.203849" lon="11.961221">
        <ele>403.340839</ele>
        <time>2026-07-03T12:23:09.191Z</time>
      </trkpt>
      <trkpt lat="49.203584" lon="11.960471">
        <ele>401.483298</ele>
        <time>2026-07-03T12:23:17.884Z</time>
      </trkpt>
      <trkpt lat="49.203277" lon="11.959773">
        <ele>399.267398</ele>
        <time>2026-07-03T12:23:26.438Z</time>
      </trkpt>
      <trkpt lat="49.203099" lon="11.959234">
        <ele>397.676900</ele>
        <time>2026-07-03T12:23:32.637Z</time>
      </trkpt>
      <trkpt lat="49.202363" lon="11.956006">
        <ele>388.160092</ele>
        <time>2026-07-03T12:24:07.843Z</time>
      </trkpt>
      <trkpt lat="49.202163" lon="11.955080">
        <ele>383.797147</ele>
        <time>2026-07-03T12:24:17.043Z</time>
      </trkpt>
      <trkpt lat="49.202132" lon="11.954841">
        <ele>382.647771</ele>
        <time>2026-07-03T12:24:19.273Z</time>
      </trkpt>
      <trkpt lat="49.202107" lon="11.954237">
        <ele>379.792955</ele>
        <time>2026-07-03T12:24:24.772Z</time>
      </trkpt>
      <trkpt lat="49.202157" lon="11.953010">
        <ele>374.141167</ele>
        <time>2026-07-03T12:24:35.988Z</time>
      </trkpt>
      <trkpt lat="49.202263" lon="11.950593">
        <ele>364.753484</ele>
        <time>2026-07-03T12:24:59.409Z</time>
      </trkpt>
      <trkpt lat="49.202303" lon="11.950000">
        <ele>362.528426</ele>
        <time>2026-07-03T12:25:05.396Z</time>
      </trkpt>
      <trkpt lat="49.202367" lon="11.949581">
        <ele>360.944079</ele>
        <time>2026-07-03T12:25:09.637Z</time>
      </trkpt>
      <trkpt lat="49.202486" lon="11.949215">
        <ele>359.438845</ele>
        <time>2026-07-03T12:25:13.603Z</time>
      </trkpt>
      <trkpt lat="49.202742" lon="11.948628">
        <ele>356.840304</ele>
        <time>2026-07-03T12:25:20.356Z</time>
      </trkpt>
      <trkpt lat="49.202830" lon="11.948317">
        <ele>355.592449</ele>
        <time>2026-07-03T12:25:23.565Z</time>
      </trkpt>
      <trkpt lat="49.202843" lon="11.948259">
        <ele>355.366680</ele>
        <time>2026-07-03T12:25:24.142Z</time>
      </trkpt>
      <trkpt lat="49.202954" lon="11.947351">
        <ele>352.700994</ele>
        <time>2026-07-03T12:25:32.972Z</time>
      </trkpt>
      <trkpt lat="49.202997" lon="11.946785">
        <ele>351.355655</ele>
        <time>2026-07-03T12:25:38.579Z</time>
      </trkpt>
      <trkpt lat="49.202999" lon="11.946346">
        <ele>350.319145</ele>
        <time>2026-07-03T12:25:43.110Z</time>
      </trkpt>
      <trkpt lat="49.202978" lon="11.945678">
        <ele>348.740162</ele>
        <time>2026-07-03T12:25:50.449Z</time>
      </trkpt>
      <trkpt lat="49.203502" lon="11.945535">
        <ele>347.442243</ele>
        <time>2026-07-03T12:26:00.764Z</time>
      </trkpt>
      <trkpt lat="49.203908" lon="11.945586">
        <ele>347.286541</ele>
        <time>2026-07-03T12:26:10.399Z</time>
      </trkpt>
      <trkpt lat="49.204003" lon="11.945610">
        <ele>347.249739</ele>
        <time>2026-07-03T12:26:12.604Z</time>
      </trkpt>
      <trkpt lat="49.204026" lon="11.945378">
        <ele>347.191139</ele>
        <time>2026-07-03T12:26:16.100Z</time>
      </trkpt>
      <trkpt lat="49.204052" lon="11.944835">
        <ele>347.055174</ele>
        <time>2026-07-03T12:26:23.921Z</time>
      </trkpt>
      <trkpt lat="49.204077" lon="11.944516">
        <ele>346.974940</ele>
        <time>2026-07-03T12:26:28.384Z</time>
      </trkpt>
      <trkpt lat="49.203718" lon="11.944614">
        <ele>346.835559</ele>
        <time>2026-07-03T12:26:35.893Z</time>
      </trkpt>
      <trkpt lat="49.203487" lon="11.944558">
        <ele>346.660018</ele>
        <time>2026-07-03T12:26:40.776Z</time>
      </trkpt>
      <trkpt lat="49.202987" lon="11.944366">
        <ele>346.257457</ele>
        <time>2026-07-03T12:26:50.754Z</time>
      </trkpt>
      <trkpt lat="49.202322" lon="11.944113">
        <ele>345.722342</ele>
        <time>2026-07-03T12:27:03.717Z</time>
      </trkpt>
      <trkpt lat="49.201749" lon="11.943790">
        <ele>345.481715</ele>
        <time>2026-07-03T12:27:16.263Z</time>
      </trkpt>
      <trkpt lat="49.201555" lon="11.943583">
        <ele>345.541207</ele>
        <time>2026-07-03T12:27:21.394Z</time>
      </trkpt>
      <trkpt lat="49.201108" lon="11.942922">
        <ele>345.697569</ele>
        <time>2026-07-03T12:27:35.370Z</time>
      </trkpt>
      <trkpt lat="49.200877" lon="11.942451">
        <ele>345.794371</ele>
        <time>2026-07-03T12:27:44.439Z</time>
      </trkpt>
      <trkpt lat="49.200382" lon="11.941354">
        <ele>347.269956</ele>
        <time>2026-07-03T12:28:08.248Z</time>
      </trkpt>
      <trkpt lat="49.199165" lon="11.938470">
        <ele>353.460088</ele>
        <time>2026-07-03T12:29:27.294Z</time>
      </trkpt>
      <trkpt lat="49.198156" lon="11.937302">
        <ele>356.036173</ele>
        <time>2026-07-03T12:30:09.555Z</time>
      </trkpt>
      <trkpt lat="49.197888" lon="11.937231">
        <ele>356.118093</ele>
        <time>2026-07-03T12:30:16.921Z</time>
      </trkpt>
      <trkpt lat="49.197336" lon="11.936844">
        <ele>356.300967</ele>
        <time>2026-07-03T12:30:30.535Z</time>
      </trkpt>
      <trkpt lat="49.196398" lon="11.936765">
        <ele>355.087797</ele>
        <time>2026-07-03T12:30:46.839Z</time>
      </trkpt>
      <trkpt lat="49.195331" lon="11.936432">
        <ele>351.987227</ele>
        <time>2026-07-03T12:31:04.474Z</time>
      </trkpt>
      <trkpt lat="49.194463" lon="11.936014">
        <ele>350.495415</ele>
        <time>2026-07-03T12:31:19.423Z</time>
      </trkpt>
      <trkpt lat="49.194146" lon="11.935896">
        <ele>350.097360</ele>
        <time>2026-07-03T12:31:25.094Z</time>
      </trkpt>
      <trkpt lat="49.193668" lon="11.935910">
        <ele>349.514040</ele>
        <time>2026-07-03T12:31:34.058Z</time>
      </trkpt>
      <trkpt lat="49.192844" lon="11.935830">
        <ele>351.364046</ele>
        <time>2026-07-03T12:32:00.009Z</time>
      </trkpt>
      <trkpt lat="49.192121" lon="11.935903">
        <ele>354.565035</ele>
        <time>2026-07-03T12:32:33.352Z</time>
      </trkpt>
      <trkpt lat="49.191970" lon="11.935855">
        <ele>355.246359</ele>
        <time>2026-07-03T12:32:40.771Z</time>
      </trkpt>
      <trkpt lat="49.191819" lon="11.935857">
        <ele>355.913466</ele>
        <time>2026-07-03T12:32:47.935Z</time>
      </trkpt>
      <trkpt lat="49.191603" lon="11.935931">
        <ele>356.891328</ele>
        <time>2026-07-03T12:32:58.267Z</time>
      </trkpt>
      <trkpt lat="49.190963" lon="11.936346">
        <ele>357.647719</ele>
        <time>2026-07-03T12:33:25.168Z</time>
      </trkpt>
      <trkpt lat="49.190846" lon="11.936436">
        <ele>357.763122</ele>
        <time>2026-07-03T12:33:28.795Z</time>
      </trkpt>
      <trkpt lat="49.190630" lon="11.936603">
        <ele>357.976393</ele>
        <time>2026-07-03T12:33:34.423Z</time>
      </trkpt>
      <trkpt lat="49.189946" lon="11.936878">
        <ele>358.599632</ele>
        <time>2026-07-03T12:33:47.275Z</time>
      </trkpt>
      <trkpt lat="49.189651" lon="11.937031">
        <ele>357.601494</ele>
        <time>2026-07-03T12:33:52.399Z</time>
      </trkpt>
      <trkpt lat="49.188215" lon="11.936995">
        <ele>351.480710</ele>
        <time>2026-07-03T12:34:14.292Z</time>
      </trkpt>
      <trkpt lat="49.187647" lon="11.936712">
        <ele>349.524426</ele>
        <time>2026-07-03T12:34:23.287Z</time>
      </trkpt>
      <trkpt lat="49.187096" lon="11.936473">
        <ele>347.783605</ele>
        <time>2026-07-03T12:34:32.345Z</time>
      </trkpt>
      <trkpt lat="49.186698" lon="11.936078">
        <ele>346.341619</ele>
        <time>2026-07-03T12:34:40.636Z</time>
      </trkpt>
      <trkpt lat="49.186573" lon="11.935995">
        <ele>345.927430</ele>
        <time>2026-07-03T12:34:43.306Z</time>
      </trkpt>
      <trkpt lat="49.186235" lon="11.936023">
        <ele>345.544201</ele>
        <time>2026-07-03T12:34:50.451Z</time>
      </trkpt>
      <trkpt lat="49.186047" lon="11.935981">
        <ele>345.563393</ele>
        <time>2026-07-03T12:34:54.803Z</time>
      </trkpt>
      <trkpt lat="49.185910" lon="11.935894">
        <ele>345.578376</ele>
        <time>2026-07-03T12:34:58.442Z</time>
      </trkpt>
      <trkpt lat="49.185820" lon="11.935724">
        <ele>345.592820</ele>
        <time>2026-07-03T12:35:02.056Z</time>
      </trkpt>
      <trkpt lat="49.185739" lon="11.935738">
        <ele>345.601054</ele>
        <time>2026-07-03T12:35:04.074Z</time>
      </trkpt>
      <trkpt lat="49.185681" lon="11.935736">
        <ele>345.606914</ele>
        <time>2026-07-03T12:35:05.550Z</time>
      </trkpt>
      <trkpt lat="49.185474" lon="11.935701">
        <ele>345.627951</ele>
        <time>2026-07-03T12:35:10.770Z</time>
      </trkpt>
      <trkpt lat="49.185152" lon="11.935704">
        <ele>345.660477</ele>
        <time>2026-07-03T12:35:18.529Z</time>
      </trkpt>
      <trkpt lat="49.185049" lon="11.935624">
        <ele>345.672145</ele>
        <time>2026-07-03T12:35:21.253Z</time>
      </trkpt>
      <trkpt lat="49.185030" lon="11.935598">
        <ele>345.674720</ele>
        <time>2026-07-03T12:35:21.821Z</time>
      </trkpt>
      <trkpt lat="49.184979" lon="11.935523">
        <ele>345.681865</ele>
        <time>2026-07-03T12:35:23.457Z</time>
      </trkpt>
      <trkpt lat="49.184959" lon="11.935495">
        <ele>345.684604</ele>
        <time>2026-07-03T12:35:24.070Z</time>
      </trkpt>
      <trkpt lat="49.184922" lon="11.935463">
        <ele>345.688897</ele>
        <time>2026-07-03T12:35:25.032Z</time>
      </trkpt>
      <trkpt lat="49.184841" lon="11.935462">
        <ele>345.697079</ele>
        <time>2026-07-03T12:35:26.852Z</time>
      </trkpt>
      <trkpt lat="49.184713" lon="11.936210">
        <ele>345.703355</ele>
        <time>2026-07-03T12:35:37.653Z</time>
      </trkpt>
      <trkpt lat="49.184491" lon="11.936610">
        <ele>345.701934</ele>
        <time>2026-07-03T12:35:44.846Z</time>
      </trkpt>
      <trkpt lat="49.184227" lon="11.937085">
        <ele>345.700246</ele>
        <time>2026-07-03T12:35:53.410Z</time>
      </trkpt>
      <trkpt lat="49.184165" lon="11.937331">
        <ele>345.699532</ele>
        <time>2026-07-03T12:35:57.083Z</time>
      </trkpt>
      <trkpt lat="49.184152" lon="11.937695">
        <ele>345.698545</ele>
        <time>2026-07-03T12:36:02.397Z</time>
      </trkpt>
      <trkpt lat="49.184225" lon="11.938437">
        <ele>345.944245</ele>
        <time>2026-07-03T12:36:14.637Z</time>
      </trkpt>
      <trkpt lat="49.184120" lon="11.938711">
        <ele>346.127890</ele>
        <time>2026-07-03T12:36:20.172Z</time>
      </trkpt>
      <trkpt lat="49.183954" lon="11.938812">
        <ele>346.285918</ele>
        <time>2026-07-03T12:36:25.011Z</time>
      </trkpt>
      <trkpt lat="49.183630" lon="11.939087">
        <ele>346.613677</ele>
        <time>2026-07-03T12:36:35.303Z</time>
      </trkpt>
      <trkpt lat="49.183424" lon="11.939311">
        <ele>346.837241</ele>
        <time>2026-07-03T12:36:42.215Z</time>
      </trkpt>
      <trkpt lat="49.183033" lon="11.939894">
        <ele>347.273542</ele>
        <time>2026-07-03T12:36:56.475Z</time>
      </trkpt>
      <trkpt lat="49.182466" lon="11.940660">
        <ele>346.950759</ele>
        <time>2026-07-03T12:37:13.360Z</time>
      </trkpt>
      <trkpt lat="49.181751" lon="11.941520">
        <ele>346.562648</ele>
        <time>2026-07-03T12:37:30.830Z</time>
      </trkpt>
      <trkpt lat="49.181431" lon="11.941957">
        <ele>346.268423</ele>
        <time>2026-07-03T12:37:38.961Z</time>
      </trkpt>
      <trkpt lat="49.180120" lon="11.944272">
        <ele>344.869856</ele>
        <time>2026-07-03T12:38:19.301Z</time>
      </trkpt>
      <trkpt lat="49.179611" lon="11.945050">
        <ele>344.491916</ele>
        <time>2026-07-03T12:38:33.931Z</time>
      </trkpt>
      <trkpt lat="49.179159" lon="11.945673">
        <ele>344.226437</ele>
        <time>2026-07-03T12:38:46.355Z</time>
      </trkpt>
      <trkpt lat="49.178511" lon="11.946470">
        <ele>344.485267</ele>
        <time>2026-07-03T12:39:04.724Z</time>
      </trkpt>
      <trkpt lat="49.178066" lon="11.947005">
        <ele>344.661453</ele>
        <time>2026-07-03T12:39:18.647Z</time>
      </trkpt>
      <trkpt lat="49.177858" lon="11.947249">
        <ele>344.743048</ele>
        <time>2026-07-03T12:39:25.431Z</time>
      </trkpt>
      <trkpt lat="49.177727" lon="11.947402">
        <ele>344.888972</ele>
        <time>2026-07-03T12:39:29.772Z</time>
      </trkpt>
      <trkpt lat="49.177428" lon="11.947677">
        <ele>345.362701</ele>
        <time>2026-07-03T12:39:39.125Z</time>
      </trkpt>
      <trkpt lat="49.177023" lon="11.947977">
        <ele>345.973712</ele>
        <time>2026-07-03T12:39:51.297Z</time>
      </trkpt>
      <trkpt lat="49.176583" lon="11.948170">
        <ele>346.595241</ele>
        <time>2026-07-03T12:40:03.347Z</time>
      </trkpt>
      <trkpt lat="49.176218" lon="11.948251">
        <ele>347.096044</ele>
        <time>2026-07-03T12:40:13.526Z</time>
      </trkpt>
      <trkpt lat="49.175847" lon="11.948293">
        <ele>347.992464</ele>
        <time>2026-07-03T12:40:24.933Z</time>
      </trkpt>
      <trkpt lat="49.175424" lon="11.948250">
        <ele>349.141669</ele>
        <time>2026-07-03T12:40:40.880Z</time>
      </trkpt>
      <trkpt lat="49.174881" lon="11.948113">
        <ele>350.633532</ele>
        <time>2026-07-03T12:41:01.722Z</time>
      </trkpt>
      <trkpt lat="49.174486" lon="11.947935">
        <ele>351.749805</ele>
        <time>2026-07-03T12:41:15.652Z</time>
      </trkpt>
      <trkpt lat="49.174022" lon="11.947670">
        <ele>352.051331</ele>
        <time>2026-07-03T12:41:29.289Z</time>
      </trkpt>
      <trkpt lat="49.173024" lon="11.947207">
        <ele>351.958921</ele>
        <time>2026-07-03T12:41:48.958Z</time>
      </trkpt>
      <trkpt lat="49.172898" lon="11.947148">
        <ele>351.947245</ele>
        <time>2026-07-03T12:41:51.237Z</time>
      </trkpt>
      <trkpt lat="49.172022" lon="11.946677">
        <ele>352.947399</ele>
        <time>2026-07-03T12:42:13.690Z</time>
      </trkpt>
      <trkpt lat="49.171824" lon="11.946547">
        <ele>353.273085</ele>
        <time>2026-07-03T12:42:21.471Z</time>
      </trkpt>
      <trkpt lat="49.171446" lon="11.946057">
        <ele>354.022027</ele>
        <time>2026-07-03T12:42:38.011Z</time>
      </trkpt>
      <trkpt lat="49.171183" lon="11.945574">
        <ele>354.643198</ele>
        <time>2026-07-03T12:42:50.399Z</time>
      </trkpt>
      <trkpt lat="49.170896" lon="11.944935">
        <ele>353.934031</ele>
        <time>2026-07-03T12:43:04.496Z</time>
      </trkpt>
      <trkpt lat="49.170867" lon="11.944866">
        <ele>353.858920</ele>
        <time>2026-07-03T12:43:05.890Z</time>
      </trkpt>
      <trkpt lat="49.170864" lon="11.944651">
        <ele>353.662003</ele>
        <time>2026-07-03T12:43:09.013Z</time>
      </trkpt>
      <trkpt lat="49.170344" lon="11.943392">
        <ele>352.298380</ele>
        <time>2026-07-03T12:43:25.056Z</time>
      </trkpt>
      <trkpt lat="49.170144" lon="11.942993">
        <ele>351.397571</ele>
        <time>2026-07-03T12:43:30.233Z</time>
      </trkpt>
      <trkpt lat="49.169392" lon="11.941993">
        <ele>347.856413</ele>
        <time>2026-07-03T12:43:45.790Z</time>
      </trkpt>
      <trkpt lat="49.169118" lon="11.941678">
        <ele>346.638318</ele>
        <time>2026-07-03T12:43:51.347Z</time>
      </trkpt>
      <trkpt lat="49.168911" lon="11.941501">
        <ele>345.795557</ele>
        <time>2026-07-03T12:43:55.292Z</time>
      </trkpt>
      <trkpt lat="49.168698" lon="11.941375">
        <ele>345.358687</ele>
        <time>2026-07-03T12:43:59.139Z</time>
      </trkpt>
      <trkpt lat="49.168294" lon="11.941253">
        <ele>344.627619</ele>
        <time>2026-07-03T12:44:06.314Z</time>
      </trkpt>
      <trkpt lat="49.167506" lon="11.941116">
        <ele>343.219671</ele>
        <time>2026-07-03T12:44:20.816Z</time>
      </trkpt>
      <trkpt lat="49.167013" lon="11.941177">
        <ele>342.484395</ele>
        <time>2026-07-03T12:44:30.227Z</time>
      </trkpt>
      <trkpt lat="49.166660" lon="11.941294">
        <ele>342.305593</ele>
        <time>2026-07-03T12:44:37.329Z</time>
      </trkpt>
      <trkpt lat="49.166515" lon="11.941377">
        <ele>342.228951</ele>
        <time>2026-07-03T12:44:40.434Z</time>
      </trkpt>
      <trkpt lat="49.165966" lon="11.941846">
        <ele>341.917655</ele>
        <time>2026-07-03T12:44:53.603Z</time>
      </trkpt>
      <trkpt lat="49.165770" lon="11.942053">
        <ele>341.799743</ele>
        <time>2026-07-03T12:44:58.816Z</time>
      </trkpt>
      <trkpt lat="49.165287" lon="11.942768">
        <ele>341.660788</ele>
        <time>2026-07-03T12:45:13.358Z</time>
      </trkpt>
      <trkpt lat="49.164950" lon="11.943465">
        <ele>341.678581</ele>
        <time>2026-07-03T12:45:25.784Z</time>
      </trkpt>
      <trkpt lat="49.164764" lon="11.943784">
        <ele>341.687354</ele>
        <time>2026-07-03T12:45:32.077Z</time>
      </trkpt>
      <trkpt lat="49.164597" lon="11.944034">
        <ele>341.694689</ele>
        <time>2026-07-03T12:45:37.446Z</time>
      </trkpt>
      <trkpt lat="49.164302" lon="11.944801">
        <ele>341.775222</ele>
        <time>2026-07-03T12:45:51.190Z</time>
      </trkpt>
      <trkpt lat="49.164223" lon="11.944950">
        <ele>341.812917</ele>
        <time>2026-07-03T12:45:54.201Z</time>
      </trkpt>
      <trkpt lat="49.164034" lon="11.945217">
        <ele>341.890242</ele>
        <time>2026-07-03T12:46:00.191Z</time>
      </trkpt>
      <trkpt lat="49.163611" lon="11.945577">
        <ele>342.035722</ele>
        <time>2026-07-03T12:46:11.162Z</time>
      </trkpt>
      <trkpt lat="49.163393" lon="11.945799">
        <ele>342.114432</ele>
        <time>2026-07-03T12:46:17.139Z</time>
      </trkpt>
      <trkpt lat="49.163376" lon="11.945922">
        <ele>342.139138</ele>
        <time>2026-07-03T12:46:19.008Z</time>
      </trkpt>
      <trkpt lat="49.163364" lon="11.946002">
        <ele>342.155267</ele>
        <time>2026-07-03T12:46:20.273Z</time>
      </trkpt>
      <trkpt lat="49.163390" lon="11.946186">
        <ele>342.192260</ele>
        <time>2026-07-03T12:46:23.081Z</time>
      </trkpt>
      <trkpt lat="49.163449" lon="11.946214">
        <ele>342.210825</ele>
        <time>2026-07-03T12:46:24.473Z</time>
      </trkpt>
      <trkpt lat="49.163510" lon="11.946186">
        <ele>342.229965</ele>
        <time>2026-07-03T12:46:25.949Z</time>
      </trkpt>
      <trkpt lat="49.163761" lon="11.945960">
        <ele>342.501903</ele>
        <time>2026-07-03T12:46:33.270Z</time>
      </trkpt>
      <trkpt lat="49.163854" lon="11.945925">
        <ele>342.605154</ele>
        <time>2026-07-03T12:46:35.863Z</time>
      </trkpt>
      <trkpt lat="49.163903" lon="11.945978">
        <ele>342.669855</ele>
        <time>2026-07-03T12:46:37.488Z</time>
      </trkpt>
      <trkpt lat="49.163905" lon="11.946101">
        <ele>342.756589</ele>
        <time>2026-07-03T12:46:39.690Z</time>
      </trkpt>
      <trkpt lat="49.163718" lon="11.946744">
        <ele>343.252673</ele>
        <time>2026-07-03T12:46:51.811Z</time>
      </trkpt>
      <trkpt lat="49.163695" lon="11.946891">
        <ele>343.359224</ele>
        <time>2026-07-03T12:46:54.498Z</time>
      </trkpt>
      <trkpt lat="49.163721" lon="11.946988">
        <ele>343.433125</ele>
        <time>2026-07-03T12:46:56.416Z</time>
      </trkpt>
      <trkpt lat="49.163550" lon="11.947549">
        <ele>343.869452</ele>
        <time>2026-07-03T12:47:07.669Z</time>
      </trkpt>
      <trkpt lat="49.163311" lon="11.948154">
        <ele>344.298554</ele>
        <time>2026-07-03T12:47:20.324Z</time>
      </trkpt>
      <trkpt lat="49.162958" lon="11.948745">
        <ele>344.648906</ele>
        <time>2026-07-03T12:47:34.997Z</time>
      </trkpt>
      <trkpt lat="49.162801" lon="11.948988">
        <ele>344.798428</ele>
        <time>2026-07-03T12:47:40.572Z</time>
      </trkpt>
      <trkpt lat="49.162489" lon="11.949456">
        <ele>345.090962</ele>
        <time>2026-07-03T12:47:51.667Z</time>
      </trkpt>
      <trkpt lat="49.162190" lon="11.949898">
        <ele>345.369324</ele>
        <time>2026-07-03T12:48:00.830Z</time>
      </trkpt>
      <trkpt lat="49.161711" lon="11.950476">
        <ele>344.916335</ele>
        <time>2026-07-03T12:48:13.765Z</time>
      </trkpt>
      <trkpt lat="49.161349" lon="11.950751">
        <ele>344.587056</ele>
        <time>2026-07-03T12:48:22.026Z</time>
      </trkpt>
      <trkpt lat="49.161283" lon="11.950837">
        <ele>344.516419</ele>
        <time>2026-07-03T12:48:23.876Z</time>
      </trkpt>
      <trkpt lat="49.160992" lon="11.951422">
        <ele>344.124865</ele>
        <time>2026-07-03T12:48:33.530Z</time>
      </trkpt>
      <trkpt lat="49.160837" lon="11.951797">
        <ele>343.863600</ele>
        <time>2026-07-03T12:48:39.016Z</time>
      </trkpt>
      <trkpt lat="49.160739" lon="11.952223">
        <ele>343.453729</ele>
        <time>2026-07-03T12:48:44.860Z</time>
      </trkpt>
      <trkpt lat="49.160720" lon="11.952603">
        <ele>343.107828</ele>
        <time>2026-07-03T12:48:50.301Z</time>
      </trkpt>
      <trkpt lat="49.160767" lon="11.952944">
        <ele>342.791531</ele>
        <time>2026-07-03T12:48:55.185Z</time>
      </trkpt>
      <trkpt lat="49.160786" lon="11.953028">
        <ele>342.710859</ele>
        <time>2026-07-03T12:48:56.391Z</time>
      </trkpt>
      <trkpt lat="49.160856" lon="11.953250">
        <ele>342.487169</ele>
        <time>2026-07-03T12:48:59.488Z</time>
      </trkpt>
      <trkpt lat="49.161088" lon="11.953622">
        <ele>342.020610</ele>
        <time>2026-07-03T12:49:05.725Z</time>
      </trkpt>
      <trkpt lat="49.161229" lon="11.953715">
        <ele>341.807485</ele>
        <time>2026-07-03T12:49:08.506Z</time>
      </trkpt>
      <trkpt lat="49.161321" lon="11.953764">
        <ele>341.672274</ele>
        <time>2026-07-03T12:49:10.283Z</time>
      </trkpt>
      <trkpt lat="49.161490" lon="11.953787">
        <ele>341.436788</ele>
        <time>2026-07-03T12:49:13.351Z</time>
      </trkpt>
      <trkpt lat="49.161474" lon="11.954088">
        <ele>341.280884</ele>
        <time>2026-07-03T12:49:16.917Z</time>
      </trkpt>
      <trkpt lat="49.161441" lon="11.954615">
        <ele>341.014764</ele>
        <time>2026-07-03T12:49:23.284Z</time>
      </trkpt>
      <trkpt lat="49.161397" lon="11.955315">
        <ele>340.661271</ele>
        <time>2026-07-03T12:49:32.883Z</time>
      </trkpt>
      <trkpt lat="49.161444" lon="11.955573">
        <ele>340.526644</ele>
        <time>2026-07-03T12:49:36.337Z</time>
      </trkpt>
      <trkpt lat="49.161353" lon="11.955548">
        <ele>340.455573</ele>
        <time>2026-07-03T12:49:38.168Z</time>
      </trkpt>
      <trkpt lat="49.161086" lon="11.955691">
        <ele>340.238107</ele>
        <time>2026-07-03T12:49:44.682Z</time>
      </trkpt>
      <trkpt lat="49.161017" lon="11.955937">
        <ele>340.103554</ele>
        <time>2026-07-03T12:49:49.000Z</time>
      </trkpt>
      <trkpt lat="49.160980" lon="11.956068">
        <ele>340.062767</ele>
        <time>2026-07-03T12:49:51.334Z</time>
      </trkpt>
      <trkpt lat="49.160976" lon="11.956081">
        <ele>340.072519</ele>
        <time>2026-07-03T12:49:51.570Z</time>
      </trkpt>
      <trkpt lat="49.160939" lon="11.956164">
        <ele>340.140696</ele>
        <time>2026-07-03T12:49:53.328Z</time>
      </trkpt>
      <trkpt lat="49.160869" lon="11.956118">
        <ele>340.219773</ele>
        <time>2026-07-03T12:49:55.306Z</time>
      </trkpt>
      <trkpt lat="49.160715" lon="11.956037">
        <ele>340.388800</ele>
        <time>2026-07-03T12:49:59.598Z</time>
      </trkpt>
      <trkpt lat="49.160441" lon="11.956189">
        <ele>340.691318</ele>
        <time>2026-07-03T12:50:07.811Z</time>
      </trkpt>
      <trkpt lat="49.160354" lon="11.956323">
        <ele>340.819479</ele>
        <time>2026-07-03T12:50:11.345Z</time>
      </trkpt>
      <trkpt lat="49.159959" lon="11.956876">
        <ele>341.375314</ele>
        <time>2026-07-03T12:50:26.143Z</time>
      </trkpt>
      <trkpt lat="49.159937" lon="11.957045">
        <ele>341.492270</ele>
        <time>2026-07-03T12:50:29.244Z</time>
      </trkpt>
      <trkpt lat="49.159949" lon="11.957493">
        <ele>341.796597</ele>
        <time>2026-07-03T12:50:37.328Z</time>
      </trkpt>
      <trkpt lat="49.159929" lon="11.957846">
        <ele>341.928379</ele>
        <time>2026-07-03T12:50:43.759Z</time>
      </trkpt>
      <trkpt lat="49.159925" lon="11.957951">
        <ele>341.937828</ele>
        <time>2026-07-03T12:50:45.547Z</time>
      </trkpt>
      <trkpt lat="49.159930" lon="11.958270">
        <ele>341.966496</ele>
        <time>2026-07-03T12:50:50.562Z</time>
      </trkpt>
      <trkpt lat="49.159851" lon="11.958553">
        <ele>341.994140</ele>
        <time>2026-07-03T12:50:55.017Z</time>
      </trkpt>
      <trkpt lat="49.158857" lon="11.957406">
        <ele>342.341187</ele>
        <time>2026-07-03T12:51:19.961Z</time>
      </trkpt>
      <trkpt lat="49.158789" lon="11.957313">
        <ele>342.702653</ele>
        <time>2026-07-03T12:51:22.126Z</time>
      </trkpt>
      <trkpt lat="49.158701" lon="11.957254">
        <ele>343.083363</ele>
        <time>2026-07-03T12:51:24.520Z</time>
      </trkpt>
      <trkpt lat="49.158469" lon="11.957411">
        <ele>344.088574</ele>
        <time>2026-07-03T12:51:32.621Z</time>
      </trkpt>
      <trkpt lat="49.158298" lon="11.957543">
        <ele>344.847537</ele>
        <time>2026-07-03T12:51:40.750Z</time>
      </trkpt>
      <trkpt lat="49.158178" lon="11.957593">
        <ele>345.340329</ele>
        <time>2026-07-03T12:51:46.435Z</time>
      </trkpt>
      <trkpt lat="49.157814" lon="11.957659">
        <ele>346.792651</ele>
        <time>2026-07-03T12:52:04.259Z</time>
      </trkpt>
      <trkpt lat="49.157620" lon="11.957653">
        <ele>347.561464</ele>
        <time>2026-07-03T12:52:13.498Z</time>
      </trkpt>
      <trkpt lat="49.157218" lon="11.957543">
        <ele>349.179546</ele>
        <time>2026-07-03T12:52:32.896Z</time>
      </trkpt>
      <trkpt lat="49.156927" lon="11.957398">
        <ele>349.274067</ele>
        <time>2026-07-03T12:52:46.033Z</time>
      </trkpt>
      <trkpt lat="49.153826" lon="11.954591">
        <ele>345.730159</ele>
        <time>2026-07-03T12:53:51.293Z</time>
      </trkpt>
      <trkpt lat="49.153566" lon="11.954438">
        <ele>345.244440</ele>
        <time>2026-07-03T12:53:56.173Z</time>
      </trkpt>
      <trkpt lat="49.151928" lon="11.954028">
        <ele>342.320234</ele>
        <time>2026-07-03T12:54:26.115Z</time>
      </trkpt>
      <trkpt lat="49.151792" lon="11.953966">
        <ele>342.062675</ele>
        <time>2026-07-03T12:54:28.596Z</time>
      </trkpt>
      <trkpt lat="49.151571" lon="11.953809">
        <ele>341.620410</ele>
        <time>2026-07-03T12:54:32.823Z</time>
      </trkpt>
      <trkpt lat="49.151457" lon="11.953718">
        <ele>341.387015</ele>
        <time>2026-07-03T12:54:35.038Z</time>
      </trkpt>
      <trkpt lat="49.151152" lon="11.953544">
        <ele>340.796204</ele>
        <time>2026-07-03T12:54:40.639Z</time>
      </trkpt>
      <trkpt lat="49.149592" lon="11.953274">
        <ele>339.336396</ele>
        <time>2026-07-03T12:55:09.871Z</time>
      </trkpt>
      <trkpt lat="49.148752" lon="11.953196">
        <ele>339.070668</ele>
        <time>2026-07-03T12:55:30.342Z</time>
      </trkpt>
      <trkpt lat="49.148395" lon="11.953238">
        <ele>339.502396</ele>
        <time>2026-07-03T12:55:40.013Z</time>
      </trkpt>
      <trkpt lat="49.147659" lon="11.953295">
        <ele>340.390971</ele>
        <time>2026-07-03T12:56:00.464Z</time>
      </trkpt>
      <trkpt lat="49.146961" lon="11.953361">
        <ele>341.330343</ele>
        <time>2026-07-03T12:56:19.677Z</time>
      </trkpt>
      <trkpt lat="49.146822" lon="11.953430">
        <ele>341.693531</ele>
        <time>2026-07-03T12:56:23.695Z</time>
      </trkpt>
      <trkpt lat="49.146756" lon="11.953707">
        <ele>342.172761</ele>
        <time>2026-07-03T12:56:28.975Z</time>
      </trkpt>
      <trkpt lat="49.146109" lon="11.954753">
        <ele>344.512969</ele>
        <time>2026-07-03T12:56:56.105Z</time>
      </trkpt>
      <trkpt lat="49.145755" lon="11.955364">
        <ele>346.262772</ele>
        <time>2026-07-03T12:57:15.712Z</time>
      </trkpt>
      <trkpt lat="49.145696" lon="11.955466">
        <ele>346.897743</ele>
        <time>2026-07-03T12:57:19.306Z</time>
      </trkpt>
      <trkpt lat="49.143081" lon="11.959373">
        <ele>374.832616</ele>
        <time>2026-07-03T13:00:37.338Z</time>
      </trkpt>
      <trkpt lat="49.142874" lon="11.959754">
        <ele>377.640566</ele>
        <time>2026-07-03T13:00:55.444Z</time>
      </trkpt>
      <trkpt lat="49.142782" lon="11.960121">
        <ele>379.868847</ele>
        <time>2026-07-03T13:01:09.825Z</time>
      </trkpt>
      <trkpt lat="49.142476" lon="11.962250">
        <ele>392.799896</ele>
        <time>2026-07-03T13:02:33.204Z</time>
      </trkpt>
      <trkpt lat="49.142318" lon="11.962720">
        <ele>396.237843</ele>
        <time>2026-07-03T13:02:54.940Z</time>
      </trkpt>
      <trkpt lat="49.142143" lon="11.962971">
        <ele>398.624436</ele>
        <time>2026-07-03T13:03:10.319Z</time>
      </trkpt>
      <trkpt lat="49.142059" lon="11.963051">
        <ele>399.608715</ele>
        <time>2026-07-03T13:03:16.742Z</time>
      </trkpt>
      <trkpt lat="49.140938" lon="11.963651">
        <ele>410.638468</ele>
        <time>2026-07-03T13:04:32.842Z</time>
      </trkpt>
      <trkpt lat="49.140649" lon="11.963877">
        <ele>413.379822</ele>
        <time>2026-07-03T13:04:51.820Z</time>
      </trkpt>
      <trkpt lat="49.140438" lon="11.964197">
        <ele>415.889859</ele>
        <time>2026-07-03T13:05:08.370Z</time>
      </trkpt>
      <trkpt lat="49.139660" lon="11.965763">
        <ele>424.583559</ele>
        <time>2026-07-03T13:06:11.494Z</time>
      </trkpt>
      <trkpt lat="49.139447" lon="11.966008">
        <ele>425.918278</ele>
        <time>2026-07-03T13:06:23.009Z</time>
      </trkpt>
      <trkpt lat="49.139163" lon="11.966150">
        <ele>427.414412</ele>
        <time>2026-07-03T13:06:35.255Z</time>
      </trkpt>
      <trkpt lat="49.138576" lon="11.966269">
        <ele>430.379260</ele>
        <time>2026-07-03T13:06:57.246Z</time>
      </trkpt>
      <trkpt lat="49.138261" lon="11.966249">
        <ele>431.151799</ele>
        <time>2026-07-03T13:07:07.776Z</time>
      </trkpt>
      <trkpt lat="49.137978" lon="11.966084">
        <ele>431.868729</ele>
        <time>2026-07-03T13:07:17.143Z</time>
      </trkpt>
      <trkpt lat="49.137677" lon="11.965789">
        <ele>432.715066</ele>
        <time>2026-07-03T13:07:27.943Z</time>
      </trkpt>
      <trkpt lat="49.136971" lon="11.965065">
        <ele>434.696144</ele>
        <time>2026-07-03T13:07:54.243Z</time>
      </trkpt>
      <trkpt lat="49.136758" lon="11.964883">
        <ele>434.832611</ele>
        <time>2026-07-03T13:08:01.675Z</time>
      </trkpt>
      <trkpt lat="49.136558" lon="11.964750">
        <ele>434.954586</ele>
        <time>2026-07-03T13:08:08.288Z</time>
      </trkpt>
      <trkpt lat="49.136301" lon="11.964667">
        <ele>435.101483</ele>
        <time>2026-07-03T13:08:16.039Z</time>
      </trkpt>
      <trkpt lat="49.134999" lon="11.964242">
        <ele>434.648635</ele>
        <time>2026-07-03T13:08:44.877Z</time>
      </trkpt>
      <trkpt lat="49.134751" lon="11.964292">
        <ele>433.698639</ele>
        <time>2026-07-03T13:08:49.010Z</time>
      </trkpt>
      <trkpt lat="49.134612" lon="11.964358">
        <ele>433.145867</ele>
        <time>2026-07-03T13:08:51.338Z</time>
      </trkpt>
      <trkpt lat="49.133897" lon="11.964997">
        <ele>430.000337</ele>
        <time>2026-07-03T13:09:03.888Z</time>
      </trkpt>
      <trkpt lat="49.133630" lon="11.965302">
        <ele>428.679002</ele>
        <time>2026-07-03T13:09:08.776Z</time>
      </trkpt>
      <trkpt lat="49.133221" lon="11.965983">
        <ele>425.381073</ele>
        <time>2026-07-03T13:09:17.757Z</time>
      </trkpt>
      <trkpt lat="49.132987" lon="11.966267">
        <ele>423.751783</ele>
        <time>2026-07-03T13:09:22.178Z</time>
      </trkpt>
      <trkpt lat="49.132828" lon="11.966338">
        <ele>422.848566</ele>
        <time>2026-07-03T13:09:24.634Z</time>
      </trkpt>
      <trkpt lat="49.132557" lon="11.966311">
        <ele>421.367763</ele>
        <time>2026-07-03T13:09:28.687Z</time>
      </trkpt>
      <trkpt lat="49.132211" lon="11.966247">
        <ele>419.467382</ele>
        <time>2026-07-03T13:09:33.934Z</time>
      </trkpt>
      <trkpt lat="49.132052" lon="11.966219">
        <ele>418.475249</ele>
        <time>2026-07-03T13:09:36.367Z</time>
      </trkpt>
      <trkpt lat="49.131936" lon="11.966200">
        <ele>417.673805</ele>
        <time>2026-07-03T13:09:38.149Z</time>
      </trkpt>
      <trkpt lat="49.131548" lon="11.966134">
        <ele>414.991915</ele>
        <time>2026-07-03T13:09:43.991Z</time>
      </trkpt>
      <trkpt lat="49.131233" lon="11.966041">
        <ele>412.787962</ele>
        <time>2026-07-03T13:09:48.622Z</time>
      </trkpt>
      <trkpt lat="49.131183" lon="11.966017">
        <ele>412.427935</ele>
        <time>2026-07-03T13:09:49.372Z</time>
      </trkpt>
      <trkpt lat="49.130886" lon="11.965847">
        <ele>410.249238</ele>
        <time>2026-07-03T13:09:53.874Z</time>
      </trkpt>
      <trkpt lat="49.130729" lon="11.965687">
        <ele>408.952895</ele>
        <time>2026-07-03T13:09:56.538Z</time>
      </trkpt>
      <trkpt lat="49.130295" lon="11.965356">
        <ele>405.008075</ele>
        <time>2026-07-03T13:10:03.284Z</time>
      </trkpt>
      <trkpt lat="49.129895" lon="11.965203">
        <ele>400.564343</ele>
        <time>2026-07-03T13:10:08.907Z</time>
      </trkpt>
      <trkpt lat="49.129584" lon="11.965173">
        <ele>397.206055</ele>
        <time>2026-07-03T13:10:13.089Z</time>
      </trkpt>
      <trkpt lat="49.129257" lon="11.965211">
        <ele>393.671833</ele>
        <time>2026-07-03T13:10:17.468Z</time>
      </trkpt>
      <trkpt lat="49.128905" lon="11.965372">
        <ele>389.712101</ele>
        <time>2026-07-03T13:10:22.364Z</time>
      </trkpt>
      <trkpt lat="49.127981" lon="11.965616">
        <ele>379.327117</ele>
        <time>2026-07-03T13:10:34.771Z</time>
      </trkpt>
      <trkpt lat="49.127539" lon="11.965939">
        <ele>373.855611</ele>
        <time>2026-07-03T13:10:41.256Z</time>
      </trkpt>
      <trkpt lat="49.127260" lon="11.966057">
        <ele>370.622672</ele>
        <time>2026-07-03T13:10:45.137Z</time>
      </trkpt>
      <trkpt lat="49.127027" lon="11.966102">
        <ele>367.999882</ele>
        <time>2026-07-03T13:10:48.357Z</time>
      </trkpt>
      <trkpt lat="49.126579" lon="11.966027">
        <ele>365.761721</ele>
        <time>2026-07-03T13:10:54.718Z</time>
      </trkpt>
      <trkpt lat="49.126574" lon="11.965006">
        <ele>363.194721</ele>
        <time>2026-07-03T13:11:05.009Z</time>
      </trkpt>
      <trkpt lat="49.126602" lon="11.964205">
        <ele>361.178031</ele>
        <time>2026-07-03T13:11:14.836Z</time>
      </trkpt>
      <trkpt lat="49.126474" lon="11.964201">
        <ele>360.686159</ele>
        <time>2026-07-03T13:11:17.636Z</time>
      </trkpt>
      <trkpt lat="49.126086" lon="11.964516">
        <ele>360.785243</ele>
        <time>2026-07-03T13:11:28.188Z</time>
      </trkpt>
      <trkpt lat="49.125392" lon="11.965064">
        <ele>361.850193</ele>
        <time>2026-07-03T13:11:50.724Z</time>
      </trkpt>
      <trkpt lat="49.124839" lon="11.965580">
        <ele>362.733513</ele>
        <time>2026-07-03T13:12:11.227Z</time>
      </trkpt>
      <trkpt lat="49.124588" lon="11.965879">
        <ele>363.133448</ele>
        <time>2026-07-03T13:12:20.280Z</time>
      </trkpt>
      <trkpt lat="49.124333" lon="11.966277">
        <ele>363.588013</ele>
        <time>2026-07-03T13:12:30.404Z</time>
      </trkpt>
      <trkpt lat="49.124125" lon="11.966682">
        <ele>364.008170</ele>
        <time>2026-07-03T13:12:39.431Z</time>
      </trkpt>
      <trkpt lat="49.123906" lon="11.967309">
        <ele>364.588198</ele>
        <time>2026-07-03T13:12:51.558Z</time>
      </trkpt>
      <trkpt lat="49.123498" lon="11.968863">
        <ele>365.524764</ele>
        <time>2026-07-03T13:13:19.785Z</time>
      </trkpt>
      <trkpt lat="49.123274" lon="11.969558">
        <ele>365.868586</ele>
        <time>2026-07-03T13:13:32.525Z</time>
      </trkpt>
      <trkpt lat="49.123101" lon="11.969924">
        <ele>366.068958</ele>
        <time>2026-07-03T13:13:39.603Z</time>
      </trkpt>
      <trkpt lat="49.122748" lon="11.970456">
        <ele>366.437626</ele>
        <time>2026-07-03T13:13:50.893Z</time>
      </trkpt>
      <trkpt lat="49.120546" lon="11.972587">
        <ele>369.928546</ele>
        <time>2026-07-03T13:14:58.901Z</time>
      </trkpt>
      <trkpt lat="49.120331" lon="11.972896">
        <ele>370.552717</ele>
        <time>2026-07-03T13:15:09.807Z</time>
      </trkpt>
      <trkpt lat="49.120144" lon="11.973174">
        <ele>371.104443</ele>
        <time>2026-07-03T13:15:19.873Z</time>
      </trkpt>
      <trkpt lat="49.119813" lon="11.973878">
        <ele>372.014630</ele>
        <time>2026-07-03T13:15:41.822Z</time>
      </trkpt>
      <trkpt lat="49.119464" lon="11.974900">
        <ele>373.047046</ele>
        <time>2026-07-03T13:16:03.579Z</time>
      </trkpt>
      <trkpt lat="49.118953" lon="11.976204">
        <ele>374.176193</ele>
        <time>2026-07-03T13:16:23.494Z</time>
      </trkpt>
      <trkpt lat="49.118839" lon="11.976441">
        <ele>374.307636</ele>
        <time>2026-07-03T13:16:27.023Z</time>
      </trkpt>
      <trkpt lat="49.118551" lon="11.976874">
        <ele>374.583531</ele>
        <time>2026-07-03T13:16:34.974Z</time>
      </trkpt>
      <trkpt lat="49.118392" lon="11.977057">
        <ele>374.719457</ele>
        <time>2026-07-03T13:16:40.077Z</time>
      </trkpt>
      <trkpt lat="49.118073" lon="11.977314">
        <ele>374.965703</ele>
        <time>2026-07-03T13:16:51.503Z</time>
      </trkpt>
      <trkpt lat="49.117842" lon="11.977428">
        <ele>375.131459</ele>
        <time>2026-07-03T13:16:59.740Z</time>
      </trkpt>
      <trkpt lat="49.117584" lon="11.977499">
        <ele>375.762125</ele>
        <time>2026-07-03T13:17:08.599Z</time>
      </trkpt>
      <trkpt lat="49.117103" lon="11.977483">
        <ele>377.171712</ele>
        <time>2026-07-03T13:17:25.554Z</time>
      </trkpt>
      <trkpt lat="49.116115" lon="11.977244">
        <ele>380.102453</ele>
        <time>2026-07-03T13:18:01.391Z</time>
      </trkpt>
      <trkpt lat="49.115597" lon="11.977286">
        <ele>380.794372</ele>
        <time>2026-07-03T13:18:16.548Z</time>
      </trkpt>
      <trkpt lat="49.115142" lon="11.977436">
        <ele>381.200764</ele>
        <time>2026-07-03T13:18:28.243Z</time>
      </trkpt>
      <trkpt lat="49.114450" lon="11.977727">
        <ele>381.827400</ele>
        <time>2026-07-03T13:18:43.611Z</time>
      </trkpt>
      <trkpt lat="49.114290" lon="11.977770">
        <ele>381.969237</ele>
        <time>2026-07-03T13:18:47.388Z</time>
      </trkpt>
      <trkpt lat="49.113943" lon="11.977796">
        <ele>382.597276</ele>
        <time>2026-07-03T13:18:56.207Z</time>
      </trkpt>
      <trkpt lat="49.113650" lon="11.977786">
        <ele>383.173629</ele>
        <time>2026-07-03T13:19:04.585Z</time>
      </trkpt>
      <trkpt lat="49.113407" lon="11.977725">
        <ele>383.657917</ele>
        <time>2026-07-03T13:19:12.142Z</time>
      </trkpt>
      <trkpt lat="49.113205" lon="11.977645">
        <ele>384.068298</ele>
        <time>2026-07-03T13:19:18.706Z</time>
      </trkpt>
      <trkpt lat="49.112604" lon="11.977300">
        <ele>385.330898</ele>
        <time>2026-07-03T13:19:41.047Z</time>
      </trkpt>
      <trkpt lat="49.110771" lon="11.976209">
        <ele>389.512305</ele>
        <time>2026-07-03T13:20:41.933Z</time>
      </trkpt>
      <trkpt lat="49.110181" lon="11.975891">
        <ele>390.390643</ele>
        <time>2026-07-03T13:20:59.143Z</time>
      </trkpt>
      <trkpt lat="49.109930" lon="11.975794">
        <ele>390.754120</ele>
        <time>2026-07-03T13:21:05.920Z</time>
      </trkpt>
      <trkpt lat="49.109651" lon="11.975757">
        <ele>391.147279</ele>
        <time>2026-07-03T13:21:13.112Z</time>
      </trkpt>
      <trkpt lat="49.109019" lon="11.975754">
        <ele>392.086226</ele>
        <time>2026-07-03T13:21:30.607Z</time>
      </trkpt>
      <trkpt lat="49.108673" lon="11.975794">
        <ele>392.900204</ele>
        <time>2026-07-03T13:21:41.542Z</time>
      </trkpt>
      <trkpt lat="49.108390" lon="11.975952">
        <ele>393.607023</ele>
        <time>2026-07-03T13:21:52.069Z</time>
      </trkpt>
      <trkpt lat="49.108173" lon="11.976205">
        <ele>394.247394</ele>
        <time>2026-07-03T13:22:01.854Z</time>
      </trkpt>
      <trkpt lat="49.107859" lon="11.976652">
        <ele>395.254253</ele>
        <time>2026-07-03T13:22:16.696Z</time>
      </trkpt>
      <trkpt lat="49.107727" lon="11.976797">
        <ele>395.635653</ele>
        <time>2026-07-03T13:22:21.841Z</time>
      </trkpt>
      <trkpt lat="49.107545" lon="11.977034">
        <ele>396.177086</ele>
        <time>2026-07-03T13:22:28.887Z</time>
      </trkpt>
      <trkpt lat="49.107495" lon="11.977137">
        <ele>396.179693</ele>
        <time>2026-07-03T13:22:31.180Z</time>
      </trkpt>
      <trkpt lat="49.107395" lon="11.977486">
        <ele>396.187440</ele>
        <time>2026-07-03T13:22:38.113Z</time>
      </trkpt>
      <trkpt lat="49.107131" lon="11.978188">
        <ele>396.203903</ele>
        <time>2026-07-03T13:22:50.090Z</time>
      </trkpt>
      <trkpt lat="49.107073" lon="11.978385">
        <ele>396.208295</ele>
        <time>2026-07-03T13:22:52.767Z</time>
      </trkpt>
      <trkpt lat="49.107029" lon="11.978801">
        <ele>396.216864</ele>
        <time>2026-07-03T13:22:57.910Z</time>
      </trkpt>
      <trkpt lat="49.106988" lon="11.979650">
        <ele>396.293010</ele>
        <time>2026-07-03T13:23:08.328Z</time>
      </trkpt>
      <trkpt lat="49.106900" lon="11.980343">
        <ele>396.877006</ele>
        <time>2026-07-03T13:23:19.135Z</time>
      </trkpt>
      <trkpt lat="49.106647" lon="11.981833">
        <ele>398.150458</ele>
        <time>2026-07-03T13:23:48.964Z</time>
      </trkpt>
      <trkpt lat="49.106623" lon="11.982046">
        <ele>398.329263</ele>
        <time>2026-07-03T13:23:53.499Z</time>
      </trkpt>
      <trkpt lat="49.106574" lon="11.982280">
        <ele>398.550927</ele>
        <time>2026-07-03T13:23:58.685Z</time>
      </trkpt>
      <trkpt lat="49.106535" lon="11.982274">
        <ele>398.634432</ele>
        <time>2026-07-03T13:24:00.529Z</time>
      </trkpt>
      <trkpt lat="49.106520" lon="11.982675">
        <ele>399.194602</ele>
        <time>2026-07-03T13:24:10.750Z</time>
      </trkpt>
      <trkpt lat="49.106504" lon="11.982721">
        <ele>399.267249</ele>
        <time>2026-07-03T13:24:12.079Z</time>
      </trkpt>
      <trkpt lat="49.106423" lon="11.982781">
        <ele>399.459029</ele>
        <time>2026-07-03T13:24:15.552Z</time>
      </trkpt>
      <trkpt lat="49.106362" lon="11.982768">
        <ele>399.590240</ele>
        <time>2026-07-03T13:24:17.477Z</time>
      </trkpt>
      <trkpt lat="49.106288" lon="11.983614">
        <ele>400.780612</ele>
        <time>2026-07-03T13:24:34.781Z</time>
      </trkpt>
      <trkpt lat="49.106228" lon="11.983922">
        <ele>401.228784</ele>
        <time>2026-07-03T13:24:40.880Z</time>
      </trkpt>
      <trkpt lat="49.106086" lon="11.984450">
        <ele>402.024885</ele>
        <time>2026-07-03T13:24:50.905Z</time>
      </trkpt>
      <trkpt lat="49.105424" lon="11.986306">
        <ele>407.576862</ele>
        <time>2026-07-03T13:25:37.375Z</time>
      </trkpt>
      <trkpt lat="49.104794" lon="11.988218">
        <ele>415.330039</ele>
        <time>2026-07-03T13:26:50.798Z</time>
      </trkpt>
      <trkpt lat="49.104542" lon="11.989260">
        <ele>419.984557</ele>
        <time>2026-07-03T13:27:26.770Z</time>
      </trkpt>
      <trkpt lat="49.103501" lon="11.991905">
        <ele>427.775657</ele>
        <time>2026-07-03T13:28:41.245Z</time>
      </trkpt>
      <trkpt lat="49.103169" lon="11.993449">
        <ele>429.157298</ele>
        <time>2026-07-03T13:29:08.750Z</time>
      </trkpt>
      <trkpt lat="49.103134" lon="11.994069">
        <ele>429.677822</ele>
        <time>2026-07-03T13:29:18.477Z</time>
      </trkpt>
      <trkpt lat="49.103163" lon="11.994643">
        <ele>430.110006</ele>
        <time>2026-07-03T13:29:28.868Z</time>
      </trkpt>
      <trkpt lat="49.103148" lon="11.995180">
        <ele>430.122613</ele>
        <time>2026-07-03T13:29:39.034Z</time>
      </trkpt>
      <trkpt lat="49.103067" lon="11.995576">
        <ele>430.132344</ele>
        <time>2026-07-03T13:29:46.821Z</time>
      </trkpt>
      <trkpt lat="49.102948" lon="11.995926">
        <ele>430.141594</ele>
        <time>2026-07-03T13:29:53.336Z</time>
      </trkpt>
      <trkpt lat="49.102515" lon="11.996622">
        <ele>430.164114</ele>
        <time>2026-07-03T13:30:10.483Z</time>
      </trkpt>
      <trkpt lat="49.102436" lon="11.996748">
        <ele>430.168205</ele>
        <time>2026-07-03T13:30:13.401Z</time>
      </trkpt>
      <trkpt lat="49.102353" lon="11.996934">
        <ele>430.147179</ele>
        <time>2026-07-03T13:30:16.068Z</time>
      </trkpt>
      <trkpt lat="49.102259" lon="11.997204">
        <ele>429.749530</ele>
        <time>2026-07-03T13:30:19.521Z</time>
      </trkpt>
      <trkpt lat="49.101987" lon="11.997556">
        <ele>429.041459</ele>
        <time>2026-07-03T13:30:25.345Z</time>
      </trkpt>
      <trkpt lat="49.100794" lon="11.998897">
        <ele>427.111231</ele>
        <time>2026-07-03T13:30:50.950Z</time>
      </trkpt>
      <trkpt lat="49.100717" lon="11.998998">
        <ele>427.316610</ele>
        <time>2026-07-03T13:30:53.477Z</time>
      </trkpt>
      <trkpt lat="49.100711" lon="11.999071">
        <ele>427.414083</ele>
        <time>2026-07-03T13:30:54.705Z</time>
      </trkpt>
      <trkpt lat="49.100750" lon="11.999154">
        <ele>427.549431</ele>
        <time>2026-07-03T13:30:56.523Z</time>
      </trkpt>
      <trkpt lat="49.100784" lon="11.999281">
        <ele>427.731208</ele>
        <time>2026-07-03T13:30:58.977Z</time>
      </trkpt>
      <trkpt lat="49.100725" lon="11.999371">
        <ele>427.899938</ele>
        <time>2026-07-03T13:31:01.411Z</time>
      </trkpt>
      <trkpt lat="49.099697" lon="12.000629">
        <ele>430.825628</ele>
        <time>2026-07-03T13:31:49.785Z</time>
      </trkpt>
      <trkpt lat="49.097689" lon="12.003078">
        <ele>438.811045</ele>
        <time>2026-07-03T13:33:24.276Z</time>
      </trkpt>
      <trkpt lat="49.096308" lon="12.004760">
        <ele>441.227054</ele>
        <time>2026-07-03T13:34:07.841Z</time>
      </trkpt>
      <trkpt lat="49.093988" lon="12.007734">
        <ele>443.661138</ele>
        <time>2026-07-03T13:35:22.551Z</time>
      </trkpt>
      <trkpt lat="49.091628" lon="12.010688">
        <ele>449.252084</ele>
        <time>2026-07-03T13:36:58.170Z</time>
      </trkpt>
      <trkpt lat="49.090048" lon="12.012539">
        <ele>448.921832</ele>
        <time>2026-07-03T13:37:40.950Z</time>
      </trkpt>
      <trkpt lat="49.089783" lon="12.012955">
        <ele>447.485658</ele>
        <time>2026-07-03T13:37:47.365Z</time>
      </trkpt>
      <trkpt lat="49.089465" lon="12.013739">
        <ele>445.079149</ele>
        <time>2026-07-03T13:37:56.870Z</time>
      </trkpt>
      <trkpt lat="49.089423" lon="12.013866">
        <ele>444.707877</ele>
        <time>2026-07-03T13:37:58.280Z</time>
      </trkpt>
      <trkpt lat="49.089353" lon="12.014262">
        <ele>443.637513</ele>
        <time>2026-07-03T13:38:02.304Z</time>
      </trkpt>
      <trkpt lat="49.089326" lon="12.014596">
        <ele>442.759309</ele>
        <time>2026-07-03T13:38:05.571Z</time>
      </trkpt>
      <trkpt lat="49.089306" lon="12.015122">
        <ele>441.334056</ele>
        <time>2026-07-03T13:38:10.668Z</time>
      </trkpt>
      <trkpt lat="49.089332" lon="12.016125">
        <ele>438.350036</ele>
        <time>2026-07-03T13:38:20.521Z</time>
      </trkpt>
      <trkpt lat="49.089297" lon="12.016938">
        <ele>435.927959</ele>
        <time>2026-07-03T13:38:28.904Z</time>
      </trkpt>
      <trkpt lat="49.089234" lon="12.017360">
        <ele>434.641266</ele>
        <time>2026-07-03T13:38:33.401Z</time>
      </trkpt>
      <trkpt lat="49.089170" lon="12.017316">
        <ele>434.322657</ele>
        <time>2026-07-03T13:38:35.430Z</time>
      </trkpt>
      <trkpt lat="49.088796" lon="12.016694">
        <ele>431.781692</ele>
        <time>2026-07-03T13:38:44.183Z</time>
      </trkpt>
      <trkpt lat="49.087848" lon="12.015234">
        <ele>425.563510</ele>
        <time>2026-07-03T13:39:04.568Z</time>
      </trkpt>
      <trkpt lat="49.087489" lon="12.014890">
        <ele>423.919226</ele>
        <time>2026-07-03T13:39:10.905Z</time>
      </trkpt>
      <trkpt lat="49.085849" lon="12.013855">
        <ele>417.704413</ele>
        <time>2026-07-03T13:39:39.510Z</time>
      </trkpt>
      <trkpt lat="49.085261" lon="12.013418">
        <ele>416.109602</ele>
        <time>2026-07-03T13:39:51.447Z</time>
      </trkpt>
      <trkpt lat="49.083736" lon="12.011085">
        <ele>409.226561</ele>
        <time>2026-07-03T13:40:27.932Z</time>
      </trkpt>
      <trkpt lat="49.082983" lon="12.010067">
        <ele>403.944882</ele>
        <time>2026-07-03T13:40:42.574Z</time>
      </trkpt>
      <trkpt lat="49.082020" lon="12.008942">
        <ele>396.008404</ele>
        <time>2026-07-03T13:40:59.741Z</time>
      </trkpt>
      <trkpt lat="49.081793" lon="12.008713">
        <ele>395.568904</ele>
        <time>2026-07-03T13:41:03.851Z</time>
      </trkpt>
      <trkpt lat="49.081635" lon="12.008591">
        <ele>395.381688</ele>
        <time>2026-07-03T13:41:06.629Z</time>
      </trkpt>
      <trkpt lat="49.081400" lon="12.008547">
        <ele>395.131344</ele>
        <time>2026-07-03T13:41:10.546Z</time>
      </trkpt>
      <trkpt lat="49.081324" lon="12.008767">
        <ele>394.959086</ele>
        <time>2026-07-03T13:41:13.466Z</time>
      </trkpt>
      <trkpt lat="49.080879" lon="12.009372">
        <ele>394.329035</ele>
        <time>2026-07-03T13:41:27.885Z</time>
      </trkpt>
      <trkpt lat="49.080821" lon="12.009452">
        <ele>394.246385</ele>
        <time>2026-07-03T13:41:30.345Z</time>
      </trkpt>
      <trkpt lat="49.080764" lon="12.009529">
        <ele>394.165909</ele>
        <time>2026-07-03T13:41:32.834Z</time>
      </trkpt>
      <trkpt lat="49.080156" lon="12.010341">
        <ele>395.863560</ele>
        <time>2026-07-03T13:42:01.899Z</time>
      </trkpt>
      <trkpt lat="49.079886" lon="12.010701">
        <ele>397.060488</ele>
        <time>2026-07-03T13:42:15.182Z</time>
      </trkpt>
      <trkpt lat="49.079470" lon="12.011324">
        <ele>399.006216</ele>
        <time>2026-07-03T13:42:36.517Z</time>
      </trkpt>
      <trkpt lat="49.079298" lon="12.011624">
        <ele>399.878178</ele>
        <time>2026-07-03T13:42:45.855Z</time>
      </trkpt>
      <trkpt lat="49.079095" lon="12.011980">
        <ele>400.662207</ele>
        <time>2026-07-03T13:42:56.847Z</time>
      </trkpt>
      <trkpt lat="49.078914" lon="12.012363">
        <ele>401.433270</ele>
        <time>2026-07-03T13:43:07.552Z</time>
      </trkpt>
      <trkpt lat="49.078874" lon="12.012455">
        <ele>401.613552</ele>
        <time>2026-07-03T13:43:10.003Z</time>
      </trkpt>
      <trkpt lat="49.078364" lon="12.013514">
        <ele>403.759553</ele>
        <time>2026-07-03T13:43:37.382Z</time>
      </trkpt>
      <trkpt lat="49.078294" lon="12.013650">
        <ele>404.041945</ele>
        <time>2026-07-03T13:43:40.855Z</time>
      </trkpt>
      <trkpt lat="49.078060" lon="12.014050">
        <ele>404.475639</ele>
        <time>2026-07-03T13:43:50.874Z</time>
      </trkpt>
      <trkpt lat="49.077761" lon="12.014491">
        <ele>404.601976</ele>
        <time>2026-07-03T13:44:01.256Z</time>
      </trkpt>
      <trkpt lat="49.077518" lon="12.014829">
        <ele>404.701871</ele>
        <time>2026-07-03T13:44:08.486Z</time>
      </trkpt>
      <trkpt lat="49.077446" lon="12.014713">
        <ele>404.733681</ele>
        <time>2026-07-03T13:44:10.683Z</time>
      </trkpt>
      <trkpt lat="49.076810" lon="12.015291">
        <ele>404.958600</ele>
        <time>2026-07-03T13:44:25.850Z</time>
      </trkpt>
      <trkpt lat="49.075396" lon="12.016212">
        <ele>405.811404</ele>
        <time>2026-07-03T13:45:01.334Z</time>
      </trkpt>
      <trkpt lat="49.075200" lon="12.016294">
        <ele>405.924387</ele>
        <time>2026-07-03T13:45:07.232Z</time>
      </trkpt>
      <trkpt lat="49.074999" lon="12.015997">
        <ele>406.666684</ele>
        <time>2026-07-03T13:45:15.847Z</time>
      </trkpt>
      <trkpt lat="49.074604" lon="12.015368">
        <ele>408.547312</ele>
        <time>2026-07-03T13:45:35.136Z</time>
      </trkpt>
      <trkpt lat="49.074027" lon="12.014571">
        <ele>411.111137</ele>
        <time>2026-07-03T13:46:04.804Z</time>
      </trkpt>
      <trkpt lat="49.073616" lon="12.014037">
        <ele>413.055430</ele>
        <time>2026-07-03T13:46:26.235Z</time>
      </trkpt>
      <trkpt lat="49.073087" lon="12.013389">
        <ele>415.660330</ele>
        <time>2026-07-03T13:46:52.834Z</time>
      </trkpt>
      <trkpt lat="49.072725" lon="12.013048">
        <ele>417.294013</ele>
        <time>2026-07-03T13:47:08.785Z</time>
      </trkpt>
      <trkpt lat="49.072142" lon="12.012646">
        <ele>419.411057</ele>
        <time>2026-07-03T13:47:31.037Z</time>
      </trkpt>
      <trkpt lat="49.071910" lon="12.012429">
        <ele>420.084648</ele>
        <time>2026-07-03T13:47:39.894Z</time>
      </trkpt>
      <trkpt lat="49.071592" lon="12.012032">
        <ele>421.101657</ele>
        <time>2026-07-03T13:47:52.731Z</time>
      </trkpt>
      <trkpt lat="49.070852" lon="12.010943">
        <ele>423.634920</ele>
        <time>2026-07-03T13:48:24.699Z</time>
      </trkpt>
      <trkpt lat="49.070669" lon="12.010765">
        <ele>424.156740</ele>
        <time>2026-07-03T13:48:31.683Z</time>
      </trkpt>
      <trkpt lat="49.070233" lon="12.010445">
        <ele>425.320113</ele>
        <time>2026-07-03T13:48:46.931Z</time>
      </trkpt>
      <trkpt lat="49.070047" lon="12.010259">
        <ele>425.854835</ele>
        <time>2026-07-03T13:48:54.290Z</time>
      </trkpt>
      <trkpt lat="49.069894" lon="12.010019">
        <ele>426.382407</ele>
        <time>2026-07-03T13:49:01.526Z</time>
      </trkpt>
      <trkpt lat="49.069712" lon="12.009625">
        <ele>427.141911</ele>
        <time>2026-07-03T13:49:11.766Z</time>
      </trkpt>
      <trkpt lat="49.069557" lon="12.009310">
        <ele>427.636600</ele>
        <time>2026-07-03T13:49:20.013Z</time>
      </trkpt>
      <trkpt lat="49.069387" lon="12.008983">
        <ele>427.857917</ele>
        <time>2026-07-03T13:49:28.686Z</time>
      </trkpt>
      <trkpt lat="49.069151" lon="12.008536">
        <ele>428.162280</ele>
        <time>2026-07-03T13:49:39.692Z</time>
      </trkpt>
      <trkpt lat="49.069015" lon="12.008380">
        <ele>428.299950</ele>
        <time>2026-07-03T13:49:44.375Z</time>
      </trkpt>
      <trkpt lat="49.068826" lon="12.008236">
        <ele>428.470892</ele>
        <time>2026-07-03T13:49:49.957Z</time>
      </trkpt>
      <trkpt lat="49.068578" lon="12.008235">
        <ele>428.671585</ele>
        <time>2026-07-03T13:49:55.658Z</time>
      </trkpt>
      <trkpt lat="49.068535" lon="12.008236">
        <ele>428.706386</ele>
        <time>2026-07-03T13:49:56.627Z</time>
      </trkpt>
      <trkpt lat="49.068484" lon="12.008240">
        <ele>428.747712</ele>
        <time>2026-07-03T13:49:57.745Z</time>
      </trkpt>
      <trkpt lat="49.068034" lon="12.008343">
        <ele>428.888923</ele>
        <time>2026-07-03T13:50:06.855Z</time>
      </trkpt>
      <trkpt lat="49.067723" lon="12.008318">
        <ele>428.488521</ele>
        <time>2026-07-03T13:50:12.829Z</time>
      </trkpt>
      <trkpt lat="49.067506" lon="12.008316">
        <ele>428.209523</ele>
        <time>2026-07-03T13:50:16.854Z</time>
      </trkpt>
      <trkpt lat="49.066947" lon="12.008185">
        <ele>427.482404</ele>
        <time>2026-07-03T13:50:27.079Z</time>
      </trkpt>
      <trkpt lat="49.066374" lon="12.008133">
        <ele>426.744407</ele>
        <time>2026-07-03T13:50:38.292Z</time>
      </trkpt>
      <trkpt lat="49.066017" lon="12.008058">
        <ele>427.559633</ele>
        <time>2026-07-03T13:50:47.042Z</time>
      </trkpt>
      <trkpt lat="49.065987" lon="12.007933">
        <ele>427.777337</ele>
        <time>2026-07-03T13:50:49.952Z</time>
      </trkpt>
      <trkpt lat="49.065392" lon="12.007623">
        <ele>429.346611</ele>
        <time>2026-07-03T13:51:09.121Z</time>
      </trkpt>
      <trkpt lat="49.064628" lon="12.007089">
        <ele>431.786796</ele>
        <time>2026-07-03T13:51:41.897Z</time>
      </trkpt>
      <trkpt lat="49.063447" lon="12.006224">
        <ele>439.749374</ele>
        <time>2026-07-03T13:52:44.323Z</time>
      </trkpt>
      <trkpt lat="49.063249" lon="12.006078">
        <ele>441.086032</ele>
        <time>2026-07-03T13:52:55.463Z</time>
      </trkpt>
      <trkpt lat="49.062792" lon="12.005830">
        <ele>443.371882</ele>
        <time>2026-07-03T13:53:19.199Z</time>
      </trkpt>
      <trkpt lat="49.062591" lon="12.005721">
        <ele>444.215497</ele>
        <time>2026-07-03T13:53:29.268Z</time>
      </trkpt>
      <trkpt lat="49.062536" lon="12.005718">
        <ele>444.433153</ele>
        <time>2026-07-03T13:53:31.785Z</time>
      </trkpt>
      <trkpt lat="49.062520" lon="12.005763">
        <ele>444.565826</ele>
        <time>2026-07-03T13:53:33.536Z</time>
      </trkpt>
      <trkpt lat="49.062368" lon="12.005671">
        <ele>445.212512</ele>
        <time>2026-07-03T13:53:40.839Z</time>
      </trkpt>
      <trkpt lat="49.062235" lon="12.005603">
        <ele>445.767238</ele>
        <time>2026-07-03T13:53:46.787Z</time>
      </trkpt>
      <trkpt lat="49.061630" lon="12.005353">
        <ele>448.246076</ele>
        <time>2026-07-03T13:54:08.879Z</time>
      </trkpt>
      <trkpt lat="49.061384" lon="12.005357">
        <ele>449.219023</ele>
        <time>2026-07-03T13:54:14.982Z</time>
      </trkpt>
      <trkpt lat="49.060833" lon="12.005499">
        <ele>449.292600</ele>
        <time>2026-07-03T13:54:25.869Z</time>
      </trkpt>
      <trkpt lat="49.060366" lon="12.005549">
        <ele>449.327420</ele>
        <time>2026-07-03T13:54:34.489Z</time>
      </trkpt>
      <trkpt lat="49.059719" lon="12.005489">
        <ele>449.375633</ele>
        <time>2026-07-03T13:54:48.957Z</time>
      </trkpt>
      <trkpt lat="49.059630" lon="12.004899">
        <ele>450.029825</ele>
        <time>2026-07-03T13:55:00.383Z</time>
      </trkpt>
      <trkpt lat="49.059512" lon="12.004380">
        <ele>450.905261</ele>
        <time>2026-07-03T13:55:12.027Z</time>
      </trkpt>
      <trkpt lat="49.059179" lon="12.003448">
        <ele>452.596917</ele>
        <time>2026-07-03T13:55:37.580Z</time>
      </trkpt>
      <trkpt lat="49.059158" lon="12.003394">
        <ele>452.696984</ele>
        <time>2026-07-03T13:55:39.061Z</time>
      </trkpt>
      <trkpt lat="49.058723" lon="12.003022">
        <ele>453.922164</ele>
        <time>2026-07-03T13:55:54.545Z</time>
      </trkpt>
      <trkpt lat="49.058674" lon="12.002913">
        <ele>454.150381</ele>
        <time>2026-07-03T13:55:57.010Z</time>
      </trkpt>
      <trkpt lat="49.058274" lon="12.002360">
        <ele>455.572448</ele>
        <time>2026-07-03T13:56:12.777Z</time>
      </trkpt>
      <trkpt lat="49.057872" lon="12.001965">
        <ele>456.832183</ele>
        <time>2026-07-03T13:56:28.728Z</time>
      </trkpt>
      <trkpt lat="49.057642" lon="12.001761">
        <ele>457.533097</ele>
        <time>2026-07-03T13:56:38.344Z</time>
      </trkpt>
      <trkpt lat="49.056977" lon="12.001117">
        <ele>458.731554</ele>
        <time>2026-07-03T13:57:05.954Z</time>
      </trkpt>
      <trkpt lat="49.056692" lon="12.000841">
        <ele>458.918286</ele>
        <time>2026-07-03T13:57:16.746Z</time>
      </trkpt>
      <trkpt lat="49.056471" lon="12.000722">
        <ele>459.047932</ele>
        <time>2026-07-03T13:57:22.996Z</time>
      </trkpt>
      <trkpt lat="49.056356" lon="12.000745">
        <ele>459.112095</ele>
        <time>2026-07-03T13:57:25.641Z</time>
      </trkpt>
      <trkpt lat="49.056252" lon="12.000820">
        <ele>459.175730</ele>
        <time>2026-07-03T13:57:28.044Z</time>
      </trkpt>
      <trkpt lat="49.056095" lon="12.000989">
        <ele>459.282018</ele>
        <time>2026-07-03T13:57:31.672Z</time>
      </trkpt>
      <trkpt lat="49.055702" lon="12.001442">
        <ele>459.253610</ele>
        <time>2026-07-03T13:57:39.964Z</time>
      </trkpt>
      <trkpt lat="49.055460" lon="12.001720">
        <ele>458.593348</ele>
        <time>2026-07-03T13:57:44.884Z</time>
      </trkpt>
      <trkpt lat="49.055344" lon="12.001855">
        <ele>458.275354</ele>
        <time>2026-07-03T13:57:47.263Z</time>
      </trkpt>
      <trkpt lat="49.055304" lon="12.001788">
        <ele>458.145887</ele>
        <time>2026-07-03T13:57:48.621Z</time>
      </trkpt>
      <trkpt lat="49.054868" lon="12.002285">
        <ele>456.959627</ele>
        <time>2026-07-03T13:57:57.735Z</time>
      </trkpt>
      <trkpt lat="49.054906" lon="12.002362">
        <ele>456.821935</ele>
        <time>2026-07-03T13:57:58.854Z</time>
      </trkpt>
      <trkpt lat="49.053824" lon="12.003604">
        <ele>454.876532</ele>
        <time>2026-07-03T13:58:24.464Z</time>
      </trkpt>
      <trkpt lat="49.053463" lon="12.003943">
        <ele>454.498518</ele>
        <time>2026-07-03T13:58:33.228Z</time>
      </trkpt>
      <trkpt lat="49.053137" lon="12.004193">
        <ele>454.173146</ele>
        <time>2026-07-03T13:58:40.810Z</time>
      </trkpt>
      <trkpt lat="49.052136" lon="12.004703">
        <ele>452.753420</ele>
        <time>2026-07-03T13:59:01.169Z</time>
      </trkpt>
      <trkpt lat="49.051079" lon="12.005166">
        <ele>451.202611</ele>
        <time>2026-07-03T13:59:20.339Z</time>
      </trkpt>
      <trkpt lat="49.050072" lon="12.005609">
        <ele>450.209858</ele>
        <time>2026-07-03T13:59:40.167Z</time>
      </trkpt>
      <trkpt lat="49.049797" lon="12.005743">
        <ele>449.936398</ele>
        <time>2026-07-03T13:59:46.427Z</time>
      </trkpt>
      <trkpt lat="49.049494" lon="12.005951">
        <ele>449.621664</ele>
        <time>2026-07-03T13:59:53.800Z</time>
      </trkpt>
      <trkpt lat="49.049394" lon="12.006073">
        <ele>449.348754</ele>
        <time>2026-07-03T13:59:56.706Z</time>
      </trkpt>
      <trkpt lat="49.049017" lon="12.006688">
        <ele>448.160838</ele>
        <time>2026-07-03T14:00:08.760Z</time>
      </trkpt>
      <trkpt lat="49.048629" lon="12.007448">
        <ele>446.801824</ele>
        <time>2026-07-03T14:00:19.805Z</time>
      </trkpt>
      <trkpt lat="49.048489" lon="12.007829">
        <ele>446.185634</ele>
        <time>2026-07-03T14:00:24.315Z</time>
      </trkpt>
      <trkpt lat="49.048356" lon="12.008550">
        <ele>444.080524</ele>
        <time>2026-07-03T14:00:31.700Z</time>
      </trkpt>
      <trkpt lat="49.048294" lon="12.008749">
        <ele>443.243355</ele>
        <time>2026-07-03T14:00:33.818Z</time>
      </trkpt>
      <trkpt lat="49.048199" lon="12.008916">
        <ele>442.403184</ele>
        <time>2026-07-03T14:00:35.937Z</time>
      </trkpt>
      <trkpt lat="49.047506" lon="12.009842">
        <ele>437.063023</ele>
        <time>2026-07-03T14:00:49.269Z</time>
      </trkpt>
      <trkpt lat="49.047232" lon="12.010205">
        <ele>434.979181</ele>
        <time>2026-07-03T14:00:54.589Z</time>
      </trkpt>
      <trkpt lat="49.046318" lon="12.011412">
        <ele>428.354263</ele>
        <time>2026-07-03T14:01:12.839Z</time>
      </trkpt>
      <trkpt lat="49.045616" lon="12.012321">
        <ele>422.649846</ele>
        <time>2026-07-03T14:01:26.471Z</time>
      </trkpt>
      <trkpt lat="49.044888" lon="12.013099">
        <ele>416.291360</ele>
        <time>2026-07-03T14:01:39.028Z</time>
      </trkpt>
      <trkpt lat="49.044830" lon="12.013154">
        <ele>415.802826</ele>
        <time>2026-07-03T14:01:39.989Z</time>
      </trkpt>
      <trkpt lat="49.044764" lon="12.013212">
        <ele>415.257955</ele>
        <time>2026-07-03T14:01:41.049Z</time>
      </trkpt>
      <trkpt lat="49.044409" lon="12.013483">
        <ele>412.430459</ele>
        <time>2026-07-03T14:01:46.613Z</time>
      </trkpt>
      <trkpt lat="49.043934" lon="12.013788">
        <ele>408.996079</ele>
        <time>2026-07-03T14:01:53.875Z</time>
      </trkpt>
      <trkpt lat="49.042894" lon="12.014500">
        <ele>401.399573</ele>
        <time>2026-07-03T14:02:10.379Z</time>
      </trkpt>
      <trkpt lat="49.042627" lon="12.014717">
        <ele>400.011760</ele>
        <time>2026-07-03T14:02:14.914Z</time>
      </trkpt>
      <trkpt lat="49.042460" lon="12.014919">
        <ele>399.318469</ele>
        <time>2026-07-03T14:02:18.162Z</time>
      </trkpt>
      <trkpt lat="49.042188" lon="12.015408">
        <ele>397.950932</ele>
        <time>2026-07-03T14:02:24.733Z</time>
      </trkpt>
      <trkpt lat="49.042170" lon="12.015452">
        <ele>397.840336</ele>
        <time>2026-07-03T14:02:25.293Z</time>
      </trkpt>
      <trkpt lat="49.042092" lon="12.015640">
        <ele>397.365902</ele>
        <time>2026-07-03T14:02:27.792Z</time>
      </trkpt>
      <trkpt lat="49.042037" lon="12.015879">
        <ele>396.825775</ele>
        <time>2026-07-03T14:02:30.957Z</time>
      </trkpt>
      <trkpt lat="49.042026" lon="12.016139">
        <ele>396.270209</ele>
        <time>2026-07-03T14:02:34.149Z</time>
      </trkpt>
      <trkpt lat="49.042121" lon="12.016865">
        <ele>394.682611</ele>
        <time>2026-07-03T14:02:42.744Z</time>
      </trkpt>
      <trkpt lat="49.042174" lon="12.016720">
        <ele>394.282162</ele>
        <time>2026-07-03T14:02:44.767Z</time>
      </trkpt>
      <trkpt lat="49.042231" lon="12.016642">
        <ele>394.000400</ele>
        <time>2026-07-03T14:02:46.154Z</time>
      </trkpt>
      <trkpt lat="49.042295" lon="12.016592">
        <ele>393.735814</ele>
        <time>2026-07-03T14:02:47.419Z</time>
      </trkpt>
      <trkpt lat="49.042449" lon="12.016491">
        <ele>393.118990</ele>
        <time>2026-07-03T14:02:50.341Z</time>
      </trkpt>
      <trkpt lat="49.042295" lon="12.016592">
        <ele>392.502167</ele>
        <time>2026-07-03T14:02:53.197Z</time>
      </trkpt>
      <trkpt lat="49.042231" lon="12.016642">
        <ele>392.237580</ele>
        <time>2026-07-03T14:02:54.408Z</time>
      </trkpt>
      <trkpt lat="49.042174" lon="12.016720">
        <ele>391.955819</ele>
        <time>2026-07-03T14:02:55.783Z</time>
      </trkpt>
      <trkpt lat="49.042121" lon="12.016865">
        <ele>391.555370</ele>
        <time>2026-07-03T14:02:57.686Z</time>
      </trkpt>
      <trkpt lat="49.042213" lon="12.017214">
        <ele>390.648038</ele>
        <time>2026-07-03T14:03:01.732Z</time>
      </trkpt>
      <trkpt lat="49.042321" lon="12.017469">
        <ele>389.915746</ele>
        <time>2026-07-03T14:03:04.875Z</time>
      </trkpt>
      <trkpt lat="49.042499" lon="12.017707">
        <ele>389.044790</ele>
        <time>2026-07-03T14:03:08.398Z</time>
      </trkpt>
      <trkpt lat="49.042592" lon="12.017795">
        <ele>388.642093</ele>
        <time>2026-07-03T14:03:09.971Z</time>
      </trkpt>
      <trkpt lat="49.042762" lon="12.017883">
        <ele>387.823702</ele>
        <time>2026-07-03T14:03:12.580Z</time>
      </trkpt>
      <trkpt lat="49.042923" lon="12.017886">
        <ele>386.646485</ele>
        <time>2026-07-03T14:03:14.926Z</time>
      </trkpt>
      <trkpt lat="49.044195" lon="12.017668">
        <ele>377.287937</ele>
        <time>2026-07-03T14:03:33.101Z</time>
      </trkpt>
      <trkpt lat="49.044368" lon="12.017682">
        <ele>376.021294</ele>
        <time>2026-07-03T14:03:35.506Z</time>
      </trkpt>
      <trkpt lat="49.044507" lon="12.017764">
        <ele>374.936523</ele>
        <time>2026-07-03T14:03:37.577Z</time>
      </trkpt>
      <trkpt lat="49.044662" lon="12.017983">
        <ele>373.518214</ele>
        <time>2026-07-03T14:03:40.514Z</time>
      </trkpt>
      <trkpt lat="49.044747" lon="12.018186">
        <ele>372.458195</ele>
        <time>2026-07-03T14:03:42.717Z</time>
      </trkpt>
      <trkpt lat="49.044809" lon="12.018442">
        <ele>371.257223</ele>
        <time>2026-07-03T14:03:45.229Z</time>
      </trkpt>
      <trkpt lat="49.044811" lon="12.018696">
        <ele>370.139410</ele>
        <time>2026-07-03T14:03:47.567Z</time>
      </trkpt>
      <trkpt lat="49.044760" lon="12.019071">
        <ele>368.454069</ele>
        <time>2026-07-03T14:03:51.128Z</time>
      </trkpt>
      <trkpt lat="49.044657" lon="12.019468">
        <ele>366.575184</ele>
        <time>2026-07-03T14:03:55.180Z</time>
      </trkpt>
      <trkpt lat="49.044531" lon="12.019782">
        <ele>364.955047</ele>
        <time>2026-07-03T14:03:58.769Z</time>
      </trkpt>
      <trkpt lat="49.044138" lon="12.020529">
        <ele>361.779992</ele>
        <time>2026-07-03T14:04:08.415Z</time>
      </trkpt>
      <trkpt lat="49.043921" lon="12.021064">
        <ele>360.334882</ele>
        <time>2026-07-03T14:04:14.846Z</time>
      </trkpt>
      <trkpt lat="49.043863" lon="12.021254">
        <ele>359.853455</ele>
        <time>2026-07-03T14:04:17.006Z</time>
      </trkpt>
      <trkpt lat="49.043784" lon="12.021665">
        <ele>358.869655</ele>
        <time>2026-07-03T14:04:21.514Z</time>
      </trkpt>
      <trkpt lat="49.043750" lon="12.022126">
        <ele>357.804076</ele>
        <time>2026-07-03T14:04:26.616Z</time>
      </trkpt>
      <trkpt lat="49.043762" lon="12.022346">
        <ele>357.296999</ele>
        <time>2026-07-03T14:04:29.110Z</time>
      </trkpt>
      <trkpt lat="49.043788" lon="12.022814">
        <ele>356.480813</ele>
        <time>2026-07-03T14:04:34.447Z</time>
      </trkpt>
      <trkpt lat="49.044010" lon="12.023844">
        <ele>355.648020</ele>
        <time>2026-07-03T14:04:47.168Z</time>
      </trkpt>
      <trkpt lat="49.043301" lon="12.024326">
        <ele>354.738473</ele>
        <time>2026-07-03T14:05:03.450Z</time>
      </trkpt>
      <trkpt lat="49.042927" lon="12.024466">
        <ele>354.367195</ele>
        <time>2026-07-03T14:05:11.166Z</time>
      </trkpt>
      <trkpt lat="49.042621" lon="12.024488">
        <ele>354.139956</ele>
        <time>2026-07-03T14:05:17.183Z</time>
      </trkpt>
      <trkpt lat="49.041821" lon="12.024305">
        <ele>353.539894</ele>
        <time>2026-07-03T14:05:33.503Z</time>
      </trkpt>
      <trkpt lat="49.041420" lon="12.024282">
        <ele>353.242228</ele>
        <time>2026-07-03T14:05:41.307Z</time>
      </trkpt>
      <trkpt lat="49.040819" lon="12.024446">
        <ele>352.783508</ele>
        <time>2026-07-03T14:05:53.116Z</time>
      </trkpt>
      <trkpt lat="49.039807" lon="12.025229">
        <ele>351.928924</ele>
        <time>2026-07-03T14:06:15.713Z</time>
      </trkpt>
      <trkpt lat="49.038083" lon="12.026741">
        <ele>351.265944</ele>
        <time>2026-07-03T14:06:57.316Z</time>
      </trkpt>
      <trkpt lat="49.037472" lon="12.027382">
        <ele>351.220265</ele>
        <time>2026-07-03T14:07:14.878Z</time>
      </trkpt>
      <trkpt lat="49.037018" lon="12.028076">
        <ele>351.180672</ele>
        <time>2026-07-03T14:07:29.814Z</time>
      </trkpt>
      <trkpt lat="49.035597" lon="12.030021">
        <ele>349.561617</ele>
        <time>2026-07-03T14:08:07.698Z</time>
      </trkpt>
      <trkpt lat="49.035019" lon="12.030691">
        <ele>348.201991</ele>
        <time>2026-07-03T14:08:20.217Z</time>
      </trkpt>
      <trkpt lat="49.034921" lon="12.030857">
        <ele>347.858263</ele>
        <time>2026-07-03T14:08:22.662Z</time>
      </trkpt>
      <trkpt lat="49.034900" lon="12.030991">
        <ele>347.646264</ele>
        <time>2026-07-03T14:08:24.189Z</time>
      </trkpt>
      <trkpt lat="49.034492" lon="12.031347">
        <ele>346.543056</ele>
        <time>2026-07-03T14:08:32.017Z</time>
      </trkpt>
      <trkpt lat="49.034133" lon="12.031606">
        <ele>345.610966</ele>
        <time>2026-07-03T14:08:38.779Z</time>
      </trkpt>
      <trkpt lat="49.033680" lon="12.031818">
        <ele>344.736399</ele>
        <time>2026-07-03T14:08:46.916Z</time>
      </trkpt>
      <trkpt lat="49.033104" lon="12.031996">
        <ele>343.934369</ele>
        <time>2026-07-03T14:08:57.540Z</time>
      </trkpt>
      <trkpt lat="49.032199" lon="12.032389">
        <ele>342.650248</ele>
        <time>2026-07-03T14:09:16.012Z</time>
      </trkpt>
      <trkpt lat="49.032043" lon="12.032407">
        <ele>342.525562</ele>
        <time>2026-07-03T14:09:19.076Z</time>
      </trkpt>
      <trkpt lat="49.031850" lon="12.032645">
        <ele>342.358662</ele>
        <time>2026-07-03T14:09:23.940Z</time>
      </trkpt>
      <trkpt lat="49.031042" lon="12.033384">
        <ele>341.725104</ele>
        <time>2026-07-03T14:09:43.137Z</time>
      </trkpt>
      <trkpt lat="49.029840" lon="12.035014">
        <ele>340.308882</ele>
        <time>2026-07-03T14:10:15.504Z</time>
      </trkpt>
      <trkpt lat="49.028452" lon="12.036975">
        <ele>337.911471</ele>
        <time>2026-07-03T14:10:50.126Z</time>
      </trkpt>
      <trkpt lat="49.028370" lon="12.037100">
        <ele>337.745606</ele>
        <time>2026-07-03T14:10:52.208Z</time>
      </trkpt>
      <trkpt lat="49.028223" lon="12.037324">
        <ele>337.448318</ele>
        <time>2026-07-03T14:10:55.990Z</time>
      </trkpt>
      <trkpt lat="49.028296" lon="12.037436">
        <ele>337.300180</ele>
        <time>2026-07-03T14:10:57.906Z</time>
      </trkpt>
      <trkpt lat="49.027978" lon="12.037944">
        <ele>337.013108</ele>
        <time>2026-07-03T14:11:06.600Z</time>
      </trkpt>
      <trkpt lat="49.026975" lon="12.039547">
        <ele>336.671658</ele>
        <time>2026-07-03T14:11:39.565Z</time>
      </trkpt>
      <trkpt lat="49.026447" lon="12.040390">
        <ele>336.050787</ele>
        <time>2026-07-03T14:11:56.399Z</time>
      </trkpt>
      <trkpt lat="49.026091" lon="12.040934">
        <ele>335.627563</ele>
        <time>2026-07-03T14:12:06.143Z</time>
      </trkpt>
      <trkpt lat="49.025766" lon="12.041452">
        <ele>335.232774</ele>
        <time>2026-07-03T14:12:14.529Z</time>
      </trkpt>
      <trkpt lat="49.025498" lon="12.041911">
        <ele>334.638909</ele>
        <time>2026-07-03T14:12:21.783Z</time>
      </trkpt>
      <trkpt lat="49.025432" lon="12.042128">
        <ele>334.377096</ele>
        <time>2026-07-03T14:12:24.642Z</time>
      </trkpt>
      <trkpt lat="49.025413" lon="12.042292">
        <ele>334.194817</ele>
        <time>2026-07-03T14:12:26.586Z</time>
      </trkpt>
      <trkpt lat="49.025422" lon="12.042463">
        <ele>334.007054</ele>
        <time>2026-07-03T14:12:28.613Z</time>
      </trkpt>
      <trkpt lat="49.025458" lon="12.042605">
        <ele>333.840422</ele>
        <time>2026-07-03T14:12:30.426Z</time>
      </trkpt>
      <trkpt lat="49.025667" lon="12.043060">
        <ele>333.232391</ele>
        <time>2026-07-03T14:12:36.857Z</time>
      </trkpt>
      <trkpt lat="49.025855" lon="12.043246">
        <ele>332.858338</ele>
        <time>2026-07-03T14:12:40.856Z</time>
      </trkpt>
      <trkpt lat="49.026076" lon="12.044069">
        <ele>332.011391</ele>
        <time>2026-07-03T14:12:51.628Z</time>
      </trkpt>
      <trkpt lat="49.026109" lon="12.044233">
        <ele>331.912943</ele>
        <time>2026-07-03T14:12:53.738Z</time>
      </trkpt>
      <trkpt lat="49.026119" lon="12.044451">
        <ele>331.787531</ele>
        <time>2026-07-03T14:12:56.437Z</time>
      </trkpt>
      <trkpt lat="49.026119" lon="12.044532">
        <ele>331.741047</ele>
        <time>2026-07-03T14:12:57.466Z</time>
      </trkpt>
      <trkpt lat="49.026124" lon="12.044828">
        <ele>331.571123</ele>
        <time>2026-07-03T14:13:01.063Z</time>
      </trkpt>
      <trkpt lat="49.026207" lon="12.045070">
        <ele>331.414394</ele>
        <time>2026-07-03T14:13:04.338Z</time>
      </trkpt>
      <trkpt lat="49.027361" lon="12.047191">
        <ele>330.426680</ele>
        <time>2026-07-03T14:13:41.856Z</time>
      </trkpt>
      <trkpt lat="49.028340" lon="12.049165">
        <ele>330.319959</ele>
        <time>2026-07-03T14:14:18.475Z</time>
      </trkpt>
      <trkpt lat="49.028803" lon="12.050184">
        <ele>330.393057</ele>
        <time>2026-07-03T14:14:36.894Z</time>
      </trkpt>
      <trkpt lat="49.030741" lon="12.055026">
        <ele>330.604026</ele>
        <time>2026-07-03T14:16:00.690Z</time>
      </trkpt>
      <trkpt lat="49.031117" lon="12.056077">
        <ele>330.541796</ele>
        <time>2026-07-03T14:16:17.655Z</time>
      </trkpt>
      <trkpt lat="49.031455" lon="12.057147">
        <ele>330.455233</ele>
        <time>2026-07-03T14:16:34.401Z</time>
      </trkpt>
      <trkpt lat="49.031674" lon="12.058105">
        <ele>330.424353</ele>
        <time>2026-07-03T14:16:49.136Z</time>
      </trkpt>
      <trkpt lat="49.031871" lon="12.059252">
        <ele>330.476914</ele>
        <time>2026-07-03T14:17:06.678Z</time>
      </trkpt>
      <trkpt lat="49.032083" lon="12.060785">
        <ele>330.531650</ele>
        <time>2026-07-03T14:17:30.018Z</time>
      </trkpt>
      <trkpt lat="49.032232" lon="12.062440">
        <ele>330.540412</ele>
        <time>2026-07-03T14:17:54.688Z</time>
      </trkpt>
      <trkpt lat="49.032289" lon="12.064056">
        <ele>330.421480</ele>
        <time>2026-07-03T14:18:17.789Z</time>
      </trkpt>
      <trkpt lat="49.032294" lon="12.065155">
        <ele>330.275359</ele>
        <time>2026-07-03T14:18:32.870Z</time>
      </trkpt>
      <trkpt lat="49.032277" lon="12.065413">
        <ele>330.240884</ele>
        <time>2026-07-03T14:18:36.449Z</time>
      </trkpt>
      <trkpt lat="49.032239" lon="12.065974">
        <ele>330.198343</ele>
        <time>2026-07-03T14:18:44.373Z</time>
      </trkpt>
      <trkpt lat="49.032158" lon="12.066670">
        <ele>330.331553</ele>
        <time>2026-07-03T14:18:54.713Z</time>
      </trkpt>
      <trkpt lat="49.031954" lon="12.067792">
        <ele>330.550973</ele>
        <time>2026-07-03T14:19:12.840Z</time>
      </trkpt>
      <trkpt lat="49.031216" lon="12.070507">
        <ele>331.367412</ele>
        <time>2026-07-03T14:20:00.170Z</time>
      </trkpt>
      <trkpt lat="49.030891" lon="12.071805">
        <ele>331.590769</ele>
        <time>2026-07-03T14:20:21.148Z</time>
      </trkpt>
      <trkpt lat="49.030401" lon="12.073922">
        <ele>331.842059</ele>
        <time>2026-07-03T14:20:53.514Z</time>
      </trkpt>
      <trkpt lat="49.030076" lon="12.075474">
        <ele>332.585546</ele>
        <time>2026-07-03T14:21:19.830Z</time>
      </trkpt>
      <trkpt lat="49.029829" lon="12.076852">
        <ele>333.155583</ele>
        <time>2026-07-03T14:21:45.718Z</time>
      </trkpt>
      <trkpt lat="49.029755" lon="12.077431">
        <ele>333.348151</ele>
        <time>2026-07-03T14:21:56.259Z</time>
      </trkpt>
      <trkpt lat="49.029610" lon="12.078549">
        <ele>333.720186</ele>
        <time>2026-07-03T14:22:13.505Z</time>
      </trkpt>
      <trkpt lat="49.029410" lon="12.079218">
        <ele>333.627215</ele>
        <time>2026-07-03T14:22:23.285Z</time>
      </trkpt>
      <trkpt lat="49.029079" lon="12.080322">
        <ele>332.874828</ele>
        <time>2026-07-03T14:22:38.173Z</time>
      </trkpt>
      <trkpt lat="49.028988" lon="12.080552">
        <ele>332.708334</ele>
        <time>2026-07-03T14:22:41.430Z</time>
      </trkpt>
      <trkpt lat="49.028466" lon="12.082964">
        <ele>331.679446</ele>
        <time>2026-07-03T14:23:15.864Z</time>
      </trkpt>
      <trkpt lat="49.028476" lon="12.083226">
        <ele>331.604527</ele>
        <time>2026-07-03T14:23:19.676Z</time>
      </trkpt>
      <trkpt lat="49.028090" lon="12.085065">
        <ele>331.562707</ele>
        <time>2026-07-03T14:23:48.901Z</time>
      </trkpt>
      <trkpt lat="49.027889" lon="12.086502">
        <ele>331.835335</ele>
        <time>2026-07-03T14:24:11.961Z</time>
      </trkpt>
      <trkpt lat="49.027842" lon="12.087185">
        <ele>331.875218</ele>
        <time>2026-07-03T14:24:22.581Z</time>
      </trkpt>
      <trkpt lat="49.027815" lon="12.087665">
        <ele>331.879312</ele>
        <time>2026-07-03T14:24:29.484Z</time>
      </trkpt>
      <trkpt lat="49.027816" lon="12.088936">
        <ele>331.890114</ele>
        <time>2026-07-03T14:24:47.183Z</time>
      </trkpt>
      <trkpt lat="49.027739" lon="12.089139">
        <ele>331.892107</ele>
        <time>2026-07-03T14:24:50.617Z</time>
      </trkpt>
      <trkpt lat="49.027700" lon="12.089919">
        <ele>332.005651</ele>
        <time>2026-07-03T14:25:09.968Z</time>
      </trkpt>
      <trkpt lat="49.027664" lon="12.090256">
        <ele>332.078624</ele>
        <time>2026-07-03T14:25:18.547Z</time>
      </trkpt>
      <trkpt lat="49.027677" lon="12.090306">
        <ele>332.090119</ele>
        <time>2026-07-03T14:25:19.389Z</time>
      </trkpt>
      <trkpt lat="49.027649" lon="12.090695">
        <ele>332.173756</ele>
        <time>2026-07-03T14:25:25.500Z</time>
      </trkpt>
      <trkpt lat="49.027687" lon="12.090823">
        <ele>332.203785</ele>
        <time>2026-07-03T14:25:27.771Z</time>
      </trkpt>
      <trkpt lat="49.027678" lon="12.091074">
        <ele>332.257509</ele>
        <time>2026-07-03T14:25:31.876Z</time>
      </trkpt>
      <trkpt lat="49.027565" lon="12.092316">
        <ele>332.478010</ele>
        <time>2026-07-03T14:25:51.843Z</time>
      </trkpt>
      <trkpt lat="49.027523" lon="12.092787">
        <ele>332.472183</ele>
        <time>2026-07-03T14:25:58.875Z</time>
      </trkpt>
      <trkpt lat="49.027414" lon="12.094093">
        <ele>332.456043</ele>
        <time>2026-07-03T14:26:17.645Z</time>
      </trkpt>
      <trkpt lat="49.027380" lon="12.094459">
        <ele>332.451511</ele>
        <time>2026-07-03T14:26:22.831Z</time>
      </trkpt>
      <trkpt lat="49.027280" lon="12.094853">
        <ele>332.441450</ele>
        <time>2026-07-03T14:26:28.724Z</time>
      </trkpt>
      <trkpt lat="49.026962" lon="12.095575">
        <ele>332.347586</ele>
        <time>2026-07-03T14:26:40.789Z</time>
      </trkpt>
      <trkpt lat="49.026911" lon="12.095937">
        <ele>332.307627</ele>
        <time>2026-07-03T14:26:46.274Z</time>
      </trkpt>
      <trkpt lat="49.026852" lon="12.096709">
        <ele>332.223749</ele>
        <time>2026-07-03T14:26:57.310Z</time>
      </trkpt>
      <trkpt lat="49.026841" lon="12.096864">
        <ele>332.206924</ele>
        <time>2026-07-03T14:26:59.506Z</time>
      </trkpt>
      <trkpt lat="49.026823" lon="12.097184">
        <ele>332.172263</ele>
        <time>2026-07-03T14:27:03.833Z</time>
      </trkpt>
      <trkpt lat="49.026837" lon="12.097489">
        <ele>332.155539</ele>
        <time>2026-07-03T14:27:08.094Z</time>
      </trkpt>
      <trkpt lat="49.026883" lon="12.097961">
        <ele>332.175916</ele>
        <time>2026-07-03T14:27:15.067Z</time>
      </trkpt>
      <trkpt lat="49.026884" lon="12.098542">
        <ele>332.200727</ele>
        <time>2026-07-03T14:27:24.441Z</time>
      </trkpt>
      <trkpt lat="49.026881" lon="12.098722">
        <ele>332.208416</ele>
        <time>2026-07-03T14:27:27.287Z</time>
      </trkpt>
      <trkpt lat="49.027041" lon="12.098730">
        <ele>332.218841</ele>
        <time>2026-07-03T14:27:30.990Z</time>
      </trkpt>
      <trkpt lat="49.027689" lon="12.099018">
        <ele>332.262798</ele>
        <time>2026-07-03T14:27:45.036Z</time>
      </trkpt>
      <trkpt lat="49.027723" lon="12.099203">
        <ele>332.323045</ele>
        <time>2026-07-03T14:27:47.819Z</time>
      </trkpt>
      <trkpt lat="49.027603" lon="12.099189">
        <ele>332.469637</ele>
        <time>2026-07-03T14:27:50.739Z</time>
      </trkpt>
      <trkpt lat="49.027182" lon="12.099116">
        <ele>332.985736</ele>
        <time>2026-07-03T14:28:01.896Z</time>
      </trkpt>
      <trkpt lat="49.027012" lon="12.099092">
        <ele>333.193688</ele>
        <time>2026-07-03T14:28:06.263Z</time>
      </trkpt>
      <trkpt lat="49.026955" lon="12.099080">
        <ele>333.263775</ele>
        <time>2026-07-03T14:28:07.771Z</time>
      </trkpt>
      <trkpt lat="49.026808" lon="12.099050">
        <ele>333.444423</ele>
        <time>2026-07-03T14:28:11.653Z</time>
      </trkpt>
      <trkpt lat="49.026214" lon="12.098931">
        <ele>334.174156</ele>
        <time>2026-07-03T14:28:29.145Z</time>
      </trkpt>
      <trkpt lat="49.026079" lon="12.098902">
        <ele>334.340214</ele>
        <time>2026-07-03T14:28:33.515Z</time>
      </trkpt>
      <trkpt lat="49.026011" lon="12.098880">
        <ele>334.424884</ele>
        <time>2026-07-03T14:28:35.796Z</time>
      </trkpt>
      <trkpt lat="49.025832" lon="12.098821">
        <ele>334.491443</ele>
        <time>2026-07-03T14:28:41.837Z</time>
      </trkpt>
      <trkpt lat="49.025585" lon="12.098740">
        <ele>334.544438</ele>
        <time>2026-07-03T14:28:49.999Z</time>
      </trkpt>
      <trkpt lat="49.025281" lon="12.098543">
        <ele>334.613724</ele>
        <time>2026-07-03T14:28:59.570Z</time>
      </trkpt>
      <trkpt lat="49.025157" lon="12.098452">
        <ele>334.642589</ele>
        <time>2026-07-03T14:29:03.194Z</time>
      </trkpt>
      <trkpt lat="49.025103" lon="12.098422">
        <ele>334.654645</ele>
        <time>2026-07-03T14:29:04.628Z</time>
      </trkpt>
      <trkpt lat="49.024811" lon="12.098400">
        <ele>334.715969</ele>
        <time>2026-07-03T14:29:11.038Z</time>
      </trkpt>
      <trkpt lat="49.024673" lon="12.098308">
        <ele>334.747562</ele>
        <time>2026-07-03T14:29:13.848Z</time>
      </trkpt>
      <trkpt lat="49.024558" lon="12.098023">
        <ele>334.793590</ele>
        <time>2026-07-03T14:29:17.653Z</time>
      </trkpt>
      <trkpt lat="49.024526" lon="12.097619">
        <ele>334.763238</ele>
        <time>2026-07-03T14:29:22.167Z</time>
      </trkpt>
      <trkpt lat="49.024509" lon="12.097344">
        <ele>334.556361</ele>
        <time>2026-07-03T14:29:25.329Z</time>
      </trkpt>
      <trkpt lat="49.024465" lon="12.097345">
        <ele>334.506100</ele>
        <time>2026-07-03T14:29:26.095Z</time>
      </trkpt>
      <trkpt lat="49.024391" lon="12.097344">
        <ele>334.421576</ele>
        <time>2026-07-03T14:29:27.405Z</time>
      </trkpt>
      <trkpt lat="49.024020" lon="12.097307">
        <ele>333.996928</ele>
        <time>2026-07-03T14:29:34.032Z</time>
      </trkpt>
      <trkpt lat="49.023621" lon="12.097259">
        <ele>333.539789</ele>
        <time>2026-07-03T14:29:43.945Z</time>
      </trkpt>
      <trkpt lat="49.023140" lon="12.097254">
        <ele>332.990394</ele>
        <time>2026-07-03T14:29:57.076Z</time>
      </trkpt>
      <trkpt lat="49.022783" lon="12.097255">
        <ele>333.124707</ele>
        <time>2026-07-03T14:30:09.473Z</time>
      </trkpt>
      <trkpt lat="49.022193" lon="12.097195">
        <ele>334.287346</ele>
        <time>2026-07-03T14:30:32.028Z</time>
      </trkpt>
      <trkpt lat="49.021415" lon="12.097074">
        <ele>335.824989</ele>
        <time>2026-07-03T14:31:03.528Z</time>
      </trkpt>
      <trkpt lat="49.021243" lon="12.096959">
        <ele>336.194256</ele>
        <time>2026-07-03T14:31:09.537Z</time>
      </trkpt>
      <trkpt lat="49.021188" lon="12.096943">
        <ele>336.304347</ele>
        <time>2026-07-03T14:31:11.611Z</time>
      </trkpt>
      <trkpt lat="49.020951" lon="12.096908">
        <ele>336.347107</ele>
        <time>2026-07-03T14:31:18.973Z</time>
      </trkpt>
      <trkpt lat="49.020901" lon="12.097195">
        <ele>336.371371</ele>
        <time>2026-07-03T14:31:24.928Z</time>
      </trkpt>
      <trkpt lat="49.020843" lon="12.097688">
        <ele>336.412296</ele>
        <time>2026-07-03T14:31:34.308Z</time>
      </trkpt>
      <trkpt lat="49.020941" lon="12.097784">
        <ele>336.426809</ele>
        <time>2026-07-03T14:31:37.190Z</time>
      </trkpt>
      <trkpt lat="49.021018" lon="12.097855">
        <ele>336.438021</ele>
        <time>2026-07-03T14:31:39.103Z</time>
      </trkpt>
      <trkpt lat="49.020941" lon="12.097784">
        <ele>336.449233</ele>
        <time>2026-07-03T14:31:41.395Z</time>
      </trkpt>
      <trkpt lat="49.020843" lon="12.097688">
        <ele>336.463746</ele>
        <time>2026-07-03T14:31:43.960Z</time>
      </trkpt>
      <trkpt lat="49.020901" lon="12.097195">
        <ele>336.504671</ele>
        <time>2026-07-03T14:31:49.952Z</time>
      </trkpt>
      <trkpt lat="49.020951" lon="12.096908">
        <ele>336.528935</ele>
        <time>2026-07-03T14:31:53.356Z</time>
      </trkpt>
      <trkpt lat="49.021188" lon="12.096943">
        <ele>336.279645</ele>
        <time>2026-07-03T14:31:57.761Z</time>
      </trkpt>
      <trkpt lat="49.021243" lon="12.096959">
        <ele>336.166279</ele>
        <time>2026-07-03T14:31:59.104Z</time>
      </trkpt>
      <trkpt lat="49.021415" lon="12.097074">
        <ele>335.786030</ele>
        <time>2026-07-03T14:32:04.168Z</time>
      </trkpt>
      <trkpt lat="49.022193" lon="12.097195">
        <ele>334.202653</ele>
        <time>2026-07-03T14:32:22.131Z</time>
      </trkpt>
      <trkpt lat="49.022783" lon="12.097255">
        <ele>333.005435</ele>
        <time>2026-07-03T14:32:36.202Z</time>
      </trkpt>
      <trkpt lat="49.023140" lon="12.097254">
        <ele>333.188791</ele>
        <time>2026-07-03T14:32:45.203Z</time>
      </trkpt>
      <trkpt lat="49.023621" lon="12.097259">
        <ele>333.642629</ele>
        <time>2026-07-03T14:33:00.424Z</time>
      </trkpt>
      <trkpt lat="49.024020" lon="12.097307">
        <ele>334.020258</ele>
        <time>2026-07-03T14:33:14.711Z</time>
      </trkpt>
      <trkpt lat="49.024391" lon="12.097344">
        <ele>334.371047</ele>
        <time>2026-07-03T14:33:27.007Z</time>
      </trkpt>
      <trkpt lat="49.024465" lon="12.097345">
        <ele>334.440869</ele>
        <time>2026-07-03T14:33:29.461Z</time>
      </trkpt>
      <trkpt lat="49.024509" lon="12.097344">
        <ele>334.482388</ele>
        <time>2026-07-03T14:33:31.027Z</time>
      </trkpt>
      <trkpt lat="49.024526" lon="12.097619">
        <ele>334.600827</ele>
        <time>2026-07-03T14:33:37.251Z</time>
      </trkpt>
      <trkpt lat="49.024558" lon="12.098023">
        <ele>334.614654</ele>
        <time>2026-07-03T14:33:45.910Z</time>
      </trkpt>
      <trkpt lat="49.024673" lon="12.098308">
        <ele>334.626025</ele>
        <time>2026-07-03T14:33:52.716Z</time>
      </trkpt>
      <trkpt lat="49.024811" lon="12.098400">
        <ele>334.633829</ele>
        <time>2026-07-03T14:33:56.872Z</time>
      </trkpt>
      <trkpt lat="49.025103" lon="12.098422">
        <ele>334.648978</ele>
        <time>2026-07-03T14:34:03.452Z</time>
      </trkpt>
      <trkpt lat="49.025157" lon="12.098452">
        <ele>334.651956</ele>
        <time>2026-07-03T14:34:04.602Z</time>
      </trkpt>
      <trkpt lat="49.025281" lon="12.098543">
        <ele>334.659087</ele>
        <time>2026-07-03T14:34:07.267Z</time>
      </trkpt>
      <trkpt lat="49.025585" lon="12.098740">
        <ele>334.676203</ele>
        <time>2026-07-03T14:34:13.224Z</time>
      </trkpt>
      <trkpt lat="49.025832" lon="12.098821">
        <ele>334.689294</ele>
        <time>2026-07-03T14:34:17.515Z</time>
      </trkpt>
      <trkpt lat="49.026011" lon="12.098880">
        <ele>334.480166</ele>
        <time>2026-07-03T14:34:20.583Z</time>
      </trkpt>
      <trkpt lat="49.026079" lon="12.098902">
        <ele>334.382856</ele>
        <time>2026-07-03T14:34:21.751Z</time>
      </trkpt>
      <trkpt lat="49.026214" lon="12.098931">
        <ele>334.192007</ele>
        <time>2026-07-03T14:34:24.058Z</time>
      </trkpt>
      <trkpt lat="49.026808" lon="12.099050">
        <ele>333.353337</ele>
        <time>2026-07-03T14:34:34.840Z</time>
      </trkpt>
      <trkpt lat="49.026955" lon="12.099080">
        <ele>333.145721</ele>
        <time>2026-07-03T14:34:37.682Z</time>
      </trkpt>
      <trkpt lat="49.027012" lon="12.099092">
        <ele>333.065172</ele>
        <time>2026-07-03T14:34:38.808Z</time>
      </trkpt>
      <trkpt lat="49.027182" lon="12.099116">
        <ele>332.826176</ele>
        <time>2026-07-03T14:34:42.178Z</time>
      </trkpt>
      <trkpt lat="49.027603" lon="12.099189">
        <ele>332.233031</ele>
        <time>2026-07-03T14:34:50.918Z</time>
      </trkpt>
      <trkpt lat="49.027723" lon="12.099203">
        <ele>332.108450</ele>
        <time>2026-07-03T14:34:53.545Z</time>
      </trkpt>
      <trkpt lat="49.027689" lon="12.099018">
        <ele>332.003409</ele>
        <time>2026-07-03T14:34:56.198Z</time>
      </trkpt>
      <trkpt lat="49.027041" lon="12.098730">
        <ele>331.440629</ele>
        <time>2026-07-03T14:35:10.333Z</time>
      </trkpt>
      <trkpt lat="49.026881" lon="12.098722">
        <ele>331.307149</ele>
        <time>2026-07-03T14:35:13.404Z</time>
      </trkpt>
      <trkpt lat="49.026882" lon="12.098940">
        <ele>331.187959</ele>
        <time>2026-07-03T14:35:16.057Z</time>
      </trkpt>
      <trkpt lat="49.026882" lon="12.099164">
        <ele>331.065492</ele>
        <time>2026-07-03T14:35:18.748Z</time>
      </trkpt>
      <trkpt lat="49.026879" lon="12.099460">
        <ele>330.903641</ele>
        <time>2026-07-03T14:35:22.357Z</time>
      </trkpt>
      <trkpt lat="49.026867" lon="12.099712">
        <ele>330.765503</ele>
        <time>2026-07-03T14:35:25.465Z</time>
      </trkpt>
      <trkpt lat="49.026844" lon="12.100175">
        <ele>330.580669</ele>
        <time>2026-07-03T14:35:31.304Z</time>
      </trkpt>
      <trkpt lat="49.026833" lon="12.100392">
        <ele>330.512456</ele>
        <time>2026-07-03T14:35:34.084Z</time>
      </trkpt>
      <trkpt lat="49.026770" lon="12.100511">
        <ele>330.464522</ele>
        <time>2026-07-03T14:35:36.025Z</time>
      </trkpt>
      <trkpt lat="49.026669" lon="12.101824">
        <ele>330.050191</ele>
        <time>2026-07-03T14:35:54.161Z</time>
      </trkpt>
      <trkpt lat="49.026727" lon="12.102127">
        <ele>329.951264</ele>
        <time>2026-07-03T14:35:58.619Z</time>
      </trkpt>
      <trkpt lat="49.026787" lon="12.102191">
        <ele>329.916267</ele>
        <time>2026-07-03T14:36:00.257Z</time>
      </trkpt>
      <trkpt lat="49.026938" lon="12.102180">
        <ele>329.844010</ele>
        <time>2026-07-03T14:36:03.715Z</time>
      </trkpt>
      <trkpt lat="49.027283" lon="12.102080">
        <ele>329.942367</ele>
        <time>2026-07-03T14:36:11.387Z</time>
      </trkpt>
      <trkpt lat="49.027359" lon="12.102064">
        <ele>329.976679</ele>
        <time>2026-07-03T14:36:12.953Z</time>
      </trkpt>
      <trkpt lat="49.027393" lon="12.101955">
        <ele>330.012075</ele>
        <time>2026-07-03T14:36:14.908Z</time>
      </trkpt>
      <trkpt lat="49.027480" lon="12.101894">
        <ele>330.054898</ele>
        <time>2026-07-03T14:36:16.992Z</time>
      </trkpt>
      <trkpt lat="49.027568" lon="12.101832">
        <ele>330.098250</ele>
        <time>2026-07-03T14:36:19.129Z</time>
      </trkpt>
      <trkpt lat="49.027732" lon="12.101803">
        <ele>330.172086</ele>
        <time>2026-07-03T14:36:22.999Z</time>
      </trkpt>
      <trkpt lat="49.027966" lon="12.101763">
        <ele>330.277392</ele>
        <time>2026-07-03T14:36:28.844Z</time>
      </trkpt>
      <trkpt lat="49.027978" lon="12.101858">
        <ele>330.305762</ele>
        <time>2026-07-03T14:36:30.121Z</time>
      </trkpt>
      <trkpt lat="49.027991" lon="12.103458">
        <ele>330.977661</ele>
        <time>2026-07-03T14:36:57.531Z</time>
      </trkpt>
      <trkpt lat="49.028056" lon="12.104658">
        <ele>331.786855</ele>
        <time>2026-07-03T14:37:19.435Z</time>
      </trkpt>
      <trkpt lat="49.028074" lon="12.105004">
        <ele>332.020111</ele>
        <time>2026-07-03T14:37:25.580Z</time>
      </trkpt>
      <trkpt lat="49.027905" lon="12.105239">
        <ele>332.254514</ele>
        <time>2026-07-03T14:37:31.573Z</time>
      </trkpt>
      <trkpt lat="49.027853" lon="12.105313">
        <ele>332.327409</ele>
        <time>2026-07-03T14:37:33.380Z</time>
      </trkpt>
      <trkpt lat="49.027639" lon="12.105644">
        <ele>332.464600</ele>
        <time>2026-07-03T14:37:40.638Z</time>
      </trkpt>
      <trkpt lat="49.027296" lon="12.106456">
        <ele>332.475628</ele>
        <time>2026-07-03T14:37:54.764Z</time>
      </trkpt>
      <trkpt lat="49.027178" lon="12.106817">
        <ele>332.480233</ele>
        <time>2026-07-03T14:38:00.519Z</time>
      </trkpt>
      <trkpt lat="49.026921" lon="12.107723">
        <ele>332.491504</ele>
        <time>2026-07-03T14:38:14.204Z</time>
      </trkpt>
      <trkpt lat="49.026899" lon="12.107798">
        <ele>332.492442</ele>
        <time>2026-07-03T14:38:15.347Z</time>
      </trkpt>
      <trkpt lat="49.026862" lon="12.107928">
        <ele>332.498654</ele>
        <time>2026-07-03T14:38:17.289Z</time>
      </trkpt>
      <trkpt lat="49.026696" lon="12.108551">
        <ele>332.536498</ele>
        <time>2026-07-03T14:38:26.792Z</time>
      </trkpt>
      <trkpt lat="49.026613" lon="12.108949">
        <ele>332.560000</ele>
        <time>2026-07-03T14:38:32.854Z</time>
      </trkpt>
      <trkpt lat="49.026446" lon="12.109734">
        <ele>332.606443</ele>
        <time>2026-07-03T14:38:45.155Z</time>
      </trkpt>
      <trkpt lat="49.026196" lon="12.110495">
        <ele>332.666816</ele>
        <time>2026-07-03T14:38:58.570Z</time>
      </trkpt>
      <trkpt lat="49.025973" lon="12.111176">
        <ele>332.785043</ele>
        <time>2026-07-03T14:39:10.721Z</time>
      </trkpt>
      <trkpt lat="49.025960" lon="12.111218">
        <ele>332.792257</ele>
        <time>2026-07-03T14:39:11.477Z</time>
      </trkpt>
      <trkpt lat="49.025695" lon="12.112118">
        <ele>332.945490</ele>
        <time>2026-07-03T14:39:26.696Z</time>
      </trkpt>
      <trkpt lat="49.025610" lon="12.112427">
        <ele>332.997535</ele>
        <time>2026-07-03T14:39:31.668Z</time>
      </trkpt>
      <trkpt lat="49.025416" lon="12.113128">
        <ele>333.064875</ele>
        <time>2026-07-03T14:39:42.504Z</time>
      </trkpt>
      <trkpt lat="49.025339" lon="12.113215">
        <ele>333.060369</ele>
        <time>2026-07-03T14:39:44.479Z</time>
      </trkpt>
      <trkpt lat="49.025286" lon="12.113158">
        <ele>333.057319</ele>
        <time>2026-07-03T14:39:45.830Z</time>
      </trkpt>
      <trkpt lat="49.025013" lon="12.113037">
        <ele>333.043951</ele>
        <time>2026-07-03T14:39:51.721Z</time>
      </trkpt>
      <trkpt lat="49.024868" lon="12.113068">
        <ele>333.037066</ele>
        <time>2026-07-03T14:39:54.863Z</time>
      </trkpt>
      <trkpt lat="49.024748" lon="12.113095">
        <ele>333.031363</ele>
        <time>2026-07-03T14:39:57.555Z</time>
      </trkpt>
      <trkpt lat="49.024609" lon="12.113222">
        <ele>333.023743</ele>
        <time>2026-07-03T14:40:01.133Z</time>
      </trkpt>
      <trkpt lat="49.024538" lon="12.113369">
        <ele>333.018114</ele>
        <time>2026-07-03T14:40:03.804Z</time>
      </trkpt>
      <trkpt lat="49.024535" lon="12.113387">
        <ele>333.017541</ele>
        <time>2026-07-03T14:40:04.072Z</time>
      </trkpt>
      <trkpt lat="49.024481" lon="12.113922">
        <ele>333.000851</ele>
        <time>2026-07-03T14:40:11.932Z</time>
      </trkpt>
      <trkpt lat="49.024461" lon="12.114086">
        <ele>332.995708</ele>
        <time>2026-07-03T14:40:14.487Z</time>
      </trkpt>
      <trkpt lat="49.024417" lon="12.114297">
        <ele>332.988881</ele>
        <time>2026-07-03T14:40:17.861Z</time>
      </trkpt>
      <trkpt lat="49.024361" lon="12.114544">
        <ele>333.020110</ele>
        <time>2026-07-03T14:40:21.873Z</time>
      </trkpt>
      <trkpt lat="49.024336" lon="12.114933">
        <ele>333.068007</ele>
        <time>2026-07-03T14:40:27.928Z</time>
      </trkpt>
      <trkpt lat="49.024316" lon="12.115287">
        <ele>333.111547</ele>
        <time>2026-07-03T14:40:33.404Z</time>
      </trkpt>
      <trkpt lat="49.024311" lon="12.115527">
        <ele>333.140972</ele>
        <time>2026-07-03T14:40:37.180Z</time>
      </trkpt>
      <trkpt lat="49.024300" lon="12.115982">
        <ele>333.196766</ele>
        <time>2026-07-03T14:40:44.252Z</time>
      </trkpt>
      <trkpt lat="49.024295" lon="12.116169">
        <ele>333.219701</ele>
        <time>2026-07-03T14:40:47.052Z</time>
      </trkpt>
      <trkpt lat="49.024267" lon="12.116595">
        <ele>333.272165</ele>
        <time>2026-07-03T14:40:53.391Z</time>
      </trkpt>
      <trkpt lat="49.024223" lon="12.116780">
        <ele>333.296280</ele>
        <time>2026-07-03T14:40:56.217Z</time>
      </trkpt>
      <trkpt lat="49.023950" lon="12.117514">
        <ele>333.339656</ele>
        <time>2026-07-03T14:41:08.456Z</time>
      </trkpt>
      <trkpt lat="49.023904" lon="12.117595">
        <ele>333.342254</ele>
        <time>2026-07-03T14:41:10.006Z</time>
      </trkpt>
      <trkpt lat="49.023771" lon="12.118078">
        <ele>333.354960</ele>
        <time>2026-07-03T14:41:17.387Z</time>
      </trkpt>
      <trkpt lat="49.023710" lon="12.118301">
        <ele>333.360820</ele>
        <time>2026-07-03T14:41:20.813Z</time>
      </trkpt>
      <trkpt lat="49.023667" lon="12.118458">
        <ele>333.364947</ele>
        <time>2026-07-03T14:41:23.297Z</time>
      </trkpt>
      <trkpt lat="49.023618" lon="12.118803">
        <ele>333.373509</ele>
        <time>2026-07-03T14:41:28.614Z</time>
      </trkpt>
      <trkpt lat="49.023531" lon="12.119371">
        <ele>333.387656</ele>
        <time>2026-07-03T14:41:37.549Z</time>
      </trkpt>
      <trkpt lat="49.023513" lon="12.119495">
        <ele>333.390736</ele>
        <time>2026-07-03T14:41:39.462Z</time>
      </trkpt>
      <trkpt lat="49.023457" lon="12.119910">
        <ele>333.447947</ele>
        <time>2026-07-03T14:41:45.792Z</time>
      </trkpt>
      <trkpt lat="49.023450" lon="12.120034">
        <ele>333.465656</ele>
        <time>2026-07-03T14:41:47.591Z</time>
      </trkpt>
      <trkpt lat="49.023436" lon="12.120357">
        <ele>333.511716</ele>
        <time>2026-07-03T14:41:52.619Z</time>
      </trkpt>
      <trkpt lat="49.023436" lon="12.120602">
        <ele>333.546576</ele>
        <time>2026-07-03T14:41:56.488Z</time>
      </trkpt>
      <trkpt lat="49.023436" lon="12.120747">
        <ele>333.567208</ele>
        <time>2026-07-03T14:41:58.721Z</time>
      </trkpt>
      <trkpt lat="49.023448" lon="12.121037">
        <ele>333.608554</ele>
        <time>2026-07-03T14:42:03.388Z</time>
      </trkpt>
      <trkpt lat="49.023485" lon="12.121499">
        <ele>333.674780</ele>
        <time>2026-07-03T14:42:10.729Z</time>
      </trkpt>
      <trkpt lat="49.023503" lon="12.121663">
        <ele>333.698440</ele>
        <time>2026-07-03T14:42:13.247Z</time>
      </trkpt>
      <trkpt lat="49.023561" lon="12.122197">
        <ele>333.775457</ele>
        <time>2026-07-03T14:42:21.272Z</time>
      </trkpt>
      <trkpt lat="49.023679" lon="12.122246">
        <ele>333.733928</ele>
        <time>2026-07-03T14:42:23.751Z</time>
      </trkpt>
      <trkpt lat="49.023880" lon="12.122326">
        <ele>333.628200</ele>
        <time>2026-07-03T14:42:28.125Z</time>
      </trkpt>
      <trkpt lat="49.023854" lon="12.123040">
        <ele>333.389536</ele>
        <time>2026-07-03T14:42:38.068Z</time>
      </trkpt>
      <trkpt lat="49.023843" lon="12.123349">
        <ele>333.286256</ele>
        <time>2026-07-03T14:42:42.369Z</time>
      </trkpt>
      <trkpt lat="49.023862" lon="12.123499">
        <ele>333.235268</ele>
        <time>2026-07-03T14:42:44.414Z</time>
      </trkpt>
      <trkpt lat="49.023896" lon="12.123716">
        <ele>333.160806</ele>
        <time>2026-07-03T14:42:47.345Z</time>
      </trkpt>
      <trkpt lat="49.023931" lon="12.123957">
        <ele>333.078424</ele>
        <time>2026-07-03T14:42:50.542Z</time>
      </trkpt>
      <trkpt lat="49.023950" lon="12.124275">
        <ele>332.971852</ele>
        <time>2026-07-03T14:42:54.654Z</time>
      </trkpt>
      <trkpt lat="49.023927" lon="12.124781">
        <ele>332.736156</ele>
        <time>2026-07-03T14:43:01.057Z</time>
      </trkpt>
      <trkpt lat="49.023868" lon="12.126013">
        <ele>331.893626</ele>
        <time>2026-07-03T14:43:16.573Z</time>
      </trkpt>
      <trkpt lat="49.023847" lon="12.127226">
        <ele>331.066004</ele>
        <time>2026-07-03T14:43:31.729Z</time>
      </trkpt>
      <trkpt lat="49.023905" lon="12.127968">
        <ele>330.698109</ele>
        <time>2026-07-03T14:43:41.254Z</time>
      </trkpt>
      <trkpt lat="49.023865" lon="12.128392">
        <ele>330.500281</ele>
        <time>2026-07-03T14:43:46.826Z</time>
      </trkpt>
      <trkpt lat="49.023857" lon="12.129336">
        <ele>330.064286</ele>
        <time>2026-07-03T14:43:59.352Z</time>
      </trkpt>
      <trkpt lat="49.023835" lon="12.130132">
        <ele>329.712890</ele>
        <time>2026-07-03T14:44:09.947Z</time>
      </trkpt>
      <trkpt lat="49.023800" lon="12.132105">
        <ele>329.267873</ele>
        <time>2026-07-03T14:44:36.366Z</time>
      </trkpt>
      <trkpt lat="49.023820" lon="12.132417">
        <ele>329.197190</ele>
        <time>2026-07-03T14:44:40.971Z</time>
      </trkpt>
      <trkpt lat="49.024030" lon="12.133376">
        <ele>329.157583</ele>
        <time>2026-07-03T14:44:56.382Z</time>
      </trkpt>
      <trkpt lat="49.024099" lon="12.133645">
        <ele>329.179458</ele>
        <time>2026-07-03T14:45:00.989Z</time>
      </trkpt>
      <trkpt lat="49.024164" lon="12.133913">
        <ele>329.201098</ele>
        <time>2026-07-03T14:45:05.576Z</time>
      </trkpt>
      <trkpt lat="49.024185" lon="12.134184">
        <ele>329.221764</ele>
        <time>2026-07-03T14:45:09.844Z</time>
      </trkpt>
      <trkpt lat="49.024242" lon="12.134671">
        <ele>329.259228</ele>
        <time>2026-07-03T14:45:17.287Z</time>
      </trkpt>
      <trkpt lat="49.024290" lon="12.134917">
        <ele>329.278665</ele>
        <time>2026-07-03T14:45:20.993Z</time>
      </trkpt>
      <trkpt lat="49.024389" lon="12.135501">
        <ele>329.311342</ele>
        <time>2026-07-03T14:45:29.384Z</time>
      </trkpt>
      <trkpt lat="49.024318" lon="12.136562">
        <ele>329.227902</ele>
        <time>2026-07-03T14:45:44.178Z</time>
      </trkpt>
      <trkpt lat="49.024255" lon="12.137389">
        <ele>329.162766</ele>
        <time>2026-07-03T14:45:56.856Z</time>
      </trkpt>
      <trkpt lat="49.024207" lon="12.138232">
        <ele>329.063553</ele>
        <time>2026-07-03T14:46:09.254Z</time>
      </trkpt>
      <trkpt lat="49.024314" lon="12.138600">
        <ele>328.878925</ele>
        <time>2026-07-03T14:46:14.651Z</time>
      </trkpt>
      <trkpt lat="49.024285" lon="12.138714">
        <ele>328.822844</ele>
        <time>2026-07-03T14:46:16.180Z</time>
      </trkpt>
      <trkpt lat="49.024111" lon="12.138957">
        <ele>328.657823</ele>
        <time>2026-07-03T14:46:20.595Z</time>
      </trkpt>
      <trkpt lat="49.024053" lon="12.139121">
        <ele>328.572363</ele>
        <time>2026-07-03T14:46:22.937Z</time>
      </trkpt>
      <trkpt lat="49.024013" lon="12.140028">
        <ele>328.155435</ele>
        <time>2026-07-03T14:46:34.427Z</time>
      </trkpt>
      <trkpt lat="49.024002" lon="12.140323">
        <ele>328.019917</ele>
        <time>2026-07-03T14:46:38.133Z</time>
      </trkpt>
      <trkpt lat="49.023998" lon="12.140491">
        <ele>327.942814</ele>
        <time>2026-07-03T14:46:40.260Z</time>
      </trkpt>
      <trkpt lat="49.024030" lon="12.140537">
        <ele>327.912056</ele>
        <time>2026-07-03T14:46:41.125Z</time>
      </trkpt>
      <trkpt lat="49.024076" lon="12.140537">
        <ele>327.879882</ele>
        <time>2026-07-03T14:46:42.059Z</time>
      </trkpt>
      <trkpt lat="49.024090" lon="12.140675">
        <ele>327.870782</ele>
        <time>2026-07-03T14:46:43.856Z</time>
      </trkpt>
      <trkpt lat="49.024004" lon="12.142042">
        <ele>328.413980</ele>
        <time>2026-07-03T14:47:05.369Z</time>
      </trkpt>
      <trkpt lat="49.024041" lon="12.142484">
        <ele>328.590231</ele>
        <time>2026-07-03T14:47:13.978Z</time>
      </trkpt>
      <trkpt lat="49.024032" lon="12.142576">
        <ele>328.627025</ele>
        <time>2026-07-03T14:47:15.743Z</time>
      </trkpt>
      <trkpt lat="49.023972" lon="12.142760">
        <ele>328.708308</ele>
        <time>2026-07-03T14:47:19.592Z</time>
      </trkpt>
      <trkpt lat="49.023883" lon="12.143028">
        <ele>328.827134</ele>
        <time>2026-07-03T14:47:25.176Z</time>
      </trkpt>
      <trkpt lat="49.023846" lon="12.143174">
        <ele>328.889047</ele>
        <time>2026-07-03T14:47:28.606Z</time>
      </trkpt>
      <trkpt lat="49.023823" lon="12.143264">
        <ele>328.927255</ele>
        <time>2026-07-03T14:47:30.651Z</time>
      </trkpt>
      <trkpt lat="49.023648" lon="12.143885">
        <ele>328.821817</ele>
        <time>2026-07-03T14:47:44.069Z</time>
      </trkpt>
      <trkpt lat="49.023574" lon="12.144150">
        <ele>328.775061</ele>
        <time>2026-07-03T14:47:49.423Z</time>
      </trkpt>
      <trkpt lat="49.023561" lon="12.144198">
        <ele>328.766630</ele>
        <time>2026-07-03T14:47:50.409Z</time>
      </trkpt>
      <trkpt lat="49.023492" lon="12.144427">
        <ele>328.725719</ele>
        <time>2026-07-03T14:47:55.033Z</time>
      </trkpt>
      <trkpt lat="49.023460" lon="12.144493">
        <ele>328.712394</ele>
        <time>2026-07-03T14:47:56.536Z</time>
      </trkpt>
      <trkpt lat="49.023400" lon="12.144595">
        <ele>328.690150</ele>
        <time>2026-07-03T14:47:59.044Z</time>
      </trkpt>
      <trkpt lat="49.023386" lon="12.144618">
        <ele>328.685056</ele>
        <time>2026-07-03T14:47:59.615Z</time>
      </trkpt>
      <trkpt lat="49.023251" lon="12.144849">
        <ele>328.634825</ele>
        <time>2026-07-03T14:48:05.139Z</time>
      </trkpt>
      <trkpt lat="49.023168" lon="12.145085">
        <ele>328.591352</ele>
        <time>2026-07-03T14:48:09.779Z</time>
      </trkpt>
      <trkpt lat="49.022957" lon="12.145808">
        <ele>328.459501</ele>
        <time>2026-07-03T14:48:23.220Z</time>
      </trkpt>
      <trkpt lat="49.022492" lon="12.147601">
        <ele>328.098674</ele>
        <time>2026-07-03T14:48:57.849Z</time>
      </trkpt>
      <trkpt lat="49.022257" lon="12.148617">
        <ele>328.189956</ele>
        <time>2026-07-03T14:49:19.963Z</time>
      </trkpt>
      <trkpt lat="49.022183" lon="12.148918">
        <ele>328.365744</ele>
        <time>2026-07-03T14:49:26.928Z</time>
      </trkpt>
      <trkpt lat="49.021929" lon="12.149865">
        <ele>328.925249</ele>
        <time>2026-07-03T14:49:49.932Z</time>
      </trkpt>
      <trkpt lat="49.021590" lon="12.150963">
        <ele>329.538221</ele>
        <time>2026-07-03T14:50:15.407Z</time>
      </trkpt>
      <trkpt lat="49.021568" lon="12.151077">
        <ele>329.575120</ele>
        <time>2026-07-03T14:50:17.964Z</time>
      </trkpt>
      <trkpt lat="49.021593" lon="12.151300">
        <ele>329.645368</ele>
        <time>2026-07-03T14:50:22.689Z</time>
      </trkpt>
      <trkpt lat="49.021349" lon="12.151310">
        <ele>329.760943</ele>
        <time>2026-07-03T14:50:28.614Z</time>
      </trkpt>
      <trkpt lat="49.021256" lon="12.151396">
        <ele>329.812443</ele>
        <time>2026-07-03T14:50:31.281Z</time>
      </trkpt>
      <trkpt lat="49.021201" lon="12.151495">
        <ele>329.852732</ele>
        <time>2026-07-03T14:50:33.407Z</time>
      </trkpt>
      <trkpt lat="49.021011" lon="12.151964">
        <ele>330.023909</ele>
        <time>2026-07-03T14:50:42.088Z</time>
      </trkpt>
      <trkpt lat="49.020823" lon="12.152535">
        <ele>330.222304</ele>
        <time>2026-07-03T14:50:51.614Z</time>
      </trkpt>
      <trkpt lat="49.020913" lon="12.152942">
        <ele>330.349328</ele>
        <time>2026-07-03T14:50:58.348Z</time>
      </trkpt>
      <trkpt lat="49.020910" lon="12.153121">
        <ele>330.394035</ele>
        <time>2026-07-03T14:51:01.232Z</time>
      </trkpt>
      <trkpt lat="49.020380" lon="12.154658">
        <ele>330.827609</ele>
        <time>2026-07-03T14:51:27.939Z</time>
      </trkpt>
      <trkpt lat="49.019960" lon="12.155962">
        <ele>331.061670</ele>
        <time>2026-07-03T14:51:51.222Z</time>
      </trkpt>
      <trkpt lat="49.019810" lon="12.156601">
        <ele>331.111495</ele>
        <time>2026-07-03T14:52:01.891Z</time>
      </trkpt>
      <trkpt lat="49.019478" lon="12.157960">
        <ele>331.167583</ele>
        <time>2026-07-03T14:52:22.292Z</time>
      </trkpt>
      <trkpt lat="49.019387" lon="12.158740">
        <ele>330.882345</ele>
        <time>2026-07-03T14:52:32.706Z</time>
      </trkpt>
      <trkpt lat="49.019395" lon="12.158874">
        <ele>330.833901</ele>
        <time>2026-07-03T14:52:34.461Z</time>
      </trkpt>
      <trkpt lat="49.019432" lon="12.159176">
        <ele>330.723288</ele>
        <time>2026-07-03T14:52:38.502Z</time>
      </trkpt>
      <trkpt lat="49.019359" lon="12.160021">
        <ele>330.416428</ele>
        <time>2026-07-03T14:52:49.740Z</time>
      </trkpt>
      <trkpt lat="49.019082" lon="12.161917">
        <ele>329.989414</ele>
        <time>2026-07-03T14:53:16.494Z</time>
      </trkpt>
      <trkpt lat="49.018980" lon="12.164939">
        <ele>329.665521</ele>
        <time>2026-07-03T14:53:59.523Z</time>
      </trkpt>
      <trkpt lat="49.018943" lon="12.165336">
        <ele>329.641345</ele>
        <time>2026-07-03T14:54:05.346Z</time>
      </trkpt>
      <trkpt lat="49.018718" lon="12.166864">
        <ele>329.454905</ele>
        <time>2026-07-03T14:54:28.392Z</time>
      </trkpt>
      <trkpt lat="49.018687" lon="12.167063">
        <ele>329.421893</ele>
        <time>2026-07-03T14:54:31.338Z</time>
      </trkpt>
      <trkpt lat="49.018618" lon="12.167515">
        <ele>329.346991</ele>
        <time>2026-07-03T14:54:37.961Z</time>
      </trkpt>
      <trkpt lat="49.018575" lon="12.167784">
        <ele>329.302303</ele>
        <time>2026-07-03T14:54:41.853Z</time>
      </trkpt>
      <trkpt lat="49.018530" lon="12.168058">
        <ele>329.256714</ele>
        <time>2026-07-03T14:54:45.712Z</time>
      </trkpt>
      <trkpt lat="49.018525" lon="12.168093">
        <ele>329.250933</ele>
        <time>2026-07-03T14:54:46.196Z</time>
      </trkpt>
      <trkpt lat="49.018361" lon="12.169358">
        <ele>328.914501</ele>
        <time>2026-07-03T14:55:02.866Z</time>
      </trkpt>
      <trkpt lat="49.018342" lon="12.170057">
        <ele>328.677045</ele>
        <time>2026-07-03T14:55:12.142Z</time>
      </trkpt>
      <trkpt lat="49.018310" lon="12.170384">
        <ele>328.564827</ele>
        <time>2026-07-03T14:55:16.541Z</time>
      </trkpt>
      <trkpt lat="49.018265" lon="12.170920">
        <ele>328.381415</ele>
        <time>2026-07-03T14:55:23.828Z</time>
      </trkpt>
      <trkpt lat="49.018276" lon="12.172018">
        <ele>328.306831</ele>
        <time>2026-07-03T14:55:39.510Z</time>
      </trkpt>
      <trkpt lat="49.018396" lon="12.173495">
        <ele>328.487594</ele>
        <time>2026-07-03T14:56:02.369Z</time>
      </trkpt>
      <trkpt lat="49.018498" lon="12.174326">
        <ele>328.600239</ele>
        <time>2026-07-03T14:56:15.584Z</time>
      </trkpt>
      <trkpt lat="49.018792" lon="12.175954">
        <ele>328.876002</ele>
        <time>2026-07-03T14:56:42.119Z</time>
      </trkpt>
      <trkpt lat="49.018896" lon="12.176754">
        <ele>329.009191</ele>
        <time>2026-07-03T14:56:53.918Z</time>
      </trkpt>
      <trkpt lat="49.019074" lon="12.177292">
        <ele>328.881385</ele>
        <time>2026-07-03T14:57:02.378Z</time>
      </trkpt>
      <trkpt lat="49.019505" lon="12.179016">
        <ele>328.489572</ele>
        <time>2026-07-03T14:57:27.338Z</time>
      </trkpt>
      <trkpt lat="49.020149" lon="12.181231">
        <ele>328.216099</ele>
        <time>2026-07-03T14:58:01.716Z</time>
      </trkpt>
      <trkpt lat="49.020249" lon="12.181171">
        <ele>328.199868</ele>
        <time>2026-07-03T14:58:04.095Z</time>
      </trkpt>
      <trkpt lat="49.020423" lon="12.181833">
        <ele>328.126798</ele>
        <time>2026-07-03T14:58:14.412Z</time>
      </trkpt>
      <trkpt lat="49.020855" lon="12.183241">
        <ele>327.958412</ele>
        <time>2026-07-03T14:58:36.845Z</time>
      </trkpt>
      <trkpt lat="49.021158" lon="12.184103">
        <ele>327.842870</ele>
        <time>2026-07-03T14:58:50.524Z</time>
      </trkpt>
      <trkpt lat="49.021368" lon="12.184664">
        <ele>327.652725</ele>
        <time>2026-07-03T14:58:59.279Z</time>
      </trkpt>
      <trkpt lat="49.021873" lon="12.185747">
        <ele>327.261559</ele>
        <time>2026-07-03T14:59:16.795Z</time>
      </trkpt>
      <trkpt lat="49.022097" lon="12.186420">
        <ele>327.053351</ele>
        <time>2026-07-03T14:59:27.002Z</time>
      </trkpt>
      <trkpt lat="49.023276" lon="12.189106">
        <ele>327.308824</ele>
        <time>2026-07-03T15:00:15.597Z</time>
      </trkpt>
      <trkpt lat="49.023919" lon="12.190644">
        <ele>327.546742</ele>
        <time>2026-07-03T15:00:43.361Z</time>
      </trkpt>
      <trkpt lat="49.024644" lon="12.192467">
        <ele>327.608550</ele>
        <time>2026-07-03T15:01:14.943Z</time>
      </trkpt>
      <trkpt lat="49.024723" lon="12.192669">
        <ele>327.610008</ele>
        <time>2026-07-03T15:01:18.296Z</time>
      </trkpt>
      <trkpt lat="49.025018" lon="12.193369">
        <ele>327.621354</ele>
        <time>2026-07-03T15:01:30.013Z</time>
      </trkpt>
      <trkpt lat="49.025463" lon="12.194662">
        <ele>327.768840</ele>
        <time>2026-07-03T15:01:51.145Z</time>
      </trkpt>
      <trkpt lat="49.025621" lon="12.194950">
        <ele>327.806765</ele>
        <time>2026-07-03T15:01:56.895Z</time>
      </trkpt>
      <trkpt lat="49.025714" lon="12.195069">
        <ele>327.825464</ele>
        <time>2026-07-03T15:01:59.761Z</time>
      </trkpt>
      <trkpt lat="49.025936" lon="12.195240">
        <ele>327.863772</ele>
        <time>2026-07-03T15:02:05.720Z</time>
      </trkpt>
      <trkpt lat="49.026498" lon="12.195599">
        <ele>328.218746</ele>
        <time>2026-07-03T15:02:20.856Z</time>
      </trkpt>
      <trkpt lat="49.026761" lon="12.195706">
        <ele>328.426991</ele>
        <time>2026-07-03T15:02:27.851Z</time>
      </trkpt>
      <trkpt lat="49.027013" lon="12.195858">
        <ele>328.634316</ele>
        <time>2026-07-03T15:02:34.722Z</time>
      </trkpt>
      <trkpt lat="49.027308" lon="12.196157">
        <ele>328.905302</ele>
        <time>2026-07-03T15:02:43.587Z</time>
      </trkpt>
      <trkpt lat="49.027425" lon="12.196393">
        <ele>329.053721</ele>
        <time>2026-07-03T15:02:48.477Z</time>
      </trkpt>
      <trkpt lat="49.027582" lon="12.196793">
        <ele>329.295254</ele>
        <time>2026-07-03T15:02:56.296Z</time>
      </trkpt>
      <trkpt lat="49.027693" lon="12.197342">
        <ele>329.695562</ele>
        <time>2026-07-03T15:03:06.200Z</time>
      </trkpt>
      <trkpt lat="49.027710" lon="12.197698">
        <ele>329.944274</ele>
        <time>2026-07-03T15:03:12.522Z</time>
      </trkpt>
      <trkpt lat="49.027680" lon="12.198644">
        <ele>330.604201</ele>
        <time>2026-07-03T15:03:29.552Z</time>
      </trkpt>
      <trkpt lat="49.027555" lon="12.199747">
        <ele>331.183029</ele>
        <time>2026-07-03T15:03:48.951Z</time>
      </trkpt>
      <trkpt lat="49.027530" lon="12.200160">
        <ele>331.188416</ele>
        <time>2026-07-03T15:03:55.614Z</time>
      </trkpt>
      <trkpt lat="49.027517" lon="12.200503">
        <ele>331.192878</ele>
        <time>2026-07-03T15:04:00.922Z</time>
      </trkpt>
      <trkpt lat="49.027535" lon="12.201475">
        <ele>331.205506</ele>
        <time>2026-07-03T15:04:14.723Z</time>
      </trkpt>
      <trkpt lat="49.027450" lon="12.202716">
        <ele>330.904783</ele>
        <time>2026-07-03T15:04:30.952Z</time>
      </trkpt>
      <trkpt lat="49.027347" lon="12.203593">
        <ele>330.383066</ele>
        <time>2026-07-03T15:04:42.516Z</time>
      </trkpt>
      <trkpt lat="49.026972" lon="12.205897">
        <ele>329.180275</ele>
        <time>2026-07-03T15:05:12.381Z</time>
      </trkpt>
      <trkpt lat="49.026952" lon="12.206492">
        <ele>328.937555</ele>
        <time>2026-07-03T15:05:19.954Z</time>
      </trkpt>
      <trkpt lat="49.026990" lon="12.206841">
        <ele>328.793426</ele>
        <time>2026-07-03T15:05:24.645Z</time>
      </trkpt>
      <trkpt lat="49.026953" lon="12.207082">
        <ele>328.692587</ele>
        <time>2026-07-03T15:05:28.028Z</time>
      </trkpt>
      <trkpt lat="49.026930" lon="12.207520">
        <ele>328.513576</ele>
        <time>2026-07-03T15:05:34.581Z</time>
      </trkpt>
      <trkpt lat="49.026931" lon="12.207608">
        <ele>328.500956</ele>
        <time>2026-07-03T15:05:35.980Z</time>
      </trkpt>
      <trkpt lat="49.026933" lon="12.207863">
        <ele>328.578337</ele>
        <time>2026-07-03T15:05:40.079Z</time>
      </trkpt>
      <trkpt lat="49.027204" lon="12.208586">
        <ele>328.831036</ele>
        <time>2026-07-03T15:05:53.793Z</time>
      </trkpt>
      <trkpt lat="49.027343" lon="12.209182">
        <ele>329.022981</ele>
        <time>2026-07-03T15:06:04.328Z</time>
      </trkpt>
      <trkpt lat="49.028163" lon="12.211800">
        <ele>329.757201</ele>
        <time>2026-07-03T15:06:48.260Z</time>
      </trkpt>
      <trkpt lat="49.028905" lon="12.214312">
        <ele>330.074852</ele>
        <time>2026-07-03T15:07:32.885Z</time>
      </trkpt>
      <trkpt lat="49.029082" lon="12.215063">
        <ele>330.128320</ele>
        <time>2026-07-03T15:07:43.571Z</time>
      </trkpt>
      <trkpt lat="49.029148" lon="12.215500">
        <ele>329.760456</ele>
        <time>2026-07-03T15:07:49.126Z</time>
      </trkpt>
      <trkpt lat="49.029260" lon="12.216380">
        <ele>328.984514</ele>
        <time>2026-07-03T15:07:59.661Z</time>
      </trkpt>
      <trkpt lat="49.029355" lon="12.217472">
        <ele>328.031001</ele>
        <time>2026-07-03T15:08:12.598Z</time>
      </trkpt>
      <trkpt lat="49.029367" lon="12.217780">
        <ele>327.763928</ele>
        <time>2026-07-03T15:08:16.538Z</time>
      </trkpt>
      <trkpt lat="49.029305" lon="12.218089">
        <ele>327.781068</ele>
        <time>2026-07-03T15:08:20.797Z</time>
      </trkpt>
      <trkpt lat="49.029320" lon="12.218186">
        <ele>327.789275</ele>
        <time>2026-07-03T15:08:22.170Z</time>
      </trkpt>
      <trkpt lat="49.029366" lon="12.218480">
        <ele>327.814167</ele>
        <time>2026-07-03T15:08:26.425Z</time>
      </trkpt>
      <trkpt lat="49.029374" lon="12.218684">
        <ele>327.830997</ele>
        <time>2026-07-03T15:08:29.387Z</time>
      </trkpt>
      <trkpt lat="49.029384" lon="12.218944">
        <ele>327.852445</ele>
        <time>2026-07-03T15:08:33.267Z</time>
      </trkpt>
      <trkpt lat="49.029370" lon="12.220221">
        <ele>327.957625</ele>
        <time>2026-07-03T15:08:53.578Z</time>
      </trkpt>
      <trkpt lat="49.029313" lon="12.221569">
        <ele>328.603615</ele>
        <time>2026-07-03T15:09:16.185Z</time>
      </trkpt>
      <trkpt lat="49.029272" lon="12.222273">
        <ele>329.016813</ele>
        <time>2026-07-03T15:09:28.836Z</time>
      </trkpt>
      <trkpt lat="49.029211" lon="12.222706">
        <ele>329.275734</ele>
        <time>2026-07-03T15:09:36.724Z</time>
      </trkpt>
      <trkpt lat="49.029155" lon="12.223224">
        <ele>329.582661</ele>
        <time>2026-07-03T15:09:45.716Z</time>
      </trkpt>
      <trkpt lat="49.029088" lon="12.223484">
        <ele>329.614009</ele>
        <time>2026-07-03T15:09:50.311Z</time>
      </trkpt>
      <trkpt lat="49.029133" lon="12.223761">
        <ele>329.644123</ele>
        <time>2026-07-03T15:09:54.669Z</time>
      </trkpt>
      <trkpt lat="49.029142" lon="12.224073">
        <ele>329.677079</ele>
        <time>2026-07-03T15:09:59.125Z</time>
      </trkpt>
      <trkpt lat="49.029041" lon="12.225505">
        <ele>329.829064</ele>
        <time>2026-07-03T15:10:19.347Z</time>
      </trkpt>
      <trkpt lat="49.028602" lon="12.232088">
        <ele>331.046272</ele>
        <time>2026-07-03T15:12:02.509Z</time>
      </trkpt>
      <trkpt lat="49.028564" lon="12.232428">
        <ele>330.965132</ele>
        <time>2026-07-03T15:12:07.868Z</time>
      </trkpt>
      <trkpt lat="49.028399" lon="12.233377">
        <ele>330.734158</ele>
        <time>2026-07-03T15:12:21.254Z</time>
      </trkpt>
      <trkpt lat="49.028337" lon="12.233536">
        <ele>330.690638</ele>
        <time>2026-07-03T15:12:23.607Z</time>
      </trkpt>
      <trkpt lat="49.028275" lon="12.233607">
        <ele>330.662819</ele>
        <time>2026-07-03T15:12:25.096Z</time>
      </trkpt>
      <trkpt lat="49.028197" lon="12.233663">
        <ele>330.631888</ele>
        <time>2026-07-03T15:12:26.749Z</time>
      </trkpt>
      <trkpt lat="49.027814" lon="12.233811">
        <ele>330.326364</ele>
        <time>2026-07-03T15:12:34.140Z</time>
      </trkpt>
      <trkpt lat="49.027593" lon="12.234056">
        <ele>330.016192</ele>
        <time>2026-07-03T15:12:39.098Z</time>
      </trkpt>
      <trkpt lat="49.027476" lon="12.234314">
        <ele>329.782684</ele>
        <time>2026-07-03T15:12:42.772Z</time>
      </trkpt>
      <trkpt lat="49.027160" lon="12.235285">
        <ele>328.975754</ele>
        <time>2026-07-03T15:12:55.899Z</time>
      </trkpt>
      <trkpt lat="49.027143" lon="12.235416">
        <ele>328.876348</ele>
        <time>2026-07-03T15:12:57.633Z</time>
      </trkpt>
      <trkpt lat="49.027153" lon="12.235869">
        <ele>328.538948</ele>
        <time>2026-07-03T15:13:03.781Z</time>
      </trkpt>
      <trkpt lat="49.027191" lon="12.235991">
        <ele>328.524021</ele>
        <time>2026-07-03T15:13:05.668Z</time>
      </trkpt>
      <trkpt lat="49.027470" lon="12.236553">
        <ele>328.524906</ele>
        <time>2026-07-03T15:13:15.804Z</time>
      </trkpt>
      <trkpt lat="49.027484" lon="12.236822">
        <ele>328.525245</ele>
        <time>2026-07-03T15:13:19.784Z</time>
      </trkpt>
      <trkpt lat="49.026911" lon="12.238278">
        <ele>328.523863</ele>
        <time>2026-07-03T15:13:45.555Z</time>
      </trkpt>
      <trkpt lat="49.026859" lon="12.238424">
        <ele>328.510980</ele>
        <time>2026-07-03T15:13:47.997Z</time>
      </trkpt>
      <trkpt lat="49.026766" lon="12.238666">
        <ele>328.489229</ele>
        <time>2026-07-03T15:13:52.128Z</time>
      </trkpt>
      <trkpt lat="49.026748" lon="12.238715">
        <ele>328.484874</ele>
        <time>2026-07-03T15:13:52.954Z</time>
      </trkpt>
      <trkpt lat="49.026295" lon="12.240076">
        <ele>328.366522</ele>
        <time>2026-07-03T15:14:15.047Z</time>
      </trkpt>
      <trkpt lat="49.025648" lon="12.241798">
        <ele>327.991855</ele>
        <time>2026-07-03T15:14:42.182Z</time>
      </trkpt>
      <trkpt lat="49.025131" lon="12.243032">
        <ele>327.641819</ele>
        <time>2026-07-03T15:15:01.976Z</time>
      </trkpt>
      <trkpt lat="49.024806" lon="12.243933">
        <ele>327.650234</ele>
        <time>2026-07-03T15:15:16.381Z</time>
      </trkpt>
      <trkpt lat="49.024505" lon="12.245165">
        <ele>327.660993</ele>
        <time>2026-07-03T15:15:36.141Z</time>
      </trkpt>
      <trkpt lat="49.024276" lon="12.246426">
        <ele>327.998389</ele>
        <time>2026-07-03T15:15:56.020Z</time>
      </trkpt>
      <trkpt lat="49.024057" lon="12.247359">
        <ele>328.348981</ele>
        <time>2026-07-03T15:16:12.299Z</time>
      </trkpt>
      <trkpt lat="49.023759" lon="12.249139">
        <ele>328.804920</ele>
        <time>2026-07-03T15:16:42.850Z</time>
      </trkpt>
      <trkpt lat="49.023273" lon="12.252116">
        <ele>328.769803</ele>
        <time>2026-07-03T15:17:27.033Z</time>
      </trkpt>
      <trkpt lat="49.023101" lon="12.253375">
        <ele>328.467550</ele>
        <time>2026-07-03T15:17:44.012Z</time>
      </trkpt>
      <trkpt lat="49.022876" lon="12.253437">
        <ele>328.352270</ele>
        <time>2026-07-03T15:17:48.663Z</time>
      </trkpt>
      <trkpt lat="49.022772" lon="12.253525">
        <ele>328.285188</ele>
        <time>2026-07-03T15:17:51.091Z</time>
      </trkpt>
      <trkpt lat="49.022694" lon="12.253643">
        <ele>328.223220</ele>
        <time>2026-07-03T15:17:53.336Z</time>
      </trkpt>
      <trkpt lat="49.022522" lon="12.254045">
        <ele>328.045690</ele>
        <time>2026-07-03T15:17:59.594Z</time>
      </trkpt>
      <trkpt lat="49.021792" lon="12.256354">
        <ele>327.313927</ele>
        <time>2026-07-03T15:18:34.144Z</time>
      </trkpt>
      <trkpt lat="49.021458" lon="12.257285">
        <ele>327.177426</ele>
        <time>2026-07-03T15:18:49.285Z</time>
      </trkpt>
      <trkpt lat="49.021071" lon="12.258202">
        <ele>327.080713</ele>
        <time>2026-07-03T15:19:05.154Z</time>
      </trkpt>
      <trkpt lat="49.020868" lon="12.258610">
        <ele>327.087831</ele>
        <time>2026-07-03T15:19:12.768Z</time>
      </trkpt>
      <trkpt lat="49.020444" lon="12.259354">
        <ele>327.101531</ele>
        <time>2026-07-03T15:19:27.574Z</time>
      </trkpt>
      <trkpt lat="49.020076" lon="12.259943">
        <ele>327.112838</ele>
        <time>2026-07-03T15:19:39.487Z</time>
      </trkpt>
      <trkpt lat="49.019576" lon="12.260630">
        <ele>326.931030</ele>
        <time>2026-07-03T15:19:53.778Z</time>
      </trkpt>
      <trkpt lat="49.018717" lon="12.261517">
        <ele>326.608568</ele>
        <time>2026-07-03T15:20:15.318Z</time>
      </trkpt>
      <trkpt lat="49.018162" lon="12.261975">
        <ele>326.452707</ele>
        <time>2026-07-03T15:20:28.602Z</time>
      </trkpt>
      <trkpt lat="49.017609" lon="12.262374">
        <ele>326.316088</ele>
        <time>2026-07-03T15:20:41.751Z</time>
      </trkpt>
      <trkpt lat="49.016582" lon="12.262954">
        <ele>326.184648</ele>
        <time>2026-07-03T15:21:05.724Z</time>
      </trkpt>
      <trkpt lat="49.014550" lon="12.263875">
        <ele>326.421593</ele>
        <time>2026-07-03T15:21:53.955Z</time>
      </trkpt>
      <trkpt lat="49.013871" lon="12.264217">
        <ele>326.543413</ele>
        <time>2026-07-03T15:22:10.452Z</time>
      </trkpt>
      <trkpt lat="49.013371" lon="12.264561">
        <ele>326.613525</ele>
        <time>2026-07-03T15:22:22.986Z</time>
      </trkpt>
      <trkpt lat="49.012947" lon="12.264988">
        <ele>326.623558</ele>
        <time>2026-07-03T15:22:34.621Z</time>
      </trkpt>
      <trkpt lat="49.012576" lon="12.265508">
        <ele>326.633509</ele>
        <time>2026-07-03T15:22:46.084Z</time>
      </trkpt>
      <trkpt lat="49.012405" lon="12.265800">
        <ele>326.638578</ele>
        <time>2026-07-03T15:22:51.685Z</time>
      </trkpt>
      <trkpt lat="49.012249" lon="12.266128">
        <ele>326.643825</ele>
        <time>2026-07-03T15:22:57.406Z</time>
      </trkpt>
      <trkpt lat="49.012100" lon="12.266536">
        <ele>326.595754</ele>
        <time>2026-07-03T15:23:03.905Z</time>
      </trkpt>
      <trkpt lat="49.011972" lon="12.266981">
        <ele>326.514573</ele>
        <time>2026-07-03T15:23:10.659Z</time>
      </trkpt>
      <trkpt lat="49.011847" lon="12.267655">
        <ele>326.397553</ele>
        <time>2026-07-03T15:23:20.435Z</time>
      </trkpt>
      <trkpt lat="49.011783" lon="12.268253">
        <ele>326.296323</ele>
        <time>2026-07-03T15:23:28.869Z</time>
      </trkpt>
      <trkpt lat="49.011773" lon="12.268781">
        <ele>326.208073</ele>
        <time>2026-07-03T15:23:36.188Z</time>
      </trkpt>
      <trkpt lat="49.011805" lon="12.269309">
        <ele>326.207345</ele>
        <time>2026-07-03T15:23:43.608Z</time>
      </trkpt>
      <trkpt lat="49.011940" lon="12.270146">
        <ele>326.248459</ele>
        <time>2026-07-03T15:23:55.805Z</time>
      </trkpt>
      <trkpt lat="49.012251" lon="12.271577">
        <ele>326.321835</ele>
        <time>2026-07-03T15:24:19.144Z</time>
      </trkpt>
      <trkpt lat="49.012331" lon="12.271871">
        <ele>326.349914</ele>
        <time>2026-07-03T15:24:24.165Z</time>
      </trkpt>
      <trkpt lat="49.012436" lon="12.272121">
        <ele>326.376102</ele>
        <time>2026-07-03T15:24:28.788Z</time>
      </trkpt>
      <trkpt lat="49.012578" lon="12.272658">
        <ele>326.427179</ele>
        <time>2026-07-03T15:24:37.673Z</time>
      </trkpt>
      <trkpt lat="49.012822" lon="12.273900">
        <ele>326.541551</ele>
        <time>2026-07-03T15:24:56.987Z</time>
      </trkpt>
      <trkpt lat="49.013090" lon="12.274941">
        <ele>326.383213</ele>
        <time>2026-07-03T15:25:12.055Z</time>
      </trkpt>
      <trkpt lat="49.013846" lon="12.277591">
        <ele>325.936973</ele>
        <time>2026-07-03T15:25:52.270Z</time>
      </trkpt>
      <trkpt lat="49.014686" lon="12.280738">
        <ele>325.765031</ele>
        <time>2026-07-03T15:26:41.586Z</time>
      </trkpt>
      <trkpt lat="49.014885" lon="12.281553">
        <ele>325.747198</ele>
        <time>2026-07-03T15:26:54.156Z</time>
      </trkpt>
      <trkpt lat="49.015442" lon="12.284165">
        <ele>325.793618</ele>
        <time>2026-07-03T15:27:34.275Z</time>
      </trkpt>
      <trkpt lat="49.015474" lon="12.284555">
        <ele>325.811675</ele>
        <time>2026-07-03T15:27:40.156Z</time>
      </trkpt>
      <trkpt lat="49.015623" lon="12.285308">
        <ele>325.862607</ele>
        <time>2026-07-03T15:27:51.869Z</time>
      </trkpt>
      <trkpt lat="49.015655" lon="12.285660">
        <ele>325.885619</ele>
        <time>2026-07-03T15:27:57.224Z</time>
      </trkpt>
      <trkpt lat="49.015766" lon="12.286318">
        <ele>325.929615</ele>
        <time>2026-07-03T15:28:07.481Z</time>
      </trkpt>
      <trkpt lat="49.015882" lon="12.286842">
        <ele>325.965428</ele>
        <time>2026-07-03T15:28:15.669Z</time>
      </trkpt>
      <trkpt lat="49.015994" lon="12.287563">
        <ele>325.921048</ele>
        <time>2026-07-03T15:28:26.327Z</time>
      </trkpt>
      <trkpt lat="49.016247" lon="12.289970">
        <ele>325.706051</ele>
        <time>2026-07-03T15:29:00.842Z</time>
      </trkpt>
      <trkpt lat="49.016345" lon="12.291334">
        <ele>325.586854</ele>
        <time>2026-07-03T15:29:20.083Z</time>
      </trkpt>
      <trkpt lat="49.016387" lon="12.292056">
        <ele>325.523889</ele>
        <time>2026-07-03T15:29:30.497Z</time>
      </trkpt>
      <trkpt lat="49.016514" lon="12.296056">
        <ele>325.762657</ele>
        <time>2026-07-03T15:30:30.768Z</time>
      </trkpt>
      <trkpt lat="49.016582" lon="12.299335">
        <ele>325.773377</ele>
        <time>2026-07-03T15:31:17.554Z</time>
      </trkpt>
      <trkpt lat="49.016622" lon="12.300018">
        <ele>325.792476</ele>
        <time>2026-07-03T15:31:27.957Z</time>
      </trkpt>
      <trkpt lat="49.016626" lon="12.300549">
        <ele>325.807267</ele>
        <time>2026-07-03T15:31:36.222Z</time>
      </trkpt>
      <trkpt lat="49.016602" lon="12.302230">
        <ele>325.809287</ele>
        <time>2026-07-03T15:32:00.950Z</time>
      </trkpt>
      <trkpt lat="49.016784" lon="12.302229">
        <ele>325.809287</ele>
        <time>2026-07-03T15:32:04.850Z</time>
      </trkpt>
      <trkpt lat="49.017185" lon="12.302323">
        <ele>325.809287</ele>
        <time>2026-07-03T15:32:13.295Z</time>
      </trkpt>
      <trkpt lat="49.017319" lon="12.302352">
        <ele>325.809287</ele>
        <time>2026-07-03T15:32:16.072Z</time>
      </trkpt>
      <trkpt lat="49.018203" lon="12.302533">
        <ele>325.809287</ele>
        <time>2026-07-03T15:32:34.279Z</time>
      </trkpt>
    </trkseg>
  </trk>
</gpx>