<?xml version="1.0" encoding="UTF-8"?>
<gpx creator="StravaGPX" version="1.1" xmlns="http://www.topografix.com/GPX/1/1" xmlns:xsi="http://www.w3.org/2001/XMLSchema-instance" xsi:schemaLocation="http://www.topografix.com/GPX/1/1 http://www.topografix.com/GPX/1/1/gpx.xsd">
 <metadata>
  <name>SR11 Highway to St. Hellmar</name>
  <author>
   <name>Martin T. | SRSC Bach Crew</name>
   <link href="https://www.strava.com/athletes/22919123"/>
  </author>
  <copyright author="OpenStreetMap contributors">
   <year>2020</year>
   <license>https://www.openstreetmap.org/copyright</license>
  </copyright>
  <link href="https://www.strava.com/routes/3519957161514876294"/>
 </metadata>
 <trk>
  <name>SR11 Highway to St. Hellmar</name>
  <link href="https://www.strava.com/routes/3519957161514876294"/>
  <type>cycling</type>
  <trkseg>
   <trkpt lat="49.01861" lon="12.302610000000001">
    <ele>327.78000000000003</ele>
   </trkpt>
   <trkpt lat="49.01789499997945" lon="12.30246499789454">
    <ele>327.81000000000006</ele>
   </trkpt>
   <trkpt lat="49.01718" lon="12.302320000000002">
    <ele>327.83</ele>
   </trkpt>
   <trkpt lat="49.016780000000004" lon="12.30222">
    <ele>327.05</ele>
   </trkpt>
   <trkpt lat="49.016600000000004" lon="12.30222">
    <ele>326.8</ele>
   </trkpt>
   <trkpt lat="49.016587514769775" lon="12.303287500856637">
    <ele>326.64000000000004</ele>
   </trkpt>
   <trkpt lat="49.0165750196926" lon="12.30435500117756">
    <ele>326.91</ele>
   </trkpt>
   <trkpt lat="49.01656251476852" lon="12.305422500962347">
    <ele>327.0</ele>
   </trkpt>
   <trkpt lat="49.01655" lon="12.30649">
    <ele>327.22</ele>
   </trkpt>
   <trkpt lat="49.01653000449549" lon="12.30751000038746">
    <ele>327.3</ele>
   </trkpt>
   <trkpt lat="49.016510000000004" lon="12.308530000000001">
    <ele>327.27</ele>
   </trkpt>
   <trkpt lat="49.016470002282276" lon="12.309260000954009">
    <ele>327.12</ele>
   </trkpt>
   <trkpt lat="49.01643000000001" lon="12.30999">
    <ele>327.12</ele>
   </trkpt>
   <trkpt lat="49.016360002909884" lon="12.310815001522812">
    <ele>326.83</ele>
   </trkpt>
   <trkpt lat="49.016290000000005" lon="12.31164">
    <ele>326.73</ele>
   </trkpt>
   <trkpt lat="49.01612" lon="12.312920000000002">
    <ele>326.63000000000005</ele>
   </trkpt>
   <trkpt lat="49.01596500329785" lon="12.313795002781163">
    <ele>326.32</ele>
   </trkpt>
   <trkpt lat="49.01581" lon="12.314670000000001">
    <ele>326.32</ele>
   </trkpt>
   <trkpt lat="49.01565" lon="12.31544">
    <ele>326.78000000000003</ele>
   </trkpt>
   <trkpt lat="49.01558000000001" lon="12.31638">
    <ele>327.66</ele>
   </trkpt>
   <trkpt lat="49.0153" lon="12.31681">
    <ele>326.83</ele>
   </trkpt>
   <trkpt lat="49.01525" lon="12.316980000000001">
    <ele>326.78000000000003</ele>
   </trkpt>
   <trkpt lat="49.015100000000004" lon="12.31769">
    <ele>327.39</ele>
   </trkpt>
   <trkpt lat="49.01486667476006" lon="12.318656675650978">
    <ele>327.14000000000004</ele>
   </trkpt>
   <trkpt lat="49.014633341445425" lon="12.319623342240048">
    <ele>327.09000000000003</ele>
   </trkpt>
   <trkpt lat="49.0144" lon="12.320590000000001">
    <ele>327.05</ele>
   </trkpt>
   <trkpt lat="49.01419000191127" lon="12.321255002803326">
    <ele>327.03000000000003</ele>
   </trkpt>
   <trkpt lat="49.013980000000004" lon="12.32192">
    <ele>326.93000000000006</ele>
   </trkpt>
   <trkpt lat="49.01382" lon="12.32257">
    <ele>326.89</ele>
   </trkpt>
   <trkpt lat="49.01377" lon="12.323170000000001">
    <ele>326.91</ele>
   </trkpt>
   <trkpt lat="49.0135" lon="12.324200000000001">
    <ele>327.22</ele>
   </trkpt>
   <trkpt lat="49.01317" lon="12.32501">
    <ele>327.40000000000003</ele>
   </trkpt>
   <trkpt lat="49.0129" lon="12.32557">
    <ele>327.39</ele>
   </trkpt>
   <trkpt lat="49.01238000000001" lon="12.326500000000001">
    <ele>327.16</ele>
   </trkpt>
   <trkpt lat="49.011750000000006" lon="12.32746">
    <ele>326.87000000000006</ele>
   </trkpt>
   <trkpt lat="49.011100000000006" lon="12.328380000000001">
    <ele>326.17</ele>
   </trkpt>
   <trkpt lat="49.010450000000006" lon="12.329260000000001">
    <ele>326.08000000000004</ele>
   </trkpt>
   <trkpt lat="49.00992333683078" lon="12.329893346694409">
    <ele>326.05</ele>
   </trkpt>
   <trkpt lat="49.009396670195365" lon="12.330526679989966">
    <ele>325.98</ele>
   </trkpt>
   <trkpt lat="49.00887" lon="12.33116">
    <ele>325.90000000000003</ele>
   </trkpt>
   <trkpt lat="49.0082" lon="12.332040000000001">
    <ele>326.19000000000005</ele>
   </trkpt>
   <trkpt lat="49.007750001958065" lon="12.332725006296137">
    <ele>327.1</ele>
   </trkpt>
   <trkpt lat="49.0073" lon="12.33341">
    <ele>327.82</ele>
   </trkpt>
   <trkpt lat="49.00712" lon="12.333800000000002">
    <ele>327.88</ele>
   </trkpt>
   <trkpt lat="49.007070000000006" lon="12.334040000000002">
    <ele>327.64000000000004</ele>
   </trkpt>
   <trkpt lat="49.00704" lon="12.334330000000001">
    <ele>327.42</ele>
   </trkpt>
   <trkpt lat="49.00714000000001" lon="12.335690000000001">
    <ele>326.35</ele>
   </trkpt>
   <trkpt lat="49.0071" lon="12.33605">
    <ele>326.32</ele>
   </trkpt>
   <trkpt lat="49.007000000000005" lon="12.33632">
    <ele>326.32</ele>
   </trkpt>
   <trkpt lat="49.00670000142302" lon="12.336895003474803">
    <ele>326.34000000000003</ele>
   </trkpt>
   <trkpt lat="49.006400000000006" lon="12.337470000000001">
    <ele>326.28000000000003</ele>
   </trkpt>
   <trkpt lat="49.00598000228437" lon="12.338200006188668">
    <ele>326.3</ele>
   </trkpt>
   <trkpt lat="49.00556" lon="12.338930000000001">
    <ele>326.21</ele>
   </trkpt>
   <trkpt lat="49.005480000000006" lon="12.339030000000001">
    <ele>326.21</ele>
   </trkpt>
   <trkpt lat="49.0054" lon="12.33909">
    <ele>326.21</ele>
   </trkpt>
   <trkpt lat="49.005300000000005" lon="12.33913">
    <ele>326.21</ele>
   </trkpt>
   <trkpt lat="49.0047250001349" lon="12.339190000680343">
    <ele>326.53000000000003</ele>
   </trkpt>
   <trkpt lat="49.00415" lon="12.339250000000002">
    <ele>326.55</ele>
   </trkpt>
   <trkpt lat="49.003930000000004" lon="12.33933">
    <ele>326.55</ele>
   </trkpt>
   <trkpt lat="49.003820000000005" lon="12.33946">
    <ele>326.68</ele>
   </trkpt>
   <trkpt lat="49.00341" lon="12.340190000000002">
    <ele>326.62</ele>
   </trkpt>
   <trkpt lat="49.00290500291075" lon="12.34102500863549">
    <ele>326.54</ele>
   </trkpt>
   <trkpt lat="49.0024" lon="12.34186">
    <ele>326.65000000000003</ele>
   </trkpt>
   <trkpt lat="49.00198500155185" lon="12.342485005412797">
    <ele>326.6</ele>
   </trkpt>
   <trkpt lat="49.00157" lon="12.343110000000001">
    <ele>326.62</ele>
   </trkpt>
   <trkpt lat="49.00113" lon="12.34369">
    <ele>326.70000000000005</ele>
   </trkpt>
   <trkpt lat="49.00072" lon="12.344190000000001">
    <ele>326.81000000000006</ele>
   </trkpt>
   <trkpt lat="49.000330000000005" lon="12.34462">
    <ele>326.86</ele>
   </trkpt>
   <trkpt lat="48.999810000000004" lon="12.34515">
    <ele>326.78000000000003</ele>
   </trkpt>
   <trkpt lat="48.999410000000005" lon="12.34551">
    <ele>326.83</ele>
   </trkpt>
   <trkpt lat="48.99900500038779" lon="12.34583000264518">
    <ele>326.68</ele>
   </trkpt>
   <trkpt lat="48.9986" lon="12.346150000000002">
    <ele>326.64000000000004</ele>
   </trkpt>
   <trkpt lat="48.998000000000005" lon="12.346570000000002">
    <ele>326.45</ele>
   </trkpt>
   <trkpt lat="48.99781" lon="12.34673">
    <ele>326.37000000000006</ele>
   </trkpt>
   <trkpt lat="48.997730000000004" lon="12.346850000000002">
    <ele>326.37000000000006</ele>
   </trkpt>
   <trkpt lat="48.997420000000005" lon="12.34739">
    <ele>326.09000000000003</ele>
   </trkpt>
   <trkpt lat="48.9973" lon="12.34754">
    <ele>326.01</ele>
   </trkpt>
   <trkpt lat="48.99716" lon="12.347660000000001">
    <ele>326.01</ele>
   </trkpt>
   <trkpt lat="48.997060000000005" lon="12.34773">
    <ele>325.99</ele>
   </trkpt>
   <trkpt lat="48.996860000000005" lon="12.34781">
    <ele>325.99</ele>
   </trkpt>
   <trkpt lat="48.996230000000004" lon="12.347970000000002">
    <ele>325.76000000000005</ele>
   </trkpt>
   <trkpt lat="48.99559000020149" lon="12.348095001579805">
    <ele>325.61</ele>
   </trkpt>
   <trkpt lat="48.99495" lon="12.348220000000001">
    <ele>325.47</ele>
   </trkpt>
   <trkpt lat="48.99413500019829" lon="12.348460003941293">
    <ele>325.11</ele>
   </trkpt>
   <trkpt lat="48.993320000000004" lon="12.348700000000001">
    <ele>325.02000000000004</ele>
   </trkpt>
   <trkpt lat="48.993460000000006" lon="12.350010000000001">
    <ele>325.79</ele>
   </trkpt>
   <trkpt lat="48.99351" lon="12.351030000000002">
    <ele>326.05</ele>
   </trkpt>
   <trkpt lat="48.99347" lon="12.351460000000001">
    <ele>326.05</ele>
   </trkpt>
   <trkpt lat="48.993460000000006" lon="12.351880000000001">
    <ele>326.12</ele>
   </trkpt>
   <trkpt lat="48.993460000000006" lon="12.35222">
    <ele>326.09000000000003</ele>
   </trkpt>
   <trkpt lat="48.993480000000005" lon="12.352590000000001">
    <ele>326.09000000000003</ele>
   </trkpt>
   <trkpt lat="48.99362000000001" lon="12.353240000000001">
    <ele>326.28000000000003</ele>
   </trkpt>
   <trkpt lat="48.993880000000004" lon="12.354190000000001">
    <ele>326.21</ele>
   </trkpt>
   <trkpt lat="48.99396" lon="12.354550000000001">
    <ele>326.21</ele>
   </trkpt>
   <trkpt lat="48.99410500364638" lon="12.355464997518043">
    <ele>326.07</ele>
   </trkpt>
   <trkpt lat="48.99425" lon="12.356380000000001">
    <ele>326.12</ele>
   </trkpt>
   <trkpt lat="48.99432" lon="12.35701">
    <ele>326.06</ele>
   </trkpt>
   <trkpt lat="48.994310000000006" lon="12.357830000000002">
    <ele>325.82000000000005</ele>
   </trkpt>
   <trkpt lat="48.99425" lon="12.358860000000002">
    <ele>326.21</ele>
   </trkpt>
   <trkpt lat="48.99427000000001" lon="12.358860000000002">
    <ele>326.21</ele>
   </trkpt>
   <trkpt lat="48.99429000000001" lon="12.35889">
    <ele>326.09000000000003</ele>
   </trkpt>
   <trkpt lat="48.9943" lon="12.359350000000001">
    <ele>326.08000000000004</ele>
   </trkpt>
   <trkpt lat="48.99434" lon="12.35974">
    <ele>326.3</ele>
   </trkpt>
   <trkpt lat="48.99439" lon="12.359890000000002">
    <ele>326.79</ele>
   </trkpt>
   <trkpt lat="48.994490000000006" lon="12.360030000000002">
    <ele>326.85</ele>
   </trkpt>
   <trkpt lat="48.994420000000005" lon="12.360330000000001">
    <ele>326.73</ele>
   </trkpt>
   <trkpt lat="48.99434" lon="12.36048">
    <ele>326.73</ele>
   </trkpt>
   <trkpt lat="48.994350000000004" lon="12.360740000000002">
    <ele>326.67</ele>
   </trkpt>
   <trkpt lat="48.994400000000006" lon="12.360850000000001">
    <ele>326.67</ele>
   </trkpt>
   <trkpt lat="48.994330000000005" lon="12.361070000000002">
    <ele>326.33</ele>
   </trkpt>
   <trkpt lat="48.99429000000001" lon="12.361390000000002">
    <ele>326.14000000000004</ele>
   </trkpt>
   <trkpt lat="48.994283341078756" lon="12.362336666822896">
    <ele>326.88</ele>
   </trkpt>
   <trkpt lat="48.99427667441278" lon="12.363283333392568">
    <ele>326.88</ele>
   </trkpt>
   <trkpt lat="48.99427000000001" lon="12.364230000000001">
    <ele>326.79</ele>
   </trkpt>
   <trkpt lat="48.99429500258617" lon="12.365004999328304">
    <ele>326.63000000000005</ele>
   </trkpt>
   <trkpt lat="48.99432" lon="12.36578">
    <ele>326.66</ele>
   </trkpt>
   <trkpt lat="48.994380003200014" lon="12.366639999024752">
    <ele>326.54</ele>
   </trkpt>
   <trkpt lat="48.994440000000004" lon="12.367500000000001">
    <ele>326.41</ele>
   </trkpt>
   <trkpt lat="48.994550033577084" lon="12.368746652895718">
    <ele>326.32</ele>
   </trkpt>
   <trkpt lat="48.99466005372328" lon="12.369993311298318">
    <ele>326.03000000000003</ele>
   </trkpt>
   <trkpt lat="48.99477006043846" lon="12.37123997520718">
    <ele>325.75000000000006</ele>
   </trkpt>
   <trkpt lat="48.99488005372254" lon="12.372486644621675">
    <ele>325.70000000000005</ele>
   </trkpt>
   <trkpt lat="48.9949900335754" lon="12.373733319541175">
    <ele>325.61</ele>
   </trkpt>
   <trkpt lat="48.9951" lon="12.37498">
    <ele>325.66</ele>
   </trkpt>
   <trkpt lat="48.9951" lon="12.37612">
    <ele>325.82000000000005</ele>
   </trkpt>
   <trkpt lat="48.995050000000006" lon="12.376880000000002">
    <ele>325.66</ele>
   </trkpt>
   <trkpt lat="48.994960000000006" lon="12.37767">
    <ele>325.5</ele>
   </trkpt>
   <trkpt lat="48.99521000000001" lon="12.377780000000001">
    <ele>325.72</ele>
   </trkpt>
   <trkpt lat="48.995270000000005" lon="12.377860000000002">
    <ele>325.72</ele>
   </trkpt>
   <trkpt lat="48.995740000000005" lon="12.378820000000001">
    <ele>325.91</ele>
   </trkpt>
   <trkpt lat="48.99577000000001" lon="12.379220000000002">
    <ele>325.93000000000006</ele>
   </trkpt>
   <trkpt lat="48.995760000000004" lon="12.379480000000001">
    <ele>325.86</ele>
   </trkpt>
   <trkpt lat="48.99573" lon="12.37973">
    <ele>325.86</ele>
   </trkpt>
   <trkpt lat="48.99564" lon="12.380070000000002">
    <ele>325.87000000000006</ele>
   </trkpt>
   <trkpt lat="48.99550000000001" lon="12.38047">
    <ele>325.83</ele>
   </trkpt>
   <trkpt lat="48.99533" lon="12.381260000000001">
    <ele>325.96000000000004</ele>
   </trkpt>
   <trkpt lat="48.995250000000006" lon="12.38194">
    <ele>325.58000000000004</ele>
   </trkpt>
   <trkpt lat="48.99522" lon="12.382330000000001">
    <ele>325.43000000000006</ele>
   </trkpt>
   <trkpt lat="48.99522" lon="12.382880000000002">
    <ele>325.79</ele>
   </trkpt>
   <trkpt lat="48.995200000000004" lon="12.38297">
    <ele>326.17</ele>
   </trkpt>
   <trkpt lat="48.99506" lon="12.38319">
    <ele>326.26000000000005</ele>
   </trkpt>
   <trkpt lat="48.99501" lon="12.383370000000001">
    <ele>326.01</ele>
   </trkpt>
   <trkpt lat="48.99499" lon="12.383590000000002">
    <ele>325.5</ele>
   </trkpt>
   <trkpt lat="48.994930000000004" lon="12.383780000000002">
    <ele>325.06</ele>
   </trkpt>
   <trkpt lat="48.9947" lon="12.384360000000001">
    <ele>322.93000000000006</ele>
   </trkpt>
   <trkpt lat="48.99431000489612" lon="12.385420008186834">
    <ele>323.14000000000004</ele>
   </trkpt>
   <trkpt lat="48.99392" lon="12.38648">
    <ele>323.67</ele>
   </trkpt>
   <trkpt lat="48.993770000000005" lon="12.387030000000001">
    <ele>323.62</ele>
   </trkpt>
   <trkpt lat="48.99371000000001" lon="12.38756">
    <ele>323.95</ele>
   </trkpt>
   <trkpt lat="48.99371000000001" lon="12.38785">
    <ele>323.95</ele>
   </trkpt>
   <trkpt lat="48.993750000000006" lon="12.388420000000002">
    <ele>324.51</ele>
   </trkpt>
   <trkpt lat="48.99383" lon="12.38883">
    <ele>324.62</ele>
   </trkpt>
   <trkpt lat="48.99396" lon="12.389310000000002">
    <ele>323.64000000000004</ele>
   </trkpt>
   <trkpt lat="48.99418000000001" lon="12.38991">
    <ele>323.12</ele>
   </trkpt>
   <trkpt lat="48.994260000000004" lon="12.39018">
    <ele>323.15000000000003</ele>
   </trkpt>
   <trkpt lat="48.99438000000001" lon="12.390910000000002">
    <ele>323.59000000000003</ele>
   </trkpt>
   <trkpt lat="48.994400000000006" lon="12.39146">
    <ele>323.78000000000003</ele>
   </trkpt>
   <trkpt lat="48.99434" lon="12.391990000000002">
    <ele>323.51</ele>
   </trkpt>
   <trkpt lat="48.994125004341825" lon="12.392990004218873">
    <ele>324.48</ele>
   </trkpt>
   <trkpt lat="48.99391000000001" lon="12.39399">
    <ele>323.3</ele>
   </trkpt>
   <trkpt lat="48.99380000000001" lon="12.394820000000001">
    <ele>323.49</ele>
   </trkpt>
   <trkpt lat="48.99375000411194" lon="12.395795000894761">
    <ele>323.69000000000005</ele>
   </trkpt>
   <trkpt lat="48.993700000000004" lon="12.396770000000002">
    <ele>323.57</ele>
   </trkpt>
   <trkpt lat="48.99361500223774" lon="12.397485000978289">
    <ele>323.58000000000004</ele>
   </trkpt>
   <trkpt lat="48.99353000000001" lon="12.398200000000001">
    <ele>323.67</ele>
   </trkpt>
   <trkpt lat="48.99325" lon="12.399420000000001">
    <ele>323.5</ele>
   </trkpt>
   <trkpt lat="48.993120000000005" lon="12.39986">
    <ele>323.54</ele>
   </trkpt>
   <trkpt lat="48.99273" lon="12.400920000000001">
    <ele>323.49</ele>
   </trkpt>
   <trkpt lat="48.99253" lon="12.401330000000002">
    <ele>323.57</ele>
   </trkpt>
   <trkpt lat="48.99226" lon="12.401790000000002">
    <ele>323.54</ele>
   </trkpt>
   <trkpt lat="48.991875001215455" lon="12.402320004093383">
    <ele>323.54</ele>
   </trkpt>
   <trkpt lat="48.991490000000006" lon="12.40285">
    <ele>323.59999999999997</ele>
   </trkpt>
   <trkpt lat="48.99134" lon="12.40313">
    <ele>323.92</ele>
   </trkpt>
   <trkpt lat="48.99119" lon="12.40346">
    <ele>324.59000000000003</ele>
   </trkpt>
   <trkpt lat="48.99107" lon="12.403780000000001">
    <ele>324.68</ele>
   </trkpt>
   <trkpt lat="48.990860000000005" lon="12.4045">
    <ele>323.15000000000003</ele>
   </trkpt>
   <trkpt lat="48.990790000000004" lon="12.40482">
    <ele>322.96000000000004</ele>
   </trkpt>
   <trkpt lat="48.990700000000004" lon="12.405460000000001">
    <ele>322.97</ele>
   </trkpt>
   <trkpt lat="48.99067" lon="12.406300000000002">
    <ele>322.96000000000004</ele>
   </trkpt>
   <trkpt lat="48.990680000000005" lon="12.40661">
    <ele>322.96000000000004</ele>
   </trkpt>
   <trkpt lat="48.99080000000001" lon="12.40756">
    <ele>322.95</ele>
   </trkpt>
   <trkpt lat="48.9910200038701" lon="12.408509995677049">
    <ele>322.85</ele>
   </trkpt>
   <trkpt lat="48.991240000000005" lon="12.409460000000001">
    <ele>322.87000000000006</ele>
   </trkpt>
   <trkpt lat="48.991460000000004" lon="12.410520000000002">
    <ele>322.83</ele>
   </trkpt>
   <trkpt lat="48.9915" lon="12.411040000000002">
    <ele>322.70000000000005</ele>
   </trkpt>
   <trkpt lat="48.991460000000004" lon="12.411340000000001">
    <ele>322.61</ele>
   </trkpt>
   <trkpt lat="48.991290000000006" lon="12.41191">
    <ele>322.62</ele>
   </trkpt>
   <trkpt lat="48.991170000000004" lon="12.412160000000002">
    <ele>322.62</ele>
   </trkpt>
   <trkpt lat="48.99070000542753" lon="12.412953348320682">
    <ele>322.52000000000004</ele>
   </trkpt>
   <trkpt lat="48.990230005415796" lon="12.413746681673596">
    <ele>322.41</ele>
   </trkpt>
   <trkpt lat="48.989760000000004" lon="12.41454">
    <ele>322.11</ele>
   </trkpt>
   <trkpt lat="48.989630000000005" lon="12.414810000000001">
    <ele>322.04</ele>
   </trkpt>
   <trkpt lat="48.98944" lon="12.415470000000001">
    <ele>321.94</ele>
   </trkpt>
   <trkpt lat="48.98942" lon="12.415600000000001">
    <ele>321.94</ele>
   </trkpt>
   <trkpt lat="48.98942" lon="12.416020000000001">
    <ele>322.01</ele>
   </trkpt>
   <trkpt lat="48.989450000000005" lon="12.416360000000001">
    <ele>322.01</ele>
   </trkpt>
   <trkpt lat="48.98950000000001" lon="12.41661">
    <ele>321.98</ele>
   </trkpt>
   <trkpt lat="48.98962" lon="12.416950000000002">
    <ele>321.87000000000006</ele>
   </trkpt>
   <trkpt lat="48.99009500485067" lon="12.417994990327687">
    <ele>321.91</ele>
   </trkpt>
   <trkpt lat="48.990570000000005" lon="12.41904">
    <ele>321.84000000000003</ele>
   </trkpt>
   <trkpt lat="48.99067" lon="12.419440000000002">
    <ele>321.84000000000003</ele>
   </trkpt>
   <trkpt lat="48.990700000000004" lon="12.41965">
    <ele>321.87000000000006</ele>
   </trkpt>
   <trkpt lat="48.99071000000001" lon="12.4199">
    <ele>321.87000000000006</ele>
   </trkpt>
   <trkpt lat="48.990636675835226" lon="12.420930003030206">
    <ele>321.83</ele>
   </trkpt>
   <trkpt lat="48.990563342502014" lon="12.421960003028522">
    <ele>322.04</ele>
   </trkpt>
   <trkpt lat="48.99049" lon="12.42299">
    <ele>322.99</ele>
   </trkpt>
   <trkpt lat="48.990500000000004" lon="12.424090000000001">
    <ele>325.16</ele>
   </trkpt>
   <trkpt lat="48.990410000000004" lon="12.425270000000001">
    <ele>325.73</ele>
   </trkpt>
   <trkpt lat="48.99042000000001" lon="12.425360000000001">
    <ele>325.73</ele>
   </trkpt>
   <trkpt lat="48.99045" lon="12.425410000000001">
    <ele>325.81000000000006</ele>
   </trkpt>
   <trkpt lat="48.990480000000005" lon="12.42542">
    <ele>325.81000000000006</ele>
   </trkpt>
   <trkpt lat="48.99101500010774" lon="12.425479999366049">
    <ele>325.18</ele>
   </trkpt>
   <trkpt lat="48.991550000000004" lon="12.425540000000002">
    <ele>324.85</ele>
   </trkpt>
   <trkpt lat="48.99132252115455" lon="12.42681751750837">
    <ele>325.74</ele>
   </trkpt>
   <trkpt lat="48.991095028204896" lon="12.4280950233505">
    <ele>326.08000000000004</ele>
   </trkpt>
   <trkpt lat="48.99086752115129" lon="12.429372517525868">
    <ele>327.28000000000003</ele>
   </trkpt>
   <trkpt lat="48.990640000000006" lon="12.430650000000002">
    <ele>328.01</ele>
   </trkpt>
   <trkpt lat="48.99049" lon="12.43134">
    <ele>327.73</ele>
   </trkpt>
   <trkpt lat="48.990280000000006" lon="12.43218">
    <ele>327.56</ele>
   </trkpt>
   <trkpt lat="48.99025" lon="12.432820000000001">
    <ele>329.53000000000003</ele>
   </trkpt>
   <trkpt lat="48.99006000000001" lon="12.433570000000001">
    <ele>329.77</ele>
   </trkpt>
   <trkpt lat="48.98983500621619" lon="12.434770005451885">
    <ele>329.82</ele>
   </trkpt>
   <trkpt lat="48.989610000000006" lon="12.435970000000001">
    <ele>330.05</ele>
   </trkpt>
   <trkpt lat="48.98962" lon="12.435970000000001">
    <ele>330.05</ele>
   </trkpt>
   <trkpt lat="48.989540000000005" lon="12.4364">
    <ele>330.49</ele>
   </trkpt>
   <trkpt lat="48.98944500231291" lon="12.437130001313571">
    <ele>333.61</ele>
   </trkpt>
   <trkpt lat="48.98935" lon="12.43786">
    <ele>337.5</ele>
   </trkpt>
   <trkpt lat="48.98913" lon="12.438930000000001">
    <ele>337.84000000000003</ele>
   </trkpt>
   <trkpt lat="48.988882020305525" lon="12.440014021602186">
    <ele>337.52000000000004</ele>
   </trkpt>
   <trkpt lat="48.9886340304557" lon="12.441098032414038">
    <ele>338.06</ele>
   </trkpt>
   <trkpt lat="48.9883860304507" lon="12.442182032435312">
    <ele>337.96000000000004</ele>
   </trkpt>
   <trkpt lat="48.98813802029071" lon="12.443266021665774">
    <ele>338.37</ele>
   </trkpt>
   <trkpt lat="48.98789000000001" lon="12.444350000000002">
    <ele>339.29</ele>
   </trkpt>
   <trkpt lat="48.987665003296165" lon="12.445220003829876">
    <ele>339.12</ele>
   </trkpt>
   <trkpt lat="48.98744000000001" lon="12.446090000000002">
    <ele>338.89000000000004</ele>
   </trkpt>
   <trkpt lat="48.98715000351209" lon="12.44698500505215">
    <ele>337.57000000000005</ele>
   </trkpt>
   <trkpt lat="48.98686000000001" lon="12.447880000000001">
    <ele>334.46000000000004</ele>
   </trkpt>
   <trkpt lat="48.986740000000005" lon="12.44814">
    <ele>334.0</ele>
   </trkpt>
   <trkpt lat="48.98666" lon="12.448220000000001">
    <ele>333.73</ele>
   </trkpt>
   <trkpt lat="48.986630000000005" lon="12.448150000000002">
    <ele>333.72</ele>
   </trkpt>
   <trkpt lat="48.98659000000001" lon="12.44818">
    <ele>333.78000000000003</ele>
   </trkpt>
   <trkpt lat="48.98649" lon="12.44813">
    <ele>334.18</ele>
   </trkpt>
   <trkpt lat="48.986180000000004" lon="12.44766">
    <ele>337.27</ele>
   </trkpt>
   <trkpt lat="48.986090000000004" lon="12.44757">
    <ele>337.78000000000003</ele>
   </trkpt>
   <trkpt lat="48.98602" lon="12.44753">
    <ele>338.03000000000003</ele>
   </trkpt>
   <trkpt lat="48.985910000000004" lon="12.44752">
    <ele>338.1</ele>
   </trkpt>
   <trkpt lat="48.98548" lon="12.447600000000001">
    <ele>337.76</ele>
   </trkpt>
   <trkpt lat="48.98478500045873" lon="12.447792508060068">
    <ele>337.01000000000005</ele>
   </trkpt>
   <trkpt lat="48.98409000059717" lon="12.447985010750571">
    <ele>336.51000000000005</ele>
   </trkpt>
   <trkpt lat="48.98339500041536" lon="12.448177508071792">
    <ele>335.94</ele>
   </trkpt>
   <trkpt lat="48.9827" lon="12.44837">
    <ele>336.1</ele>
   </trkpt>
   <trkpt lat="48.982800000000005" lon="12.44926">
    <ele>335.01000000000005</ele>
   </trkpt>
   <trkpt lat="48.982872514496485" lon="12.450317495372325">
    <ele>334.95000000000005</ele>
   </trkpt>
   <trkpt lat="48.98294501932812" lon="12.451374993821856">
    <ele>334.85</ele>
   </trkpt>
   <trkpt lat="48.983017514494854" lon="12.452432495348205">
    <ele>335.12</ele>
   </trkpt>
   <trkpt lat="48.983090000000004" lon="12.45349">
    <ele>336.17</ele>
   </trkpt>
   <trkpt lat="48.98306" lon="12.453520000000001">
    <ele>336.17</ele>
   </trkpt>
   <trkpt lat="48.9825" lon="12.453640000000002">
    <ele>335.71</ele>
   </trkpt>
   <trkpt lat="48.9825" lon="12.453690000000002">
    <ele>335.71</ele>
   </trkpt>
   <trkpt lat="48.98248" lon="12.453800000000001">
    <ele>335.13000000000005</ele>
   </trkpt>
   <trkpt lat="48.982060027590514" lon="12.454930047610741">
    <ele>333.84000000000003</ele>
   </trkpt>
   <trkpt lat="48.9816400441447" lon="12.456060076176119">
    <ele>333.18</ele>
   </trkpt>
   <trkpt lat="48.981220049662895" lon="12.457190085696237">
    <ele>332.8</ele>
   </trkpt>
   <trkpt lat="48.98080004414551" lon="12.4583200761712">
    <ele>333.23</ele>
   </trkpt>
   <trkpt lat="48.98038002759281" lon="12.459450047601106">
    <ele>332.73</ele>
   </trkpt>
   <trkpt lat="48.979960000000005" lon="12.46058">
    <ele>332.05</ele>
   </trkpt>
   <trkpt lat="48.97954402068083" lon="12.461674036541396">
    <ele>333.09000000000003</ele>
   </trkpt>
   <trkpt lat="48.97912803101736" lon="12.462768054821288">
    <ele>333.67</ele>
   </trkpt>
   <trkpt lat="48.978712031009955" lon="12.463862054839794">
    <ele>334.08000000000004</ele>
   </trkpt>
   <trkpt lat="48.97829602065892" lon="12.464956036597034">
    <ele>333.92</ele>
   </trkpt>
   <trkpt lat="48.977880000000006" lon="12.466050000000001">
    <ele>333.87</ele>
   </trkpt>
   <trkpt lat="48.977437516195984" lon="12.467167529745097">
    <ele>332.83</ele>
   </trkpt>
   <trkpt lat="48.97699502159859" lon="12.468285039649501">
    <ele>330.27</ele>
   </trkpt>
   <trkpt lat="48.97655251620814" lon="12.469402529713392">
    <ele>331.73</ele>
   </trkpt>
   <trkpt lat="48.976110000000006" lon="12.47052">
    <ele>332.15</ele>
   </trkpt>
   <trkpt lat="48.97573629365331" lon="12.471721313037717">
    <ele>331.22</ele>
   </trkpt>
   <trkpt lat="48.975362574834" lon="12.472922608063369">
    <ele>330.29</ele>
   </trkpt>
   <trkpt lat="48.974988843542434" lon="12.47412388507686">
    <ele>330.29</ele>
   </trkpt>
   <trkpt lat="48.97461509977893" lon="12.475325144078097">
    <ele>330.1</ele>
   </trkpt>
   <trkpt lat="48.97424134354389" lon="12.476526385066988">
    <ele>330.47</ele>
   </trkpt>
   <trkpt lat="48.973867574837634" lon="12.477727608043434">
    <ele>330.98</ele>
   </trkpt>
   <trkpt lat="48.973493793660516" lon="12.478928813007347">
    <ele>332.02000000000004</ele>
   </trkpt>
   <trkpt lat="48.97312" lon="12.48013">
    <ele>331.89</ele>
   </trkpt>
   <trkpt lat="48.97284500370686" lon="12.481055005071012">
    <ele>331.25000000000006</ele>
   </trkpt>
   <trkpt lat="48.972570000000005" lon="12.481980000000002">
    <ele>330.73</ele>
   </trkpt>
   <trkpt lat="48.97225575342168" lon="12.483208617901257">
    <ele>330.74</ele>
   </trkpt>
   <trkpt lat="48.97194149379707" lon="12.484437220313872">
    <ele>330.68</ele>
   </trkpt>
   <trkpt lat="48.97162722112647" lon="12.485665807237574">
    <ele>329.78000000000003</ele>
   </trkpt>
   <trkpt lat="48.97131293541019" lon="12.486894378672078">
    <ele>329.57000000000005</ele>
   </trkpt>
   <trkpt lat="48.97099863664853" lon="12.488122934617119">
    <ele>329.81000000000006</ele>
   </trkpt>
   <trkpt lat="48.97068432484183" lon="12.489351475072414">
    <ele>329.6</ele>
   </trkpt>
   <trkpt lat="48.97037" lon="12.490580000000001">
    <ele>329.67</ele>
   </trkpt>
   <trkpt lat="48.969596667344064" lon="12.490316658524604">
    <ele>328.36</ele>
   </trkpt>
   <trkpt lat="48.96882333408876" lon="12.490053325218">
    <ele>328.13000000000005</ele>
   </trkpt>
   <trkpt lat="48.968050000000005" lon="12.489790000000001">
    <ele>328.1</ele>
   </trkpt>
   <trkpt lat="48.96735" lon="12.48952">
    <ele>328.07</ele>
   </trkpt>
   <trkpt lat="48.966870000189694" lon="12.489309997978143">
    <ele>327.86</ele>
   </trkpt>
   <trkpt lat="48.966390000000004" lon="12.4891">
    <ele>327.92</ele>
   </trkpt>
   <trkpt lat="48.965803333955776" lon="12.488829993643545">
    <ele>327.70000000000005</ele>
   </trkpt>
   <trkpt lat="48.965216667281474" lon="12.48855999364012">
    <ele>327.59000000000003</ele>
   </trkpt>
   <trkpt lat="48.96463000000001" lon="12.488290000000001">
    <ele>327.90000000000003</ele>
   </trkpt>
   <trkpt lat="48.9645" lon="12.488270000000002">
    <ele>327.93</ele>
   </trkpt>
   <trkpt lat="48.964420000000004" lon="12.488290000000001">
    <ele>327.91</ele>
   </trkpt>
   <trkpt lat="48.96434000000001" lon="12.488800000000001">
    <ele>327.84000000000003</ele>
   </trkpt>
   <trkpt lat="48.964240000000004" lon="12.48995">
    <ele>327.02000000000004</ele>
   </trkpt>
   <trkpt lat="48.964220000000005" lon="12.49047">
    <ele>326.98</ele>
   </trkpt>
   <trkpt lat="48.96417" lon="12.490950000000002">
    <ele>326.86</ele>
   </trkpt>
   <trkpt lat="48.964090000000006" lon="12.49126">
    <ele>326.90000000000003</ele>
   </trkpt>
   <trkpt lat="48.963820000000005" lon="12.492120000000002">
    <ele>326.61</ele>
   </trkpt>
   <trkpt lat="48.963730000000005" lon="12.492500000000001">
    <ele>326.11</ele>
   </trkpt>
   <trkpt lat="48.963640000000005" lon="12.49295">
    <ele>325.90000000000003</ele>
   </trkpt>
   <trkpt lat="48.963480000000004" lon="12.494280000000002">
    <ele>325.12</ele>
   </trkpt>
   <trkpt lat="48.96329" lon="12.495230000000001">
    <ele>324.59000000000003</ele>
   </trkpt>
   <trkpt lat="48.96301500613876" lon="12.496420006480184">
    <ele>324.20000000000005</ele>
   </trkpt>
   <trkpt lat="48.962740000000004" lon="12.497610000000002">
    <ele>324.02000000000004</ele>
   </trkpt>
   <trkpt lat="48.96242" lon="12.498750000000001">
    <ele>324.05</ele>
   </trkpt>
   <trkpt lat="48.962200001822254" lon="12.499415003202145">
    <ele>323.63</ele>
   </trkpt>
   <trkpt lat="48.961980000000004" lon="12.50008">
    <ele>322.81000000000006</ele>
   </trkpt>
   <trkpt lat="48.96161000000001" lon="12.50111">
    <ele>321.95</ele>
   </trkpt>
   <trkpt lat="48.961400002268746" lon="12.501830002934343">
    <ele>321.75000000000006</ele>
   </trkpt>
   <trkpt lat="48.96119" lon="12.502550000000001">
    <ele>321.70000000000005</ele>
   </trkpt>
   <trkpt lat="48.960860000000004" lon="12.50359">
    <ele>321.58000000000004</ele>
   </trkpt>
   <trkpt lat="48.96072" lon="12.503800000000002">
    <ele>321.33</ele>
   </trkpt>
   <trkpt lat="48.96065" lon="12.503870000000001">
    <ele>321.33</ele>
   </trkpt>
   <trkpt lat="48.96018000062198" lon="12.504245003522371">
    <ele>321.20000000000005</ele>
   </trkpt>
   <trkpt lat="48.95971" lon="12.504620000000001">
    <ele>321.13</ele>
   </trkpt>
   <trkpt lat="48.95962" lon="12.504790000000002">
    <ele>321.29</ele>
   </trkpt>
   <trkpt lat="48.959610000000005" lon="12.50496">
    <ele>321.48</ele>
   </trkpt>
   <trkpt lat="48.95962" lon="12.505070000000002">
    <ele>321.73</ele>
   </trkpt>
   <trkpt lat="48.95966000000001" lon="12.505170000000001">
    <ele>322.01</ele>
   </trkpt>
   <trkpt lat="48.960080000000005" lon="12.50586">
    <ele>324.64000000000004</ele>
   </trkpt>
   <trkpt lat="48.96011000000001" lon="12.50595">
    <ele>324.64000000000004</ele>
   </trkpt>
   <trkpt lat="48.96012" lon="12.506150000000002">
    <ele>325.28000000000003</ele>
   </trkpt>
   <trkpt lat="48.96011000000001" lon="12.50627">
    <ele>325.28000000000003</ele>
   </trkpt>
   <trkpt lat="48.96007" lon="12.50637">
    <ele>325.51</ele>
   </trkpt>
   <trkpt lat="48.959680000000006" lon="12.506960000000001">
    <ele>326.36</ele>
   </trkpt>
   <trkpt lat="48.959430000000005" lon="12.507480000000001">
    <ele>326.69000000000005</ele>
   </trkpt>
   <trkpt lat="48.959230000000005" lon="12.50806">
    <ele>326.86</ele>
   </trkpt>
   <trkpt lat="48.95915" lon="12.508360000000001">
    <ele>326.59000000000003</ele>
   </trkpt>
   <trkpt lat="48.959050000000005" lon="12.50904">
    <ele>323.89</ele>
   </trkpt>
   <trkpt lat="48.959030000000006" lon="12.50975">
    <ele>322.41</ele>
   </trkpt>
   <trkpt lat="48.95897" lon="12.51059">
    <ele>322.42</ele>
   </trkpt>
   <trkpt lat="48.95890000000001" lon="12.51125">
    <ele>324.44</ele>
   </trkpt>
   <trkpt lat="48.958760000000005" lon="12.511700000000001">
    <ele>325.57</ele>
   </trkpt>
   <trkpt lat="48.958400000000005" lon="12.512490000000001">
    <ele>325.99</ele>
   </trkpt>
   <trkpt lat="48.958330000000004" lon="12.512690000000001">
    <ele>325.92</ele>
   </trkpt>
   <trkpt lat="48.95825000000001" lon="12.513110000000001">
    <ele>326.12</ele>
   </trkpt>
   <trkpt lat="48.958220000000004" lon="12.513670000000001">
    <ele>326.44</ele>
   </trkpt>
   <trkpt lat="48.958110000000005" lon="12.51463">
    <ele>326.89</ele>
   </trkpt>
   <trkpt lat="48.95796000000001" lon="12.515860000000002">
    <ele>326.74</ele>
   </trkpt>
   <trkpt lat="48.95794000255602" lon="12.516630000553329">
    <ele>326.62</ele>
   </trkpt>
   <trkpt lat="48.95792" lon="12.5174">
    <ele>326.48</ele>
   </trkpt>
   <trkpt lat="48.95778500646898" lon="12.518625003463749">
    <ele>325.99</ele>
   </trkpt>
   <trkpt lat="48.95765" lon="12.519850000000002">
    <ele>325.65000000000003</ele>
   </trkpt>
   <trkpt lat="48.95759" lon="12.52077">
    <ele>325.45</ele>
   </trkpt>
   <trkpt lat="48.957570000000004" lon="12.521600000000001">
    <ele>325.31000000000006</ele>
   </trkpt>
   <trkpt lat="48.95758000000001" lon="12.522020000000001">
    <ele>325.26000000000005</ele>
   </trkpt>
   <trkpt lat="48.95763000202656" lon="12.522704999295323">
    <ele>325.14000000000004</ele>
   </trkpt>
   <trkpt lat="48.95768" lon="12.523390000000001">
    <ele>324.95</ele>
   </trkpt>
   <trkpt lat="48.957860000000004" lon="12.524650000000001">
    <ele>324.93000000000006</ele>
   </trkpt>
   <trkpt lat="48.95792" lon="12.52527">
    <ele>324.81000000000006</ele>
   </trkpt>
   <trkpt lat="48.95792" lon="12.525810000000002">
    <ele>324.81000000000006</ele>
   </trkpt>
   <trkpt lat="48.95787000000001" lon="12.526230000000002">
    <ele>324.65000000000003</ele>
   </trkpt>
   <trkpt lat="48.957820000000005" lon="12.52645">
    <ele>324.62</ele>
   </trkpt>
   <trkpt lat="48.95772" lon="12.526810000000001">
    <ele>324.52000000000004</ele>
   </trkpt>
   <trkpt lat="48.957600000000006" lon="12.527130000000001">
    <ele>324.43000000000006</ele>
   </trkpt>
   <trkpt lat="48.95713000000001" lon="12.5281">
    <ele>324.3</ele>
   </trkpt>
   <trkpt lat="48.95703" lon="12.528340000000002">
    <ele>324.25000000000006</ele>
   </trkpt>
   <trkpt lat="48.95689" lon="12.528780000000001">
    <ele>324.19000000000005</ele>
   </trkpt>
   <trkpt lat="48.956770000000006" lon="12.529380000000002">
    <ele>323.86</ele>
   </trkpt>
   <trkpt lat="48.95666000318771" lon="12.530240001964378">
    <ele>323.41</ele>
   </trkpt>
   <trkpt lat="48.95655000000001" lon="12.5311">
    <ele>322.67</ele>
   </trkpt>
   <trkpt lat="48.956430000000005" lon="12.53171">
    <ele>322.44</ele>
   </trkpt>
   <trkpt lat="48.956390000000006" lon="12.5319">
    <ele>322.37000000000006</ele>
   </trkpt>
   <trkpt lat="48.95624" lon="12.532210000000001">
    <ele>322.3</ele>
   </trkpt>
   <trkpt lat="48.95591" lon="12.532770000000001">
    <ele>322.43000000000006</ele>
   </trkpt>
   <trkpt lat="48.95579000000001" lon="12.53307">
    <ele>322.65000000000003</ele>
   </trkpt>
   <trkpt lat="48.95572000000001" lon="12.53335">
    <ele>323.03000000000003</ele>
   </trkpt>
   <trkpt lat="48.955540007540684" lon="12.53428334001115">
    <ele>323.48</ele>
   </trkpt>
   <trkpt lat="48.95536000755177" lon="12.535216673286868">
    <ele>324.42</ele>
   </trkpt>
   <trkpt lat="48.955180000000006" lon="12.536150000000001">
    <ele>325.18</ele>
   </trkpt>
   <trkpt lat="48.95495334372279" lon="12.537246676661894">
    <ele>325.42</ele>
   </trkpt>
   <trkpt lat="48.95472667705" lon="12.53834334335806">
    <ele>325.32000000000005</ele>
   </trkpt>
   <trkpt lat="48.9545" lon="12.53944">
    <ele>324.97</ele>
   </trkpt>
   <trkpt lat="48.954265003784094" lon="12.54037500438117">
    <ele>324.8</ele>
   </trkpt>
   <trkpt lat="48.95403" lon="12.541310000000001">
    <ele>324.15000000000003</ele>
   </trkpt>
   <trkpt lat="48.953970000000005" lon="12.541910000000001">
    <ele>323.65000000000003</ele>
   </trkpt>
   <trkpt lat="48.954" lon="12.54231">
    <ele>323.65000000000003</ele>
   </trkpt>
   <trkpt lat="48.95374" lon="12.54235">
    <ele>323.51</ele>
   </trkpt>
   <trkpt lat="48.95349" lon="12.54236">
    <ele>323.15000000000003</ele>
   </trkpt>
   <trkpt lat="48.95331" lon="12.542330000000002">
    <ele>323.15000000000003</ele>
   </trkpt>
   <trkpt lat="48.952780000000004" lon="12.54216">
    <ele>322.49</ele>
   </trkpt>
   <trkpt lat="48.95241000000001" lon="12.54207">
    <ele>321.89</ele>
   </trkpt>
   <trkpt lat="48.95199" lon="12.54184">
    <ele>321.45</ele>
   </trkpt>
   <trkpt lat="48.951890000000006" lon="12.541860000000002">
    <ele>321.45</ele>
   </trkpt>
   <trkpt lat="48.95178000000001" lon="12.542000000000002">
    <ele>321.3</ele>
   </trkpt>
   <trkpt lat="48.951445003443226" lon="12.54289500605947">
    <ele>321.31000000000006</ele>
   </trkpt>
   <trkpt lat="48.95111000000001" lon="12.543790000000001">
    <ele>321.55</ele>
   </trkpt>
   <trkpt lat="48.951040000000006" lon="12.543880000000001">
    <ele>321.55</ele>
   </trkpt>
   <trkpt lat="48.950950000000006" lon="12.543940000000001">
    <ele>321.55</ele>
   </trkpt>
   <trkpt lat="48.95069" lon="12.54405">
    <ele>321.68</ele>
   </trkpt>
   <trkpt lat="48.95073000000001" lon="12.54493">
    <ele>321.65999999999997</ele>
   </trkpt>
   <trkpt lat="48.95085" lon="12.545610000000002">
    <ele>321.69</ele>
   </trkpt>
   <trkpt lat="48.95089" lon="12.54635">
    <ele>321.70000000000005</ele>
   </trkpt>
   <trkpt lat="48.95087" lon="12.546570000000001">
    <ele>321.71000000000004</ele>
   </trkpt>
   <trkpt lat="48.950790000000005" lon="12.546780000000002">
    <ele>321.71000000000004</ele>
   </trkpt>
   <trkpt lat="48.95062" lon="12.547030000000001">
    <ele>321.95</ele>
   </trkpt>
   <trkpt lat="48.95031" lon="12.547450000000001">
    <ele>323.17</ele>
   </trkpt>
   <trkpt lat="48.95017000000001" lon="12.547670000000002">
    <ele>322.97</ele>
   </trkpt>
   <trkpt lat="48.95013" lon="12.547810000000002">
    <ele>322.28000000000003</ele>
   </trkpt>
   <trkpt lat="48.950120000000005" lon="12.54799">
    <ele>322.28000000000003</ele>
   </trkpt>
   <trkpt lat="48.950160000000004" lon="12.5484">
    <ele>321.91</ele>
   </trkpt>
   <trkpt lat="48.95028000000001" lon="12.54926">
    <ele>322.39</ele>
   </trkpt>
   <trkpt lat="48.950390000000006" lon="12.549790000000002">
    <ele>322.43000000000006</ele>
   </trkpt>
   <trkpt lat="48.95053" lon="12.550210000000002">
    <ele>322.53000000000003</ele>
   </trkpt>
   <trkpt lat="48.95064000000001" lon="12.550450000000001">
    <ele>322.53000000000003</ele>
   </trkpt>
   <trkpt lat="48.95087" lon="12.55075">
    <ele>322.57</ele>
   </trkpt>
   <trkpt lat="48.95107" lon="12.550980000000001">
    <ele>322.51</ele>
   </trkpt>
   <trkpt lat="48.95145" lon="12.551290000000002">
    <ele>322.59000000000003</ele>
   </trkpt>
   <trkpt lat="48.95158000000001" lon="12.55142">
    <ele>322.59000000000003</ele>
   </trkpt>
   <trkpt lat="48.9517" lon="12.551630000000001">
    <ele>322.53000000000003</ele>
   </trkpt>
   <trkpt lat="48.95178000000001" lon="12.551810000000001">
    <ele>322.53000000000003</ele>
   </trkpt>
   <trkpt lat="48.95181" lon="12.552000000000001">
    <ele>322.44</ele>
   </trkpt>
   <trkpt lat="48.951800000000006" lon="12.552230000000002">
    <ele>322.42</ele>
   </trkpt>
   <trkpt lat="48.951820000000005" lon="12.55259">
    <ele>322.48</ele>
   </trkpt>
   <trkpt lat="48.951930000000004" lon="12.553210000000002">
    <ele>322.97</ele>
   </trkpt>
   <trkpt lat="48.951980000000006" lon="12.55358">
    <ele>323.42</ele>
   </trkpt>
   <trkpt lat="48.95208500720404" lon="12.55486999743274">
    <ele>327.16</ele>
   </trkpt>
   <trkpt lat="48.95219" lon="12.55616">
    <ele>330.62</ele>
   </trkpt>
   <trkpt lat="48.95226000802881" lon="12.557123330730906">
    <ele>330.97</ele>
   </trkpt>
   <trkpt lat="48.95233000803614" lon="12.558086664165224">
    <ele>329.88</ele>
   </trkpt>
   <trkpt lat="48.952400000000004" lon="12.559050000000001">
    <ele>328.04</ele>
   </trkpt>
   <trkpt lat="48.952510000000004" lon="12.559700000000001">
    <ele>325.94</ele>
   </trkpt>
   <trkpt lat="48.95270500403163" lon="12.560669996035442">
    <ele>324.51</ele>
   </trkpt>
   <trkpt lat="48.95290000000001" lon="12.56164">
    <ele>324.55</ele>
   </trkpt>
   <trkpt lat="48.953070000000004" lon="12.562750000000001">
    <ele>325.35</ele>
   </trkpt>
   <trkpt lat="48.953100000000006" lon="12.56333">
    <ele>325.35</ele>
   </trkpt>
   <trkpt lat="48.95312000208269" lon="12.564024999552123">
    <ele>325.53000000000003</ele>
   </trkpt>
   <trkpt lat="48.953140000000005" lon="12.564720000000001">
    <ele>325.91</ele>
   </trkpt>
   <trkpt lat="48.953100000000006" lon="12.56592">
    <ele>326.37000000000006</ele>
   </trkpt>
   <trkpt lat="48.95297" lon="12.56714">
    <ele>327.09000000000003</ele>
   </trkpt>
   <trkpt lat="48.95291" lon="12.56812">
    <ele>328.12</ele>
   </trkpt>
   <trkpt lat="48.95272000505401" lon="12.569200004039262">
    <ele>329.23</ele>
   </trkpt>
   <trkpt lat="48.95253" lon="12.57028">
    <ele>330.93</ele>
   </trkpt>
   <trkpt lat="48.95252000000001" lon="12.570620000000002">
    <ele>332.18</ele>
   </trkpt>
   <trkpt lat="48.952540000000006" lon="12.570870000000001">
    <ele>332.18</ele>
   </trkpt>
   <trkpt lat="48.95262" lon="12.571340000000001">
    <ele>333.06</ele>
   </trkpt>
   <trkpt lat="48.952630000000006" lon="12.571530000000001">
    <ele>333.31000000000006</ele>
   </trkpt>
   <trkpt lat="48.95261000000001" lon="12.571670000000001">
    <ele>333.31000000000006</ele>
   </trkpt>
   <trkpt lat="48.952420000000004" lon="12.57238">
    <ele>335.3</ele>
   </trkpt>
   <trkpt lat="48.95223000000001" lon="12.573430000000002">
    <ele>336.99</ele>
   </trkpt>
   <trkpt lat="48.95214000000001" lon="12.574140000000002">
    <ele>338.21</ele>
   </trkpt>
   <trkpt lat="48.952110000000005" lon="12.574240000000001">
    <ele>338.48</ele>
   </trkpt>
   <trkpt lat="48.95205000000001" lon="12.574330000000002">
    <ele>338.48</ele>
   </trkpt>
   <trkpt lat="48.951980000000006" lon="12.574340000000001">
    <ele>338.58000000000004</ele>
   </trkpt>
   <trkpt lat="48.95158000000001" lon="12.57422">
    <ele>338.53000000000003</ele>
   </trkpt>
   <trkpt lat="48.95129000000001" lon="12.57422">
    <ele>337.78000000000003</ele>
   </trkpt>
   <trkpt lat="48.950850000072265" lon="12.574395001567215">
    <ele>336.78000000000003</ele>
   </trkpt>
   <trkpt lat="48.950410000000005" lon="12.574570000000001">
    <ele>334.63000000000005</ele>
   </trkpt>
   <trkpt lat="48.95006" lon="12.574760000000001">
    <ele>333.36</ele>
   </trkpt>
   <trkpt lat="48.949690000000004" lon="12.574890000000002">
    <ele>330.24</ele>
   </trkpt>
   <trkpt lat="48.94948" lon="12.57488">
    <ele>329.23</ele>
   </trkpt>
   <trkpt lat="48.94905000000001" lon="12.574710000000001">
    <ele>328.04</ele>
   </trkpt>
   <trkpt lat="48.948530000000005" lon="12.574440000000001">
    <ele>327.14000000000004</ele>
   </trkpt>
   <trkpt lat="48.94834" lon="12.574300000000001">
    <ele>327.37000000000006</ele>
   </trkpt>
   <trkpt lat="48.94825" lon="12.574290000000001">
    <ele>327.37000000000006</ele>
   </trkpt>
   <trkpt lat="48.948220000000006" lon="12.574370000000002">
    <ele>326.93000000000006</ele>
   </trkpt>
   <trkpt lat="48.948170000000005" lon="12.574710000000001">
    <ele>326.68</ele>
   </trkpt>
   <trkpt lat="48.94812" lon="12.575280000000001">
    <ele>326.72</ele>
   </trkpt>
   <trkpt lat="48.94811000000001" lon="12.575780000000002">
    <ele>327.20000000000005</ele>
   </trkpt>
   <trkpt lat="48.948080000000004" lon="12.576020000000002">
    <ele>327.66</ele>
   </trkpt>
   <trkpt lat="48.947880000000005" lon="12.57629">
    <ele>327.46000000000004</ele>
   </trkpt>
   <trkpt lat="48.94818" lon="12.57713">
    <ele>327.48</ele>
   </trkpt>
   <trkpt lat="48.9485" lon="12.57829">
    <ele>328.69000000000005</ele>
   </trkpt>
   <trkpt lat="48.94861" lon="12.578780000000002">
    <ele>329.53000000000003</ele>
   </trkpt>
   <trkpt lat="48.948660000000004" lon="12.579360000000001">
    <ele>330.56</ele>
   </trkpt>
   <trkpt lat="48.94868" lon="12.57998">
    <ele>332.91</ele>
   </trkpt>
   <trkpt lat="48.948600000000006" lon="12.580850000000002">
    <ele>338.22</ele>
   </trkpt>
   <trkpt lat="48.948410002868364" lon="12.581665003113605">
    <ele>340.79</ele>
   </trkpt>
   <trkpt lat="48.948220000000006" lon="12.58248">
    <ele>343.77000000000004</ele>
   </trkpt>
   <trkpt lat="48.94812" lon="12.58281">
    <ele>344.44</ele>
   </trkpt>
   <trkpt lat="48.94791000000001" lon="12.583730000000001">
    <ele>346.96999999999997</ele>
   </trkpt>
   <trkpt lat="48.94778" lon="12.584370000000002">
    <ele>348.34000000000003</ele>
   </trkpt>
   <trkpt lat="48.94764000000001" lon="12.585260000000002">
    <ele>348.68000000000006</ele>
   </trkpt>
   <trkpt lat="48.94756" lon="12.58591">
    <ele>348.23</ele>
   </trkpt>
   <trkpt lat="48.94753000000001" lon="12.58642">
    <ele>347.5</ele>
   </trkpt>
   <trkpt lat="48.94749" lon="12.587660000000001">
    <ele>345.16</ele>
   </trkpt>
   <trkpt lat="48.94751" lon="12.58866">
    <ele>341.36000000000007</ele>
   </trkpt>
   <trkpt lat="48.94762500725721" lon="12.589954997118683">
    <ele>335.95000000000005</ele>
   </trkpt>
   <trkpt lat="48.94774" lon="12.59125">
    <ele>331.17</ele>
   </trkpt>
   <trkpt lat="48.94784500283811" lon="12.592059998314543">
    <ele>329.18</ele>
   </trkpt>
   <trkpt lat="48.947950000000006" lon="12.592870000000001">
    <ele>328.13000000000005</ele>
   </trkpt>
   <trkpt lat="48.94800000000001" lon="12.593430000000001">
    <ele>328.11</ele>
   </trkpt>
   <trkpt lat="48.94820001053944" lon="12.59453332458148">
    <ele>327.51</ele>
   </trkpt>
   <trkpt lat="48.948400010556355" lon="12.595636658007955">
    <ele>327.79</ele>
   </trkpt>
   <trkpt lat="48.948600000000006" lon="12.59674">
    <ele>328.21</ele>
   </trkpt>
   <trkpt lat="48.94883501797442" lon="12.597917483349228">
    <ele>328.90000000000003</ele>
   </trkpt>
   <trkpt lat="48.94907002396428" lon="12.599094977790406">
    <ele>329.69000000000005</ele>
   </trkpt>
   <trkpt lat="48.949305017969365" lon="12.600272483323167">
    <ele>330.13000000000005</ele>
   </trkpt>
   <trkpt lat="48.949540000000006" lon="12.601450000000002">
    <ele>330.33</ele>
   </trkpt>
   <trkpt lat="48.949750004152406" lon="12.602424996100089">
    <ele>330.77</ele>
   </trkpt>
   <trkpt lat="48.949960000000004" lon="12.6034">
    <ele>330.89</ele>
   </trkpt>
   <trkpt lat="48.9500950030522" lon="12.60423999774372">
    <ele>330.98</ele>
   </trkpt>
   <trkpt lat="48.950230000000005" lon="12.605080000000001">
    <ele>331.18</ele>
   </trkpt>
   <trkpt lat="48.950290003124564" lon="12.605929999005983">
    <ele>331.0</ele>
   </trkpt>
   <trkpt lat="48.95035000000001" lon="12.60678">
    <ele>330.85</ele>
   </trkpt>
   <trkpt lat="48.95036" lon="12.607500000000002">
    <ele>330.65</ele>
   </trkpt>
   <trkpt lat="48.95038" lon="12.60832">
    <ele>330.44</ele>
   </trkpt>
   <trkpt lat="48.95035000000001" lon="12.60922">
    <ele>330.25000000000006</ele>
   </trkpt>
   <trkpt lat="48.950250000000004" lon="12.61044">
    <ele>329.89</ele>
   </trkpt>
   <trkpt lat="48.95010001498766" lon="12.611756674560471">
    <ele>329.61</ele>
   </trkpt>
   <trkpt lat="48.9499500149902" lon="12.613073341204549">
    <ele>329.21</ele>
   </trkpt>
   <trkpt lat="48.9498" lon="12.61439">
    <ele>328.52000000000004</ele>
   </trkpt>
   <trkpt lat="48.949740000000006" lon="12.61537">
    <ele>326.94</ele>
   </trkpt>
   <trkpt lat="48.94972000214501" lon="12.616075000391925">
    <ele>326.40000000000003</ele>
   </trkpt>
   <trkpt lat="48.94970000000001" lon="12.61678">
    <ele>326.86</ele>
   </trkpt>
   <trkpt lat="48.949740000000006" lon="12.617870000000002">
    <ele>328.79</ele>
   </trkpt>
   <trkpt lat="48.94985668127435" lon="12.619169993916207">
    <ele>332.0</ele>
   </trkpt>
   <trkpt lat="48.949973347940684" lon="12.620469993912266">
    <ele>333.64000000000004</ele>
   </trkpt>
   <trkpt lat="48.95009" lon="12.621770000000001">
    <ele>333.56</ele>
   </trkpt>
   <trkpt lat="48.95017000000001" lon="12.622430000000001">
    <ele>332.97</ele>
   </trkpt>
   <trkpt lat="48.95025334749886" lon="12.623709995778071">
    <ele>330.1</ele>
   </trkpt>
   <trkpt lat="48.95033668083573" lon="12.624989995832243">
    <ele>326.20000000000005</ele>
   </trkpt>
   <trkpt lat="48.95042" lon="12.626270000000002">
    <ele>324.85</ele>
   </trkpt>
   <trkpt lat="48.9504900024601" lon="12.627024998903197">
    <ele>324.53000000000003</ele>
   </trkpt>
   <trkpt lat="48.95056" lon="12.627780000000001">
    <ele>324.72</ele>
   </trkpt>
   <trkpt lat="48.950630000000004" lon="12.628440000000001">
    <ele>325.12</ele>
   </trkpt>
   <trkpt lat="48.9508" lon="12.629430000000001">
    <ele>326.14000000000004</ele>
   </trkpt>
   <trkpt lat="48.95093000000001" lon="12.63">
    <ele>326.46000000000004</ele>
   </trkpt>
   <trkpt lat="48.9508" lon="12.630080000000001">
    <ele>326.11</ele>
   </trkpt>
   <trkpt lat="48.950500000000005" lon="12.63015">
    <ele>324.92</ele>
   </trkpt>
   <trkpt lat="48.950340000000004" lon="12.63029">
    <ele>324.75000000000006</ele>
   </trkpt>
   <trkpt lat="48.95027" lon="12.63038">
    <ele>324.75000000000006</ele>
   </trkpt>
   <trkpt lat="48.949850000000005" lon="12.631190000000002">
    <ele>324.44</ele>
   </trkpt>
   <trkpt lat="48.949580000000005" lon="12.63156">
    <ele>324.43000000000006</ele>
   </trkpt>
   <trkpt lat="48.94910500093059" lon="12.63203000449819">
    <ele>324.29</ele>
   </trkpt>
   <trkpt lat="48.94863" lon="12.6325">
    <ele>324.59999999999997</ele>
   </trkpt>
   <trkpt lat="48.94809000095095" lon="12.632980005234481">
    <ele>325.01</ele>
   </trkpt>
   <trkpt lat="48.94755000000001" lon="12.633460000000001">
    <ele>326.65000000000003</ele>
   </trkpt>
   <trkpt lat="48.947300000000006" lon="12.63377">
    <ele>328.24</ele>
   </trkpt>
   <trkpt lat="48.94715" lon="12.63399">
    <ele>328.74</ele>
   </trkpt>
   <trkpt lat="48.94679000000001" lon="12.63461">
    <ele>330.02000000000004</ele>
   </trkpt>
   <trkpt lat="48.946650000000005" lon="12.6348">
    <ele>330.54</ele>
   </trkpt>
   <trkpt lat="48.94646" lon="12.63494">
    <ele>330.8</ele>
   </trkpt>
   <trkpt lat="48.946070000000006" lon="12.63502">
    <ele>331.08000000000004</ele>
   </trkpt>
   <trkpt lat="48.94540000000001" lon="12.63508">
    <ele>331.08000000000004</ele>
   </trkpt>
   <trkpt lat="48.94500000000001" lon="12.635140000000002">
    <ele>331.24</ele>
   </trkpt>
   <trkpt lat="48.94446000030817" lon="12.635325001946944">
    <ele>331.23</ele>
   </trkpt>
   <trkpt lat="48.943920000000006" lon="12.635510000000002">
    <ele>330.68</ele>
   </trkpt>
   <trkpt lat="48.943180000000005" lon="12.63568">
    <ele>329.79</ele>
   </trkpt>
   <trkpt lat="48.94286" lon="12.635850000000001">
    <ele>329.72</ele>
   </trkpt>
   <trkpt lat="48.942310000000006" lon="12.6362">
    <ele>329.93</ele>
   </trkpt>
   <trkpt lat="48.941875000572665" lon="12.636560003127382">
    <ele>330.96000000000004</ele>
   </trkpt>
   <trkpt lat="48.94144000000001" lon="12.636920000000002">
    <ele>331.35</ele>
   </trkpt>
   <trkpt lat="48.94102" lon="12.63714">
    <ele>329.83</ele>
   </trkpt>
   <trkpt lat="48.94042500022973" lon="12.637395003061897">
    <ele>326.85</ele>
   </trkpt>
   <trkpt lat="48.93983" lon="12.63765">
    <ele>325.86</ele>
   </trkpt>
   <trkpt lat="48.93923500022934" lon="12.637885002805055">
    <ele>325.48</ele>
   </trkpt>
   <trkpt lat="48.93864000000001" lon="12.63812">
    <ele>325.37000000000006</ele>
   </trkpt>
   <trkpt lat="48.93835000000001" lon="12.638250000000001">
    <ele>325.27</ele>
   </trkpt>
   <trkpt lat="48.938120000000005" lon="12.638420000000002">
    <ele>325.23</ele>
   </trkpt>
   <trkpt lat="48.93788000000001" lon="12.638670000000001">
    <ele>325.14000000000004</ele>
   </trkpt>
   <trkpt lat="48.93733500240776" lon="12.639405007926703">
    <ele>324.68</ele>
   </trkpt>
   <trkpt lat="48.93679" lon="12.64014">
    <ele>323.95</ele>
   </trkpt>
   <trkpt lat="48.93627500273729" lon="12.640930008089246">
    <ele>323.38</ele>
   </trkpt>
   <trkpt lat="48.93576" lon="12.641720000000001">
    <ele>323.37000000000006</ele>
   </trkpt>
   <trkpt lat="48.93519000390906" lon="12.642675010959534">
    <ele>323.18</ele>
   </trkpt>
   <trkpt lat="48.93462" lon="12.643630000000002">
    <ele>323.14000000000004</ele>
   </trkpt>
   <trkpt lat="48.93423000000001" lon="12.64409">
    <ele>322.96000000000004</ele>
   </trkpt>
   <trkpt lat="48.934110000000004" lon="12.644200000000001">
    <ele>322.86</ele>
   </trkpt>
   <trkpt lat="48.933870000000006" lon="12.64437">
    <ele>322.36</ele>
   </trkpt>
   <trkpt lat="48.933440000000004" lon="12.644570000000002">
    <ele>321.83</ele>
   </trkpt>
   <trkpt lat="48.932970000000005" lon="12.644630000000001">
    <ele>321.25000000000006</ele>
   </trkpt>
   <trkpt lat="48.93276" lon="12.644670000000001">
    <ele>321.14000000000004</ele>
   </trkpt>
   <trkpt lat="48.93234" lon="12.64497">
    <ele>320.70000000000005</ele>
   </trkpt>
   <trkpt lat="48.93213" lon="12.64525">
    <ele>320.64000000000004</ele>
   </trkpt>
   <trkpt lat="48.931960000000004" lon="12.64554">
    <ele>320.64000000000004</ele>
   </trkpt>
   <trkpt lat="48.93177000000001" lon="12.64597">
    <ele>320.74</ele>
   </trkpt>
   <trkpt lat="48.93166" lon="12.646350000000002">
    <ele>320.74</ele>
   </trkpt>
   <trkpt lat="48.931580000000004" lon="12.646740000000001">
    <ele>320.84000000000003</ele>
   </trkpt>
   <trkpt lat="48.931580000000004" lon="12.64727">
    <ele>321.08000000000004</ele>
   </trkpt>
   <trkpt lat="48.93168000000001" lon="12.648100000000001">
    <ele>321.20000000000005</ele>
   </trkpt>
   <trkpt lat="48.93169000239819" lon="12.648844999791388">
    <ele>321.43000000000006</ele>
   </trkpt>
   <trkpt lat="48.931700000000006" lon="12.649590000000002">
    <ele>321.57</ele>
   </trkpt>
   <trkpt lat="48.93173" lon="12.65033">
    <ele>322.03000000000003</ele>
   </trkpt>
   <trkpt lat="48.931810000000006" lon="12.650960000000001">
    <ele>322.58000000000004</ele>
   </trkpt>
   <trkpt lat="48.93211" lon="12.65215">
    <ele>323.11</ele>
   </trkpt>
   <trkpt lat="48.9322" lon="12.65272">
    <ele>323.05</ele>
   </trkpt>
   <trkpt lat="48.93225" lon="12.65332">
    <ele>322.75000000000006</ele>
   </trkpt>
   <trkpt lat="48.93225" lon="12.65366">
    <ele>322.75000000000006</ele>
   </trkpt>
   <trkpt lat="48.932170000000006" lon="12.65445">
    <ele>322.64000000000004</ele>
   </trkpt>
   <trkpt lat="48.93209" lon="12.654980000000002">
    <ele>322.62</ele>
   </trkpt>
   <trkpt lat="48.931900000000006" lon="12.655800000000001">
    <ele>322.65000000000003</ele>
   </trkpt>
   <trkpt lat="48.931855002171154" lon="12.656505000277301">
    <ele>322.86</ele>
   </trkpt>
   <trkpt lat="48.931810000000006" lon="12.657210000000001">
    <ele>323.12</ele>
   </trkpt>
   <trkpt lat="48.93164500666157" lon="12.658450003980676">
    <ele>323.93000000000006</ele>
   </trkpt>
   <trkpt lat="48.93148" lon="12.659690000000001">
    <ele>323.71000000000004</ele>
   </trkpt>
   <trkpt lat="48.93137" lon="12.66041">
    <ele>323.68</ele>
   </trkpt>
   <trkpt lat="48.93135" lon="12.66097">
    <ele>323.68</ele>
   </trkpt>
   <trkpt lat="48.931215002075255" lon="12.66165500161304">
    <ele>323.53000000000003</ele>
   </trkpt>
   <trkpt lat="48.93108" lon="12.66234">
    <ele>322.95</ele>
   </trkpt>
   <trkpt lat="48.93079" lon="12.66361">
    <ele>322.44</ele>
   </trkpt>
   <trkpt lat="48.930690000000006" lon="12.663950000000002">
    <ele>322.25000000000006</ele>
   </trkpt>
   <trkpt lat="48.930600000000005" lon="12.66417">
    <ele>322.25000000000006</ele>
   </trkpt>
   <trkpt lat="48.93038000000001" lon="12.66445">
    <ele>321.98</ele>
   </trkpt>
   <trkpt lat="48.93027000000001" lon="12.664530000000001">
    <ele>321.81000000000006</ele>
   </trkpt>
   <trkpt lat="48.92942000000001" lon="12.664790000000002">
    <ele>320.71000000000004</ele>
   </trkpt>
   <trkpt lat="48.929050000000004" lon="12.66497">
    <ele>320.29</ele>
   </trkpt>
   <trkpt lat="48.92882" lon="12.66519">
    <ele>320.15000000000003</ele>
   </trkpt>
   <trkpt lat="48.92833000112186" lon="12.665715005226426">
    <ele>319.97</ele>
   </trkpt>
   <trkpt lat="48.92784" lon="12.66624">
    <ele>319.93000000000006</ele>
   </trkpt>
   <trkpt lat="48.92761" lon="12.666440000000001">
    <ele>319.8</ele>
   </trkpt>
   <trkpt lat="48.92691000000001" lon="12.666860000000002">
    <ele>319.37000000000006</ele>
   </trkpt>
   <trkpt lat="48.92681" lon="12.666960000000001">
    <ele>319.37000000000006</ele>
   </trkpt>
   <trkpt lat="48.92676" lon="12.667010000000001">
    <ele>319.42</ele>
   </trkpt>
   <trkpt lat="48.926680000000005" lon="12.66736">
    <ele>319.42</ele>
   </trkpt>
   <trkpt lat="48.926610000000004" lon="12.667370000000002">
    <ele>319.49000000000007</ele>
   </trkpt>
   <trkpt lat="48.92647" lon="12.66741">
    <ele>319.62</ele>
   </trkpt>
   <trkpt lat="48.92638" lon="12.66749">
    <ele>319.62</ele>
   </trkpt>
   <trkpt lat="48.92609" lon="12.667700000000002">
    <ele>319.76000000000005</ele>
   </trkpt>
   <trkpt lat="48.92589" lon="12.66777">
    <ele>319.82000000000005</ele>
   </trkpt>
   <trkpt lat="48.925760000000004" lon="12.667760000000001">
    <ele>319.77</ele>
   </trkpt>
   <trkpt lat="48.925560000000004" lon="12.66769">
    <ele>319.78000000000003</ele>
   </trkpt>
   <trkpt lat="48.9249" lon="12.667340000000001">
    <ele>320.14000000000004</ele>
   </trkpt>
   <trkpt lat="48.92409000000001" lon="12.666950000000002">
    <ele>320.67</ele>
   </trkpt>
   <trkpt lat="48.923320000000004" lon="12.667010000000001">
    <ele>319.74</ele>
   </trkpt>
   <trkpt lat="48.92268000000001" lon="12.666830000000001">
    <ele>319.3</ele>
   </trkpt>
   <trkpt lat="48.92183000000001" lon="12.666390000000002">
    <ele>318.73</ele>
   </trkpt>
   <trkpt lat="48.920970000000004" lon="12.66614">
    <ele>318.65999999999997</ele>
   </trkpt>
   <trkpt lat="48.92022" lon="12.6659">
    <ele>318.52000000000004</ele>
   </trkpt>
   <trkpt lat="48.91939000000001" lon="12.66571">
    <ele>318.65000000000003</ele>
   </trkpt>
   <trkpt lat="48.918940000000006" lon="12.66563">
    <ele>318.63</ele>
   </trkpt>
   <trkpt lat="48.918890000000005" lon="12.666340000000002">
    <ele>318.52000000000004</ele>
   </trkpt>
   <trkpt lat="48.918800000000005" lon="12.667230000000002">
    <ele>318.13</ele>
   </trkpt>
   <trkpt lat="48.9187" lon="12.66774">
    <ele>317.78</ele>
   </trkpt>
   <trkpt lat="48.91866" lon="12.66788">
    <ele>317.55</ele>
   </trkpt>
   <trkpt lat="48.918580000000006" lon="12.667950000000001">
    <ele>317.55</ele>
   </trkpt>
   <trkpt lat="48.91855" lon="12.668040000000001">
    <ele>317.48</ele>
   </trkpt>
   <trkpt lat="48.91854000000001" lon="12.66815">
    <ele>317.48</ele>
   </trkpt>
   <trkpt lat="48.91857" lon="12.668310000000002">
    <ele>317.46000000000004</ele>
   </trkpt>
   <trkpt lat="48.91855" lon="12.668410000000002">
    <ele>317.46000000000004</ele>
   </trkpt>
   <trkpt lat="48.91865000000001" lon="12.668510000000001">
    <ele>317.97</ele>
   </trkpt>
   <trkpt lat="48.918290000000006" lon="12.66942">
    <ele>317.23</ele>
   </trkpt>
   <trkpt lat="48.91803" lon="12.669920000000001">
    <ele>317.08000000000004</ele>
   </trkpt>
   <trkpt lat="48.917860000000005" lon="12.670200000000001">
    <ele>317.0</ele>
   </trkpt>
   <trkpt lat="48.917265017442645" lon="12.671098386834146">
    <ele>316.56</ele>
   </trkpt>
   <trkpt lat="48.91667002790793" lon="12.67199675226685">
    <ele>316.42</ele>
   </trkpt>
   <trkpt lat="48.91607503139617" lon="12.672895096298825">
    <ele>316.47</ele>
   </trkpt>
   <trkpt lat="48.91548002790767" lon="12.673793418930774">
    <ele>316.48</ele>
   </trkpt>
   <trkpt lat="48.91488501744274" lon="12.674691720163406">
    <ele>316.34000000000003</ele>
   </trkpt>
   <trkpt lat="48.91429" lon="12.675590000000001">
    <ele>316.20000000000005</ele>
   </trkpt>
   <trkpt lat="48.91386000000001" lon="12.67637">
    <ele>316.62</ele>
   </trkpt>
   <trkpt lat="48.9136" lon="12.676940000000002">
    <ele>317.17</ele>
   </trkpt>
   <trkpt lat="48.91318001164157" lon="12.678100019480919">
    <ele>318.19</ele>
   </trkpt>
   <trkpt lat="48.91276001164974" lon="12.679260019457985">
    <ele>318.91</ele>
   </trkpt>
   <trkpt lat="48.91234000000001" lon="12.680420000000002">
    <ele>319.96000000000004</ele>
   </trkpt>
   <trkpt lat="48.912040000000005" lon="12.681210000000002">
    <ele>320.27</ele>
   </trkpt>
   <trkpt lat="48.912000000000006" lon="12.681210000000002">
    <ele>320.27</ele>
   </trkpt>
   <trkpt lat="48.911970000000004" lon="12.68124">
    <ele>320.17</ele>
   </trkpt>
   <trkpt lat="48.911770000000004" lon="12.681730000000002">
    <ele>319.93000000000006</ele>
   </trkpt>
   <trkpt lat="48.91167" lon="12.68186">
    <ele>319.93000000000006</ele>
   </trkpt>
   <trkpt lat="48.911680000000004" lon="12.68195">
    <ele>319.86</ele>
   </trkpt>
   <trkpt lat="48.911660000000005" lon="12.682120000000001">
    <ele>319.85</ele>
   </trkpt>
   <trkpt lat="48.911350000000006" lon="12.682900000000002">
    <ele>319.91</ele>
   </trkpt>
   <trkpt lat="48.91102000217152" lon="12.683605004607283">
    <ele>319.52000000000004</ele>
   </trkpt>
   <trkpt lat="48.91069" lon="12.684310000000002">
    <ele>319.69</ele>
   </trkpt>
   <trkpt lat="48.91058" lon="12.684590000000002">
    <ele>319.84000000000003</ele>
   </trkpt>
   <trkpt lat="48.91038" lon="12.68519">
    <ele>320.05</ele>
   </trkpt>
   <trkpt lat="48.910250000000005" lon="12.685640000000001">
    <ele>320.05</ele>
   </trkpt>
   <trkpt lat="48.910210000000006" lon="12.68589">
    <ele>319.93000000000006</ele>
   </trkpt>
   <trkpt lat="48.91010000000001" lon="12.68664">
    <ele>319.29</ele>
   </trkpt>
   <trkpt lat="48.9099600114298" lon="12.687790006476506">
    <ele>318.88000000000005</ele>
   </trkpt>
   <trkpt lat="48.90982001142585" lon="12.688940006508712">
    <ele>318.92</ele>
   </trkpt>
   <trkpt lat="48.90968" lon="12.690090000000001">
    <ele>318.90000000000003</ele>
   </trkpt>
   <trkpt lat="48.909550003342524" lon="12.690970002323581">
    <ele>318.76000000000005</ele>
   </trkpt>
   <trkpt lat="48.909420000000004" lon="12.69185">
    <ele>318.55</ele>
   </trkpt>
   <trkpt lat="48.90921" lon="12.6917">
    <ele>318.43000000000006</ele>
   </trkpt>
   <trkpt lat="48.90894" lon="12.69157">
    <ele>318.0</ele>
   </trkpt>
   <trkpt lat="48.90863" lon="12.69139">
    <ele>317.08000000000004</ele>
   </trkpt>
   <trkpt lat="48.90851000000001" lon="12.69128">
    <ele>317.05</ele>
   </trkpt>
   <trkpt lat="48.908440000000006" lon="12.69115">
    <ele>317.34000000000003</ele>
   </trkpt>
   <trkpt lat="48.90822000000001" lon="12.690970000000002">
    <ele>318.74</ele>
   </trkpt>
   <trkpt lat="48.907520000000005" lon="12.690130000000002">
    <ele>319.59000000000003</ele>
   </trkpt>
   <trkpt lat="48.907230000000006" lon="12.68984">
    <ele>319.91</ele>
   </trkpt>
   <trkpt lat="48.907070000000004" lon="12.6902">
    <ele>319.79</ele>
   </trkpt>
   <trkpt lat="48.906850000000006" lon="12.689960000000001">
    <ele>318.79</ele>
   </trkpt>
   <trkpt lat="48.907000000000004" lon="12.690320000000002">
    <ele>317.20000000000005</ele>
   </trkpt>
   <trkpt lat="48.90682" lon="12.69067">
    <ele>317.33</ele>
   </trkpt>
   <trkpt lat="48.906710000000004" lon="12.691080000000001">
    <ele>318.15000000000003</ele>
   </trkpt>
   <trkpt lat="48.906530000000004" lon="12.6918">
    <ele>319.70000000000005</ele>
   </trkpt>
   <trkpt lat="48.906490000000005" lon="12.69213">
    <ele>320.0</ele>
   </trkpt>
   <trkpt lat="48.906290000000006" lon="12.69208">
    <ele>319.94</ele>
   </trkpt>
   <trkpt lat="48.90608" lon="12.692070000000001">
    <ele>319.74</ele>
   </trkpt>
   <trkpt lat="48.90596000000001" lon="12.692070000000001">
    <ele>319.62</ele>
   </trkpt>
   <trkpt lat="48.905820000000006" lon="12.69209">
    <ele>319.62</ele>
   </trkpt>
   <trkpt lat="48.905390000000004" lon="12.692210000000001">
    <ele>319.21999999999997</ele>
   </trkpt>
   <trkpt lat="48.904920000000004" lon="12.69228">
    <ele>319.06</ele>
   </trkpt>
   <trkpt lat="48.90422" lon="12.69231">
    <ele>318.75</ele>
   </trkpt>
   <trkpt lat="48.904030000000006" lon="12.69237">
    <ele>318.76000000000005</ele>
   </trkpt>
   <trkpt lat="48.90388" lon="12.692470000000002">
    <ele>318.88000000000005</ele>
   </trkpt>
   <trkpt lat="48.90375" lon="12.6926">
    <ele>319.1</ele>
   </trkpt>
   <trkpt lat="48.90363000000001" lon="12.692770000000001">
    <ele>319.23</ele>
   </trkpt>
   <trkpt lat="48.90341" lon="12.69302">
    <ele>319.49000000000007</ele>
   </trkpt>
   <trkpt lat="48.903240000000004" lon="12.69312">
    <ele>319.77</ele>
   </trkpt>
   <trkpt lat="48.903110000000005" lon="12.693140000000001">
    <ele>319.77</ele>
   </trkpt>
   <trkpt lat="48.902910000000006" lon="12.69312">
    <ele>319.8</ele>
   </trkpt>
   <trkpt lat="48.90260000000001" lon="12.693200000000001">
    <ele>319.61</ele>
   </trkpt>
   <trkpt lat="48.902190000000004" lon="12.693420000000001">
    <ele>319.69</ele>
   </trkpt>
   <trkpt lat="48.901610000000005" lon="12.69386">
    <ele>318.99000000000007</ele>
   </trkpt>
   <trkpt lat="48.901160000000004" lon="12.694260000000002">
    <ele>318.71999999999997</ele>
   </trkpt>
   <trkpt lat="48.900920000000006" lon="12.694500000000001">
    <ele>318.37000000000006</ele>
   </trkpt>
   <trkpt lat="48.900560000000006" lon="12.69494">
    <ele>318.34000000000003</ele>
   </trkpt>
   <trkpt lat="48.900400000000005" lon="12.695170000000001">
    <ele>318.34000000000003</ele>
   </trkpt>
   <trkpt lat="48.90026" lon="12.695430000000002">
    <ele>318.27000000000004</ele>
   </trkpt>
   <trkpt lat="48.89988" lon="12.6964">
    <ele>317.92</ele>
   </trkpt>
   <trkpt lat="48.899620000000006" lon="12.69716">
    <ele>317.78</ele>
   </trkpt>
   <trkpt lat="48.89949000000001" lon="12.69766">
    <ele>317.53000000000003</ele>
   </trkpt>
   <trkpt lat="48.89934" lon="12.698360000000001">
    <ele>318.07</ele>
   </trkpt>
   <trkpt lat="48.899210000000004" lon="12.69908">
    <ele>319.02000000000004</ele>
   </trkpt>
   <trkpt lat="48.89918" lon="12.69913">
    <ele>318.99000000000007</ele>
   </trkpt>
   <trkpt lat="48.89914" lon="12.699140000000002">
    <ele>318.99000000000007</ele>
   </trkpt>
   <trkpt lat="48.89897000545858" lon="12.700265003910179">
    <ele>319.45</ele>
   </trkpt>
   <trkpt lat="48.8988" lon="12.701390000000002">
    <ele>320.02000000000004</ele>
   </trkpt>
   <trkpt lat="48.898610000000005" lon="12.702200000000001">
    <ele>320.32000000000005</ele>
   </trkpt>
   <trkpt lat="48.89847" lon="12.702800000000002">
    <ele>320.48</ele>
   </trkpt>
   <trkpt lat="48.8981675183626" lon="12.703990021615915">
    <ele>320.39</ele>
   </trkpt>
   <trkpt lat="48.89786502448134" lon="12.705180028829062">
    <ele>320.06</ele>
   </trkpt>
   <trkpt lat="48.897562518356466" lon="12.706370021639191">
    <ele>319.58000000000004</ele>
   </trkpt>
   <trkpt lat="48.89726" lon="12.70756">
    <ele>319.19</ele>
   </trkpt>
   <trkpt lat="48.897090000000006" lon="12.70831">
    <ele>319.23</ele>
   </trkpt>
   <trkpt lat="48.896980000000006" lon="12.708990000000002">
    <ele>319.71000000000004</ele>
   </trkpt>
   <trkpt lat="48.89687000000001" lon="12.70991">
    <ele>320.04</ele>
   </trkpt>
   <trkpt lat="48.89688" lon="12.710170000000002">
    <ele>320.23</ele>
   </trkpt>
   <trkpt lat="48.89685" lon="12.710540000000002">
    <ele>320.45</ele>
   </trkpt>
   <trkpt lat="48.89681" lon="12.71067">
    <ele>320.45</ele>
   </trkpt>
   <trkpt lat="48.896800000000006" lon="12.71141">
    <ele>320.70000000000005</ele>
   </trkpt>
   <trkpt lat="48.89683" lon="12.712040000000002">
    <ele>320.76000000000005</ele>
   </trkpt>
   <trkpt lat="48.896890000000006" lon="12.71283">
    <ele>321.34000000000003</ele>
   </trkpt>
   <trkpt lat="48.89692" lon="12.712950000000001">
    <ele>321.34000000000003</ele>
   </trkpt>
   <trkpt lat="48.89697" lon="12.712990000000001">
    <ele>321.46000000000004</ele>
   </trkpt>
   <trkpt lat="48.896980000000006" lon="12.71306">
    <ele>321.46000000000004</ele>
   </trkpt>
   <trkpt lat="48.89697" lon="12.713280000000001">
    <ele>321.37000000000006</ele>
   </trkpt>
   <trkpt lat="48.89701" lon="12.713330000000001">
    <ele>321.37000000000006</ele>
   </trkpt>
   <trkpt lat="48.89703" lon="12.713420000000001">
    <ele>321.19</ele>
   </trkpt>
   <trkpt lat="48.89699" lon="12.71358">
    <ele>320.96000000000004</ele>
   </trkpt>
   <trkpt lat="48.897020000000005" lon="12.714">
    <ele>320.54</ele>
   </trkpt>
   <trkpt lat="48.89716000000001" lon="12.71522">
    <ele>320.82000000000005</ele>
   </trkpt>
   <trkpt lat="48.89716000000001" lon="12.715160000000001">
    <ele>320.82000000000005</ele>
   </trkpt>
   <trkpt lat="48.897180000000006" lon="12.715110000000001">
    <ele>320.82000000000005</ele>
   </trkpt>
   <trkpt lat="48.89781000000001" lon="12.71474">
    <ele>321.88</ele>
   </trkpt>
   <trkpt lat="48.89793" lon="12.714640000000001">
    <ele>321.88</ele>
   </trkpt>
   <trkpt lat="48.898030000000006" lon="12.7146">
    <ele>321.88</ele>
   </trkpt>
   <trkpt lat="48.89849000009035" lon="12.714325002672197">
    <ele>323.86</ele>
   </trkpt>
   <trkpt lat="48.898950000000006" lon="12.71405">
    <ele>325.62</ele>
   </trkpt>
   <trkpt lat="48.899" lon="12.714">
    <ele>326.33</ele>
   </trkpt>
   <trkpt lat="48.899060000000006" lon="12.713970000000002">
    <ele>326.33</ele>
   </trkpt>
   <trkpt lat="48.89912" lon="12.714070000000001">
    <ele>326.28000000000003</ele>
   </trkpt>
   <trkpt lat="48.899210000000004" lon="12.714070000000001">
    <ele>326.33</ele>
   </trkpt>
   <trkpt lat="48.89934" lon="12.713980000000001">
    <ele>327.29</ele>
   </trkpt>
   <trkpt lat="48.89951000000001" lon="12.713920000000002">
    <ele>329.73</ele>
   </trkpt>
   <trkpt lat="48.899710000000006" lon="12.713890000000001">
    <ele>330.72</ele>
   </trkpt>
   <trkpt lat="48.90003" lon="12.713920000000002">
    <ele>331.6</ele>
   </trkpt>
   <trkpt lat="48.900380000000006" lon="12.714020000000001">
    <ele>334.41</ele>
   </trkpt>
   <trkpt lat="48.901070000000004" lon="12.71442">
    <ele>340.37</ele>
   </trkpt>
   <trkpt lat="48.90124" lon="12.714570000000002">
    <ele>342.6</ele>
   </trkpt>
   <trkpt lat="48.902" lon="12.71502">
    <ele>345.89000000000004</ele>
   </trkpt>
   <trkpt lat="48.90214" lon="12.71521">
    <ele>345.5</ele>
   </trkpt>
   <trkpt lat="48.902190000000004" lon="12.715240000000001">
    <ele>345.34000000000003</ele>
   </trkpt>
   <trkpt lat="48.902260000000005" lon="12.715240000000001">
    <ele>345.34000000000003</ele>
   </trkpt>
   <trkpt lat="48.90245" lon="12.715200000000001">
    <ele>345.91</ele>
   </trkpt>
   <trkpt lat="48.90252" lon="12.715230000000002">
    <ele>346.30000000000007</ele>
   </trkpt>
   <trkpt lat="48.902770000000004" lon="12.715420000000002">
    <ele>348.66</ele>
   </trkpt>
   <trkpt lat="48.9032550010048" lon="12.71589999535053">
    <ele>348.55</ele>
   </trkpt>
   <trkpt lat="48.903740000000006" lon="12.716380000000001">
    <ele>343.33000000000004</ele>
   </trkpt>
   <trkpt lat="48.90427500075982" lon="12.716779995768796">
    <ele>340.52000000000004</ele>
   </trkpt>
   <trkpt lat="48.904810000000005" lon="12.71718">
    <ele>339.33000000000004</ele>
   </trkpt>
   <trkpt lat="48.90519500085264" lon="12.717614996687855">
    <ele>338.22</ele>
   </trkpt>
   <trkpt lat="48.90558" lon="12.718050000000002">
    <ele>336.01000000000005</ele>
   </trkpt>
   <trkpt lat="48.90561" lon="12.718140000000002">
    <ele>336.01000000000005</ele>
   </trkpt>
   <trkpt lat="48.905620000000006" lon="12.71855">
    <ele>334.81000000000006</ele>
   </trkpt>
   <trkpt lat="48.905660000000005" lon="12.71859">
    <ele>334.28000000000003</ele>
   </trkpt>
   <trkpt lat="48.90574" lon="12.718620000000001">
    <ele>334.28000000000003</ele>
   </trkpt>
   <trkpt lat="48.90597" lon="12.71864">
    <ele>333.68</ele>
   </trkpt>
   <trkpt lat="48.90612" lon="12.718710000000002">
    <ele>330.87000000000006</ele>
   </trkpt>
   <trkpt lat="48.906270000000006" lon="12.71888">
    <ele>330.87000000000006</ele>
   </trkpt>
   <trkpt lat="48.906850000000006" lon="12.719740000000002">
    <ele>327.76000000000005</ele>
   </trkpt>
   <trkpt lat="48.907230000000006" lon="12.720360000000001">
    <ele>327.07</ele>
   </trkpt>
   <trkpt lat="48.9076350030398" lon="12.721204993053625">
    <ele>325.67</ele>
   </trkpt>
   <trkpt lat="48.90804000000001" lon="12.722050000000001">
    <ele>324.62</ele>
   </trkpt>
   <trkpt lat="48.908100000000005" lon="12.72231">
    <ele>324.59999999999997</ele>
   </trkpt>
   <trkpt lat="48.90855000748147" lon="12.72323998325717">
    <ele>323.29</ele>
   </trkpt>
   <trkpt lat="48.90900000748553" lon="12.724169983265302">
    <ele>322.23</ele>
   </trkpt>
   <trkpt lat="48.90945000000001" lon="12.725100000000001">
    <ele>321.06</ele>
   </trkpt>
   <trkpt lat="48.90973" lon="12.725610000000001">
    <ele>319.89</ele>
   </trkpt>
   <trkpt lat="48.91025000227036" lon="12.726354992061816">
    <ele>319.37000000000006</ele>
   </trkpt>
   <trkpt lat="48.91077000000001" lon="12.727100000000002">
    <ele>318.20000000000005</ele>
   </trkpt>
   <trkpt lat="48.911460000000005" lon="12.72794">
    <ele>320.71000000000004</ele>
   </trkpt>
   <trkpt lat="48.91185000095943" lon="12.72844999580328">
    <ele>320.11</ele>
   </trkpt>
   <trkpt lat="48.912240000000004" lon="12.72896">
    <ele>321.90000000000003</ele>
   </trkpt>
   <trkpt lat="48.912600000000005" lon="12.729260000000002">
    <ele>323.89</ele>
   </trkpt>
   <trkpt lat="48.91302" lon="12.729680000000002">
    <ele>326.67</ele>
   </trkpt>
   <trkpt lat="48.913120000000006" lon="12.72991">
    <ele>328.74</ele>
   </trkpt>
   <trkpt lat="48.91319000000001" lon="12.73018">
    <ele>329.86</ele>
   </trkpt>
   <trkpt lat="48.913230000000006" lon="12.730440000000002">
    <ele>330.48</ele>
   </trkpt>
   <trkpt lat="48.91328000000001" lon="12.730500000000001">
    <ele>330.48</ele>
   </trkpt>
   <trkpt lat="48.91339334204082" lon="12.731503328820148">
    <ele>330.62</ele>
   </trkpt>
   <trkpt lat="48.913506675378585" lon="12.732506662192666">
    <ele>330.09000000000003</ele>
   </trkpt>
   <trkpt lat="48.91362" lon="12.73351">
    <ele>328.84000000000003</ele>
   </trkpt>
   <trkpt lat="48.91386001459554" lon="12.734809987427967">
    <ele>326.82</ele>
   </trkpt>
   <trkpt lat="48.914100014580605" lon="12.73610998734677">
    <ele>325.09999999999997</ele>
   </trkpt>
   <trkpt lat="48.91434" lon="12.73741">
    <ele>322.79</ele>
   </trkpt>
   <trkpt lat="48.91454000425399" lon="12.738399996122492">
    <ele>321.33</ele>
   </trkpt>
   <trkpt lat="48.91474" lon="12.73939">
    <ele>322.27</ele>
   </trkpt>
   <trkpt lat="48.914840000000005" lon="12.739630000000002">
    <ele>322.64000000000004</ele>
   </trkpt>
   <trkpt lat="48.915040000000005" lon="12.74074">
    <ele>322.19</ele>
   </trkpt>
   <trkpt lat="48.91505" lon="12.74098">
    <ele>322.14000000000004</ele>
   </trkpt>
   <trkpt lat="48.91503" lon="12.74144">
    <ele>322.26000000000005</ele>
   </trkpt>
   <trkpt lat="48.91492" lon="12.742140000000001">
    <ele>322.99</ele>
   </trkpt>
   <trkpt lat="48.914840000000005" lon="12.74257">
    <ele>324.03000000000003</ele>
   </trkpt>
   <trkpt lat="48.914660002255566" lon="12.743300002824858">
    <ele>328.09000000000003</ele>
   </trkpt>
   <trkpt lat="48.914480000000005" lon="12.74403">
    <ele>331.02000000000004</ele>
   </trkpt>
   <trkpt lat="48.91447" lon="12.744250000000001">
    <ele>330.98</ele>
   </trkpt>
   <trkpt lat="48.91449" lon="12.744330000000001">
    <ele>330.98</ele>
   </trkpt>
   <trkpt lat="48.91458" lon="12.744560000000002">
    <ele>331.57000000000005</ele>
   </trkpt>
   <trkpt lat="48.914680000000004" lon="12.744670000000001">
    <ele>332.41</ele>
   </trkpt>
   <trkpt lat="48.91530333508372" lon="12.745126655231749">
    <ele>334.19000000000005</ele>
   </trkpt>
   <trkpt lat="48.915926668364555" lon="12.745583321859767">
    <ele>337.6</ele>
   </trkpt>
   <trkpt lat="48.91655" lon="12.74604">
    <ele>339.15</ele>
   </trkpt>
   <trkpt lat="48.91698" lon="12.74638">
    <ele>340.68</ele>
   </trkpt>
   <trkpt lat="48.9176550009938" lon="12.746844993757108">
    <ele>343.08000000000004</ele>
   </trkpt>
   <trkpt lat="48.918330000000005" lon="12.74731">
    <ele>344.58000000000004</ele>
   </trkpt>
   <trkpt lat="48.91910000135453" lon="12.747869991366391">
    <ele>345.37</ele>
   </trkpt>
   <trkpt lat="48.91987" lon="12.74843">
    <ele>344.81</ele>
   </trkpt>
   <trkpt lat="48.920570000000005" lon="12.749060000000002">
    <ele>345.54</ele>
   </trkpt>
   <trkpt lat="48.921150000000004" lon="12.749690000000001">
    <ele>343.49</ele>
   </trkpt>
   <trkpt lat="48.921490000000006" lon="12.750090000000002">
    <ele>340.78000000000003</ele>
   </trkpt>
   <trkpt lat="48.92166" lon="12.750340000000001">
    <ele>340.05</ele>
   </trkpt>
   <trkpt lat="48.921850000000006" lon="12.750680000000001">
    <ele>339.79</ele>
   </trkpt>
   <trkpt lat="48.92215" lon="12.751840000000001">
    <ele>340.59</ele>
   </trkpt>
   <trkpt lat="48.922430000000006" lon="12.752740000000001">
    <ele>343.80000000000007</ele>
   </trkpt>
   <trkpt lat="48.92250000000001" lon="12.75317">
    <ele>344.99</ele>
   </trkpt>
   <trkpt lat="48.9226" lon="12.754520000000001">
    <ele>350.91</ele>
   </trkpt>
   <trkpt lat="48.92278" lon="12.755790000000001">
    <ele>355.64</ele>
   </trkpt>
   <trkpt lat="48.922920000000005" lon="12.75632">
    <ele>357.98</ele>
   </trkpt>
   <trkpt lat="48.92304000000001" lon="12.756570000000002">
    <ele>358.64</ele>
   </trkpt>
   <trkpt lat="48.923140000000004" lon="12.756660000000002">
    <ele>358.68000000000006</ele>
   </trkpt>
   <trkpt lat="48.92325" lon="12.756720000000001">
    <ele>358.49</ele>
   </trkpt>
   <trkpt lat="48.923660000000005" lon="12.75679">
    <ele>357.12000000000006</ele>
   </trkpt>
   <trkpt lat="48.92383" lon="12.75684">
    <ele>356.38</ele>
   </trkpt>
   <trkpt lat="48.923970000000004" lon="12.756910000000001">
    <ele>356.18000000000006</ele>
   </trkpt>
   <trkpt lat="48.92416" lon="12.75716">
    <ele>355.78000000000003</ele>
   </trkpt>
   <trkpt lat="48.92452667407771" lon="12.758086653027652">
    <ele>353.63000000000005</ele>
   </trkpt>
   <trkpt lat="48.92489334073209" lon="12.759013319663026">
    <ele>349.38</ele>
   </trkpt>
   <trkpt lat="48.92526" lon="12.75994">
    <ele>345.43</ele>
   </trkpt>
   <trkpt lat="48.92541000000001" lon="12.76074">
    <ele>341.26</ele>
   </trkpt>
   <trkpt lat="48.925610000000006" lon="12.7612">
    <ele>340.09</ele>
   </trkpt>
   <trkpt lat="48.925850000000004" lon="12.76163">
    <ele>340.39000000000004</ele>
   </trkpt>
   <trkpt lat="48.92625" lon="12.762200000000002">
    <ele>341.97</ele>
   </trkpt>
   <trkpt lat="48.92633000000001" lon="12.762390000000002">
    <ele>342.69000000000005</ele>
   </trkpt>
   <trkpt lat="48.92645" lon="12.763100000000001">
    <ele>348.66</ele>
   </trkpt>
   <trkpt lat="48.92653000000001" lon="12.763480000000001">
    <ele>350.94</ele>
   </trkpt>
   <trkpt lat="48.92669" lon="12.763770000000001">
    <ele>352.59000000000003</ele>
   </trkpt>
   <trkpt lat="48.926860000000005" lon="12.76402">
    <ele>353.90000000000003</ele>
   </trkpt>
   <trkpt lat="48.927350000000004" lon="12.76463">
    <ele>356.44000000000005</ele>
   </trkpt>
   <trkpt lat="48.92748" lon="12.764850000000001">
    <ele>356.54</ele>
   </trkpt>
   <trkpt lat="48.927580000000006" lon="12.76509">
    <ele>356.43</ele>
   </trkpt>
   <trkpt lat="48.92775" lon="12.765920000000001">
    <ele>356.13</ele>
   </trkpt>
   <trkpt lat="48.92788" lon="12.766440000000001">
    <ele>357.77000000000004</ele>
   </trkpt>
   <trkpt lat="48.92815" lon="12.76687">
    <ele>360.57000000000005</ele>
   </trkpt>
   <trkpt lat="48.92851" lon="12.76734">
    <ele>362.66</ele>
   </trkpt>
   <trkpt lat="48.92888500188523" lon="12.76800499495913">
    <ele>367.72</ele>
   </trkpt>
   <trkpt lat="48.929260000000006" lon="12.76867">
    <ele>370.75</ele>
   </trkpt>
   <trkpt lat="48.92947" lon="12.768860000000002">
    <ele>372.35</ele>
   </trkpt>
   <trkpt lat="48.92983" lon="12.769100000000002">
    <ele>375.98</ele>
   </trkpt>
   <trkpt lat="48.93037" lon="12.769730000000001">
    <ele>380.33000000000004</ele>
   </trkpt>
   <trkpt lat="48.93056000000001" lon="12.77007">
    <ele>381.15000000000003</ele>
   </trkpt>
   <trkpt lat="48.93080000163961" lon="12.770684997056032">
    <ele>384.95</ele>
   </trkpt>
   <trkpt lat="48.93104" lon="12.771300000000002">
    <ele>387.49000000000007</ele>
   </trkpt>
   <trkpt lat="48.93146" lon="12.77186">
    <ele>394.02000000000004</ele>
   </trkpt>
   <trkpt lat="48.931700000000006" lon="12.772310000000001">
    <ele>394.91</ele>
   </trkpt>
   <trkpt lat="48.93191" lon="12.772540000000001">
    <ele>394.91</ele>
   </trkpt>
   <trkpt lat="48.93256" lon="12.77302">
    <ele>401.51000000000005</ele>
   </trkpt>
   <trkpt lat="48.932990000000004" lon="12.773380000000001">
    <ele>404.22</ele>
   </trkpt>
   <trkpt lat="48.93321" lon="12.773750000000001">
    <ele>405.87</ele>
   </trkpt>
   <trkpt lat="48.933330000000005" lon="12.774120000000002">
    <ele>408.79</ele>
   </trkpt>
   <trkpt lat="48.93336000000001" lon="12.774540000000002">
    <ele>411.6</ele>
   </trkpt>
   <trkpt lat="48.93328500246347" lon="12.775295001137566">
    <ele>414.80000000000007</ele>
   </trkpt>
   <trkpt lat="48.93321" lon="12.776050000000001">
    <ele>418.6</ele>
   </trkpt>
   <trkpt lat="48.93320000000001" lon="12.776340000000001">
    <ele>418.6</ele>
   </trkpt>
   <trkpt lat="48.93323" lon="12.776530000000001">
    <ele>419.49</ele>
   </trkpt>
   <trkpt lat="48.93334" lon="12.776810000000001">
    <ele>420.45000000000005</ele>
   </trkpt>
   <trkpt lat="48.933420000000005" lon="12.776930000000002">
    <ele>423.12000000000006</ele>
   </trkpt>
   <trkpt lat="48.9335" lon="12.77702">
    <ele>423.12000000000006</ele>
   </trkpt>
   <trkpt lat="48.9337" lon="12.777180000000001">
    <ele>424.3500000000001</ele>
   </trkpt>
   <trkpt lat="48.93381" lon="12.7773">
    <ele>425.15000000000003</ele>
   </trkpt>
   <trkpt lat="48.933910000000004" lon="12.777470000000001">
    <ele>425.86</ele>
   </trkpt>
   <trkpt lat="48.93397" lon="12.77763">
    <ele>426.49</ele>
   </trkpt>
   <trkpt lat="48.93412000000001" lon="12.778340000000002">
    <ele>427.95000000000005</ele>
   </trkpt>
   <trkpt lat="48.934270000000005" lon="12.778810000000002">
    <ele>429.13</ele>
   </trkpt>
   <trkpt lat="48.93435" lon="12.77899">
    <ele>429.13</ele>
   </trkpt>
   <trkpt lat="48.934490000000004" lon="12.779190000000002">
    <ele>429.81</ele>
   </trkpt>
   <trkpt lat="48.934870000000004" lon="12.77954">
    <ele>430.77000000000004</ele>
   </trkpt>
   <trkpt lat="48.935120000000005" lon="12.77973">
    <ele>432.43</ele>
   </trkpt>
   <trkpt lat="48.935930000000006" lon="12.780270000000002">
    <ele>435.33000000000004</ele>
   </trkpt>
   <trkpt lat="48.936080000000004" lon="12.780320000000001">
    <ele>435.33000000000004</ele>
   </trkpt>
   <trkpt lat="48.93625" lon="12.780330000000001">
    <ele>436.50000000000006</ele>
   </trkpt>
   <trkpt lat="48.93652" lon="12.7803">
    <ele>437.47</ele>
   </trkpt>
   <trkpt lat="48.93665000000001" lon="12.780230000000001">
    <ele>437.68</ele>
   </trkpt>
   <trkpt lat="48.93672" lon="12.78015">
    <ele>437.92</ele>
   </trkpt>
   <trkpt lat="48.936870000000006" lon="12.779860000000001">
    <ele>438.38000000000005</ele>
   </trkpt>
   <trkpt lat="48.937270000000005" lon="12.778690000000001">
    <ele>438.69</ele>
   </trkpt>
   <trkpt lat="48.93735" lon="12.778540000000001">
    <ele>438.53000000000003</ele>
   </trkpt>
   <trkpt lat="48.93748" lon="12.778390000000002">
    <ele>438.53000000000003</ele>
   </trkpt>
   <trkpt lat="48.937870000000004" lon="12.77804">
    <ele>438.95000000000005</ele>
   </trkpt>
   <trkpt lat="48.93807" lon="12.77791">
    <ele>439.58000000000004</ele>
   </trkpt>
   <trkpt lat="48.938750000000006" lon="12.77758">
    <ele>442.64000000000004</ele>
   </trkpt>
   <trkpt lat="48.938970000000005" lon="12.777400000000002">
    <ele>443.59000000000003</ele>
   </trkpt>
   <trkpt lat="48.93914" lon="12.777220000000002">
    <ele>443.95</ele>
   </trkpt>
   <trkpt lat="48.939440000000005" lon="12.776850000000001">
    <ele>444.55000000000007</ele>
   </trkpt>
   <trkpt lat="48.939550000000004" lon="12.776750000000002">
    <ele>444.62</ele>
   </trkpt>
   <trkpt lat="48.939750000000004" lon="12.776650000000002">
    <ele>444.85</ele>
   </trkpt>
   <trkpt lat="48.93988" lon="12.776610000000002">
    <ele>445.23</ele>
   </trkpt>
   <trkpt lat="48.94006" lon="12.776620000000001">
    <ele>445.84000000000003</ele>
   </trkpt>
   <trkpt lat="48.940290000000005" lon="12.776700000000002">
    <ele>446.73</ele>
   </trkpt>
   <trkpt lat="48.94041000000001" lon="12.77673">
    <ele>447.29</ele>
   </trkpt>
   <trkpt lat="48.940490000000004" lon="12.776720000000001">
    <ele>447.37000000000006</ele>
   </trkpt>
   <trkpt lat="48.940560000000005" lon="12.77669">
    <ele>447.48</ele>
   </trkpt>
   <trkpt lat="48.94062" lon="12.77663">
    <ele>447.11000000000007</ele>
   </trkpt>
   <trkpt lat="48.940920000000006" lon="12.77616">
    <ele>444.85</ele>
   </trkpt>
   <trkpt lat="48.941230000000004" lon="12.775760000000002">
    <ele>443.37</ele>
   </trkpt>
   <trkpt lat="48.94142" lon="12.7756">
    <ele>442.70000000000005</ele>
   </trkpt>
   <trkpt lat="48.94173000000001" lon="12.77555">
    <ele>442.25</ele>
   </trkpt>
   <trkpt lat="48.9423" lon="12.77552">
    <ele>443.44000000000005</ele>
   </trkpt>
   <trkpt lat="48.94245" lon="12.775540000000001">
    <ele>444.83000000000004</ele>
   </trkpt>
   <trkpt lat="48.942620000000005" lon="12.775620000000002">
    <ele>446.14000000000004</ele>
   </trkpt>
   <trkpt lat="48.94297" lon="12.775900000000002">
    <ele>449.97</ele>
   </trkpt>
   <trkpt lat="48.94335" lon="12.776340000000001">
    <ele>452.19000000000005</ele>
   </trkpt>
   <trkpt lat="48.94379000135342" lon="12.776889995208315">
    <ele>457.88000000000005</ele>
   </trkpt>
   <trkpt lat="48.944230000000005" lon="12.77744">
    <ele>462.25000000000006</ele>
   </trkpt>
   <trkpt lat="48.94447" lon="12.777790000000001">
    <ele>464.0</ele>
   </trkpt>
   <trkpt lat="48.94473000000001" lon="12.778270000000001">
    <ele>466.79</ele>
   </trkpt>
   <trkpt lat="48.944900000000004" lon="12.77851">
    <ele>467.93</ele>
   </trkpt>
   <trkpt lat="48.94532" lon="12.77899">
    <ele>470.79</ele>
   </trkpt>
   <trkpt lat="48.945856668695356" lon="12.779476656182082">
    <ele>473.85</ele>
   </trkpt>
   <trkpt lat="48.94639333534351" lon="12.779963322831783">
    <ele>477.17</ele>
   </trkpt>
   <trkpt lat="48.94693" lon="12.780450000000002">
    <ele>480.34000000000003</ele>
   </trkpt>
   <trkpt lat="48.947230000000005" lon="12.78067">
    <ele>479.84000000000003</ele>
   </trkpt>
   <trkpt lat="48.94746000000001" lon="12.780750000000001">
    <ele>479.01000000000005</ele>
   </trkpt>
   <trkpt lat="48.94818" lon="12.780830000000002">
    <ele>477.83000000000004</ele>
   </trkpt>
   <trkpt lat="48.948420000000006" lon="12.780940000000001">
    <ele>477.75000000000006</ele>
   </trkpt>
   <trkpt lat="48.949070000000006" lon="12.781440000000002">
    <ele>475.94</ele>
   </trkpt>
   <trkpt lat="48.94932000000001" lon="12.781770000000002">
    <ele>474.75000000000006</ele>
   </trkpt>
   <trkpt lat="48.949490000000004" lon="12.782160000000001">
    <ele>473.02000000000004</ele>
   </trkpt>
   <trkpt lat="48.94961000000001" lon="12.78255">
    <ele>471.9200000000001</ele>
   </trkpt>
   <trkpt lat="48.94982500336156" lon="12.783429996268083">
    <ele>468.38</ele>
   </trkpt>
   <trkpt lat="48.95004" lon="12.784310000000001">
    <ele>465.40000000000003</ele>
   </trkpt>
   <trkpt lat="48.950120000000005" lon="12.784540000000002">
    <ele>465.40000000000003</ele>
   </trkpt>
   <trkpt lat="48.9502" lon="12.784690000000001">
    <ele>463.64000000000004</ele>
   </trkpt>
   <trkpt lat="48.95029" lon="12.784790000000001">
    <ele>463.64000000000004</ele>
   </trkpt>
   <trkpt lat="48.95042" lon="12.784880000000001">
    <ele>462.84000000000003</ele>
   </trkpt>
   <trkpt lat="48.9506" lon="12.78494">
    <ele>460.84000000000003</ele>
   </trkpt>
   <trkpt lat="48.9508" lon="12.78495">
    <ele>460.32000000000005</ele>
   </trkpt>
   <trkpt lat="48.95098" lon="12.784930000000001">
    <ele>459.38</ele>
   </trkpt>
   <trkpt lat="48.951100000000004" lon="12.78489">
    <ele>458.97</ele>
   </trkpt>
   <trkpt lat="48.951530000000005" lon="12.78467">
    <ele>457.01</ele>
   </trkpt>
   <trkpt lat="48.951640000000005" lon="12.78466">
    <ele>456.33</ele>
   </trkpt>
   <trkpt lat="48.95176000000001" lon="12.784720000000002">
    <ele>455.8</ele>
   </trkpt>
   <trkpt lat="48.951820000000005" lon="12.78481">
    <ele>455.22</ele>
   </trkpt>
   <trkpt lat="48.9519" lon="12.785050000000002">
    <ele>453.32000000000005</ele>
   </trkpt>
   <trkpt lat="48.95205000000001" lon="12.78589">
    <ele>449.24</ele>
   </trkpt>
   <trkpt lat="48.95214000000001" lon="12.78606">
    <ele>448.63</ele>
   </trkpt>
   <trkpt lat="48.952510000000004" lon="12.786600000000002">
    <ele>445.86</ele>
   </trkpt>
   <trkpt lat="48.952600000000004" lon="12.786830000000002">
    <ele>445.22</ele>
   </trkpt>
   <trkpt lat="48.952630000000006" lon="12.787130000000001">
    <ele>444.85</ele>
   </trkpt>
   <trkpt lat="48.952670000000005" lon="12.78809">
    <ele>444.89000000000004</ele>
   </trkpt>
   <trkpt lat="48.95282" lon="12.789100000000001">
    <ele>445.24</ele>
   </trkpt>
   <trkpt lat="48.95282" lon="12.789240000000001">
    <ele>445.36</ele>
   </trkpt>
   <trkpt lat="48.952740000000006" lon="12.789600000000002">
    <ele>445.66</ele>
   </trkpt>
   <trkpt lat="48.952510000000004" lon="12.78997">
    <ele>446.6</ele>
   </trkpt>
   <trkpt lat="48.951950000000004" lon="12.79066">
    <ele>448.02000000000004</ele>
   </trkpt>
   <trkpt lat="48.95139000558836" lon="12.791315022025504">
    <ele>449.48</ele>
   </trkpt>
   <trkpt lat="48.95083000746815" lon="12.791970029346976">
    <ele>450.89</ele>
   </trkpt>
   <trkpt lat="48.95027000563954" lon="12.792625021964938">
    <ele>452.68</ele>
   </trkpt>
   <trkpt lat="48.94971" lon="12.793280000000001">
    <ele>453.35</ele>
   </trkpt>
   <trkpt lat="48.949560000000005" lon="12.79339">
    <ele>453.3</ele>
   </trkpt>
   <trkpt lat="48.949380000000005" lon="12.793420000000001">
    <ele>453.16</ele>
   </trkpt>
   <trkpt lat="48.949200000000005" lon="12.793400000000002">
    <ele>452.99000000000007</ele>
   </trkpt>
   <trkpt lat="48.94897" lon="12.793360000000002">
    <ele>452.79</ele>
   </trkpt>
   <trkpt lat="48.94888" lon="12.793370000000001">
    <ele>452.79</ele>
   </trkpt>
   <trkpt lat="48.948710000000005" lon="12.79343">
    <ele>452.78000000000003</ele>
   </trkpt>
   <trkpt lat="48.94849000000001" lon="12.793640000000002">
    <ele>452.56</ele>
   </trkpt>
   <trkpt lat="48.948370000000004" lon="12.79386">
    <ele>452.6</ele>
   </trkpt>
   <trkpt lat="48.94829000000001" lon="12.794130000000001">
    <ele>452.88000000000005</ele>
   </trkpt>
   <trkpt lat="48.948220000000006" lon="12.794500000000001">
    <ele>453.74</ele>
   </trkpt>
   <trkpt lat="48.948190000000004" lon="12.79494">
    <ele>455.58000000000004</ele>
   </trkpt>
   <trkpt lat="48.948220000000006" lon="12.7956">
    <ele>457.83</ele>
   </trkpt>
   <trkpt lat="48.9483" lon="12.79629">
    <ele>462.0400000000001</ele>
   </trkpt>
   <trkpt lat="48.94848" lon="12.797400000000001">
    <ele>466.4200000000001</ele>
   </trkpt>
   <trkpt lat="48.948600000000006" lon="12.798000000000002">
    <ele>468.13000000000005</ele>
   </trkpt>
   <trkpt lat="48.94872" lon="12.798340000000001">
    <ele>471.16</ele>
   </trkpt>
   <trkpt lat="48.94903000188207" lon="12.798989996079126">
    <ele>474.34000000000003</ele>
   </trkpt>
   <trkpt lat="48.94934000000001" lon="12.799640000000002">
    <ele>476.74000000000007</ele>
   </trkpt>
   <trkpt lat="48.9498" lon="12.800630000000002">
    <ele>483.91</ele>
   </trkpt>
   <trkpt lat="48.95013" lon="12.80146">
    <ele>487.32</ele>
   </trkpt>
   <trkpt lat="48.950390000000006" lon="12.801940000000002">
    <ele>491.3500000000001</ele>
   </trkpt>
   <trkpt lat="48.95055000000001" lon="12.802140000000001">
    <ele>491.82000000000005</ele>
   </trkpt>
   <trkpt lat="48.95083" lon="12.802090000000002">
    <ele>491.22</ele>
   </trkpt>
   <trkpt lat="48.95098" lon="12.80203">
    <ele>491.09000000000003</ele>
   </trkpt>
   <trkpt lat="48.95127" lon="12.801990000000002">
    <ele>490.52000000000004</ele>
   </trkpt>
   <trkpt lat="48.951370000000004" lon="12.802080000000002">
    <ele>490.52000000000004</ele>
   </trkpt>
   <trkpt lat="48.951550000000005" lon="12.802320000000002">
    <ele>490.23</ele>
   </trkpt>
   <trkpt lat="48.951750000000004" lon="12.802690000000002">
    <ele>489.77000000000004</ele>
   </trkpt>
   <trkpt lat="48.951890000000006" lon="12.803030000000001">
    <ele>489.48</ele>
   </trkpt>
   <trkpt lat="48.952000000000005" lon="12.803160000000002">
    <ele>488.77000000000004</ele>
   </trkpt>
   <trkpt lat="48.952130000000004" lon="12.803260000000002">
    <ele>488.59000000000003</ele>
   </trkpt>
   <trkpt lat="48.952490000000004" lon="12.803420000000001">
    <ele>486.57000000000005</ele>
   </trkpt>
   <trkpt lat="48.952690000000004" lon="12.80353">
    <ele>484.56000000000006</ele>
   </trkpt>
   <trkpt lat="48.95309500037414" lon="12.803834997502982">
    <ele>483.11</ele>
   </trkpt>
   <trkpt lat="48.953500000000005" lon="12.80414">
    <ele>480.66</ele>
   </trkpt>
   <trkpt lat="48.954010000000004" lon="12.80422">
    <ele>478.52000000000004</ele>
   </trkpt>
   <trkpt lat="48.95452" lon="12.80418">
    <ele>475.72</ele>
   </trkpt>
   <trkpt lat="48.954930000000004" lon="12.804100000000002">
    <ele>472.58000000000004</ele>
   </trkpt>
   <trkpt lat="48.9553" lon="12.804100000000002">
    <ele>471.57000000000005</ele>
   </trkpt>
   <trkpt lat="48.955630000000006" lon="12.80414">
    <ele>469.4200000000001</ele>
   </trkpt>
   <trkpt lat="48.9561249999155" lon="12.804294998402945">
    <ele>467.84000000000003</ele>
   </trkpt>
   <trkpt lat="48.95662" lon="12.804450000000001">
    <ele>467.75000000000006</ele>
   </trkpt>
   <trkpt lat="48.957170000000005" lon="12.804760000000002">
    <ele>468.16</ele>
   </trkpt>
   <trkpt lat="48.95761" lon="12.804950000000002">
    <ele>468.74</ele>
   </trkpt>
   <trkpt lat="48.95815" lon="12.805090000000002">
    <ele>470.18</ele>
   </trkpt>
   <trkpt lat="48.95893" lon="12.805240000000001">
    <ele>475.37</ele>
   </trkpt>
   <trkpt lat="48.95973000000001" lon="12.805670000000001">
    <ele>479.14000000000004</ele>
   </trkpt>
   <trkpt lat="48.959990000000005" lon="12.80583">
    <ele>476.96000000000004</ele>
   </trkpt>
   <trkpt lat="48.96022000000001" lon="12.806030000000002">
    <ele>475.33000000000004</ele>
   </trkpt>
   <trkpt lat="48.960480000000004" lon="12.806310000000002">
    <ele>474.15000000000003</ele>
   </trkpt>
   <trkpt lat="48.960800000000006" lon="12.80672">
    <ele>469.66</ele>
   </trkpt>
   <trkpt lat="48.961360000000006" lon="12.80718">
    <ele>467.24</ele>
   </trkpt>
   <trkpt lat="48.9617750005566" lon="12.807494997475862">
    <ele>464.89000000000004</ele>
   </trkpt>
   <trkpt lat="48.96219000000001" lon="12.807810000000002">
    <ele>462.8</ele>
   </trkpt>
   <trkpt lat="48.96235" lon="12.80802">
    <ele>461.06</ele>
   </trkpt>
   <trkpt lat="48.96246000000001" lon="12.80827">
    <ele>459.70000000000005</ele>
   </trkpt>
   <trkpt lat="48.96255000000001" lon="12.80864">
    <ele>458.17</ele>
   </trkpt>
   <trkpt lat="48.96270500364595" lon="12.809554997320028">
    <ele>456.39</ele>
   </trkpt>
   <trkpt lat="48.962860000000006" lon="12.81047">
    <ele>455.90000000000003</ele>
   </trkpt>
   <trkpt lat="48.96284000000001" lon="12.811020000000001">
    <ele>455.68</ele>
   </trkpt>
   <trkpt lat="48.962790000000005" lon="12.811200000000001">
    <ele>455.65000000000003</ele>
   </trkpt>
   <trkpt lat="48.96262" lon="12.811520000000002">
    <ele>455.81000000000006</ele>
   </trkpt>
   <trkpt lat="48.962410000000006" lon="12.811810000000001">
    <ele>456.59000000000003</ele>
   </trkpt>
   <trkpt lat="48.961710000000004" lon="12.812660000000001">
    <ele>460.35</ele>
   </trkpt>
   <trkpt lat="48.96123000037718" lon="12.813030003726245">
    <ele>462.03000000000003</ele>
   </trkpt>
   <trkpt lat="48.960750000000004" lon="12.813400000000001">
    <ele>463.24</ele>
   </trkpt>
   <trkpt lat="48.96058000000001" lon="12.81362">
    <ele>463.68</ele>
   </trkpt>
   <trkpt lat="48.96047" lon="12.8139">
    <ele>464.02000000000004</ele>
   </trkpt>
   <trkpt lat="48.9603466751946" lon="12.814893338250851">
    <ele>466.85</ele>
   </trkpt>
   <trkpt lat="48.960223341860626" lon="12.815886671589244">
    <ele>468.13000000000005</ele>
   </trkpt>
   <trkpt lat="48.960100000000004" lon="12.816880000000001">
    <ele>470.28000000000003</ele>
   </trkpt>
   <trkpt lat="48.960100000000004" lon="12.817290000000002">
    <ele>471.33000000000004</ele>
   </trkpt>
   <trkpt lat="48.96016" lon="12.8177">
    <ele>472.98</ele>
   </trkpt>
   <trkpt lat="48.96029" lon="12.818150000000001">
    <ele>474.18000000000006</ele>
   </trkpt>
   <trkpt lat="48.960420000000006" lon="12.818480000000001">
    <ele>475.37</ele>
   </trkpt>
   <trkpt lat="48.96063" lon="12.818790000000002">
    <ele>476.24000000000007</ele>
   </trkpt>
   <trkpt lat="48.960800000000006" lon="12.81896">
    <ele>476.88</ele>
   </trkpt>
   <trkpt lat="48.96105000000001" lon="12.819170000000002">
    <ele>478.49</ele>
   </trkpt>
   <trkpt lat="48.96121" lon="12.81924">
    <ele>478.49</ele>
   </trkpt>
   <trkpt lat="48.961380000000005" lon="12.81929">
    <ele>481.38</ele>
   </trkpt>
   <trkpt lat="48.96177" lon="12.819310000000002">
    <ele>483.04</ele>
   </trkpt>
   <trkpt lat="48.96204" lon="12.819300000000002">
    <ele>483.04</ele>
   </trkpt>
   <trkpt lat="48.96278000016113" lon="12.819255000658446">
    <ele>486.6</ele>
   </trkpt>
   <trkpt lat="48.96352" lon="12.819210000000002">
    <ele>490.59000000000003</ele>
   </trkpt>
   <trkpt lat="48.963710000000006" lon="12.819230000000001">
    <ele>492.04</ele>
   </trkpt>
   <trkpt lat="48.96428" lon="12.819420000000001">
    <ele>495.14</ele>
   </trkpt>
   <trkpt lat="48.96452000000001" lon="12.81962">
    <ele>495.74</ele>
   </trkpt>
   <trkpt lat="48.964760000000005" lon="12.8199">
    <ele>497.36</ele>
   </trkpt>
   <trkpt lat="48.96501000000001" lon="12.82027">
    <ele>499.19</ele>
   </trkpt>
   <trkpt lat="48.96515" lon="12.8206">
    <ele>499.6</ele>
   </trkpt>
   <trkpt lat="48.965270000000004" lon="12.82094">
    <ele>500.09000000000003</ele>
   </trkpt>
   <trkpt lat="48.96543500523602" lon="12.822044996070924">
    <ele>501.9100000000001</ele>
   </trkpt>
   <trkpt lat="48.9656" lon="12.823150000000002">
    <ele>504.02000000000004</ele>
   </trkpt>
   <trkpt lat="48.96571" lon="12.823630000000001">
    <ele>504.62000000000006</ele>
   </trkpt>
   <trkpt lat="48.96594" lon="12.82408">
    <ele>505.2300000000001</ele>
   </trkpt>
   <trkpt lat="48.966060000000006" lon="12.824250000000001">
    <ele>505.2300000000001</ele>
   </trkpt>
   <trkpt lat="48.966300000000004" lon="12.82445">
    <ele>505.9600000000001</ele>
   </trkpt>
   <trkpt lat="48.966730000000005" lon="12.824720000000001">
    <ele>507.13000000000005</ele>
   </trkpt>
   <trkpt lat="48.96685" lon="12.82483">
    <ele>507.61</ele>
   </trkpt>
   <trkpt lat="48.9669" lon="12.824910000000001">
    <ele>508.0300000000001</ele>
   </trkpt>
   <trkpt lat="48.967000000000006" lon="12.825120000000002">
    <ele>509.34000000000003</ele>
   </trkpt>
   <trkpt lat="48.96726" lon="12.825980000000001">
    <ele>513.75</ele>
   </trkpt>
   <trkpt lat="48.96739" lon="12.82624">
    <ele>514.96</ele>
   </trkpt>
   <trkpt lat="48.96763000000001" lon="12.82656">
    <ele>517.44</ele>
   </trkpt>
   <trkpt lat="48.967870000000005" lon="12.82671">
    <ele>518.95</ele>
   </trkpt>
   <trkpt lat="48.96810000000001" lon="12.826820000000001">
    <ele>519.36</ele>
   </trkpt>
   <trkpt lat="48.96849" lon="12.826950000000002">
    <ele>521.3100000000001</ele>
   </trkpt>
   <trkpt lat="48.968810000000005" lon="12.827100000000002">
    <ele>522.88</ele>
   </trkpt>
   <trkpt lat="48.96896" lon="12.827190000000002">
    <ele>522.88</ele>
   </trkpt>
   <trkpt lat="48.969120000000004" lon="12.82732">
    <ele>524.99</ele>
   </trkpt>
   <trkpt lat="48.969530000000006" lon="12.82778">
    <ele>527.1800000000001</ele>
   </trkpt>
   <trkpt lat="48.969800000000006" lon="12.828220000000002">
    <ele>530.21</ele>
   </trkpt>
   <trkpt lat="48.96992" lon="12.828510000000001">
    <ele>530.66</ele>
   </trkpt>
   <trkpt lat="48.97005" lon="12.8289">
    <ele>531.3</ele>
   </trkpt>
   <trkpt lat="48.97023000197001" lon="12.829569997693154">
    <ele>534.54</ele>
   </trkpt>
   <trkpt lat="48.97041" lon="12.830240000000002">
    <ele>537.44</ele>
   </trkpt>
   <trkpt lat="48.970510000000004" lon="12.830670000000001">
    <ele>539.5500000000001</ele>
   </trkpt>
   <trkpt lat="48.97055" lon="12.83107">
    <ele>541.13</ele>
   </trkpt>
   <trkpt lat="48.970530000000004" lon="12.8313">
    <ele>541.82</ele>
   </trkpt>
   <trkpt lat="48.970490000000005" lon="12.83148">
    <ele>543.24</ele>
   </trkpt>
   <trkpt lat="48.970270000000006" lon="12.831980000000001">
    <ele>545.1100000000001</ele>
   </trkpt>
   <trkpt lat="48.97023" lon="12.832120000000002">
    <ele>545.59</ele>
   </trkpt>
   <trkpt lat="48.97019" lon="12.832590000000001">
    <ele>546.1400000000001</ele>
   </trkpt>
   <trkpt lat="48.97026" lon="12.83285">
    <ele>546.3800000000001</ele>
   </trkpt>
   <trkpt lat="48.970600000000005" lon="12.8337">
    <ele>551.21</ele>
   </trkpt>
   <trkpt lat="48.970650000000006" lon="12.833870000000001">
    <ele>551.21</ele>
   </trkpt>
   <trkpt lat="48.97068" lon="12.834040000000002">
    <ele>552.36</ele>
   </trkpt>
   <trkpt lat="48.97068" lon="12.834670000000001">
    <ele>555.18</ele>
   </trkpt>
   <trkpt lat="48.97072000000001" lon="12.835020000000002">
    <ele>557.85</ele>
   </trkpt>
   <trkpt lat="48.97084" lon="12.835350000000002">
    <ele>560.85</ele>
   </trkpt>
   <trkpt lat="48.97097" lon="12.835550000000001">
    <ele>560.85</ele>
   </trkpt>
   <trkpt lat="48.97110000000001" lon="12.83567">
    <ele>564.74</ele>
   </trkpt>
   <trkpt lat="48.971340000000005" lon="12.83581">
    <ele>564.74</ele>
   </trkpt>
   <trkpt lat="48.97149" lon="12.835880000000001">
    <ele>566.6600000000001</ele>
   </trkpt>
   <trkpt lat="48.972260000000006" lon="12.83614">
    <ele>572.6300000000001</ele>
   </trkpt>
   <trkpt lat="48.97260000000001" lon="12.836310000000001">
    <ele>573.9300000000001</ele>
   </trkpt>
   <trkpt lat="48.97261" lon="12.836310000000001">
    <ele>611.45</ele>
   </trkpt>
   <trkpt lat="48.97251000000001" lon="12.83679">
    <ele>606.45</ele>
   </trkpt>
   <trkpt lat="48.973020000000005" lon="12.837150000000001">
    <ele>608.5500000000001</ele>
   </trkpt>
   <trkpt lat="48.97341" lon="12.837380000000001">
    <ele>610.45</ele>
   </trkpt>
   <trkpt lat="48.9735" lon="12.83741">
    <ele>610.7</ele>
   </trkpt>
   <trkpt lat="48.97374000000001" lon="12.837390000000001">
    <ele>611.53</ele>
   </trkpt>
   <trkpt lat="48.974030000000006" lon="12.837430000000001">
    <ele>609.33</ele>
   </trkpt>
   <trkpt lat="48.97417" lon="12.837420000000002">
    <ele>609.44</ele>
   </trkpt>
   <trkpt lat="48.97428000000001" lon="12.837470000000001">
    <ele>608.89</ele>
   </trkpt>
   <trkpt lat="48.97437000000001" lon="12.837480000000001">
    <ele>609.1800000000001</ele>
   </trkpt>
   <trkpt lat="48.97457000000001" lon="12.83758">
    <ele>608.3700000000001</ele>
   </trkpt>
   <trkpt lat="48.97466000000001" lon="12.837650000000002">
    <ele>608.3700000000001</ele>
   </trkpt>
   <trkpt lat="48.97475000000001" lon="12.837750000000002">
    <ele>607.32</ele>
   </trkpt>
   <trkpt lat="48.97484000000001" lon="12.837810000000001">
    <ele>607.4200000000001</ele>
   </trkpt>
   <trkpt lat="48.974940000000004" lon="12.83782">
    <ele>607.86</ele>
   </trkpt>
   <trkpt lat="48.97525" lon="12.837950000000001">
    <ele>611.8100000000001</ele>
   </trkpt>
   <trkpt lat="48.975530000000006" lon="12.837950000000001">
    <ele>617.5</ele>
   </trkpt>
   <trkpt lat="48.975620000000006" lon="12.837990000000001">
    <ele>619.59</ele>
   </trkpt>
   <trkpt lat="48.97603" lon="12.83806">
    <ele>627.32</ele>
   </trkpt>
   <trkpt lat="48.97641" lon="12.83824">
    <ele>632.24</ele>
   </trkpt>
   <trkpt lat="48.976600000000005" lon="12.83839">
    <ele>633.05</ele>
   </trkpt>
   <trkpt lat="48.9767" lon="12.83843">
    <ele>634.0300000000001</ele>
   </trkpt>
   <trkpt lat="48.97679" lon="12.838500000000002">
    <ele>634.46</ele>
   </trkpt>
   <trkpt lat="48.97688" lon="12.838540000000002">
    <ele>634.6700000000001</ele>
   </trkpt>
   <trkpt lat="48.977000000000004" lon="12.838510000000001">
    <ele>635.34</ele>
   </trkpt>
   <trkpt lat="48.977090000000004" lon="12.83853">
    <ele>635.6</ele>
   </trkpt>
   <trkpt lat="48.9772" lon="12.83848">
    <ele>636.33</ele>
   </trkpt>
   <trkpt lat="48.97730000000001" lon="12.83838">
    <ele>637.6400000000001</ele>
   </trkpt>
   <trkpt lat="48.97739000000001" lon="12.83838">
    <ele>638.17</ele>
   </trkpt>
   <trkpt lat="48.97751" lon="12.838270000000001">
    <ele>641.72</ele>
   </trkpt>
   <trkpt lat="48.977610000000006" lon="12.838220000000002">
    <ele>643.6500000000001</ele>
   </trkpt>
   <trkpt lat="48.97764" lon="12.83805">
    <ele>648.17</ele>
   </trkpt>
   <trkpt lat="48.97822000000001" lon="12.83829">
    <ele>615.09</ele>
   </trkpt>
   <trkpt lat="48.978880000000004" lon="12.838500000000002">
    <ele>620.4200000000001</ele>
   </trkpt>
   <trkpt lat="48.9791" lon="12.838590000000002">
    <ele>622.33</ele>
   </trkpt>
   <trkpt lat="48.979850000000006" lon="12.839030000000001">
    <ele>629.05</ele>
   </trkpt>
   <trkpt lat="48.980160000000005" lon="12.83914">
    <ele>631.0400000000001</ele>
   </trkpt>
   <trkpt lat="48.980520000000006" lon="12.839160000000001">
    <ele>633.2500000000001</ele>
   </trkpt>
   <trkpt lat="48.980720000000005" lon="12.83923">
    <ele>633.2500000000001</ele>
   </trkpt>
   <trkpt lat="48.980850000000004" lon="12.839300000000001">
    <ele>636.5200000000001</ele>
   </trkpt>
   <trkpt lat="48.980970000000006" lon="12.83942">
    <ele>636.5200000000001</ele>
   </trkpt>
   <trkpt lat="48.98107" lon="12.839570000000002">
    <ele>638.14</ele>
   </trkpt>
   <trkpt lat="48.9812" lon="12.83994">
    <ele>641.1300000000001</ele>
   </trkpt>
   <trkpt lat="48.9814" lon="12.840990000000001">
    <ele>645.71</ele>
   </trkpt>
   <trkpt lat="48.98156" lon="12.841330000000001">
    <ele>646.35</ele>
   </trkpt>
   <trkpt lat="48.981700000000004" lon="12.84148">
    <ele>648.5300000000001</ele>
   </trkpt>
   <trkpt lat="48.981750000000005" lon="12.841510000000001">
    <ele>648.5300000000001</ele>
   </trkpt>
   <trkpt lat="48.981910000000006" lon="12.841560000000001">
    <ele>650.6500000000001</ele>
   </trkpt>
   <trkpt lat="48.98203" lon="12.841550000000002">
    <ele>650.6500000000001</ele>
   </trkpt>
   <trkpt lat="48.98266" lon="12.841320000000001">
    <ele>654.19</ele>
   </trkpt>
   <trkpt lat="48.98299" lon="12.841230000000001">
    <ele>655.97</ele>
   </trkpt>
   <trkpt lat="48.98371" lon="12.841190000000001">
    <ele>661.5000000000001</ele>
   </trkpt>
   <trkpt lat="48.98397000000001" lon="12.841130000000001">
    <ele>663.49</ele>
   </trkpt>
   <trkpt lat="48.98398" lon="12.841120000000002">
    <ele>663.49</ele>
   </trkpt>
   <trkpt lat="48.984210000000004" lon="12.841040000000001">
    <ele>663.49</ele>
   </trkpt>
   <trkpt lat="48.98443" lon="12.840900000000001">
    <ele>669.52</ele>
   </trkpt>
   <trkpt lat="48.984660000000005" lon="12.84073">
    <ele>669.52</ele>
   </trkpt>
   <trkpt lat="48.98496" lon="12.840440000000001">
    <ele>672.0200000000001</ele>
   </trkpt>
   <trkpt lat="48.98534" lon="12.84003">
    <ele>674.73</ele>
   </trkpt>
   <trkpt lat="48.98581333619306" lon="12.839456677535626">
    <ele>679.98</ele>
   </trkpt>
   <trkpt lat="48.98628666954535" lon="12.838883344179479">
    <ele>682.6800000000001</ele>
   </trkpt>
   <trkpt lat="48.986760000000004" lon="12.838310000000002">
    <ele>686.59</ele>
   </trkpt>
   <trkpt lat="48.986940000000004" lon="12.838140000000001">
    <ele>689.89</ele>
   </trkpt>
   <trkpt lat="48.98756000160116" lon="12.837525007685208">
    <ele>694.07</ele>
   </trkpt>
   <trkpt lat="48.98818000000001" lon="12.836910000000001">
    <ele>697.4</ele>
   </trkpt>
   <trkpt lat="48.98861" lon="12.836430000000002">
    <ele>704.86</ele>
   </trkpt>
   <trkpt lat="48.98899" lon="12.8359">
    <ele>704.86</ele>
   </trkpt>
   <trkpt lat="48.98931" lon="12.835350000000002">
    <ele>709.3100000000001</ele>
   </trkpt>
   <trkpt lat="48.98980667501062" lon="12.834366686295889">
    <ele>713.8100000000001</ele>
   </trkpt>
   <trkpt lat="48.99030334166492" lon="12.833383352987383">
    <ele>719.5100000000001</ele>
   </trkpt>
   <trkpt lat="48.99080000000001" lon="12.832400000000002">
    <ele>723.49</ele>
   </trkpt>
   <trkpt lat="48.991170002059675" lon="12.831710005119723">
    <ele>726.1700000000001</ele>
   </trkpt>
   <trkpt lat="48.99154" lon="12.83102">
    <ele>731.28</ele>
   </trkpt>
   <trkpt lat="48.992160000000005" lon="12.830060000000001">
    <ele>737.65</ele>
   </trkpt>
   <trkpt lat="48.99264000376294" lon="12.829403345937246">
    <ele>742.0500000000001</ele>
   </trkpt>
   <trkpt lat="48.99312000379944" lon="12.82874667922085">
    <ele>745.75</ele>
   </trkpt>
   <trkpt lat="48.9936" lon="12.828090000000001">
    <ele>749.6700000000001</ele>
   </trkpt>
   <trkpt lat="48.994170000000004" lon="12.827240000000002">
    <ele>755.2700000000001</ele>
   </trkpt>
   <trkpt lat="48.994580000000006" lon="12.82656">
    <ele>756.6700000000001</ele>
   </trkpt>
   <trkpt lat="48.99491000185955" lon="12.825940003734111">
    <ele>763.36</ele>
   </trkpt>
   <trkpt lat="48.99524" lon="12.825320000000001">
    <ele>764.6700000000001</ele>
   </trkpt>
   <trkpt lat="48.995535001817224" lon="12.824695003427188">
    <ele>767.6700000000001</ele>
   </trkpt>
   <trkpt lat="48.995830000000005" lon="12.82407">
    <ele>769.8100000000001</ele>
   </trkpt>
   <trkpt lat="48.996140000000004" lon="12.823350000000001">
    <ele>772.8100000000001</ele>
   </trkpt>
   <trkpt lat="48.996320000000004" lon="12.82277">
    <ele>776.6800000000001</ele>
   </trkpt>
   <trkpt lat="48.996370000000006" lon="12.822180000000001">
    <ele>779.4700000000001</ele>
   </trkpt>
   <trkpt lat="48.996300000000005" lon="12.82088">
    <ele>784.59</ele>
   </trkpt>
   <trkpt lat="48.99633000000001" lon="12.820520000000002">
    <ele>785.5300000000001</ele>
   </trkpt>
   <trkpt lat="48.996390000000005" lon="12.820170000000001">
    <ele>787.5000000000001</ele>
   </trkpt>
   <trkpt lat="48.996570000000006" lon="12.819690000000001">
    <ele>790.87</ele>
   </trkpt>
   <trkpt lat="48.996790000000004" lon="12.819320000000001">
    <ele>792.45</ele>
   </trkpt>
   <trkpt lat="48.99691000000001" lon="12.819170000000002">
    <ele>795.0400000000001</ele>
   </trkpt>
   <trkpt lat="48.99714" lon="12.81897">
    <ele>796.2600000000001</ele>
   </trkpt>
   <trkpt lat="48.997350000000004" lon="12.818890000000001">
    <ele>797.07</ele>
   </trkpt>
   <trkpt lat="48.99774000000001" lon="12.81883">
    <ele>798.21</ele>
   </trkpt>
   <trkpt lat="48.99813" lon="12.81883">
    <ele>799.2</ele>
   </trkpt>
   <trkpt lat="48.99839" lon="12.818880000000002">
    <ele>799.3800000000001</ele>
   </trkpt>
   <trkpt lat="48.99868000000001" lon="12.818980000000002">
    <ele>799.9600000000002</ele>
   </trkpt>
   <trkpt lat="48.99938500034702" lon="12.819264995964375">
    <ele>801.0400000000001</ele>
   </trkpt>
   <trkpt lat="49.00009000000001" lon="12.819550000000001">
    <ele>804.1100000000001</ele>
   </trkpt>
   <trkpt lat="49.00094500023702" lon="12.819784995965309">
    <ele>810.88</ele>
   </trkpt>
   <trkpt lat="49.0018" lon="12.820020000000001">
    <ele>816.21</ele>
   </trkpt>
   <trkpt lat="49.00244000000001" lon="12.820160000000001">
    <ele>820.34</ele>
   </trkpt>
   <trkpt lat="49.002750000000006" lon="12.82014">
    <ele>824.86</ele>
   </trkpt>
   <trkpt lat="49.00298" lon="12.820100000000002">
    <ele>824.86</ele>
   </trkpt>
   <trkpt lat="49.00369000021182" lon="12.81991667191457">
    <ele>827.0400000000001</ele>
   </trkpt>
   <trkpt lat="49.004400000133174" lon="12.819733338601635">
    <ele>835.7</ele>
   </trkpt>
   <trkpt lat="49.00511" lon="12.819550000000001">
    <ele>844.4800000000001</ele>
   </trkpt>
   <trkpt lat="49.005840000000006" lon="12.819300000000002">
    <ele>849.99</ele>
   </trkpt>
   <trkpt lat="49.006280000000004" lon="12.8192">
    <ele>854.0000000000001</ele>
   </trkpt>
   <trkpt lat="49.00647000000001" lon="12.819090000000001">
    <ele>855.04</ele>
   </trkpt>
   <trkpt lat="49.00657" lon="12.819">
    <ele>855.0600000000001</ele>
   </trkpt>
   <trkpt lat="49.006530000000005" lon="12.818650000000002">
    <ele>854.86</ele>
   </trkpt>
   <trkpt lat="49.006510000000006" lon="12.818000000000001">
    <ele>854.8500000000001</ele>
   </trkpt>
   <trkpt lat="49.00654" lon="12.817620000000002">
    <ele>855.13</ele>
   </trkpt>
   <trkpt lat="49.006600000000006" lon="12.81722">
    <ele>855.32</ele>
   </trkpt>
   <trkpt lat="49.00685251576341" lon="12.816117516737345">
    <ele>853.2400000000001</ele>
   </trkpt>
   <trkpt lat="49.00710502102333" lon="12.815015022293117">
    <ele>849.0500000000001</ele>
   </trkpt>
   <trkpt lat="49.007357515779525" lon="12.81391251666757">
    <ele>842.07</ele>
   </trkpt>
   <trkpt lat="49.00761000000001" lon="12.81281">
    <ele>836.47</ele>
   </trkpt>
   <trkpt lat="49.007690000000004" lon="12.812330000000001">
    <ele>835.0900000000001</ele>
   </trkpt>
   <trkpt lat="49.00771" lon="12.81182">
    <ele>831.98</ele>
   </trkpt>
   <trkpt lat="49.007690000000004" lon="12.811230000000002">
    <ele>831.1200000000001</ele>
   </trkpt>
   <trkpt lat="49.00755" lon="12.810200000000002">
    <ele>827.32</ele>
   </trkpt>
   <trkpt lat="49.00748" lon="12.809800000000001">
    <ele>827.32</ele>
   </trkpt>
   <trkpt lat="49.00733" lon="12.80935">
    <ele>825.4200000000001</ele>
   </trkpt>
   <trkpt lat="49.00704" lon="12.808700000000002">
    <ele>822.24</ele>
   </trkpt>
   <trkpt lat="49.0069" lon="12.808190000000002">
    <ele>820.59</ele>
   </trkpt>
   <trkpt lat="49.006780000000006" lon="12.80752">
    <ele>815.71</ele>
   </trkpt>
   <trkpt lat="49.00674" lon="12.806960000000002">
    <ele>813.21</ele>
   </trkpt>
   <trkpt lat="49.00677" lon="12.806470000000001">
    <ele>809.6600000000001</ele>
   </trkpt>
   <trkpt lat="49.00683" lon="12.806210000000002">
    <ele>808.9900000000001</ele>
   </trkpt>
   <trkpt lat="49.006930000000004" lon="12.805900000000001">
    <ele>807.25</ele>
   </trkpt>
   <trkpt lat="49.00742751596933" lon="12.8047900332737">
    <ele>802.3800000000001</ele>
   </trkpt>
   <trkpt lat="49.007925021292" lon="12.803680044366727">
    <ele>794.1300000000001</ele>
   </trkpt>
   <trkpt lat="49.00842251596764" lon="12.802570033278727">
    <ele>786.5600000000001</ele>
   </trkpt>
   <trkpt lat="49.00892" lon="12.80146">
    <ele>779.5300000000001</ele>
   </trkpt>
   <trkpt lat="49.009080000000004" lon="12.80114">
    <ele>777.85</ele>
   </trkpt>
   <trkpt lat="49.00959000350693" lon="12.800255008851906">
    <ele>770.8900000000001</ele>
   </trkpt>
   <trkpt lat="49.0101" lon="12.799370000000001">
    <ele>766.94</ele>
   </trkpt>
   <trkpt lat="49.01041000000001" lon="12.798800000000002">
    <ele>761.95</ele>
   </trkpt>
   <trkpt lat="49.01052000000001" lon="12.798480000000001">
    <ele>761.95</ele>
   </trkpt>
   <trkpt lat="49.010580000000004" lon="12.79826">
    <ele>761.9300000000001</ele>
   </trkpt>
   <trkpt lat="49.01064" lon="12.797810000000002">
    <ele>757.72</ele>
   </trkpt>
   <trkpt lat="49.01069500476218" lon="12.796760001185312">
    <ele>752.71</ele>
   </trkpt>
   <trkpt lat="49.01075" lon="12.795710000000001">
    <ele>750.1000000000001</ele>
   </trkpt>
   <trkpt lat="49.010780000000004" lon="12.79541">
    <ele>749.62</ele>
   </trkpt>
   <trkpt lat="49.010630000000006" lon="12.795380000000002">
    <ele>745.74</ele>
   </trkpt>
   <trkpt lat="49.01055" lon="12.7954">
    <ele>745.29</ele>
   </trkpt>
   <trkpt lat="49.01041000000001" lon="12.79546">
    <ele>744.19</ele>
   </trkpt>
   <trkpt lat="49.01033" lon="12.795530000000001">
    <ele>743.68</ele>
   </trkpt>
   <trkpt lat="49.01024" lon="12.79565">
    <ele>745.7</ele>
   </trkpt>
   <trkpt lat="49.01026" lon="12.795760000000001">
    <ele>745.72</ele>
   </trkpt>
   <trkpt lat="49.01034000000001" lon="12.795940000000002">
    <ele>747.33</ele>
   </trkpt>
   <trkpt lat="49.010490000000004" lon="12.79607">
    <ele>749.08</ele>
   </trkpt>
   <trkpt lat="49.01043000000001" lon="12.79734">
    <ele>756.1000000000001</ele>
   </trkpt>
   <trkpt lat="49.01041000000001" lon="12.797680000000001">
    <ele>759.32</ele>
   </trkpt>
   <trkpt lat="49.010600000000004" lon="12.797730000000001">
    <ele>761.0</ele>
   </trkpt>
   <trkpt lat="49.01073" lon="12.797730000000001">
    <ele>759.8800000000001</ele>
   </trkpt>
   <trkpt lat="49.010760000000005" lon="12.7977">
    <ele>759.8800000000001</ele>
   </trkpt>
   <trkpt lat="49.01082" lon="12.797410000000001">
    <ele>757.2</ele>
   </trkpt>
   <trkpt lat="49.01086" lon="12.79733">
    <ele>757.1800000000001</ele>
   </trkpt>
   <trkpt lat="49.01089" lon="12.797320000000001">
    <ele>757.1800000000001</ele>
   </trkpt>
   <trkpt lat="49.010870000000004" lon="12.79714">
    <ele>756.44</ele>
   </trkpt>
   <trkpt lat="49.01089" lon="12.79667">
    <ele>755.12</ele>
   </trkpt>
   <trkpt lat="49.011" lon="12.79564">
    <ele>749.57</ele>
   </trkpt>
   <trkpt lat="49.011050000000004" lon="12.795470000000002">
    <ele>748.1600000000001</ele>
   </trkpt>
   <trkpt lat="49.01115" lon="12.79546">
    <ele>748.2700000000001</ele>
   </trkpt>
   <trkpt lat="49.011070000000004" lon="12.795390000000001">
    <ele>747.72</ele>
   </trkpt>
   <trkpt lat="49.01106" lon="12.79508">
    <ele>746.0500000000001</ele>
   </trkpt>
   <trkpt lat="49.011140000000005" lon="12.794780000000001">
    <ele>744.44</ele>
   </trkpt>
   <trkpt lat="49.011190000000006" lon="12.794640000000001">
    <ele>743.85</ele>
   </trkpt>
   <trkpt lat="49.01133" lon="12.794400000000001">
    <ele>743.3000000000001</ele>
   </trkpt>
   <trkpt lat="49.01142" lon="12.794300000000002">
    <ele>743.1300000000001</ele>
   </trkpt>
   <trkpt lat="49.01153" lon="12.794260000000001">
    <ele>743.6</ele>
   </trkpt>
   <trkpt lat="49.01165" lon="12.794260000000001">
    <ele>743.6400000000001</ele>
   </trkpt>
   <trkpt lat="49.011750000000006" lon="12.79429">
    <ele>743.41</ele>
   </trkpt>
   <trkpt lat="49.01185" lon="12.79424">
    <ele>742.7800000000001</ele>
   </trkpt>
   <trkpt lat="49.01185" lon="12.794080000000001">
    <ele>742.7800000000001</ele>
   </trkpt>
   <trkpt lat="49.01183" lon="12.79424">
    <ele>743.1</ele>
   </trkpt>
   <trkpt lat="49.011750000000006" lon="12.79432">
    <ele>743.58</ele>
   </trkpt>
   <trkpt lat="49.01156" lon="12.794300000000002">
    <ele>743.6400000000001</ele>
   </trkpt>
   <trkpt lat="49.01144000000001" lon="12.794310000000001">
    <ele>743.3400000000001</ele>
   </trkpt>
   <trkpt lat="49.01135000000001" lon="12.794360000000001">
    <ele>743.02</ele>
   </trkpt>
   <trkpt lat="49.011280000000006" lon="12.79447">
    <ele>743.23</ele>
   </trkpt>
   <trkpt lat="49.011160000000004" lon="12.794720000000002">
    <ele>744.53</ele>
   </trkpt>
   <trkpt lat="49.011070000000004" lon="12.79499">
    <ele>745.1500000000001</ele>
   </trkpt>
   <trkpt lat="49.011030000000005" lon="12.795150000000001">
    <ele>746.2</ele>
   </trkpt>
   <trkpt lat="49.011050000000004" lon="12.795300000000001">
    <ele>747.26</ele>
   </trkpt>
   <trkpt lat="49.011" lon="12.79564">
    <ele>748.8800000000001</ele>
   </trkpt>
   <trkpt lat="49.01089" lon="12.79667">
    <ele>755.12</ele>
   </trkpt>
   <trkpt lat="49.01088000000001" lon="12.796940000000001">
    <ele>756.0000000000001</ele>
   </trkpt>
   <trkpt lat="49.01091" lon="12.79648">
    <ele>753.7</ele>
   </trkpt>
   <trkpt lat="49.010870000000004" lon="12.79714">
    <ele>756.8300000000002</ele>
   </trkpt>
   <trkpt lat="49.01089" lon="12.797320000000001">
    <ele>757.1800000000001</ele>
   </trkpt>
   <trkpt lat="49.01086" lon="12.79733">
    <ele>757.2</ele>
   </trkpt>
   <trkpt lat="49.01082" lon="12.797410000000001">
    <ele>757.2</ele>
   </trkpt>
   <trkpt lat="49.010760000000005" lon="12.7977">
    <ele>759.8800000000001</ele>
   </trkpt>
   <trkpt lat="49.01073" lon="12.797730000000001">
    <ele>761.5500000000001</ele>
   </trkpt>
   <trkpt lat="49.010600000000004" lon="12.797730000000001">
    <ele>761.0</ele>
   </trkpt>
   <trkpt lat="49.01041000000001" lon="12.797680000000001">
    <ele>758.17</ele>
   </trkpt>
   <trkpt lat="49.01043000000001" lon="12.79734">
    <ele>756.1000000000001</ele>
   </trkpt>
   <trkpt lat="49.010490000000004" lon="12.79607">
    <ele>748.58</ele>
   </trkpt>
   <trkpt lat="49.01034000000001" lon="12.795940000000002">
    <ele>745.95</ele>
   </trkpt>
   <trkpt lat="49.01026" lon="12.795760000000001">
    <ele>745.72</ele>
   </trkpt>
   <trkpt lat="49.01024" lon="12.79565">
    <ele>745.75</ele>
   </trkpt>
   <trkpt lat="49.01033" lon="12.795530000000001">
    <ele>743.68</ele>
   </trkpt>
   <trkpt lat="49.01041000000001" lon="12.79546">
    <ele>744.19</ele>
   </trkpt>
   <trkpt lat="49.01055" lon="12.7954">
    <ele>745.74</ele>
   </trkpt>
   <trkpt lat="49.010630000000006" lon="12.795380000000002">
    <ele>746.72</ele>
   </trkpt>
   <trkpt lat="49.010780000000004" lon="12.79541">
    <ele>749.62</ele>
   </trkpt>
   <trkpt lat="49.01086" lon="12.79499">
    <ele>749.12</ele>
   </trkpt>
   <trkpt lat="49.011" lon="12.794630000000002">
    <ele>748.2500000000001</ele>
   </trkpt>
   <trkpt lat="49.01111" lon="12.79442">
    <ele>746.1500000000001</ele>
   </trkpt>
   <trkpt lat="49.011545001758066" lon="12.793800005278605">
    <ele>743.26</ele>
   </trkpt>
   <trkpt lat="49.01198" lon="12.793180000000001">
    <ele>740.6600000000001</ele>
   </trkpt>
   <trkpt lat="49.012100000000004" lon="12.792950000000001">
    <ele>740.23</ele>
   </trkpt>
   <trkpt lat="49.012150000000005" lon="12.79274">
    <ele>739.9000000000001</ele>
   </trkpt>
   <trkpt lat="49.012350000000005" lon="12.79282">
    <ele>739.72</ele>
   </trkpt>
   <trkpt lat="49.01245" lon="12.79282">
    <ele>739.32</ele>
   </trkpt>
   <trkpt lat="49.01283" lon="12.79282">
    <ele>739.3700000000001</ele>
   </trkpt>
   <trkpt lat="49.01299" lon="12.792790000000002">
    <ele>739.87</ele>
   </trkpt>
   <trkpt lat="49.013130000000004" lon="12.79273">
    <ele>740.5500000000001</ele>
   </trkpt>
   <trkpt lat="49.01334000000001" lon="12.792580000000001">
    <ele>742.2700000000001</ele>
   </trkpt>
   <trkpt lat="49.01346" lon="12.792430000000001">
    <ele>742.2700000000001</ele>
   </trkpt>
   <trkpt lat="49.013560000000005" lon="12.79222">
    <ele>749.0400000000001</ele>
   </trkpt>
   <trkpt lat="49.013630000000006" lon="12.791960000000001">
    <ele>749.0400000000001</ele>
   </trkpt>
   <trkpt lat="49.013650000000005" lon="12.791720000000002">
    <ele>749.0400000000001</ele>
   </trkpt>
   <trkpt lat="49.01361000000001" lon="12.791360000000001">
    <ele>752.41</ele>
   </trkpt>
   <trkpt lat="49.0135" lon="12.791070000000001">
    <ele>753.8100000000001</ele>
   </trkpt>
   <trkpt lat="49.01335" lon="12.79086">
    <ele>755.59</ele>
   </trkpt>
   <trkpt lat="49.01306" lon="12.790560000000001">
    <ele>759.63</ele>
   </trkpt>
   <trkpt lat="49.01297" lon="12.79044">
    <ele>760.38</ele>
   </trkpt>
   <trkpt lat="49.012710000000006" lon="12.79001">
    <ele>763.12</ele>
   </trkpt>
   <trkpt lat="49.01231000000001" lon="12.789140000000002">
    <ele>766.53</ele>
   </trkpt>
   <trkpt lat="49.01220000000001" lon="12.78897">
    <ele>767.6700000000001</ele>
   </trkpt>
   <trkpt lat="49.01207" lon="12.788820000000001">
    <ele>768.1500000000001</ele>
   </trkpt>
   <trkpt lat="49.0118" lon="12.7886">
    <ele>769.9800000000001</ele>
   </trkpt>
   <trkpt lat="49.011340000000004" lon="12.788260000000001">
    <ele>773.23</ele>
   </trkpt>
   <trkpt lat="49.011190000000006" lon="12.78809">
    <ele>774.27</ele>
   </trkpt>
   <trkpt lat="49.01113" lon="12.787970000000001">
    <ele>775.44</ele>
   </trkpt>
   <trkpt lat="49.01106" lon="12.787730000000002">
    <ele>777.11</ele>
   </trkpt>
   <trkpt lat="49.011070000000004" lon="12.787440000000002">
    <ele>778.8600000000001</ele>
   </trkpt>
   <trkpt lat="49.01113" lon="12.787210000000002">
    <ele>780.39</ele>
   </trkpt>
   <trkpt lat="49.011190000000006" lon="12.787090000000001">
    <ele>781.99</ele>
   </trkpt>
   <trkpt lat="49.01133" lon="12.786930000000002">
    <ele>783.11</ele>
   </trkpt>
   <trkpt lat="49.01142" lon="12.786900000000001">
    <ele>786.02</ele>
   </trkpt>
   <trkpt lat="49.011720000000004" lon="12.786850000000001">
    <ele>788.85</ele>
   </trkpt>
   <trkpt lat="49.01198" lon="12.786710000000001">
    <ele>792.59</ele>
   </trkpt>
   <trkpt lat="49.01236" lon="12.78639">
    <ele>796.57</ele>
   </trkpt>
   <trkpt lat="49.01274" lon="12.78598">
    <ele>801.86</ele>
   </trkpt>
   <trkpt lat="49.013390002954914" lon="12.785150010864545">
    <ele>814.7800000000001</ele>
   </trkpt>
   <trkpt lat="49.01404" lon="12.784320000000001">
    <ele>825.23</ele>
   </trkpt>
   <trkpt lat="49.01445000099588" lon="12.783830004085251">
    <ele>833.1400000000001</ele>
   </trkpt>
   <trkpt lat="49.014860000000006" lon="12.78334">
    <ele>838.59</ele>
   </trkpt>
   <trkpt lat="49.015350000000005" lon="12.782610000000002">
    <ele>845.5300000000001</ele>
   </trkpt>
   <trkpt lat="49.01568" lon="12.782050000000002">
    <ele>848.2400000000001</ele>
   </trkpt>
   <trkpt lat="49.015950000000004" lon="12.78152">
    <ele>853.16</ele>
   </trkpt>
   <trkpt lat="49.016070000000006" lon="12.781260000000001">
    <ele>853.9300000000001</ele>
   </trkpt>
   <trkpt lat="49.01644" lon="12.780640000000002">
    <ele>856.7</ele>
   </trkpt>
   <trkpt lat="49.01661000000001" lon="12.780450000000002">
    <ele>860.32</ele>
   </trkpt>
   <trkpt lat="49.01677" lon="12.7803">
    <ele>860.32</ele>
   </trkpt>
   <trkpt lat="49.01690000000001" lon="12.7802">
    <ele>862.0200000000001</ele>
   </trkpt>
   <trkpt lat="49.01718" lon="12.780050000000001">
    <ele>864.3900000000001</ele>
   </trkpt>
   <trkpt lat="49.017360000000004" lon="12.779990000000002">
    <ele>866.7600000000001</ele>
   </trkpt>
   <trkpt lat="49.01755000000001" lon="12.77996">
    <ele>868.87</ele>
   </trkpt>
   <trkpt lat="49.01776" lon="12.779950000000001">
    <ele>871.0500000000001</ele>
   </trkpt>
   <trkpt lat="49.01803" lon="12.779980000000002">
    <ele>877.2900000000001</ele>
   </trkpt>
   <trkpt lat="49.018840000000004" lon="12.780130000000002">
    <ele>884.94</ele>
   </trkpt>
   <trkpt lat="49.019220000000004" lon="12.780140000000001">
    <ele>887.63</ele>
   </trkpt>
   <trkpt lat="49.019400000000005" lon="12.780120000000002">
    <ele>889.2</ele>
   </trkpt>
   <trkpt lat="49.01966" lon="12.78002">
    <ele>890.59</ele>
   </trkpt>
   <trkpt lat="49.020320000362496" lon="12.779730003846005">
    <ele>894.0600000000001</ele>
   </trkpt>
   <trkpt lat="49.02098" lon="12.779440000000001">
    <ele>899.11</ele>
   </trkpt>
   <trkpt lat="49.021260000000005" lon="12.779370000000002">
    <ele>900.1000000000001</ele>
   </trkpt>
   <trkpt lat="49.02154" lon="12.779380000000002">
    <ele>900.5200000000001</ele>
   </trkpt>
   <trkpt lat="49.02181" lon="12.77935">
    <ele>900.32</ele>
   </trkpt>
   <trkpt lat="49.02197" lon="12.77927">
    <ele>899.7600000000001</ele>
   </trkpt>
   <trkpt lat="49.022560000000006" lon="12.778900000000002">
    <ele>895.3700000000001</ele>
   </trkpt>
   <trkpt lat="49.022780000000004" lon="12.77874">
    <ele>892.4200000000001</ele>
   </trkpt>
   <trkpt lat="49.02310000000001" lon="12.778400000000001">
    <ele>886.0300000000001</ele>
   </trkpt>
   <trkpt lat="49.023565001270384" lon="12.77784500525795">
    <ele>881.87</ele>
   </trkpt>
   <trkpt lat="49.02403" lon="12.77729">
    <ele>876.6700000000001</ele>
   </trkpt>
   <trkpt lat="49.024440000000006" lon="12.77674">
    <ele>871.9100000000001</ele>
   </trkpt>
   <trkpt lat="49.02484000088004" lon="12.776265003930613">
    <ele>867.94</ele>
   </trkpt>
   <trkpt lat="49.025240000000004" lon="12.77579">
    <ele>862.6300000000001</ele>
   </trkpt>
   <trkpt lat="49.02554000000001" lon="12.775540000000001">
    <ele>860.8800000000001</ele>
   </trkpt>
   <trkpt lat="49.02624" lon="12.775070000000001">
    <ele>858.1800000000001</ele>
   </trkpt>
   <trkpt lat="49.026520000000005" lon="12.7748">
    <ele>857.7300000000001</ele>
   </trkpt>
   <trkpt lat="49.026650000000004" lon="12.774640000000002">
    <ele>857.4300000000001</ele>
   </trkpt>
   <trkpt lat="49.026920000000004" lon="12.7742">
    <ele>856.11</ele>
   </trkpt>
   <trkpt lat="49.02725" lon="12.77345">
    <ele>854.86</ele>
   </trkpt>
   <trkpt lat="49.027660008807565" lon="12.772625020421682">
    <ele>851.87</ele>
   </trkpt>
   <trkpt lat="49.02807001173432" lon="12.771800027247567">
    <ele>850.1200000000001</ele>
   </trkpt>
   <trkpt lat="49.02848000878014" lon="12.770975020477433">
    <ele>847.57</ele>
   </trkpt>
   <trkpt lat="49.028890000000004" lon="12.770150000000001">
    <ele>843.83</ele>
   </trkpt>
   <trkpt lat="49.02913" lon="12.769540000000001">
    <ele>841.9700000000001</ele>
   </trkpt>
   <trkpt lat="49.02929" lon="12.768960000000002">
    <ele>838.9300000000001</ele>
   </trkpt>
   <trkpt lat="49.02950500165417" lon="12.76833000289971">
    <ele>833.8700000000001</ele>
   </trkpt>
   <trkpt lat="49.029720000000005" lon="12.767700000000001">
    <ele>832.33</ele>
   </trkpt>
   <trkpt lat="49.02994" lon="12.76693">
    <ele>827.5500000000001</ele>
   </trkpt>
   <trkpt lat="49.03014" lon="12.766150000000001">
    <ele>825.35</ele>
   </trkpt>
   <trkpt lat="49.03033000385298" lon="12.765205003634096">
    <ele>822.9200000000001</ele>
   </trkpt>
   <trkpt lat="49.03052" lon="12.76426">
    <ele>822.21</ele>
   </trkpt>
   <trkpt lat="49.03076000562061" lon="12.763125005213984">
    <ele>820.6800000000001</ele>
   </trkpt>
   <trkpt lat="49.031000000000006" lon="12.76199">
    <ele>819.6600000000001</ele>
   </trkpt>
   <trkpt lat="49.03108" lon="12.761470000000001">
    <ele>818.36</ele>
   </trkpt>
   <trkpt lat="49.03114" lon="12.760800000000001">
    <ele>817.44</ele>
   </trkpt>
   <trkpt lat="49.03116000000001" lon="12.76021">
    <ele>816.64</ele>
   </trkpt>
   <trkpt lat="49.03126" lon="12.759620000000002">
    <ele>815.6800000000001</ele>
   </trkpt>
   <trkpt lat="49.03141" lon="12.759250000000002">
    <ele>814.1600000000001</ele>
   </trkpt>
   <trkpt lat="49.03163000000001" lon="12.758930000000001">
    <ele>812.3800000000001</ele>
   </trkpt>
   <trkpt lat="49.031870000000005" lon="12.758730000000002">
    <ele>809.7</ele>
   </trkpt>
   <trkpt lat="49.03229" lon="12.758600000000001">
    <ele>805.5600000000001</ele>
   </trkpt>
   <trkpt lat="49.03308000029728" lon="12.75831500454512">
    <ele>798.34</ele>
   </trkpt>
   <trkpt lat="49.03387000000001" lon="12.758030000000002">
    <ele>790.2900000000001</ele>
   </trkpt>
   <trkpt lat="49.03446" lon="12.75764">
    <ele>787.1</ele>
   </trkpt>
   <trkpt lat="49.035035001147406" lon="12.757120006029425">
    <ele>780.7</ele>
   </trkpt>
   <trkpt lat="49.035610000000005" lon="12.7566">
    <ele>775.51</ele>
   </trkpt>
   <trkpt lat="49.035965000921465" lon="12.756175002864083">
    <ele>772.11</ele>
   </trkpt>
   <trkpt lat="49.03632" lon="12.75575">
    <ele>769.4200000000001</ele>
   </trkpt>
   <trkpt lat="49.03665" lon="12.75533">
    <ele>767.1600000000001</ele>
   </trkpt>
   <trkpt lat="49.03698000000001" lon="12.75481">
    <ele>763.19</ele>
   </trkpt>
   <trkpt lat="49.037240000000004" lon="12.75412">
    <ele>760.09</ele>
   </trkpt>
   <trkpt lat="49.03744500231434" lon="12.753375003373494">
    <ele>757.7600000000001</ele>
   </trkpt>
   <trkpt lat="49.037650000000006" lon="12.752630000000002">
    <ele>756.29</ele>
   </trkpt>
   <trkpt lat="49.03766" lon="12.75262">
    <ele>756.29</ele>
   </trkpt>
   <trkpt lat="49.037670000000006" lon="12.75233">
    <ele>755.65</ele>
   </trkpt>
   <trkpt lat="49.03764" lon="12.751990000000001">
    <ele>755.23</ele>
   </trkpt>
   <trkpt lat="49.03755" lon="12.75168">
    <ele>753.1800000000001</ele>
   </trkpt>
   <trkpt lat="49.03728" lon="12.75112">
    <ele>750.48</ele>
   </trkpt>
   <trkpt lat="49.037180000000006" lon="12.751000000000001">
    <ele>750.48</ele>
   </trkpt>
   <trkpt lat="49.037040000000005" lon="12.75092">
    <ele>749.29</ele>
   </trkpt>
   <trkpt lat="49.03676" lon="12.750900000000001">
    <ele>747.74</ele>
   </trkpt>
   <trkpt lat="49.036084999810036" lon="12.750975001041535">
    <ele>742.1</ele>
   </trkpt>
   <trkpt lat="49.035410000000006" lon="12.751050000000001">
    <ele>736.9000000000001</ele>
   </trkpt>
   <trkpt lat="49.03506" lon="12.751130000000002">
    <ele>732.84</ele>
   </trkpt>
   <trkpt lat="49.034530000000004" lon="12.7513">
    <ele>728.5</ele>
   </trkpt>
   <trkpt lat="49.034330000000004" lon="12.751290000000001">
    <ele>726.11</ele>
   </trkpt>
   <trkpt lat="49.03419" lon="12.75125">
    <ele>723.65</ele>
   </trkpt>
   <trkpt lat="49.033755000241506" lon="12.750989997696303">
    <ele>718.26</ele>
   </trkpt>
   <trkpt lat="49.03332" lon="12.75073">
    <ele>713.9700000000001</ele>
   </trkpt>
   <trkpt lat="49.032505000839826" lon="12.750279992608725">
    <ele>703.2900000000001</ele>
   </trkpt>
   <trkpt lat="49.031690000000005" lon="12.749830000000001">
    <ele>694.3800000000001</ele>
   </trkpt>
   <trkpt lat="49.0315" lon="12.749690000000001">
    <ele>692.9900000000001</ele>
   </trkpt>
   <trkpt lat="49.03137" lon="12.749550000000001">
    <ele>691.5500000000001</ele>
   </trkpt>
   <trkpt lat="49.030910000000006" lon="12.748870000000002">
    <ele>682.86</ele>
   </trkpt>
   <trkpt lat="49.03035500136979" lon="12.748309993768268">
    <ele>675.09</ele>
   </trkpt>
   <trkpt lat="49.0298" lon="12.747750000000002">
    <ele>669.9000000000001</ele>
   </trkpt>
   <trkpt lat="49.02929" lon="12.74727">
    <ele>666.54</ele>
   </trkpt>
   <trkpt lat="49.02906" lon="12.74722">
    <ele>663.49</ele>
   </trkpt>
   <trkpt lat="49.028960000000005" lon="12.747230000000002">
    <ele>663.0200000000001</ele>
   </trkpt>
   <trkpt lat="49.02884" lon="12.747280000000002">
    <ele>661.6800000000001</ele>
   </trkpt>
   <trkpt lat="49.028560000000006" lon="12.747480000000001">
    <ele>658.32</ele>
   </trkpt>
   <trkpt lat="49.02839" lon="12.74754">
    <ele>656.94</ele>
   </trkpt>
   <trkpt lat="49.0283" lon="12.747530000000001">
    <ele>655.4300000000001</ele>
   </trkpt>
   <trkpt lat="49.02814" lon="12.7474">
    <ele>652.22</ele>
   </trkpt>
   <trkpt lat="49.02769000000001" lon="12.74666">
    <ele>651.58</ele>
   </trkpt>
   <trkpt lat="49.027840000000005" lon="12.745800000000001">
    <ele>642.1600000000001</ele>
   </trkpt>
   <trkpt lat="49.02787000000001" lon="12.745320000000001">
    <ele>638.57</ele>
   </trkpt>
   <trkpt lat="49.027820000000006" lon="12.745030000000002">
    <ele>633.78</ele>
   </trkpt>
   <trkpt lat="49.0277" lon="12.744790000000002">
    <ele>633.78</ele>
   </trkpt>
   <trkpt lat="49.027590000000004" lon="12.74468">
    <ele>631.38</ele>
   </trkpt>
   <trkpt lat="49.027460000000005" lon="12.74463">
    <ele>630.36</ele>
   </trkpt>
   <trkpt lat="49.0269850000128" lon="12.744589999618656">
    <ele>624.99</ele>
   </trkpt>
   <trkpt lat="49.02651" lon="12.74455">
    <ele>621.2700000000001</ele>
   </trkpt>
   <trkpt lat="49.026210000000006" lon="12.744510000000002">
    <ele>619.65</ele>
   </trkpt>
   <trkpt lat="49.02608000000001" lon="12.744470000000002">
    <ele>618.07</ele>
   </trkpt>
   <trkpt lat="49.025780000000005" lon="12.744330000000001">
    <ele>614.04</ele>
   </trkpt>
   <trkpt lat="49.0255" lon="12.74413">
    <ele>611.38</ele>
   </trkpt>
   <trkpt lat="49.025310000000005" lon="12.74394">
    <ele>608.8800000000001</ele>
   </trkpt>
   <trkpt lat="49.02521" lon="12.743770000000001">
    <ele>608.8800000000001</ele>
   </trkpt>
   <trkpt lat="49.025110000000005" lon="12.74355">
    <ele>607.53</ele>
   </trkpt>
   <trkpt lat="49.024800000000006" lon="12.742740000000001">
    <ele>603.94</ele>
   </trkpt>
   <trkpt lat="49.024680000000004" lon="12.742280000000001">
    <ele>600.97</ele>
   </trkpt>
   <trkpt lat="49.024550000000005" lon="12.741610000000001">
    <ele>597.75</ele>
   </trkpt>
   <trkpt lat="49.024530000000006" lon="12.740720000000001">
    <ele>593.44</ele>
   </trkpt>
   <trkpt lat="49.02456500225189" lon="12.740000000255007">
    <ele>590.36</ele>
   </trkpt>
   <trkpt lat="49.02460000000001" lon="12.73928">
    <ele>588.58</ele>
   </trkpt>
   <trkpt lat="49.024660000000004" lon="12.738830000000002">
    <ele>586.61</ele>
   </trkpt>
   <trkpt lat="49.024840000000005" lon="12.738100000000001">
    <ele>582.9100000000001</ele>
   </trkpt>
   <trkpt lat="49.02521" lon="12.736910000000002">
    <ele>577.16</ele>
   </trkpt>
   <trkpt lat="49.02535" lon="12.73662">
    <ele>574.9000000000001</ele>
   </trkpt>
   <trkpt lat="49.02546" lon="12.736440000000002">
    <ele>573.8100000000001</ele>
   </trkpt>
   <trkpt lat="49.025560000000006" lon="12.736320000000001">
    <ele>572.9399999999999</ele>
   </trkpt>
   <trkpt lat="49.02581000000001" lon="12.73615">
    <ele>570.58</ele>
   </trkpt>
   <trkpt lat="49.02643333422021" lon="12.735836674497415">
    <ele>563.9300000000001</ele>
   </trkpt>
   <trkpt lat="49.027056667592156" lon="12.735523341144805">
    <ele>558.3800000000001</ele>
   </trkpt>
   <trkpt lat="49.027680000000004" lon="12.73521">
    <ele>554.46</ele>
   </trkpt>
   <trkpt lat="49.027910000000006" lon="12.73507">
    <ele>553.48</ele>
   </trkpt>
   <trkpt lat="49.02808" lon="12.734900000000001">
    <ele>551.6500000000001</ele>
   </trkpt>
   <trkpt lat="49.028690000000005" lon="12.734010000000001">
    <ele>547.82</ele>
   </trkpt>
   <trkpt lat="49.028940000000006" lon="12.733740000000001">
    <ele>545.9900000000001</ele>
   </trkpt>
   <trkpt lat="49.029090000000004" lon="12.73361">
    <ele>545.1400000000001</ele>
   </trkpt>
   <trkpt lat="49.029595000568705" lon="12.733260003525082">
    <ele>540.59</ele>
   </trkpt>
   <trkpt lat="49.030100000000004" lon="12.73291">
    <ele>537.15</ele>
   </trkpt>
   <trkpt lat="49.03018" lon="12.732870000000002">
    <ele>536.36</ele>
   </trkpt>
   <trkpt lat="49.030350000000006" lon="12.732830000000002">
    <ele>535.7</ele>
   </trkpt>
   <trkpt lat="49.03052" lon="12.732870000000002">
    <ele>534.97</ele>
   </trkpt>
   <trkpt lat="49.03072" lon="12.732970000000002">
    <ele>534.12</ele>
   </trkpt>
   <trkpt lat="49.0309" lon="12.73301">
    <ele>533.2800000000001</ele>
   </trkpt>
   <trkpt lat="49.03107000000001" lon="12.732990000000001">
    <ele>531.63</ele>
   </trkpt>
   <trkpt lat="49.03121" lon="12.732930000000001">
    <ele>530.6</ele>
   </trkpt>
   <trkpt lat="49.031380000000006" lon="12.732790000000001">
    <ele>527.96</ele>
   </trkpt>
   <trkpt lat="49.03206" lon="12.732140000000001">
    <ele>522.25</ele>
   </trkpt>
   <trkpt lat="49.03226" lon="12.731900000000001">
    <ele>520.0100000000001</ele>
   </trkpt>
   <trkpt lat="49.03265000209428" lon="12.731215005251997">
    <ele>517.88</ele>
   </trkpt>
   <trkpt lat="49.03304000000001" lon="12.730530000000002">
    <ele>515.09</ele>
   </trkpt>
   <trkpt lat="49.03332" lon="12.73">
    <ele>513.54</ele>
   </trkpt>
   <trkpt lat="49.03343" lon="12.72967">
    <ele>512.0</ele>
   </trkpt>
   <trkpt lat="49.03352" lon="12.72906">
    <ele>508.9100000000001</ele>
   </trkpt>
   <trkpt lat="49.03360000000001" lon="12.72873">
    <ele>507.32</ele>
   </trkpt>
   <trkpt lat="49.033660000000005" lon="12.728580000000001">
    <ele>507.32</ele>
   </trkpt>
   <trkpt lat="49.03378000000001" lon="12.728390000000001">
    <ele>505.83</ele>
   </trkpt>
   <trkpt lat="49.033840000000005" lon="12.728330000000001">
    <ele>505.83</ele>
   </trkpt>
   <trkpt lat="49.034180000000006" lon="12.728090000000002">
    <ele>503.72</ele>
   </trkpt>
   <trkpt lat="49.03432" lon="12.72793">
    <ele>502.21000000000004</ele>
   </trkpt>
   <trkpt lat="49.03454000000001" lon="12.727590000000001">
    <ele>500.50000000000006</ele>
   </trkpt>
   <trkpt lat="49.035120000000006" lon="12.726590000000002">
    <ele>493.66</ele>
   </trkpt>
   <trkpt lat="49.03548500098041" lon="12.726095003738019">
    <ele>491.62000000000006</ele>
   </trkpt>
   <trkpt lat="49.03585" lon="12.725600000000002">
    <ele>490.45000000000005</ele>
   </trkpt>
   <trkpt lat="49.03598" lon="12.725370000000002">
    <ele>489.50000000000006</ele>
   </trkpt>
   <trkpt lat="49.03618" lon="12.724910000000001">
    <ele>488.48</ele>
   </trkpt>
   <trkpt lat="49.03629" lon="12.724530000000001">
    <ele>487.93</ele>
   </trkpt>
   <trkpt lat="49.036370000000005" lon="12.724120000000001">
    <ele>487.37</ele>
   </trkpt>
   <trkpt lat="49.03649" lon="12.723120000000002">
    <ele>484.76</ele>
   </trkpt>
   <trkpt lat="49.036500000000004" lon="12.72281">
    <ele>483.78000000000003</ele>
   </trkpt>
   <trkpt lat="49.03647" lon="12.722570000000001">
    <ele>483.13000000000005</ele>
   </trkpt>
   <trkpt lat="49.03640000000001" lon="12.722370000000002">
    <ele>481.6</ele>
   </trkpt>
   <trkpt lat="49.036280000000005" lon="12.722180000000002">
    <ele>480.07000000000005</ele>
   </trkpt>
   <trkpt lat="49.0362" lon="12.72212">
    <ele>480.07000000000005</ele>
   </trkpt>
   <trkpt lat="49.03607" lon="12.72207">
    <ele>478.42</ele>
   </trkpt>
   <trkpt lat="49.03585" lon="12.722050000000001">
    <ele>475.67</ele>
   </trkpt>
   <trkpt lat="49.035630000000005" lon="12.722080000000002">
    <ele>474.57000000000005</ele>
   </trkpt>
   <trkpt lat="49.035360000000004" lon="12.722090000000001">
    <ele>478.54</ele>
   </trkpt>
   <trkpt lat="49.034470000000006" lon="12.722080000000002">
    <ele>470.30000000000007</ele>
   </trkpt>
   <trkpt lat="49.03421" lon="12.72203">
    <ele>468.20000000000005</ele>
   </trkpt>
   <trkpt lat="49.034020000000005" lon="12.721940000000002">
    <ele>465.61</ele>
   </trkpt>
   <trkpt lat="49.03387000000001" lon="12.72178">
    <ele>465.61</ele>
   </trkpt>
   <trkpt lat="49.03374" lon="12.721570000000002">
    <ele>462.93000000000006</ele>
   </trkpt>
   <trkpt lat="49.03335500380482" lon="12.720629992694922">
    <ele>455.64000000000004</ele>
   </trkpt>
   <trkpt lat="49.032970000000006" lon="12.719690000000002">
    <ele>449.84000000000003</ele>
   </trkpt>
   <trkpt lat="49.0328" lon="12.71939">
    <ele>448.33000000000004</ele>
   </trkpt>
   <trkpt lat="49.032720000000005" lon="12.719310000000002">
    <ele>447.11000000000007</ele>
   </trkpt>
   <trkpt lat="49.032230000000006" lon="12.71892">
    <ele>440.86</ele>
   </trkpt>
   <trkpt lat="49.031760000000006" lon="12.718240000000002">
    <ele>435.82000000000005</ele>
   </trkpt>
   <trkpt lat="49.03137000165295" lon="12.717649995600535">
    <ele>432.15000000000003</ele>
   </trkpt>
   <trkpt lat="49.03098000000001" lon="12.717060000000002">
    <ele>429.2300000000001</ele>
   </trkpt>
   <trkpt lat="49.03087000000001" lon="12.716830000000002">
    <ele>429.00000000000006</ele>
   </trkpt>
   <trkpt lat="49.030770000000004" lon="12.71657">
    <ele>428.21000000000004</ele>
   </trkpt>
   <trkpt lat="49.030615002186885" lon="12.715859997829538">
    <ele>427.95000000000005</ele>
   </trkpt>
   <trkpt lat="49.030460000000005" lon="12.715150000000001">
    <ele>428.58</ele>
   </trkpt>
   <trkpt lat="49.030300000000004" lon="12.714580000000002">
    <ele>429.52</ele>
   </trkpt>
   <trkpt lat="49.03002000000001" lon="12.71376">
    <ele>429.15000000000003</ele>
   </trkpt>
   <trkpt lat="49.02996" lon="12.713450000000002">
    <ele>429.15000000000003</ele>
   </trkpt>
   <trkpt lat="49.02995000000001" lon="12.713180000000001">
    <ele>428.50000000000006</ele>
   </trkpt>
   <trkpt lat="49.029970000000006" lon="12.71292">
    <ele>428.50000000000006</ele>
   </trkpt>
   <trkpt lat="49.030010000000004" lon="12.71268">
    <ele>428.50000000000006</ele>
   </trkpt>
   <trkpt lat="49.030210000000004" lon="12.711900000000002">
    <ele>427.8</ele>
   </trkpt>
   <trkpt lat="49.03025" lon="12.711670000000002">
    <ele>427.36</ele>
   </trkpt>
   <trkpt lat="49.03025" lon="12.711450000000001">
    <ele>427.1</ele>
   </trkpt>
   <trkpt lat="49.03022000000001" lon="12.711240000000002">
    <ele>426.7900000000001</ele>
   </trkpt>
   <trkpt lat="49.030170000000005" lon="12.71105">
    <ele>425.76</ele>
   </trkpt>
   <trkpt lat="49.03009" lon="12.710870000000002">
    <ele>425.76</ele>
   </trkpt>
   <trkpt lat="49.02966000000001" lon="12.71011">
    <ele>423.25</ele>
   </trkpt>
   <trkpt lat="49.029590000000006" lon="12.70996">
    <ele>423.13000000000005</ele>
   </trkpt>
   <trkpt lat="49.029520000000005" lon="12.70963">
    <ele>423.17</ele>
   </trkpt>
   <trkpt lat="49.029540000000004" lon="12.70935">
    <ele>423.12000000000006</ele>
   </trkpt>
   <trkpt lat="49.02978" lon="12.708670000000001">
    <ele>423.7</ele>
   </trkpt>
   <trkpt lat="49.02985" lon="12.708530000000001">
    <ele>423.84000000000003</ele>
   </trkpt>
   <trkpt lat="49.03005" lon="12.70822">
    <ele>426.62000000000006</ele>
   </trkpt>
   <trkpt lat="49.03072" lon="12.707630000000002">
    <ele>435.98</ele>
   </trkpt>
   <trkpt lat="49.030820000000006" lon="12.707490000000002">
    <ele>436.62</ele>
   </trkpt>
   <trkpt lat="49.03089000000001" lon="12.707350000000002">
    <ele>436.94000000000005</ele>
   </trkpt>
   <trkpt lat="49.03126" lon="12.706430000000001">
    <ele>438.1700000000001</ele>
   </trkpt>
   <trkpt lat="49.03137" lon="12.706100000000001">
    <ele>436.98</ele>
   </trkpt>
   <trkpt lat="49.03144" lon="12.70574">
    <ele>436.01</ele>
   </trkpt>
   <trkpt lat="49.031780000000005" lon="12.70498">
    <ele>436.47</ele>
   </trkpt>
   <trkpt lat="49.032160000000005" lon="12.70428">
    <ele>440.68</ele>
   </trkpt>
   <trkpt lat="49.032340000000005" lon="12.7039">
    <ele>443.05000000000007</ele>
   </trkpt>
   <trkpt lat="49.03246000000001" lon="12.703510000000001">
    <ele>444.29</ele>
   </trkpt>
   <trkpt lat="49.032520000000005" lon="12.702850000000002">
    <ele>447.13</ele>
   </trkpt>
   <trkpt lat="49.03253" lon="12.70179">
    <ele>449.08000000000004</ele>
   </trkpt>
   <trkpt lat="49.03255" lon="12.70165">
    <ele>449.08000000000004</ele>
   </trkpt>
   <trkpt lat="49.032610000000005" lon="12.701490000000002">
    <ele>449.41</ele>
   </trkpt>
   <trkpt lat="49.03269" lon="12.701340000000002">
    <ele>449.41</ele>
   </trkpt>
   <trkpt lat="49.0328" lon="12.70124">
    <ele>450.56</ele>
   </trkpt>
   <trkpt lat="49.032900000000005" lon="12.70118">
    <ele>450.56</ele>
   </trkpt>
   <trkpt lat="49.033190000000005" lon="12.701110000000002">
    <ele>451.64000000000004</ele>
   </trkpt>
   <trkpt lat="49.03333000000001" lon="12.701120000000001">
    <ele>451.64000000000004</ele>
   </trkpt>
   <trkpt lat="49.03381" lon="12.70128">
    <ele>453.6</ele>
   </trkpt>
   <trkpt lat="49.034040000000005" lon="12.70133">
    <ele>454.40000000000003</ele>
   </trkpt>
   <trkpt lat="49.034310000000005" lon="12.701350000000001">
    <ele>455.47</ele>
   </trkpt>
   <trkpt lat="49.035090000000004" lon="12.701400000000001">
    <ele>460.06</ele>
   </trkpt>
   <trkpt lat="49.035320000000006" lon="12.701340000000002">
    <ele>460.46000000000004</ele>
   </trkpt>
   <trkpt lat="49.035410000000006" lon="12.70128">
    <ele>460.20000000000005</ele>
   </trkpt>
   <trkpt lat="49.03557000000001" lon="12.70109">
    <ele>459.41</ele>
   </trkpt>
   <trkpt lat="49.0362" lon="12.700140000000001">
    <ele>452.24</ele>
   </trkpt>
   <trkpt lat="49.03633000000001" lon="12.699810000000001">
    <ele>450.69</ele>
   </trkpt>
   <trkpt lat="49.03640000000001" lon="12.699430000000001">
    <ele>448.56</ele>
   </trkpt>
   <trkpt lat="49.036460000000005" lon="12.698860000000002">
    <ele>447.37000000000006</ele>
   </trkpt>
   <trkpt lat="49.036480000000005" lon="12.697740000000001">
    <ele>449.39</ele>
   </trkpt>
   <trkpt lat="49.03641500495694" lon="12.696669998780829">
    <ele>442.95</ele>
   </trkpt>
   <trkpt lat="49.036350000000006" lon="12.6956">
    <ele>441.3</ele>
   </trkpt>
   <trkpt lat="49.036370000000005" lon="12.695160000000001">
    <ele>441.43000000000006</ele>
   </trkpt>
   <trkpt lat="49.036460000000005" lon="12.694790000000001">
    <ele>441.55000000000007</ele>
   </trkpt>
   <trkpt lat="49.036550000000005" lon="12.69458">
    <ele>441.6700000000001</ele>
   </trkpt>
   <trkpt lat="49.03675500177583" lon="12.693950002408348">
    <ele>442.01</ele>
   </trkpt>
   <trkpt lat="49.03696" lon="12.693320000000002">
    <ele>443.38000000000005</ele>
   </trkpt>
   <trkpt lat="49.03735500538063" lon="12.692200009003116">
    <ele>447.12</ele>
   </trkpt>
   <trkpt lat="49.03775" lon="12.691080000000001">
    <ele>451.13</ele>
   </trkpt>
   <trkpt lat="49.038070000000005" lon="12.690090000000001">
    <ele>456.15000000000003</ele>
   </trkpt>
   <trkpt lat="49.038120000000006" lon="12.689860000000001">
    <ele>456.75000000000006</ele>
   </trkpt>
   <trkpt lat="49.03815" lon="12.68959">
    <ele>456.96000000000004</ele>
   </trkpt>
   <trkpt lat="49.03813" lon="12.68898">
    <ele>456.0</ele>
   </trkpt>
   <trkpt lat="49.038090000000004" lon="12.688780000000001">
    <ele>455.5</ele>
   </trkpt>
   <trkpt lat="49.037780000000005" lon="12.687790000000001">
    <ele>450.19</ele>
   </trkpt>
   <trkpt lat="49.03753500235648" lon="12.687049996327323">
    <ele>445.78</ele>
   </trkpt>
   <trkpt lat="49.037290000000006" lon="12.68631">
    <ele>442.89000000000004</ele>
   </trkpt>
   <trkpt lat="49.03692667298688" lon="12.68545332076984">
    <ele>441.46000000000004</ele>
   </trkpt>
   <trkpt lat="49.036563339632835" lon="12.684596654054547">
    <ele>441.78000000000003</ele>
   </trkpt>
   <trkpt lat="49.0362" lon="12.68374">
    <ele>442.74</ele>
   </trkpt>
   <trkpt lat="49.03587500476078" lon="12.68268999313296">
    <ele>438.63</ele>
   </trkpt>
   <trkpt lat="49.03555" lon="12.681640000000002">
    <ele>438.23</ele>
   </trkpt>
   <trkpt lat="49.03537000000001" lon="12.680790000000002">
    <ele>443.83000000000004</ele>
   </trkpt>
   <trkpt lat="49.03535" lon="12.680610000000001">
    <ele>443.83000000000004</ele>
   </trkpt>
   <trkpt lat="49.03539000000001" lon="12.679390000000001">
    <ele>453.89</ele>
   </trkpt>
   <trkpt lat="49.035360000000004" lon="12.678970000000001">
    <ele>456.29</ele>
   </trkpt>
   <trkpt lat="49.03529" lon="12.678500000000001">
    <ele>461.06</ele>
   </trkpt>
   <trkpt lat="49.03517" lon="12.678070000000002">
    <ele>463.88</ele>
   </trkpt>
   <trkpt lat="49.03504" lon="12.67773">
    <ele>465.65000000000003</ele>
   </trkpt>
   <trkpt lat="49.034670000000006" lon="12.67706">
    <ele>468.69000000000005</ele>
   </trkpt>
   <trkpt lat="49.034420000000004" lon="12.67608">
    <ele>469.86000000000007</ele>
   </trkpt>
   <trkpt lat="49.03439" lon="12.675790000000001">
    <ele>469.52000000000004</ele>
   </trkpt>
   <trkpt lat="49.03432" lon="12.674690000000002">
    <ele>465.31000000000006</ele>
   </trkpt>
   <trkpt lat="49.03432" lon="12.673660000000002">
    <ele>461.44</ele>
   </trkpt>
   <trkpt lat="49.03436000000001" lon="12.672310000000001">
    <ele>456.01</ele>
   </trkpt>
   <trkpt lat="49.03443000000001" lon="12.670980000000002">
    <ele>448.65000000000003</ele>
   </trkpt>
   <trkpt lat="49.03454000000001" lon="12.670340000000001">
    <ele>445.32000000000005</ele>
   </trkpt>
   <trkpt lat="49.03466" lon="12.670000000000002">
    <ele>443.28000000000003</ele>
   </trkpt>
   <trkpt lat="49.034780000000005" lon="12.669730000000001">
    <ele>441.62</ele>
   </trkpt>
   <trkpt lat="49.03484" lon="12.66951">
    <ele>440.72</ele>
   </trkpt>
   <trkpt lat="49.03493" lon="12.669">
    <ele>437.88000000000005</ele>
   </trkpt>
   <trkpt lat="49.03502" lon="12.668080000000002">
    <ele>425.86</ele>
   </trkpt>
   <trkpt lat="49.03508" lon="12.66774">
    <ele>425.86</ele>
   </trkpt>
   <trkpt lat="49.035250000000005" lon="12.667140000000002">
    <ele>421.64</ele>
   </trkpt>
   <trkpt lat="49.03548000168003" lon="12.666515002910213">
    <ele>417.74000000000007</ele>
   </trkpt>
   <trkpt lat="49.03571" lon="12.665890000000001">
    <ele>411.41</ele>
   </trkpt>
   <trkpt lat="49.03576" lon="12.66562">
    <ele>409.96000000000004</ele>
   </trkpt>
   <trkpt lat="49.03578" lon="12.665370000000001">
    <ele>406.45000000000005</ele>
   </trkpt>
   <trkpt lat="49.03576" lon="12.665090000000001">
    <ele>406.45000000000005</ele>
   </trkpt>
   <trkpt lat="49.03571" lon="12.664810000000001">
    <ele>404.02000000000004</ele>
   </trkpt>
   <trkpt lat="49.035500000000006" lon="12.664100000000001">
    <ele>399.20000000000005</ele>
   </trkpt>
   <trkpt lat="49.03548000000001" lon="12.6638">
    <ele>396.86</ele>
   </trkpt>
   <trkpt lat="49.03551" lon="12.663480000000002">
    <ele>395.85</ele>
   </trkpt>
   <trkpt lat="49.03555" lon="12.663310000000001">
    <ele>392.67</ele>
   </trkpt>
   <trkpt lat="49.03573" lon="12.662770000000002">
    <ele>389.41</ele>
   </trkpt>
   <trkpt lat="49.0358" lon="12.66243">
    <ele>384.61</ele>
   </trkpt>
   <trkpt lat="49.0358" lon="12.661930000000002">
    <ele>380.92</ele>
   </trkpt>
   <trkpt lat="49.035565004037814" lon="12.660959995306213">
    <ele>374.51</ele>
   </trkpt>
   <trkpt lat="49.03533" lon="12.65999">
    <ele>367.59000000000003</ele>
   </trkpt>
   <trkpt lat="49.03519000000001" lon="12.659680000000002">
    <ele>365.7300000000001</ele>
   </trkpt>
   <trkpt lat="49.03508" lon="12.659500000000001">
    <ele>363.06000000000006</ele>
   </trkpt>
   <trkpt lat="49.034940000000006" lon="12.659370000000001">
    <ele>362.48</ele>
   </trkpt>
   <trkpt lat="49.03481000000001" lon="12.65929">
    <ele>358.17</ele>
   </trkpt>
   <trkpt lat="49.034600000000005" lon="12.659220000000001">
    <ele>355.86</ele>
   </trkpt>
   <trkpt lat="49.03421" lon="12.6592">
    <ele>351.77000000000004</ele>
   </trkpt>
   <trkpt lat="49.034000000000006" lon="12.659160000000002">
    <ele>349.72</ele>
   </trkpt>
   <trkpt lat="49.03388" lon="12.659110000000002">
    <ele>350.01000000000005</ele>
   </trkpt>
   <trkpt lat="49.0337" lon="12.658990000000001">
    <ele>350.02000000000004</ele>
   </trkpt>
   <trkpt lat="49.03361" lon="12.658890000000001">
    <ele>349.92</ele>
   </trkpt>
   <trkpt lat="49.033500000000004" lon="12.65873">
    <ele>349.91</ele>
   </trkpt>
   <trkpt lat="49.0329650048692" lon="12.657664988485513">
    <ele>352.07000000000005</ele>
   </trkpt>
   <trkpt lat="49.032430000000005" lon="12.656600000000001">
    <ele>353.2</ele>
   </trkpt>
   <trkpt lat="49.032030000000006" lon="12.65591">
    <ele>356.78000000000003</ele>
   </trkpt>
   <trkpt lat="49.032560000000004" lon="12.655690000000002">
    <ele>356.23</ele>
   </trkpt>
   <trkpt lat="49.032410000000006" lon="12.655740000000002">
    <ele>356.44000000000005</ele>
   </trkpt>
   <trkpt lat="49.03213" lon="12.655700000000001">
    <ele>356.92</ele>
   </trkpt>
   <trkpt lat="49.032030000000006" lon="12.655640000000002">
    <ele>357.77000000000004</ele>
   </trkpt>
   <trkpt lat="49.03183000000001" lon="12.6554">
    <ele>358.15000000000003</ele>
   </trkpt>
   <trkpt lat="49.03161" lon="12.65473">
    <ele>360.45000000000005</ele>
   </trkpt>
   <trkpt lat="49.031490000000005" lon="12.654240000000001">
    <ele>362.74</ele>
   </trkpt>
   <trkpt lat="49.031420000000004" lon="12.65389">
    <ele>364.93</ele>
   </trkpt>
   <trkpt lat="49.03135" lon="12.653220000000001">
    <ele>370.51</ele>
   </trkpt>
   <trkpt lat="49.03134000000001" lon="12.65291">
    <ele>370.83000000000004</ele>
   </trkpt>
   <trkpt lat="49.03136000000001" lon="12.65238">
    <ele>372.69</ele>
   </trkpt>
   <trkpt lat="49.03144000335737" lon="12.651500001285084">
    <ele>373.71000000000004</ele>
   </trkpt>
   <trkpt lat="49.03152000000001" lon="12.650620000000002">
    <ele>371.48</ele>
   </trkpt>
   <trkpt lat="49.031672516624624" lon="12.64948751039925">
    <ele>365.74</ele>
   </trkpt>
   <trkpt lat="49.03182502216762" lon="12.6483550138552">
    <ele>362.02</ele>
   </trkpt>
   <trkpt lat="49.03197751662886" lon="12.647222510368266">
    <ele>365.81</ele>
   </trkpt>
   <trkpt lat="49.03213" lon="12.646090000000001">
    <ele>368.53000000000003</ele>
   </trkpt>
   <trkpt lat="49.03231" lon="12.644940000000002">
    <ele>372.31</ele>
   </trkpt>
   <trkpt lat="49.03249" lon="12.64403">
    <ele>375.58000000000004</ele>
   </trkpt>
   <trkpt lat="49.03253" lon="12.643550000000001">
    <ele>376.94000000000005</ele>
   </trkpt>
   <trkpt lat="49.03249500228946" lon="12.642819999220306">
    <ele>380.05000000000007</ele>
   </trkpt>
   <trkpt lat="49.03246000000001" lon="12.642090000000001">
    <ele>382.87000000000006</ele>
   </trkpt>
   <trkpt lat="49.03240000374018" lon="12.641159998935086">
    <ele>388.85</ele>
   </trkpt>
   <trkpt lat="49.032340000000005" lon="12.64023">
    <ele>391.48</ele>
   </trkpt>
   <trkpt lat="49.03235" lon="12.63967">
    <ele>393.79</ele>
   </trkpt>
   <trkpt lat="49.032410000000006" lon="12.63935">
    <ele>394.67</ele>
   </trkpt>
   <trkpt lat="49.03248000000001" lon="12.639080000000002">
    <ele>396.84000000000003</ele>
   </trkpt>
   <trkpt lat="49.03285" lon="12.63793">
    <ele>401.51000000000005</ele>
   </trkpt>
   <trkpt lat="49.03305" lon="12.637440000000002">
    <ele>406.43</ele>
   </trkpt>
   <trkpt lat="49.03349" lon="12.63667">
    <ele>408.02000000000004</ele>
   </trkpt>
   <trkpt lat="49.03392500177552" lon="12.6360300055875">
    <ele>409.98</ele>
   </trkpt>
   <trkpt lat="49.03436000000001" lon="12.635390000000001">
    <ele>411.36000000000007</ele>
   </trkpt>
   <trkpt lat="49.03463000000001" lon="12.635060000000001">
    <ele>412.68000000000006</ele>
   </trkpt>
   <trkpt lat="49.035020000613514" lon="12.634700002772895">
    <ele>414.54</ele>
   </trkpt>
   <trkpt lat="49.035410000000006" lon="12.634340000000002">
    <ele>416.72</ele>
   </trkpt>
   <trkpt lat="49.03608000149973" lon="12.633760007771924">
    <ele>422.7</ele>
   </trkpt>
   <trkpt lat="49.036750000000005" lon="12.633180000000001">
    <ele>427.43</ele>
   </trkpt>
   <trkpt lat="49.037020000000005" lon="12.63283">
    <ele>429.01000000000005</ele>
   </trkpt>
   <trkpt lat="49.03719" lon="12.63255">
    <ele>429.45000000000005</ele>
   </trkpt>
   <trkpt lat="49.03726" lon="12.632370000000002">
    <ele>429.47</ele>
   </trkpt>
   <trkpt lat="49.03751500258198" lon="12.63159500401187">
    <ele>428.78000000000003</ele>
   </trkpt>
   <trkpt lat="49.03777" lon="12.630820000000002">
    <ele>428.55</ele>
   </trkpt>
   <trkpt lat="49.037970001691484" lon="12.630185002713526">
    <ele>427.92</ele>
   </trkpt>
   <trkpt lat="49.03817" lon="12.629550000000002">
    <ele>427.77000000000004</ele>
   </trkpt>
   <trkpt lat="49.03835" lon="12.62911">
    <ele>428.34000000000003</ele>
   </trkpt>
   <trkpt lat="49.038560000000004" lon="12.628670000000001">
    <ele>429.45000000000005</ele>
   </trkpt>
   <trkpt lat="49.03876" lon="12.628350000000001">
    <ele>430.57</ele>
   </trkpt>
   <trkpt lat="49.038970000000006" lon="12.628100000000002">
    <ele>432.16</ele>
   </trkpt>
   <trkpt lat="49.03949" lon="12.62776">
    <ele>435.39000000000004</ele>
   </trkpt>
   <trkpt lat="49.03980000000001" lon="12.627530000000002">
    <ele>438.94000000000005</ele>
   </trkpt>
   <trkpt lat="49.04019" lon="12.62719">
    <ele>440.96000000000004</ele>
   </trkpt>
   <trkpt lat="49.04054000000001" lon="12.626800000000001">
    <ele>442.69</ele>
   </trkpt>
   <trkpt lat="49.04083000000001" lon="12.62653">
    <ele>445.08000000000004</ele>
   </trkpt>
   <trkpt lat="49.04113" lon="12.626310000000002">
    <ele>446.74</ele>
   </trkpt>
   <trkpt lat="49.041900000000005" lon="12.625860000000001">
    <ele>454.67</ele>
   </trkpt>
   <trkpt lat="49.042080000000006" lon="12.62573">
    <ele>455.95</ele>
   </trkpt>
   <trkpt lat="49.04223" lon="12.625570000000002">
    <ele>458.56</ele>
   </trkpt>
   <trkpt lat="49.04264500070894" lon="12.625120003934992">
    <ele>462.18</ele>
   </trkpt>
   <trkpt lat="49.043060000000004" lon="12.624670000000002">
    <ele>463.5</ele>
   </trkpt>
   <trkpt lat="49.04334" lon="12.624220000000001">
    <ele>463.66</ele>
   </trkpt>
   <trkpt lat="49.043530000000004" lon="12.623750000000001">
    <ele>464.21</ele>
   </trkpt>
   <trkpt lat="49.043905006213485" lon="12.622555008869409">
    <ele>463.51000000000005</ele>
   </trkpt>
   <trkpt lat="49.04428" lon="12.621360000000001">
    <ele>464.58000000000004</ele>
   </trkpt>
   <trkpt lat="49.04442" lon="12.620650000000001">
    <ele>466.3</ele>
   </trkpt>
   <trkpt lat="49.04457001789178" lon="12.619475010638286">
    <ele>473.09000000000003</ele>
   </trkpt>
   <trkpt lat="49.04472002385536" lon="12.618300014187527">
    <ele>479.42</ele>
   </trkpt>
   <trkpt lat="49.04487001789059" lon="12.617125010648207">
    <ele>487.18000000000006</ele>
   </trkpt>
   <trkpt lat="49.04502" lon="12.615950000000002">
    <ele>497.31</ele>
   </trkpt>
   <trkpt lat="49.04507" lon="12.615290000000002">
    <ele>502.6400000000001</ele>
   </trkpt>
   <trkpt lat="49.045120000000004" lon="12.61429">
    <ele>510.19</ele>
   </trkpt>
   <trkpt lat="49.045410000000004" lon="12.613050000000001">
    <ele>520.9200000000001</ele>
   </trkpt>
   <trkpt lat="49.04556" lon="12.61195">
    <ele>532.1100000000001</ele>
   </trkpt>
   <trkpt lat="49.045590000000004" lon="12.611590000000001">
    <ele>532.1100000000001</ele>
   </trkpt>
   <trkpt lat="49.04553000000001" lon="12.61091">
    <ele>541.2600000000001</ele>
   </trkpt>
   <trkpt lat="49.04543" lon="12.610430000000001">
    <ele>545.0500000000001</ele>
   </trkpt>
   <trkpt lat="49.045120000000004" lon="12.609280000000002">
    <ele>550.9200000000001</ele>
   </trkpt>
   <trkpt lat="49.044830000000005" lon="12.60851">
    <ele>551.27</ele>
   </trkpt>
   <trkpt lat="49.044520002335425" lon="12.607794995835627">
    <ele>551.6500000000001</ele>
   </trkpt>
   <trkpt lat="49.04421000000001" lon="12.607080000000002">
    <ele>553.1400000000001</ele>
   </trkpt>
   <trkpt lat="49.04386" lon="12.60631">
    <ele>557.4100000000001</ele>
   </trkpt>
   <trkpt lat="49.04377" lon="12.60617">
    <ele>558.79</ele>
   </trkpt>
   <trkpt lat="49.04355" lon="12.60593">
    <ele>560.3800000000001</ele>
   </trkpt>
   <trkpt lat="49.04309000000001" lon="12.60552">
    <ele>566.73</ele>
   </trkpt>
   <trkpt lat="49.042910000000006" lon="12.60518">
    <ele>569.35</ele>
   </trkpt>
   <trkpt lat="49.042860000000005" lon="12.605010000000002">
    <ele>570.16</ele>
   </trkpt>
   <trkpt lat="49.04276" lon="12.60411">
    <ele>574.72</ele>
   </trkpt>
   <trkpt lat="49.042770000000004" lon="12.60369">
    <ele>576.07</ele>
   </trkpt>
   <trkpt lat="49.04283" lon="12.603340000000001">
    <ele>577.09</ele>
   </trkpt>
   <trkpt lat="49.04318001025881" lon="12.602250015361946">
    <ele>578.97</ele>
   </trkpt>
   <trkpt lat="49.04353001025273" lon="12.601160015381138">
    <ele>582.32</ele>
   </trkpt>
   <trkpt lat="49.04388" lon="12.60007">
    <ele>588.55</ele>
   </trkpt>
   <trkpt lat="49.04393" lon="12.59979">
    <ele>588.55</ele>
   </trkpt>
   <trkpt lat="49.04395" lon="12.599520000000002">
    <ele>591.83</ele>
   </trkpt>
   <trkpt lat="49.04395" lon="12.599240000000002">
    <ele>591.83</ele>
   </trkpt>
   <trkpt lat="49.04381500432607" lon="12.598244997661713">
    <ele>599.96</ele>
   </trkpt>
   <trkpt lat="49.04368" lon="12.59725">
    <ele>603.53</ele>
   </trkpt>
   <trkpt lat="49.044290000000004" lon="12.59692">
    <ele>605.53</ele>
   </trkpt>
   <trkpt lat="49.044740000000004" lon="12.59664">
    <ele>610.16</ele>
   </trkpt>
   <trkpt lat="49.04493" lon="12.596540000000001">
    <ele>610.16</ele>
   </trkpt>
   <trkpt lat="49.04516" lon="12.59651">
    <ele>613.04</ele>
   </trkpt>
   <trkpt lat="49.045350000000006" lon="12.596520000000002">
    <ele>614.12</ele>
   </trkpt>
   <trkpt lat="49.045820000000006" lon="12.596490000000001">
    <ele>616.69</ele>
   </trkpt>
   <trkpt lat="49.046020000000006" lon="12.59642">
    <ele>618.3700000000001</ele>
   </trkpt>
   <trkpt lat="49.046240000000004" lon="12.59632">
    <ele>618.3700000000001</ele>
   </trkpt>
   <trkpt lat="49.046730000000004" lon="12.59599">
    <ele>622.6</ele>
   </trkpt>
   <trkpt lat="49.04722" lon="12.595460000000001">
    <ele>628.57</ele>
   </trkpt>
   <trkpt lat="49.047430000000006" lon="12.595250000000002">
    <ele>630.0600000000001</ele>
   </trkpt>
   <trkpt lat="49.04769" lon="12.595120000000001">
    <ele>631.5</ele>
   </trkpt>
   <trkpt lat="49.04825" lon="12.595020000000002">
    <ele>636.7</ele>
   </trkpt>
   <trkpt lat="49.048460000000006" lon="12.594920000000002">
    <ele>638.35</ele>
   </trkpt>
   <trkpt lat="49.04858" lon="12.594840000000001">
    <ele>639.22</ele>
   </trkpt>
   <trkpt lat="49.04899" lon="12.59445">
    <ele>641.9200000000001</ele>
   </trkpt>
   <trkpt lat="49.049310000000006" lon="12.594280000000001">
    <ele>644.5500000000001</ele>
   </trkpt>
   <trkpt lat="49.049800000000005" lon="12.594130000000002">
    <ele>646.85</ele>
   </trkpt>
   <trkpt lat="49.05030000000001" lon="12.59406">
    <ele>648.98</ele>
   </trkpt>
   <trkpt lat="49.05059000000001" lon="12.594050000000001">
    <ele>649.1300000000001</ele>
   </trkpt>
   <trkpt lat="49.05096" lon="12.59401">
    <ele>648.93</ele>
   </trkpt>
   <trkpt lat="49.051170000000006" lon="12.59392">
    <ele>649.32</ele>
   </trkpt>
   <trkpt lat="49.05178" lon="12.593490000000001">
    <ele>651.63</ele>
   </trkpt>
   <trkpt lat="49.052290000000006" lon="12.59327">
    <ele>655.44</ele>
   </trkpt>
   <trkpt lat="49.05238000000001" lon="12.593210000000001">
    <ele>655.44</ele>
   </trkpt>
   <trkpt lat="49.05245000000001" lon="12.59313">
    <ele>656.86</ele>
   </trkpt>
   <trkpt lat="49.05256000000001" lon="12.592910000000002">
    <ele>657.6200000000001</ele>
   </trkpt>
   <trkpt lat="49.05265000000001" lon="12.592680000000001">
    <ele>659.9200000000001</ele>
   </trkpt>
   <trkpt lat="49.052760000000006" lon="12.592250000000002">
    <ele>661.51</ele>
   </trkpt>
   <trkpt lat="49.052960000000006" lon="12.59176">
    <ele>662.5200000000001</ele>
   </trkpt>
   <trkpt lat="49.0525" lon="12.59125">
    <ele>663.57</ele>
   </trkpt>
   <trkpt lat="49.05184000204339" lon="12.590559990826032">
    <ele>665.8000000000001</ele>
   </trkpt>
   <trkpt lat="49.05118" lon="12.589870000000001">
    <ele>669.24</ele>
   </trkpt>
   <trkpt lat="49.051050000000004" lon="12.589630000000001">
    <ele>669.73</ele>
   </trkpt>
   <trkpt lat="49.05095000000001" lon="12.589400000000001">
    <ele>671.27</ele>
   </trkpt>
   <trkpt lat="49.05089" lon="12.58904">
    <ele>673.2800000000001</ele>
   </trkpt>
   <trkpt lat="49.05087" lon="12.58876">
    <ele>673.2800000000001</ele>
   </trkpt>
   <trkpt lat="49.050900000000006" lon="12.58848">
    <ele>674.97</ele>
   </trkpt>
   <trkpt lat="49.051075002231805" lon="12.58776500242105">
    <ele>676.39</ele>
   </trkpt>
   <trkpt lat="49.05125" lon="12.587050000000001">
    <ele>677.5600000000001</ele>
   </trkpt>
   <trkpt lat="49.051390000000005" lon="12.586760000000002">
    <ele>677.8400000000001</ele>
   </trkpt>
   <trkpt lat="49.051590000000004" lon="12.586440000000001">
    <ele>678.21</ele>
   </trkpt>
   <trkpt lat="49.05174" lon="12.58628">
    <ele>678.64</ele>
   </trkpt>
   <trkpt lat="49.0519" lon="12.586160000000001">
    <ele>678.8900000000001</ele>
   </trkpt>
   <trkpt lat="49.05266000099568" lon="12.585823343619621">
    <ele>676.98</ele>
   </trkpt>
   <trkpt lat="49.05342000101213" lon="12.585486676945864">
    <ele>674.2600000000001</ele>
   </trkpt>
   <trkpt lat="49.05418" lon="12.58515">
    <ele>673.6500000000001</ele>
   </trkpt>
   <trkpt lat="49.05435000000001" lon="12.585030000000001">
    <ele>673.32</ele>
   </trkpt>
   <trkpt lat="49.05478" lon="12.584600000000002">
    <ele>673.03</ele>
   </trkpt>
   <trkpt lat="49.05496" lon="12.58436">
    <ele>672.86</ele>
   </trkpt>
   <trkpt lat="49.05543333844532" lon="12.583593347878796">
    <ele>672.58</ele>
   </trkpt>
   <trkpt lat="49.0559066718127" lon="12.58282668115719">
    <ele>672.83</ele>
   </trkpt>
   <trkpt lat="49.056380000000004" lon="12.58206">
    <ele>673.27</ele>
   </trkpt>
   <trkpt lat="49.05662" lon="12.58144">
    <ele>673.4100000000001</ele>
   </trkpt>
   <trkpt lat="49.0567400021054" lon="12.580735001946342">
    <ele>672.32</ele>
   </trkpt>
   <trkpt lat="49.05686000000001" lon="12.58003">
    <ele>669.8700000000001</ele>
   </trkpt>
   <trkpt lat="49.05689" lon="12.57971">
    <ele>669.3800000000001</ele>
   </trkpt>
   <trkpt lat="49.05688000000001" lon="12.579300000000002">
    <ele>667.0</ele>
   </trkpt>
   <trkpt lat="49.05684" lon="12.578990000000001">
    <ele>666.2800000000001</ele>
   </trkpt>
   <trkpt lat="49.05673" lon="12.57835">
    <ele>663.78</ele>
   </trkpt>
   <trkpt lat="49.05659000000001" lon="12.577850000000002">
    <ele>663.1100000000001</ele>
   </trkpt>
   <trkpt lat="49.05646" lon="12.577560000000002">
    <ele>663.24</ele>
   </trkpt>
   <trkpt lat="49.055933340243584" lon="12.576663314271638">
    <ele>665.59</ele>
   </trkpt>
   <trkpt lat="49.05540667354088" lon="12.575766647543963">
    <ele>668.4000000000001</ele>
   </trkpt>
   <trkpt lat="49.054880000000004" lon="12.57487">
    <ele>668.0500000000001</ele>
   </trkpt>
   <trkpt lat="49.05442000000001" lon="12.57421">
    <ele>666.2</ele>
   </trkpt>
   <trkpt lat="49.05392333680872" lon="12.573569987130053">
    <ele>662.8000000000001</ele>
   </trkpt>
   <trkpt lat="49.05342667007866" lon="12.572929987048552">
    <ele>660.1100000000001</ele>
   </trkpt>
   <trkpt lat="49.05293" lon="12.57229">
    <ele>658.11</ele>
   </trkpt>
   <trkpt lat="49.05272" lon="12.57196">
    <ele>656.0</ele>
   </trkpt>
   <trkpt lat="49.052490000000006" lon="12.571380000000001">
    <ele>654.6200000000001</ele>
   </trkpt>
   <trkpt lat="49.05215500398071" lon="12.570414993376604">
    <ele>653.1800000000001</ele>
   </trkpt>
   <trkpt lat="49.051820000000006" lon="12.569450000000002">
    <ele>650.5500000000001</ele>
   </trkpt>
   <trkpt lat="49.051700000000004" lon="12.56915">
    <ele>650.1300000000001</ele>
   </trkpt>
   <trkpt lat="49.05156" lon="12.568980000000002">
    <ele>649.95</ele>
   </trkpt>
   <trkpt lat="49.051410000000004" lon="12.568840000000002">
    <ele>649.69</ele>
   </trkpt>
   <trkpt lat="49.05116" lon="12.568740000000002">
    <ele>649.21</ele>
   </trkpt>
   <trkpt lat="49.05048000016964" lon="12.568616663299913">
    <ele>647.5600000000001</ele>
   </trkpt>
   <trkpt lat="49.04980000020788" lon="12.568493329973572">
    <ele>645.0400000000001</ele>
   </trkpt>
   <trkpt lat="49.04912" lon="12.568370000000002">
    <ele>643.7</ele>
   </trkpt>
   <trkpt lat="49.048840000000006" lon="12.5683">
    <ele>643.4000000000001</ele>
   </trkpt>
   <trkpt lat="49.048550000000006" lon="12.568180000000002">
    <ele>643.12</ele>
   </trkpt>
   <trkpt lat="49.048320000000004" lon="12.56803">
    <ele>642.7</ele>
   </trkpt>
   <trkpt lat="49.04802" lon="12.56774">
    <ele>642.4000000000001</ele>
   </trkpt>
   <trkpt lat="49.047520000000006" lon="12.566910000000002">
    <ele>642.1</ele>
   </trkpt>
   <trkpt lat="49.047220001346446" lon="12.566379997037275">
    <ele>641.82</ele>
   </trkpt>
   <trkpt lat="49.04692000000001" lon="12.565850000000001">
    <ele>641.6500000000001</ele>
   </trkpt>
   <trkpt lat="49.046760000000006" lon="12.56548">
    <ele>641.3700000000001</ele>
   </trkpt>
   <trkpt lat="49.046690000000005" lon="12.565180000000002">
    <ele>641.02</ele>
   </trkpt>
   <trkpt lat="49.04665000000001" lon="12.56493">
    <ele>640.34</ele>
   </trkpt>
   <trkpt lat="49.04655" lon="12.56376">
    <ele>638.4399999999999</ele>
   </trkpt>
   <trkpt lat="49.04643" lon="12.56328">
    <ele>637.7900000000001</ele>
   </trkpt>
   <trkpt lat="49.04611500323813" lon="12.562429994931184">
    <ele>638.95</ele>
   </trkpt>
   <trkpt lat="49.04580000000001" lon="12.561580000000001">
    <ele>642.2</ele>
   </trkpt>
   <trkpt lat="49.04571000000001" lon="12.561250000000001">
    <ele>642.6500000000001</ele>
   </trkpt>
   <trkpt lat="49.045565002393005" lon="12.560499997622028">
    <ele>645.0300000000001</ele>
   </trkpt>
   <trkpt lat="49.04542000000001" lon="12.559750000000001">
    <ele>648.2800000000001</ele>
   </trkpt>
   <trkpt lat="49.045275003352586" lon="12.558869997477979">
    <ele>649.23</ele>
   </trkpt>
   <trkpt lat="49.04513000000001" lon="12.55799">
    <ele>647.22</ele>
   </trkpt>
   <trkpt lat="49.045015002464645" lon="12.55722999804057">
    <ele>645.0600000000001</ele>
   </trkpt>
   <trkpt lat="49.044900000000005" lon="12.556470000000001">
    <ele>644.4000000000001</ele>
   </trkpt>
   <trkpt lat="49.04484" lon="12.555900000000001">
    <ele>643.9100000000001</ele>
   </trkpt>
   <trkpt lat="49.04482" lon="12.555620000000001">
    <ele>643.9</ele>
   </trkpt>
   <trkpt lat="49.04484" lon="12.554450000000001">
    <ele>643.58</ele>
   </trkpt>
   <trkpt lat="49.04487836835392" lon="12.55317667158615">
    <ele>640.1600000000001</ele>
   </trkpt>
   <trkpt lat="49.04491672269952" lon="12.55190334120774">
    <ele>635.3100000000001</ele>
   </trkpt>
   <trkpt lat="49.04495506303678" lon="12.550630008865475">
    <ele>627.4300000000001</ele>
   </trkpt>
   <trkpt lat="49.04499338936567" lon="12.549356674560075">
    <ele>622.1800000000001</ele>
   </trkpt>
   <trkpt lat="49.04503170168613" lon="12.548083338292239">
    <ele>616.87</ele>
   </trkpt>
   <trkpt lat="49.04507" lon="12.54681">
    <ele>609.46</ele>
   </trkpt>
   <trkpt lat="49.04507" lon="12.546520000000001">
    <ele>607.09</ele>
   </trkpt>
   <trkpt lat="49.04504000000001" lon="12.546230000000001">
    <ele>606.4300000000001</ele>
   </trkpt>
   <trkpt lat="49.04498" lon="12.54592">
    <ele>606.8</ele>
   </trkpt>
   <trkpt lat="49.04505" lon="12.54593">
    <ele>606.8</ele>
   </trkpt>
   <trkpt lat="49.045030000000004" lon="12.54583">
    <ele>606.09</ele>
   </trkpt>
   <trkpt lat="49.04496" lon="12.54564">
    <ele>605.69</ele>
   </trkpt>
   <trkpt lat="49.04468000000001" lon="12.545020000000001">
    <ele>604.34</ele>
   </trkpt>
   <trkpt lat="49.04424" lon="12.544580000000002">
    <ele>604.7</ele>
   </trkpt>
   <trkpt lat="49.043780000210255" lon="12.544274997051705">
    <ele>607.63</ele>
   </trkpt>
   <trkpt lat="49.04332" lon="12.543970000000002">
    <ele>610.2500000000001</ele>
   </trkpt>
   <trkpt lat="49.04260000000001" lon="12.543550000000002">
    <ele>604.87</ele>
   </trkpt>
   <trkpt lat="49.041970000000006" lon="12.543270000000001">
    <ele>603.8800000000001</ele>
   </trkpt>
   <trkpt lat="49.041740000000004" lon="12.543030000000002">
    <ele>603.89</ele>
   </trkpt>
   <trkpt lat="49.04157000000001" lon="12.54263">
    <ele>604.2</ele>
   </trkpt>
   <trkpt lat="49.041470000000004" lon="12.54207">
    <ele>604.6</ele>
   </trkpt>
   <trkpt lat="49.04139000000001" lon="12.54113">
    <ele>604.6</ele>
   </trkpt>
   <trkpt lat="49.041320000000006" lon="12.540840000000001">
    <ele>604.84</ele>
   </trkpt>
   <trkpt lat="49.04126" lon="12.540740000000001">
    <ele>605.3700000000001</ele>
   </trkpt>
   <trkpt lat="49.04121000000001" lon="12.540700000000001">
    <ele>605.3700000000001</ele>
   </trkpt>
   <trkpt lat="49.04112000000001" lon="12.54072">
    <ele>605.57</ele>
   </trkpt>
   <trkpt lat="49.0405" lon="12.54033">
    <ele>606.1700000000001</ele>
   </trkpt>
   <trkpt lat="49.04077000148693" lon="12.539755002996674">
    <ele>605.62</ele>
   </trkpt>
   <trkpt lat="49.04104" lon="12.539180000000002">
    <ele>605.4000000000001</ele>
   </trkpt>
   <trkpt lat="49.041070000000005" lon="12.539150000000001">
    <ele>605.4000000000001</ele>
   </trkpt>
   <trkpt lat="49.041140000000006" lon="12.539140000000002">
    <ele>605.4000000000001</ele>
   </trkpt>
   <trkpt lat="49.041410000000006" lon="12.53916">
    <ele>605.83</ele>
   </trkpt>
   <trkpt lat="49.04146" lon="12.539130000000002">
    <ele>605.83</ele>
   </trkpt>
   <trkpt lat="49.04151" lon="12.53908">
    <ele>605.98</ele>
   </trkpt>
   <trkpt lat="49.041720000000005" lon="12.538530000000002">
    <ele>606.9300000000001</ele>
   </trkpt>
   <trkpt lat="49.04193" lon="12.53809">
    <ele>607.82</ele>
   </trkpt>
   <trkpt lat="49.04222000000001" lon="12.53743">
    <ele>610.1500000000001</ele>
   </trkpt>
   <trkpt lat="49.04238" lon="12.537">
    <ele>610.8</ele>
   </trkpt>
   <trkpt lat="49.042590000000004" lon="12.536240000000001">
    <ele>610.6600000000001</ele>
   </trkpt>
   <trkpt lat="49.04271000000001" lon="12.535720000000001">
    <ele>610.21</ele>
   </trkpt>
   <trkpt lat="49.04272" lon="12.535260000000001">
    <ele>609.9</ele>
   </trkpt>
   <trkpt lat="49.04265" lon="12.535260000000001">
    <ele>609.97</ele>
   </trkpt>
   <trkpt lat="49.042030000000004" lon="12.5348">
    <ele>610.1500000000001</ele>
   </trkpt>
   <trkpt lat="49.04167" lon="12.53447">
    <ele>610.02</ele>
   </trkpt>
   <trkpt lat="49.041560000000004" lon="12.534310000000001">
    <ele>610.0300000000001</ele>
   </trkpt>
   <trkpt lat="49.041470000000004" lon="12.534070000000002">
    <ele>609.92</ele>
   </trkpt>
   <trkpt lat="49.041320000000006" lon="12.533570000000001">
    <ele>610.3900000000001</ele>
   </trkpt>
   <trkpt lat="49.04115500232887" lon="12.532839997696454">
    <ele>612.98</ele>
   </trkpt>
   <trkpt lat="49.04099" lon="12.532110000000001">
    <ele>615.9</ele>
   </trkpt>
   <trkpt lat="49.04083000000001" lon="12.531530000000002">
    <ele>616.5</ele>
   </trkpt>
   <trkpt lat="49.04052500396993" lon="12.530579994395676">
    <ele>623.5400000000001</ele>
   </trkpt>
   <trkpt lat="49.040220000000005" lon="12.529630000000001">
    <ele>626.4200000000001</ele>
   </trkpt>
   <trkpt lat="49.039970000000004" lon="12.528760000000002">
    <ele>629.6400000000001</ele>
   </trkpt>
   <trkpt lat="49.03985" lon="12.528480000000002">
    <ele>631.47</ele>
   </trkpt>
   <trkpt lat="49.039475000968366" lon="12.527984996148906">
    <ele>634.53</ele>
   </trkpt>
   <trkpt lat="49.039100000000005" lon="12.52749">
    <ele>637.85</ele>
   </trkpt>
   <trkpt lat="49.038650000000004" lon="12.527140000000001">
    <ele>638.12</ele>
   </trkpt>
   <trkpt lat="49.03848000000001" lon="12.526950000000001">
    <ele>637.17</ele>
   </trkpt>
   <trkpt lat="49.03831" lon="12.526620000000001">
    <ele>636.88</ele>
   </trkpt>
   <trkpt lat="49.038120000000006" lon="12.52616">
    <ele>636.7600000000001</ele>
   </trkpt>
   <trkpt lat="49.0377" lon="12.525400000000001">
    <ele>636.1800000000001</ele>
   </trkpt>
   <trkpt lat="49.03740500176116" lon="12.524774996449274">
    <ele>634.08</ele>
   </trkpt>
   <trkpt lat="49.037110000000006" lon="12.52415">
    <ele>632.73</ele>
   </trkpt>
   <trkpt lat="49.03663" lon="12.523340000000001">
    <ele>630.62</ele>
   </trkpt>
   <trkpt lat="49.036480000000005" lon="12.523010000000001">
    <ele>629.53</ele>
   </trkpt>
   <trkpt lat="49.03633000000001" lon="12.52247">
    <ele>629.05</ele>
   </trkpt>
   <trkpt lat="49.03612500326793" lon="12.521604996585053">
    <ele>626.62</ele>
   </trkpt>
   <trkpt lat="49.035920000000004" lon="12.520740000000002">
    <ele>625.8100000000001</ele>
   </trkpt>
   <trkpt lat="49.03582" lon="12.52021">
    <ele>625.72</ele>
   </trkpt>
   <trkpt lat="49.03575000000001" lon="12.5195">
    <ele>625.85</ele>
   </trkpt>
   <trkpt lat="49.03570000632767" lon="12.518289998847363">
    <ele>625.24</ele>
   </trkpt>
   <trkpt lat="49.035650000000004" lon="12.517080000000002">
    <ele>620.8</ele>
   </trkpt>
   <trkpt lat="49.035590000000006" lon="12.516520000000002">
    <ele>619.98</ele>
   </trkpt>
   <trkpt lat="49.03548000000001" lon="12.51609">
    <ele>620.17</ele>
   </trkpt>
   <trkpt lat="49.03530000000001" lon="12.515740000000001">
    <ele>620.73</ele>
   </trkpt>
   <trkpt lat="49.03510000000001" lon="12.51551">
    <ele>621.45</ele>
   </trkpt>
   <trkpt lat="49.03483000000001" lon="12.515320000000001">
    <ele>622.0</ele>
   </trkpt>
   <trkpt lat="49.034440000000004" lon="12.514990000000001">
    <ele>624.5500000000001</ele>
   </trkpt>
   <trkpt lat="49.034180000000006" lon="12.51472">
    <ele>625.63</ele>
   </trkpt>
   <trkpt lat="49.033970000000004" lon="12.514330000000001">
    <ele>627.56</ele>
   </trkpt>
   <trkpt lat="49.03380000000001" lon="12.51379">
    <ele>630.46</ele>
   </trkpt>
   <trkpt lat="49.03379" lon="12.5136">
    <ele>631.2800000000001</ele>
   </trkpt>
   <trkpt lat="49.03380000000001" lon="12.51331">
    <ele>632.14</ele>
   </trkpt>
   <trkpt lat="49.03387000000001" lon="12.51246">
    <ele>632.69</ele>
   </trkpt>
   <trkpt lat="49.033840000000005" lon="12.51149">
    <ele>632.3000000000001</ele>
   </trkpt>
   <trkpt lat="49.03388" lon="12.5106">
    <ele>632.58</ele>
   </trkpt>
   <trkpt lat="49.03403334884633" lon="12.509260008273246">
    <ele>632.97</ele>
   </trkpt>
   <trkpt lat="49.03418668217827" lon="12.507920008285591">
    <ele>633.4399999999999</ele>
   </trkpt>
   <trkpt lat="49.03434000000001" lon="12.506580000000001">
    <ele>633.45</ele>
   </trkpt>
   <trkpt lat="49.03452" lon="12.505510000000001">
    <ele>632.11</ele>
   </trkpt>
   <trkpt lat="49.034600000000005" lon="12.504790000000002">
    <ele>630.9200000000001</ele>
   </trkpt>
   <trkpt lat="49.034600000000005" lon="12.504560000000001">
    <ele>630.66</ele>
   </trkpt>
   <trkpt lat="49.03454000354035" lon="12.503654998939632">
    <ele>628.72</ele>
   </trkpt>
   <trkpt lat="49.03448" lon="12.50275">
    <ele>627.46</ele>
   </trkpt>
   <trkpt lat="49.03440500225185" lon="12.502029999032471">
    <ele>625.63</ele>
   </trkpt>
   <trkpt lat="49.034330000000004" lon="12.50131">
    <ele>624.22</ele>
   </trkpt>
   <trkpt lat="49.034310000000005" lon="12.500100000000002">
    <ele>624.26</ele>
   </trkpt>
   <trkpt lat="49.03421000495722" lon="12.499029997967739">
    <ele>625.6</ele>
   </trkpt>
   <trkpt lat="49.034110000000005" lon="12.49796">
    <ele>627.09</ele>
   </trkpt>
   <trkpt lat="49.03401" lon="12.49707">
    <ele>628.17</ele>
   </trkpt>
   <trkpt lat="49.03396000000001" lon="12.496210000000001">
    <ele>629.22</ele>
   </trkpt>
   <trkpt lat="49.03396000000001" lon="12.49585">
    <ele>630.24</ele>
   </trkpt>
   <trkpt lat="49.034010002469174" lon="12.495095000659548">
    <ele>631.1000000000001</ele>
   </trkpt>
   <trkpt lat="49.034060000000004" lon="12.494340000000001">
    <ele>634.0600000000001</ele>
   </trkpt>
   <trkpt lat="49.03405" lon="12.493770000000001">
    <ele>634.6400000000001</ele>
   </trkpt>
   <trkpt lat="49.034040000000005" lon="12.493590000000001">
    <ele>635.83</ele>
   </trkpt>
   <trkpt lat="49.03388" lon="12.49294">
    <ele>636.87</ele>
   </trkpt>
   <trkpt lat="49.033575003981355" lon="12.491984994274144">
    <ele>637.71</ele>
   </trkpt>
   <trkpt lat="49.03327" lon="12.49103">
    <ele>638.8000000000001</ele>
   </trkpt>
   <trkpt lat="49.03316" lon="12.490620000000002">
    <ele>639.87</ele>
   </trkpt>
   <trkpt lat="49.03304000000001" lon="12.489930000000001">
    <ele>642.5600000000001</ele>
   </trkpt>
   <trkpt lat="49.03289" lon="12.488600000000002">
    <ele>646.4100000000001</ele>
   </trkpt>
   <trkpt lat="49.03286000000001" lon="12.488080000000002">
    <ele>646.82</ele>
   </trkpt>
   <trkpt lat="49.032875017894185" lon="12.486905001014296">
    <ele>646.33</ele>
   </trkpt>
   <trkpt lat="49.03289002385933" lon="12.48573000131947">
    <ele>643.47</ele>
   </trkpt>
   <trkpt lat="49.03290501789543" lon="12.48455500091608">
    <ele>640.5500000000001</ele>
   </trkpt>
   <trkpt lat="49.032920000000004" lon="12.48338">
    <ele>635.51</ele>
   </trkpt>
   <trkpt lat="49.03284000000001" lon="12.48268">
    <ele>633.5400000000001</ele>
   </trkpt>
   <trkpt lat="49.03262" lon="12.481850000000001">
    <ele>632.2800000000001</ele>
   </trkpt>
   <trkpt lat="49.032360000000004" lon="12.48127">
    <ele>632.23</ele>
   </trkpt>
   <trkpt lat="49.032210000000006" lon="12.48099">
    <ele>632.29</ele>
   </trkpt>
   <trkpt lat="49.03197" lon="12.480640000000001">
    <ele>632.29</ele>
   </trkpt>
   <trkpt lat="49.03172000000001" lon="12.480360000000001">
    <ele>632.1500000000001</ele>
   </trkpt>
   <trkpt lat="49.031330000000004" lon="12.480010000000002">
    <ele>632.0</ele>
   </trkpt>
   <trkpt lat="49.03066500191854" lon="12.479624984560745">
    <ele>631.3700000000001</ele>
   </trkpt>
   <trkpt lat="49.03000000255629" lon="12.47923997941366">
    <ele>629.38</ele>
   </trkpt>
   <trkpt lat="49.029335001913296" lon="12.478854984558245">
    <ele>628.02</ele>
   </trkpt>
   <trkpt lat="49.028670000000005" lon="12.478470000000002">
    <ele>626.45</ele>
   </trkpt>
   <trkpt lat="49.028270000000006" lon="12.478190000000001">
    <ele>625.39</ele>
   </trkpt>
   <trkpt lat="49.02808" lon="12.478010000000001">
    <ele>623.85</ele>
   </trkpt>
   <trkpt lat="49.02787000000001" lon="12.477760000000002">
    <ele>623.85</ele>
   </trkpt>
   <trkpt lat="49.027730000000005" lon="12.47747">
    <ele>622.57</ele>
   </trkpt>
   <trkpt lat="49.02763" lon="12.47714">
    <ele>621.58</ele>
   </trkpt>
   <trkpt lat="49.02756" lon="12.47672">
    <ele>620.71</ele>
   </trkpt>
   <trkpt lat="49.02754" lon="12.476450000000002">
    <ele>620.4300000000001</ele>
   </trkpt>
   <trkpt lat="49.027570000000004" lon="12.476020000000002">
    <ele>619.4900000000001</ele>
   </trkpt>
   <trkpt lat="49.02763" lon="12.475670000000001">
    <ele>618.53</ele>
   </trkpt>
   <trkpt lat="49.02769000000001" lon="12.47545">
    <ele>617.7</ele>
   </trkpt>
   <trkpt lat="49.02797" lon="12.47488">
    <ele>613.47</ele>
   </trkpt>
   <trkpt lat="49.02821" lon="12.474580000000001">
    <ele>609.94</ele>
   </trkpt>
   <trkpt lat="49.02837" lon="12.474450000000001">
    <ele>609.94</ele>
   </trkpt>
   <trkpt lat="49.02864" lon="12.47432">
    <ele>603.58</ele>
   </trkpt>
   <trkpt lat="49.02948000000001" lon="12.474050000000002">
    <ele>595.7800000000001</ele>
   </trkpt>
   <trkpt lat="49.029680000000006" lon="12.47394">
    <ele>592.49</ele>
   </trkpt>
   <trkpt lat="49.029880000000006" lon="12.4738">
    <ele>591.43</ele>
   </trkpt>
   <trkpt lat="49.030060000000006" lon="12.473600000000001">
    <ele>585.7800000000001</ele>
   </trkpt>
   <trkpt lat="49.03018" lon="12.47343">
    <ele>585.7800000000001</ele>
   </trkpt>
   <trkpt lat="49.03038" lon="12.473020000000002">
    <ele>582.77</ele>
   </trkpt>
   <trkpt lat="49.03058" lon="12.4724">
    <ele>577.57</ele>
   </trkpt>
   <trkpt lat="49.03079000247004" lon="12.471650003023122">
    <ele>572.3100000000001</ele>
   </trkpt>
   <trkpt lat="49.031000000000006" lon="12.4709">
    <ele>564.13</ele>
   </trkpt>
   <trkpt lat="49.031060000000004" lon="12.470450000000001">
    <ele>561.08</ele>
   </trkpt>
   <trkpt lat="49.03103" lon="12.469990000000001">
    <ele>556.62</ele>
   </trkpt>
   <trkpt lat="49.03099" lon="12.469700000000001">
    <ele>556.62</ele>
   </trkpt>
   <trkpt lat="49.03088" lon="12.46935">
    <ele>553.61</ele>
   </trkpt>
   <trkpt lat="49.030750000000005" lon="12.469050000000001">
    <ele>553.61</ele>
   </trkpt>
   <trkpt lat="49.03052" lon="12.468710000000002">
    <ele>546.88</ele>
   </trkpt>
   <trkpt lat="49.0302" lon="12.46845">
    <ele>543.32</ele>
   </trkpt>
   <trkpt lat="49.029880000000006" lon="12.46822">
    <ele>539.54</ele>
   </trkpt>
   <trkpt lat="49.029103335709486" lon="12.467699983792595">
    <ele>530.72</ele>
   </trkpt>
   <trkpt lat="49.02832666908253" lon="12.467179983819504">
    <ele>523.66</ele>
   </trkpt>
   <trkpt lat="49.027550000000005" lon="12.466660000000001">
    <ele>520.81</ele>
   </trkpt>
   <trkpt lat="49.027390000000004" lon="12.46654">
    <ele>520.34</ele>
   </trkpt>
   <trkpt lat="49.027190000000004" lon="12.466360000000002">
    <ele>519.29</ele>
   </trkpt>
   <trkpt lat="49.027080000000005" lon="12.466230000000001">
    <ele>518.8000000000001</ele>
   </trkpt>
   <trkpt lat="49.02691" lon="12.46597">
    <ele>517.98</ele>
   </trkpt>
   <trkpt lat="49.02658" lon="12.4654">
    <ele>514.88</ele>
   </trkpt>
   <trkpt lat="49.02603000299068" lon="12.46456499073814">
    <ele>510.2300000000001</ele>
   </trkpt>
   <trkpt lat="49.02548" lon="12.463730000000002">
    <ele>505.4700000000001</ele>
   </trkpt>
   <trkpt lat="49.02521" lon="12.46324">
    <ele>504.0</ele>
   </trkpt>
   <trkpt lat="49.02496000000001" lon="12.462610000000002">
    <ele>503.11000000000007</ele>
   </trkpt>
   <trkpt lat="49.024840000000005" lon="12.46221">
    <ele>502.8</ele>
   </trkpt>
   <trkpt lat="49.02456" lon="12.461030000000001">
    <ele>505.34</ele>
   </trkpt>
   <trkpt lat="49.024390000000004" lon="12.46011">
    <ele>508.69000000000005</ele>
   </trkpt>
   <trkpt lat="49.02418500405672" lon="12.459139995964856">
    <ele>516.33</ele>
   </trkpt>
   <trkpt lat="49.02398" lon="12.45817">
    <ele>523.5000000000001</ele>
   </trkpt>
   <trkpt lat="49.023830000000004" lon="12.457650000000001">
    <ele>525.7</ele>
   </trkpt>
   <trkpt lat="49.02356" lon="12.45692">
    <ele>527.52</ele>
   </trkpt>
   <trkpt lat="49.023340000000005" lon="12.456430000000001">
    <ele>526.84</ele>
   </trkpt>
   <trkpt lat="49.02299000000001" lon="12.455800000000002">
    <ele>523.9100000000001</ele>
   </trkpt>
   <trkpt lat="49.02262" lon="12.45522">
    <ele>520.0600000000001</ele>
   </trkpt>
   <trkpt lat="49.022290000000005" lon="12.4548">
    <ele>517.6</ele>
   </trkpt>
   <trkpt lat="49.021660000000004" lon="12.454160000000002">
    <ele>512.6200000000001</ele>
   </trkpt>
   <trkpt lat="49.02105000139747" lon="12.453599993175455">
    <ele>510.51</ele>
   </trkpt>
   <trkpt lat="49.02044" lon="12.453040000000001">
    <ele>505.74000000000007</ele>
   </trkpt>
   <trkpt lat="49.01997" lon="12.452490000000001">
    <ele>503.70000000000005</ele>
   </trkpt>
   <trkpt lat="49.01977" lon="12.452200000000001">
    <ele>501.29</ele>
   </trkpt>
   <trkpt lat="49.019420000000004" lon="12.451640000000001">
    <ele>499.8</ele>
   </trkpt>
   <trkpt lat="49.019050001650285" lon="12.451014995290734">
    <ele>497.3</ele>
   </trkpt>
   <trkpt lat="49.01868" lon="12.45039">
    <ele>494.95000000000005</ele>
   </trkpt>
   <trkpt lat="49.0183" lon="12.449890000000002">
    <ele>493.77000000000004</ele>
   </trkpt>
   <trkpt lat="49.018080000000005" lon="12.449650000000002">
    <ele>493.39000000000004</ele>
   </trkpt>
   <trkpt lat="49.017830000000004" lon="12.449430000000001">
    <ele>492.77000000000004</ele>
   </trkpt>
   <trkpt lat="49.01719000000001" lon="12.448920000000001">
    <ele>491.49</ele>
   </trkpt>
   <trkpt lat="49.016850000000005" lon="12.4486">
    <ele>490.90000000000003</ele>
   </trkpt>
   <trkpt lat="49.016490000000005" lon="12.448070000000001">
    <ele>490.44000000000005</ele>
   </trkpt>
   <trkpt lat="49.01615" lon="12.447310000000002">
    <ele>489.92</ele>
   </trkpt>
   <trkpt lat="49.01603" lon="12.446800000000001">
    <ele>489.73</ele>
   </trkpt>
   <trkpt lat="49.01597" lon="12.44641">
    <ele>489.45000000000005</ele>
   </trkpt>
   <trkpt lat="49.015950000000004" lon="12.44597">
    <ele>489.45000000000005</ele>
   </trkpt>
   <trkpt lat="49.01597" lon="12.445200000000002">
    <ele>489.6</ele>
   </trkpt>
   <trkpt lat="49.016040000000004" lon="12.44414">
    <ele>490.32000000000005</ele>
   </trkpt>
   <trkpt lat="49.016040000000004" lon="12.443430000000001">
    <ele>490.72</ele>
   </trkpt>
   <trkpt lat="49.016000000000005" lon="12.442860000000001">
    <ele>491.57000000000005</ele>
   </trkpt>
   <trkpt lat="49.01596000000001" lon="12.442570000000002">
    <ele>491.76000000000005</ele>
   </trkpt>
   <trkpt lat="49.01583" lon="12.44199">
    <ele>492.28000000000003</ele>
   </trkpt>
   <trkpt lat="49.015570000000004" lon="12.4412">
    <ele>493.83000000000004</ele>
   </trkpt>
   <trkpt lat="49.01532000150203" lon="12.440604996946242">
    <ele>495.06000000000006</ele>
   </trkpt>
   <trkpt lat="49.01507" lon="12.440010000000001">
    <ele>495.59000000000003</ele>
   </trkpt>
   <trkpt lat="49.014860000000006" lon="12.43946">
    <ele>496.90000000000003</ele>
   </trkpt>
   <trkpt lat="49.01474" lon="12.439060000000001">
    <ele>496.90000000000003</ele>
   </trkpt>
   <trkpt lat="49.014590000000005" lon="12.43843">
    <ele>497.7900000000001</ele>
   </trkpt>
   <trkpt lat="49.01446000000001" lon="12.437570000000001">
    <ele>498.13</ele>
   </trkpt>
   <trkpt lat="49.01437000000001" lon="12.43655">
    <ele>497.90000000000003</ele>
   </trkpt>
   <trkpt lat="49.0144" lon="12.435590000000001">
    <ele>496.97</ele>
   </trkpt>
   <trkpt lat="49.01448500409989" lon="12.434615001748986">
    <ele>495.00000000000006</ele>
   </trkpt>
   <trkpt lat="49.014570000000006" lon="12.43364">
    <ele>492.86</ele>
   </trkpt>
   <trkpt lat="49.014590000000005" lon="12.433180000000002">
    <ele>492.48</ele>
   </trkpt>
   <trkpt lat="49.014590000000005" lon="12.432690000000001">
    <ele>492.37</ele>
   </trkpt>
   <trkpt lat="49.014540000000004" lon="12.43228">
    <ele>492.57000000000005</ele>
   </trkpt>
   <trkpt lat="49.01433" lon="12.43129">
    <ele>492.13000000000005</ele>
   </trkpt>
   <trkpt lat="49.013895004967324" lon="12.430214990543213">
    <ele>489.33000000000004</ele>
   </trkpt>
   <trkpt lat="49.01346" lon="12.42914">
    <ele>484.54</ele>
   </trkpt>
   <trkpt lat="49.01319" lon="12.428300000000002">
    <ele>482.91</ele>
   </trkpt>
   <trkpt lat="49.01306" lon="12.42754">
    <ele>479.27000000000004</ele>
   </trkpt>
   <trkpt lat="49.01293668067209" lon="12.42626666030401">
    <ele>473.53000000000003</ele>
   </trkpt>
   <trkpt lat="49.01281334733351" lon="12.424993326916741">
    <ele>468.1</ele>
   </trkpt>
   <trkpt lat="49.012690000000006" lon="12.423720000000001">
    <ele>463.75000000000006</ele>
   </trkpt>
   <trkpt lat="49.01256" lon="12.422630000000002">
    <ele>459.58000000000004</ele>
   </trkpt>
   <trkpt lat="49.01229000000001" lon="12.4214">
    <ele>452.42</ele>
   </trkpt>
   <trkpt lat="49.012010000000004" lon="12.420520000000002">
    <ele>446.06</ele>
   </trkpt>
   <trkpt lat="49.01158" lon="12.419530000000002">
    <ele>437.72</ele>
   </trkpt>
   <trkpt lat="49.01126500149755" lon="12.418974996782204">
    <ele>435.28000000000003</ele>
   </trkpt>
   <trkpt lat="49.01095" lon="12.418420000000001">
    <ele>433.41</ele>
   </trkpt>
   <trkpt lat="49.01046" lon="12.41774">
    <ele>432.25</ele>
   </trkpt>
   <trkpt lat="49.00999666971709" lon="12.417143322194782">
    <ele>431.75</ele>
   </trkpt>
   <trkpt lat="49.00953333635771" lon="12.416546655494738">
    <ele>430.98</ele>
   </trkpt>
   <trkpt lat="49.00907" lon="12.41595">
    <ele>429.34000000000003</ele>
   </trkpt>
   <trkpt lat="49.00846000000001" lon="12.415370000000001">
    <ele>426.78000000000003</ele>
   </trkpt>
   <trkpt lat="49.00789" lon="12.415090000000001">
    <ele>424.13</ele>
   </trkpt>
   <trkpt lat="49.007186666863014" lon="12.414913328324124">
    <ele>421.88000000000005</ele>
   </trkpt>
   <trkpt lat="49.00648333345629" lon="12.414736661639115">
    <ele>416.03000000000003</ele>
   </trkpt>
   <trkpt lat="49.00578" lon="12.414560000000002">
    <ele>407.14000000000004</ele>
   </trkpt>
   <trkpt lat="49.005050000000004" lon="12.414290000000001">
    <ele>402.4200000000001</ele>
   </trkpt>
   <trkpt lat="49.00451" lon="12.41393">
    <ele>391.66</ele>
   </trkpt>
   <trkpt lat="49.004020000000004" lon="12.41365">
    <ele>387.12</ele>
   </trkpt>
   <trkpt lat="49.00334666839046" lon="12.413206654695125">
    <ele>380.23</ele>
   </trkpt>
   <trkpt lat="49.00267333508241" lon="12.412763321378652">
    <ele>374.4</ele>
   </trkpt>
   <trkpt lat="49.002" lon="12.412320000000001">
    <ele>369.77000000000004</ele>
   </trkpt>
   <trkpt lat="49.001450000000006" lon="12.411930000000002">
    <ele>362.62000000000006</ele>
   </trkpt>
   <trkpt lat="49.00122" lon="12.41172">
    <ele>360.09000000000003</ele>
   </trkpt>
   <trkpt lat="49.00103000000001" lon="12.41149">
    <ele>360.09000000000003</ele>
   </trkpt>
   <trkpt lat="49.000890000000005" lon="12.411230000000002">
    <ele>356.36</ele>
   </trkpt>
   <trkpt lat="49.00063" lon="12.4106">
    <ele>350.27000000000004</ele>
   </trkpt>
   <trkpt lat="49.000530000000005" lon="12.40999">
    <ele>346.79</ele>
   </trkpt>
   <trkpt lat="49.0005" lon="12.408740000000002">
    <ele>341.02000000000004</ele>
   </trkpt>
   <trkpt lat="49.00052" lon="12.4084">
    <ele>339.95000000000005</ele>
   </trkpt>
   <trkpt lat="49.000640000000004" lon="12.407950000000001">
    <ele>339.37</ele>
   </trkpt>
   <trkpt lat="49.00066" lon="12.407430000000002">
    <ele>335.4200000000001</ele>
   </trkpt>
   <trkpt lat="49.00061" lon="12.407430000000002">
    <ele>335.4200000000001</ele>
   </trkpt>
   <trkpt lat="48.99991000000001" lon="12.407190000000002">
    <ele>329.98</ele>
   </trkpt>
   <trkpt lat="48.999610000000004" lon="12.40703">
    <ele>328.67</ele>
   </trkpt>
   <trkpt lat="48.9992" lon="12.40661">
    <ele>328.09000000000003</ele>
   </trkpt>
   <trkpt lat="48.99911" lon="12.40656">
    <ele>328.20000000000005</ele>
   </trkpt>
   <trkpt lat="48.99879000000001" lon="12.40643">
    <ele>328.23</ele>
   </trkpt>
   <trkpt lat="48.99875" lon="12.406490000000002">
    <ele>328.23</ele>
   </trkpt>
   <trkpt lat="48.99870000000001" lon="12.40648">
    <ele>328.05</ele>
   </trkpt>
   <trkpt lat="48.99857" lon="12.406680000000001">
    <ele>328.05</ele>
   </trkpt>
   <trkpt lat="48.998290000000004" lon="12.40698">
    <ele>327.81000000000006</ele>
   </trkpt>
   <trkpt lat="48.998050000000006" lon="12.40717">
    <ele>327.62</ele>
   </trkpt>
   <trkpt lat="48.997820000000004" lon="12.40731">
    <ele>327.31000000000006</ele>
   </trkpt>
   <trkpt lat="48.99766" lon="12.407380000000002">
    <ele>327.19000000000005</ele>
   </trkpt>
   <trkpt lat="48.997530000000005" lon="12.407390000000001">
    <ele>327.04</ele>
   </trkpt>
   <trkpt lat="48.9971" lon="12.40726">
    <ele>326.54</ele>
   </trkpt>
   <trkpt lat="48.997110000000006" lon="12.407110000000001">
    <ele>326.54</ele>
   </trkpt>
   <trkpt lat="48.99645" lon="12.406670000000002">
    <ele>327.66</ele>
   </trkpt>
   <trkpt lat="48.995940000000004" lon="12.406350000000002">
    <ele>331.09000000000003</ele>
   </trkpt>
   <trkpt lat="48.995180000000005" lon="12.40604">
    <ele>331.09000000000003</ele>
   </trkpt>
   <trkpt lat="48.99484" lon="12.40587">
    <ele>329.44</ele>
   </trkpt>
   <trkpt lat="48.99461" lon="12.40573">
    <ele>327.92</ele>
   </trkpt>
   <trkpt lat="48.99389000000001" lon="12.40521">
    <ele>324.54</ele>
   </trkpt>
   <trkpt lat="48.993730000000006" lon="12.405130000000002">
    <ele>323.96000000000004</ele>
   </trkpt>
   <trkpt lat="48.99293500034018" lon="12.404819995023804">
    <ele>322.52000000000004</ele>
   </trkpt>
   <trkpt lat="48.992140000000006" lon="12.40451">
    <ele>324.09000000000003</ele>
   </trkpt>
   <trkpt lat="48.99194000000001" lon="12.40441">
    <ele>324.5</ele>
   </trkpt>
   <trkpt lat="48.99150500059145" lon="12.404094997367483">
    <ele>326.03000000000003</ele>
   </trkpt>
   <trkpt lat="48.99107" lon="12.403780000000001">
    <ele>324.88</ele>
   </trkpt>
   <trkpt lat="48.99119" lon="12.40346">
    <ele>324.38</ele>
   </trkpt>
   <trkpt lat="48.99134" lon="12.40313">
    <ele>323.74</ele>
   </trkpt>
   <trkpt lat="48.991490000000006" lon="12.40285">
    <ele>323.59000000000003</ele>
   </trkpt>
   <trkpt lat="48.99187500121211" lon="12.40232000409799">
    <ele>323.54</ele>
   </trkpt>
   <trkpt lat="48.99226" lon="12.401790000000002">
    <ele>323.54</ele>
   </trkpt>
   <trkpt lat="48.99253" lon="12.401330000000002">
    <ele>323.57</ele>
   </trkpt>
   <trkpt lat="48.99273" lon="12.400920000000001">
    <ele>323.49</ele>
   </trkpt>
   <trkpt lat="48.993120000000005" lon="12.39986">
    <ele>323.54</ele>
   </trkpt>
   <trkpt lat="48.99325" lon="12.399420000000001">
    <ele>323.5</ele>
   </trkpt>
   <trkpt lat="48.99353000000001" lon="12.398200000000001">
    <ele>323.67</ele>
   </trkpt>
   <trkpt lat="48.993615002180285" lon="12.39748500146161">
    <ele>323.58000000000004</ele>
   </trkpt>
   <trkpt lat="48.993700000000004" lon="12.396770000000002">
    <ele>323.57</ele>
   </trkpt>
   <trkpt lat="48.993750004103354" lon="12.395795001062387">
    <ele>323.69000000000005</ele>
   </trkpt>
   <trkpt lat="48.99380000000001" lon="12.394820000000001">
    <ele>323.42</ele>
   </trkpt>
   <trkpt lat="48.99391000000001" lon="12.39399">
    <ele>323.37000000000006</ele>
   </trkpt>
   <trkpt lat="48.99412500430013" lon="12.392990004412761">
    <ele>324.36</ele>
   </trkpt>
   <trkpt lat="48.99434" lon="12.391990000000002">
    <ele>323.51</ele>
   </trkpt>
   <trkpt lat="48.994400000000006" lon="12.39146">
    <ele>323.78000000000003</ele>
   </trkpt>
   <trkpt lat="48.99438000000001" lon="12.390910000000002">
    <ele>323.59000000000003</ele>
   </trkpt>
   <trkpt lat="48.994260000000004" lon="12.39018">
    <ele>323.15000000000003</ele>
   </trkpt>
   <trkpt lat="48.99418000000001" lon="12.38991">
    <ele>323.15000000000003</ele>
   </trkpt>
   <trkpt lat="48.99396" lon="12.389310000000002">
    <ele>324.29</ele>
   </trkpt>
   <trkpt lat="48.99383" lon="12.38883">
    <ele>324.68</ele>
   </trkpt>
   <trkpt lat="48.993750000000006" lon="12.388420000000002">
    <ele>324.18</ele>
   </trkpt>
   <trkpt lat="48.99371000000001" lon="12.38785">
    <ele>323.95</ele>
   </trkpt>
   <trkpt lat="48.99371000000001" lon="12.38756">
    <ele>323.95</ele>
   </trkpt>
   <trkpt lat="48.993770000000005" lon="12.387030000000001">
    <ele>323.62</ele>
   </trkpt>
   <trkpt lat="48.99392" lon="12.38648">
    <ele>323.67</ele>
   </trkpt>
   <trkpt lat="48.99431000481399" lon="12.385420008410094">
    <ele>323.14000000000004</ele>
   </trkpt>
   <trkpt lat="48.9947" lon="12.384360000000001">
    <ele>323.01</ele>
   </trkpt>
   <trkpt lat="48.994930000000004" lon="12.383780000000002">
    <ele>325.06</ele>
   </trkpt>
   <trkpt lat="48.99499" lon="12.383590000000002">
    <ele>325.86</ele>
   </trkpt>
   <trkpt lat="48.99501" lon="12.383370000000001">
    <ele>326.26000000000005</ele>
   </trkpt>
   <trkpt lat="48.99506" lon="12.38319">
    <ele>326.39</ele>
   </trkpt>
   <trkpt lat="48.995200000000004" lon="12.38297">
    <ele>325.79</ele>
   </trkpt>
   <trkpt lat="48.99522" lon="12.382880000000002">
    <ele>325.59000000000003</ele>
   </trkpt>
   <trkpt lat="48.99522" lon="12.382330000000001">
    <ele>325.45</ele>
   </trkpt>
   <trkpt lat="48.995250000000006" lon="12.38194">
    <ele>325.58000000000004</ele>
   </trkpt>
   <trkpt lat="48.99533" lon="12.381260000000001">
    <ele>325.96000000000004</ele>
   </trkpt>
   <trkpt lat="48.99550000000001" lon="12.38047">
    <ele>325.87000000000006</ele>
   </trkpt>
   <trkpt lat="48.995650000000005" lon="12.38001">
    <ele>325.86</ele>
   </trkpt>
   <trkpt lat="48.995650000000005" lon="12.38">
    <ele>325.86</ele>
   </trkpt>
   <trkpt lat="48.99573" lon="12.37973">
    <ele>325.86</ele>
   </trkpt>
   <trkpt lat="48.995760000000004" lon="12.379480000000001">
    <ele>325.86</ele>
   </trkpt>
   <trkpt lat="48.99577000000001" lon="12.379220000000002">
    <ele>325.93000000000006</ele>
   </trkpt>
   <trkpt lat="48.995740000000005" lon="12.378820000000001">
    <ele>325.91</ele>
   </trkpt>
   <trkpt lat="48.995270000000005" lon="12.377860000000002">
    <ele>325.72</ele>
   </trkpt>
   <trkpt lat="48.99521000000001" lon="12.377780000000001">
    <ele>325.53000000000003</ele>
   </trkpt>
   <trkpt lat="48.994960000000006" lon="12.37767">
    <ele>325.5</ele>
   </trkpt>
   <trkpt lat="48.995050000000006" lon="12.376880000000002">
    <ele>325.66</ele>
   </trkpt>
   <trkpt lat="48.9951" lon="12.37612">
    <ele>325.82000000000005</ele>
   </trkpt>
   <trkpt lat="48.9951" lon="12.37498">
    <ele>325.66</ele>
   </trkpt>
   <trkpt lat="48.99499003357848" lon="12.373733319576118">
    <ele>325.61</ele>
   </trkpt>
   <trkpt lat="48.99488005372562" lon="12.372486644656618">
    <ele>325.70000000000005</ele>
   </trkpt>
   <trkpt lat="48.99477006044154" lon="12.371239975242124">
    <ele>325.75000000000006</ele>
   </trkpt>
   <trkpt lat="48.99466005372635" lon="12.369993311333262">
    <ele>326.03000000000003</ele>
   </trkpt>
   <trkpt lat="48.99455003358017" lon="12.36874665293066">
    <ele>326.32</ele>
   </trkpt>
   <trkpt lat="48.994440000000004" lon="12.367500000000001">
    <ele>326.42</ele>
   </trkpt>
   <trkpt lat="48.99438000319157" lon="12.366639998903642">
    <ele>326.54</ele>
   </trkpt>
   <trkpt lat="48.99432" lon="12.36578">
    <ele>326.66</ele>
   </trkpt>
   <trkpt lat="48.994295002604396" lon="12.365004999893843">
    <ele>326.63000000000005</ele>
   </trkpt>
   <trkpt lat="48.99427000000001" lon="12.364230000000001">
    <ele>326.79</ele>
   </trkpt>
   <trkpt lat="48.99427667441072" lon="12.363283333683855">
    <ele>326.88</ele>
   </trkpt>
   <trkpt lat="48.99428334107672" lon="12.362336667114185">
    <ele>326.29</ele>
   </trkpt>
   <trkpt lat="48.99429000000001" lon="12.361390000000002">
    <ele>326.14000000000004</ele>
   </trkpt>
   <trkpt lat="48.994330000000005" lon="12.361070000000002">
    <ele>326.33</ele>
   </trkpt>
   <trkpt lat="48.994400000000006" lon="12.360850000000001">
    <ele>326.67</ele>
   </trkpt>
   <trkpt lat="48.994350000000004" lon="12.360740000000002">
    <ele>326.65000000000003</ele>
   </trkpt>
   <trkpt lat="48.99434" lon="12.36048">
    <ele>326.73</ele>
   </trkpt>
   <trkpt lat="48.994420000000005" lon="12.360330000000001">
    <ele>326.89</ele>
   </trkpt>
   <trkpt lat="48.994440000000004" lon="12.360190000000001">
    <ele>326.89</ele>
   </trkpt>
   <trkpt lat="48.994490000000006" lon="12.360030000000002">
    <ele>326.79</ele>
   </trkpt>
   <trkpt lat="48.99439" lon="12.359890000000002">
    <ele>326.3</ele>
   </trkpt>
   <trkpt lat="48.99434" lon="12.35974">
    <ele>326.3</ele>
   </trkpt>
   <trkpt lat="48.9943" lon="12.359350000000001">
    <ele>326.08000000000004</ele>
   </trkpt>
   <trkpt lat="48.99429000000001" lon="12.35889">
    <ele>326.21</ele>
   </trkpt>
   <trkpt lat="48.99427000000001" lon="12.358860000000002">
    <ele>326.21</ele>
   </trkpt>
   <trkpt lat="48.99425" lon="12.358860000000002">
    <ele>326.21</ele>
   </trkpt>
   <trkpt lat="48.99429000000001" lon="12.35814">
    <ele>325.86</ele>
   </trkpt>
   <trkpt lat="48.994310000000006" lon="12.357830000000002">
    <ele>325.81000000000006</ele>
   </trkpt>
   <trkpt lat="48.99432" lon="12.35701">
    <ele>326.06</ele>
   </trkpt>
   <trkpt lat="48.99425" lon="12.356380000000001">
    <ele>326.12</ele>
   </trkpt>
   <trkpt lat="48.994105003588906" lon="12.355464997155442">
    <ele>326.07</ele>
   </trkpt>
   <trkpt lat="48.99396" lon="12.354550000000001">
    <ele>326.21</ele>
   </trkpt>
   <trkpt lat="48.993880000000004" lon="12.354190000000001">
    <ele>326.21</ele>
   </trkpt>
   <trkpt lat="48.99362000000001" lon="12.353240000000001">
    <ele>326.28000000000003</ele>
   </trkpt>
   <trkpt lat="48.993480000000005" lon="12.352590000000001">
    <ele>326.09000000000003</ele>
   </trkpt>
   <trkpt lat="48.993460000000006" lon="12.35222">
    <ele>326.09000000000003</ele>
   </trkpt>
   <trkpt lat="48.993460000000006" lon="12.351880000000001">
    <ele>326.12</ele>
   </trkpt>
   <trkpt lat="48.99347" lon="12.351460000000001">
    <ele>326.05</ele>
   </trkpt>
   <trkpt lat="48.99351" lon="12.351030000000002">
    <ele>326.05</ele>
   </trkpt>
   <trkpt lat="48.993460000000006" lon="12.350010000000001">
    <ele>325.79</ele>
   </trkpt>
   <trkpt lat="48.993320000000004" lon="12.348700000000001">
    <ele>325.02000000000004</ele>
   </trkpt>
   <trkpt lat="48.99244" lon="12.348820000000002">
    <ele>324.39</ele>
   </trkpt>
  </trkseg>
 </trk>
</gpx>
