<?xml version="1.0" encoding="UTF-8"?>
<gpx creator="Garmin Connect" version="1.1"
  xsi:schemaLocation="http://www.topografix.com/GPX/1/1 http://www.topografix.com/GPX/11.xsd"
  xmlns:ns3="http://www.garmin.com/xmlschemas/TrackPointExtension/v1"
  xmlns="http://www.topografix.com/GPX/1/1"
  xmlns:xsi="http://www.w3.org/2001/XMLSchema-instance" xmlns:ns2="http://www.garmin.com/xmlschemas/GpxExtensions/v3">
  <metadata>
    <name>XX Kühtai</name>
    <link href="connect.garmin.com">
      <text>Garmin Connect</text>
    </link>
    <time>2026-03-04T08:42:26.000Z</time>
  </metadata>
  <trk>
    <name>XX Kühtai</name>
    <trkseg>
      <trkpt lat="47.144458293914795" lon="10.916805267333984">
        <ele>987.93</ele>
      </trkpt>
      <trkpt lat="47.14445837773383" lon="10.916805267333984">
        <ele>987.41</ele>
      </trkpt>
      <trkpt lat="47.14452266693115" lon="10.916826725006104">
        <ele>986.85</ele>
      </trkpt>
      <trkpt lat="47.14460849761963" lon="10.916891098022461">
        <ele>986.26</ele>
      </trkpt>
      <trkpt lat="47.14462995529175" lon="10.916976928710938">
        <ele>985.65</ele>
      </trkpt>
      <trkpt lat="47.144672870635986" lon="10.917084217071533">
        <ele>984.99</ele>
      </trkpt>
      <trkpt lat="47.14490898884833" lon="10.916976928710938">
        <ele>984.28</ele>
      </trkpt>
      <trkpt lat="47.14508065022528" lon="10.916891098022461">
        <ele>983.57</ele>
      </trkpt>
      <trkpt lat="47.14518793858588" lon="10.916848182678223">
        <ele>982.82</ele>
      </trkpt>
      <trkpt lat="47.14539522305131" lon="10.916762351989746">
        <ele>982.01</ele>
      </trkpt>
      <trkpt lat="47.14560259133577" lon="10.91667652130127">
        <ele>981.15</ele>
      </trkpt>
      <trkpt lat="47.1458101272583" lon="10.916590690612793">
        <ele>980.21</ele>
      </trkpt>
      <trkpt lat="47.14603534899652" lon="10.916483402252197">
        <ele>979.29</ele>
      </trkpt>
      <trkpt lat="47.14626065455377" lon="10.916376113891602">
        <ele>978.29</ele>
      </trkpt>
      <trkpt lat="47.14648587629199" lon="10.916268825531006">
        <ele>977.28</ele>
      </trkpt>
      <trkpt lat="47.146711349487305" lon="10.91616153717041">
        <ele>976.27</ele>
      </trkpt>
      <trkpt lat="47.146711433306336" lon="10.91616153717041">
        <ele>975.32</ele>
      </trkpt>
      <trkpt lat="47.14690446853638" lon="10.916086435317993">
        <ele>974.34</ele>
      </trkpt>
      <trkpt lat="47.14709767140448" lon="10.916011333465576">
        <ele>973.39</ele>
      </trkpt>
      <trkpt lat="47.14716204442084" lon="10.915968418121338">
        <ele>972.47</ele>
      </trkpt>
      <trkpt lat="47.14743378572166" lon="10.915811005979776">
        <ele>971.57</ele>
      </trkpt>
      <trkpt lat="47.14770552702248" lon="10.915653677657247">
        <ele>970.7</ele>
      </trkpt>
      <trkpt lat="47.147977352142334" lon="10.915496349334717">
        <ele>969.75</ele>
      </trkpt>
      <trkpt lat="47.14811682701111" lon="10.91538897715509">
        <ele>968.87</ele>
      </trkpt>
      <trkpt lat="47.14825630187988" lon="10.915281772613525">
        <ele>968.02</ele>
      </trkpt>
      <trkpt lat="47.148256385698915" lon="10.915281772613525">
        <ele>967.25</ele>
      </trkpt>
      <trkpt lat="47.148460233584046" lon="10.9151207562536">
        <ele>966.48</ele>
      </trkpt>
      <trkpt lat="47.14866408146918" lon="10.914959907531738">
        <ele>965.78</ele>
      </trkpt>
      <trkpt lat="47.14890011586249" lon="10.914777433499694">
        <ele>965.07</ele>
      </trkpt>
      <trkpt lat="47.1491361502558" lon="10.914595127105713">
        <ele>964.36</ele>
      </trkpt>
      <trkpt lat="47.14930781163275" lon="10.914477026090026">
        <ele>963.72</ele>
      </trkpt>
      <trkpt lat="47.149479473009706" lon="10.914359092712402">
        <ele>963.09</ele>
      </trkpt>
      <trkpt lat="47.14954376220703" lon="10.914294719696045">
        <ele>962.53</ele>
      </trkpt>
      <trkpt lat="47.149693965911865" lon="10.914208889007568">
        <ele>961.99</ele>
      </trkpt>
      <trkpt lat="47.14984425343573" lon="10.914123058319092">
        <ele>961.48</ele>
      </trkpt>
      <trkpt lat="47.1500444971025" lon="10.914001436904073">
        <ele>960.99</ele>
      </trkpt>
      <trkpt lat="47.15024474076927" lon="10.913879815489054">
        <ele>960.54</ele>
      </trkpt>
      <trkpt lat="47.15044506825507" lon="10.913758277893066">
        <ele>960.11</ele>
      </trkpt>
      <trkpt lat="47.15050935745239" lon="10.913693904876709">
        <ele>959.75</ele>
      </trkpt>
      <trkpt lat="47.15063818730414" lon="10.913629531860352">
        <ele>959.46</ele>
      </trkpt>
      <trkpt lat="47.1507025603205" lon="10.913586616516113">
        <ele>959.2</ele>
      </trkpt>
      <trkpt lat="47.150959968566895" lon="10.91341495513916">
        <ele>959.03</ele>
      </trkpt>
      <trkpt lat="47.15113171376288" lon="10.913307666778564">
        <ele>958.92</ele>
      </trkpt>
      <trkpt lat="47.15136766433716" lon="10.91315746307373">
        <ele>958.89</ele>
      </trkpt>
      <trkpt lat="47.15160897932947" lon="10.913028717041016">
        <ele>958.86</ele>
      </trkpt>
      <trkpt lat="47.15185037814081" lon="10.9128999710083">
        <ele>958.84</ele>
      </trkpt>
      <trkpt lat="47.15209177695215" lon="10.912771224975586">
        <ele>958.78</ele>
      </trkpt>
      <trkpt lat="47.15233334340155" lon="10.912642478942871">
        <ele>958.7</ele>
      </trkpt>
      <trkpt lat="47.152462005615234" lon="10.912599563598633">
        <ele>958.65</ele>
      </trkpt>
      <trkpt lat="47.15271941386163" lon="10.912492275238037">
        <ele>958.51</ele>
      </trkpt>
      <trkpt lat="47.15297682210803" lon="10.912384986877441">
        <ele>958.3</ele>
      </trkpt>
      <trkpt lat="47.15323448181152" lon="10.912277698516846">
        <ele>958.08</ele>
      </trkpt>
      <trkpt lat="47.15325593948364" lon="10.912363529205322">
        <ele>957.97</ele>
      </trkpt>
      <trkpt lat="47.15327739715576" lon="10.912642478942871">
        <ele>958.01</ele>
      </trkpt>
      <trkpt lat="47.15325585566461" lon="10.912900557741523">
        <ele>958.04</ele>
      </trkpt>
      <trkpt lat="47.15323448181152" lon="10.91315746307373">
        <ele>958.06</ele>
      </trkpt>
      <trkpt lat="47.15324881486595" lon="10.913566164672375">
        <ele>958.08</ele>
      </trkpt>
      <trkpt lat="47.15326314792037" lon="10.91397495009005">
        <ele>958.23</ele>
      </trkpt>
      <trkpt lat="47.15327739715576" lon="10.914380550384521">
        <ele>958.45</ele>
      </trkpt>
      <trkpt lat="47.15327739715576" lon="10.914444923400879">
        <ele>958.56</ele>
      </trkpt>
      <trkpt lat="47.15336331166327" lon="10.914509296417236">
        <ele>958.62</ele>
      </trkpt>
      <trkpt lat="47.153642093762755" lon="10.914466381072998">
        <ele>958.5</ele>
      </trkpt>
      <trkpt lat="47.153921127319336" lon="10.91442346572876">
        <ele>958.38</ele>
      </trkpt>
      <trkpt lat="47.15407133102417" lon="10.914444923400879">
        <ele>958.28</ele>
      </trkpt>
      <trkpt lat="47.15426445007324" lon="10.914595127105713">
        <ele>958.2</ele>
      </trkpt>
      <trkpt lat="47.15441473759711" lon="10.914756143465638">
        <ele>958.07</ele>
      </trkpt>
      <trkpt lat="47.15456485748291" lon="10.9149169921875">
        <ele>957.89</ele>
      </trkpt>
      <trkpt lat="47.15481162071228" lon="10.915099382400513">
        <ele>957.64</ele>
      </trkpt>
      <trkpt lat="47.15505838394165" lon="10.915281772613525">
        <ele>957.39</ele>
      </trkpt>
      <trkpt lat="47.155265752226114" lon="10.915346061810851">
        <ele>957.07</ele>
      </trkpt>
      <trkpt lat="47.15547312051058" lon="10.915410434827209">
        <ele>956.68</ele>
      </trkpt>
      <trkpt lat="47.15568074025214" lon="10.915474891662598">
        <ele>956.26</ele>
      </trkpt>
      <trkpt lat="47.155981147661805" lon="10.915603637695312">
        <ele>955.82</ele>
      </trkpt>
      <trkpt lat="47.15613126754761" lon="10.91566801071167">
        <ele>955.36</ele>
      </trkpt>
      <trkpt lat="47.156367134302855" lon="10.915710842236876">
        <ele>954.84</ele>
      </trkpt>
      <trkpt lat="47.15660308487713" lon="10.915753757581115">
        <ele>954.27</ele>
      </trkpt>
      <trkpt lat="47.15683937072754" lon="10.915796756744385">
        <ele>953.65</ele>
      </trkpt>
      <trkpt lat="47.15702167712152" lon="10.91586104594171">
        <ele>952.97</ele>
      </trkpt>
      <trkpt lat="47.157204151153564" lon="10.9159255027771">
        <ele>952.24</ele>
      </trkpt>
      <trkpt lat="47.157461643218994" lon="10.915861129760742">
        <ele>951.34</ele>
      </trkpt>
      <trkpt lat="47.15761193074286" lon="10.915796756744385">
        <ele>950.49</ele>
      </trkpt>
      <trkpt lat="47.157762134447694" lon="10.915753841400146">
        <ele>949.66</ele>
      </trkpt>
      <trkpt lat="47.15798727236688" lon="10.915721654891968">
        <ele>948.8</ele>
      </trkpt>
      <trkpt lat="47.158212745562196" lon="10.915689468383789">
        <ele>947.91</ele>
      </trkpt>
      <trkpt lat="47.15829849243164" lon="10.915625095367432">
        <ele>947.04</ele>
      </trkpt>
      <trkpt lat="47.15829857625067" lon="10.915625095367432">
        <ele>946.21</ele>
      </trkpt>
      <trkpt lat="47.15843805111945" lon="10.915485536679626">
        <ele>945.33</ele>
      </trkpt>
      <trkpt lat="47.15857744216919" lon="10.915346145629883">
        <ele>944.46</ele>
      </trkpt>
      <trkpt lat="47.158727729693055" lon="10.915067195892334">
        <ele>943.62</ele>
      </trkpt>
      <trkpt lat="47.158963764086366" lon="10.914852619171143">
        <ele>942.79</ele>
      </trkpt>
      <trkpt lat="47.159221172332764" lon="10.91468095779419">
        <ele>941.92</ele>
      </trkpt>
      <trkpt lat="47.15950012207031" lon="10.914573669433594">
        <ele>941.06</ele>
      </trkpt>
      <trkpt lat="47.15971461497247" lon="10.91455933637917">
        <ele>940.27</ele>
      </trkpt>
      <trkpt lat="47.15992910787463" lon="10.914545003324747">
        <ele>939.5</ele>
      </trkpt>
      <trkpt lat="47.16014393605292" lon="10.914530754089355">
        <ele>938.81</ele>
      </trkpt>
      <trkpt lat="47.16033705510199" lon="10.914552211761475">
        <ele>938.18</ele>
      </trkpt>
      <trkpt lat="47.1605730894953" lon="10.914595127105713">
        <ele>937.62</ele>
      </trkpt>
      <trkpt lat="47.1608304977417" lon="10.914616584777832">
        <ele>937.09</ele>
      </trkpt>
      <trkpt lat="47.16089495457709" lon="10.914616584777832">
        <ele>936.55</ele>
      </trkpt>
      <trkpt lat="47.161152362823486" lon="10.914595127105713">
        <ele>935.96</ele>
      </trkpt>
      <trkpt lat="47.16115948744118" lon="10.914150467142463">
        <ele>935.5</ele>
      </trkpt>
      <trkpt lat="47.16116669587791" lon="10.913705807179213">
        <ele>935.04</ele>
      </trkpt>
      <trkpt lat="47.16117390431464" lon="10.913264751434326">
        <ele>934.61</ele>
      </trkpt>
      <trkpt lat="47.161173820495605" lon="10.91286669485271">
        <ele>934.25</ele>
      </trkpt>
      <trkpt lat="47.161173820495605" lon="10.912470817565918">
        <ele>933.88</ele>
      </trkpt>
      <trkpt lat="47.161195278167725" lon="10.912277698516846">
        <ele>933.48</ele>
      </trkpt>
      <trkpt lat="47.161409854888916" lon="10.91240644454956">
        <ele>933.15</ele>
      </trkpt>
      <trkpt lat="47.16167455539107" lon="10.91262822970748">
        <ele>932.85</ele>
      </trkpt>
      <trkpt lat="47.16193925589323" lon="10.912850014865398">
        <ele>932.47</ele>
      </trkpt>
      <trkpt lat="47.162203788757324" lon="10.913071632385254">
        <ele>932.11</ele>
      </trkpt>
      <trkpt lat="47.1622896194458" lon="10.913114547729492">
        <ele>931.8</ele>
      </trkpt>
      <trkpt lat="47.16233253479004" lon="10.913093090057373">
        <ele>931.53</ele>
      </trkpt>
      <trkpt lat="47.16237545013428" lon="10.912985801696777">
        <ele>931.26</ele>
      </trkpt>
      <trkpt lat="47.16241844929755" lon="10.912716910243034">
        <ele>931.05</ele>
      </trkpt>
      <trkpt lat="47.162461280822754" lon="10.912449359893799">
        <ele>930.85</ele>
      </trkpt>
      <trkpt lat="47.16254711151123" lon="10.912363529205322">
        <ele>930.64</ele>
      </trkpt>
      <trkpt lat="47.16263294219971" lon="10.912363529205322">
        <ele>930.42</ele>
      </trkpt>
      <trkpt lat="47.16286176815629" lon="10.912506524473429">
        <ele>930.17</ele>
      </trkpt>
      <trkpt lat="47.163090677931905" lon="10.912649603560567">
        <ele>929.95</ele>
      </trkpt>
      <trkpt lat="47.16331958770752" lon="10.912792682647705">
        <ele>929.79</ele>
      </trkpt>
      <trkpt lat="47.16352351941168" lon="10.913018072023988">
        <ele>929.64</ele>
      </trkpt>
      <trkpt lat="47.16372728347778" lon="10.913243293762207">
        <ele>929.5</ele>
      </trkpt>
      <trkpt lat="47.16401687823236" lon="10.91336122713983">
        <ele>929.38</ele>
      </trkpt>
      <trkpt lat="47.164306640625" lon="10.913479328155518">
        <ele>929.19</ele>
      </trkpt>
      <trkpt lat="47.1645640488714" lon="10.913625927641988">
        <ele>929.04</ele>
      </trkpt>
      <trkpt lat="47.16482154093683" lon="10.913772527128458">
        <ele>928.91</ele>
      </trkpt>
      <trkpt lat="47.16507903300226" lon="10.913919126614928">
        <ele>928.82</ele>
      </trkpt>
      <trkpt lat="47.16533652506769" lon="10.914065726101398">
        <ele>928.71</ele>
      </trkpt>
      <trkpt lat="47.16559401713312" lon="10.914212325587869">
        <ele>928.52</ele>
      </trkpt>
      <trkpt lat="47.16585159301758" lon="10.914359092712402">
        <ele>928.28</ele>
      </trkpt>
      <trkpt lat="47.16608771122992" lon="10.91442346572876">
        <ele>928.09</ele>
      </trkpt>
      <trkpt lat="47.166377222165465" lon="10.914477026090026">
        <ele>927.99</ele>
      </trkpt>
      <trkpt lat="47.166666984558105" lon="10.914530754089355">
        <ele>927.85</ele>
      </trkpt>
      <trkpt lat="47.166881477460265" lon="10.914602251723409">
        <ele>927.73</ele>
      </trkpt>
      <trkpt lat="47.167095970362425" lon="10.914673749357462">
        <ele>927.63</ele>
      </trkpt>
      <trkpt lat="47.16731071472168" lon="10.914745330810547">
        <ele>927.55</ele>
      </trkpt>
      <trkpt lat="47.16756812296808" lon="10.914627313613892">
        <ele>927.5</ele>
      </trkpt>
      <trkpt lat="47.16782569885254" lon="10.914509296417236">
        <ele>927.45</ele>
      </trkpt>
      <trkpt lat="47.168104564771056" lon="10.914359092712402">
        <ele>927.36</ele>
      </trkpt>
      <trkpt lat="47.16838359832764" lon="10.914208889007568">
        <ele>927.24</ele>
      </trkpt>
      <trkpt lat="47.16859817504883" lon="10.914123058319092">
        <ele>927.15</ele>
      </trkpt>
      <trkpt lat="47.16885566711426" lon="10.914101600646973">
        <ele>927.07</ele>
      </trkpt>
      <trkpt lat="47.16916663572192" lon="10.91411761008203">
        <ele>927.02</ele>
      </trkpt>
      <trkpt lat="47.169477604329586" lon="10.91413370333612">
        <ele>927.01</ele>
      </trkpt>
      <trkpt lat="47.16978857293725" lon="10.914149796590209">
        <ele>926.99</ele>
      </trkpt>
      <trkpt lat="47.17010021209717" lon="10.91416597366333">
        <ele>926.97</ele>
      </trkpt>
      <trkpt lat="47.170207584276795" lon="10.914144515991211">
        <ele>926.95</ele>
      </trkpt>
      <trkpt lat="47.170207500457764" lon="10.914144515991211">
        <ele>926.96</ele>
      </trkpt>
      <trkpt lat="47.17022895812988" lon="10.913994312286377">
        <ele>926.99</ele>
      </trkpt>
      <trkpt lat="47.17022895812988" lon="10.913586616516113">
        <ele>927.05</ele>
      </trkpt>
      <trkpt lat="47.17027187347412" lon="10.913500785827637">
        <ele>927.09</ele>
      </trkpt>
      <trkpt lat="47.170400619506836" lon="10.91343641281128">
        <ele>927.11</ele>
      </trkpt>
      <trkpt lat="47.17067940160632" lon="10.91342568397522">
        <ele>927.14</ele>
      </trkpt>
      <trkpt lat="47.170958518981934" lon="10.91341495513916">
        <ele>927.2</ele>
      </trkpt>
      <trkpt lat="47.17108726501465" lon="10.913264751434326">
        <ele>927.3</ele>
      </trkpt>
      <trkpt lat="47.17117317952216" lon="10.91292142868042">
        <ele>927.39</ele>
      </trkpt>
      <trkpt lat="47.171173095703125" lon="10.91292142868042">
        <ele>927.49</ele>
      </trkpt>
      <trkpt lat="47.17132338322699" lon="10.91266393661499">
        <ele>927.61</ele>
      </trkpt>
      <trkpt lat="47.17132329940796" lon="10.91266393661499">
        <ele>927.74</ele>
      </trkpt>
      <trkpt lat="47.1715023368597" lon="10.912334444001317">
        <ele>927.92</ele>
      </trkpt>
      <trkpt lat="47.17168137431145" lon="10.912004951387644">
        <ele>928.13</ele>
      </trkpt>
      <trkpt lat="47.17185974121094" lon="10.91167688369751">
        <ele>928.27</ele>
      </trkpt>
      <trkpt lat="47.17203148640692" lon="10.9114408493042">
        <ele>928.42</ele>
      </trkpt>
      <trkpt lat="47.17203140258789" lon="10.9114408493042">
        <ele>928.6</ele>
      </trkpt>
      <trkpt lat="47.172138690948486" lon="10.911355018615723">
        <ele>928.79</ele>
      </trkpt>
      <trkpt lat="47.17235326766968" lon="10.911247730255127">
        <ele>929.02</ele>
      </trkpt>
      <trkpt lat="47.1725679282099" lon="10.911140441894531">
        <ele>929.25</ele>
      </trkpt>
      <trkpt lat="47.172675132751465" lon="10.911076068878174">
        <ele>929.48</ele>
      </trkpt>
      <trkpt lat="47.172846710309386" lon="10.911065340042114">
        <ele>929.68</ele>
      </trkpt>
      <trkpt lat="47.17301845550537" lon="10.911054611206055">
        <ele>929.89</ele>
      </trkpt>
      <trkpt lat="47.17325457371771" lon="10.910968780517578">
        <ele>930.12</ele>
      </trkpt>
      <trkpt lat="47.17353343963623" lon="10.91090440750122">
        <ele>930.32</ele>
      </trkpt>
      <trkpt lat="47.173833679407835" lon="10.910818576812744">
        <ele>930.58</ele>
      </trkpt>
      <trkpt lat="47.174134254455566" lon="10.910732746124268">
        <ele>930.8</ele>
      </trkpt>
      <trkpt lat="47.17430591583252" lon="10.91066837310791">
        <ele>931.02</ele>
      </trkpt>
      <trkpt lat="47.174527533352375" lon="10.910696955397725">
        <ele>931.2</ele>
      </trkpt>
      <trkpt lat="47.17474915087223" lon="10.91072553768754">
        <ele>931.38</ele>
      </trkpt>
      <trkpt lat="47.17497110366821" lon="10.910754203796387">
        <ele>931.58</ele>
      </trkpt>
      <trkpt lat="47.17501401901245" lon="10.910646915435791">
        <ele>931.78</ele>
      </trkpt>
      <trkpt lat="47.17501410283148" lon="10.910646915435791">
        <ele>931.99</ele>
      </trkpt>
      <trkpt lat="47.17501401901245" lon="10.910388668999076">
        <ele>932.17</ele>
      </trkpt>
      <trkpt lat="47.17501401901245" lon="10.910131931304932">
        <ele>932.37</ele>
      </trkpt>
      <trkpt lat="47.17503547668457" lon="10.910003185272217">
        <ele>932.57</ele>
      </trkpt>
      <trkpt lat="47.17509984970093" lon="10.910003185272217">
        <ele>932.75</ele>
      </trkpt>
      <trkpt lat="47.175164222717285" lon="10.910003185272217">
        <ele>932.92</ele>
      </trkpt>
      <trkpt lat="47.17540008947253" lon="10.910067474469543">
        <ele>933.07</ele>
      </trkpt>
      <trkpt lat="47.175636291503906" lon="10.910131931304932">
        <ele>933.21</ele>
      </trkpt>
      <trkpt lat="47.175893699750304" lon="10.910260593518615">
        <ele>933.36</ele>
      </trkpt>
      <trkpt lat="47.176151275634766" lon="10.910389423370361">
        <ele>933.55</ele>
      </trkpt>
      <trkpt lat="47.1761513594538" lon="10.910389423370361">
        <ele>933.68</ele>
      </trkpt>
      <trkpt lat="47.1763516869396" lon="10.910589750856161">
        <ele>933.88</ele>
      </trkpt>
      <trkpt lat="47.17655209824443" lon="10.910790162160993">
        <ele>934.13</ele>
      </trkpt>
      <trkpt lat="47.17675217427313" lon="10.910990238189697">
        <ele>934.31</ele>
      </trkpt>
      <trkpt lat="47.17688092030585" lon="10.91116189956665">
        <ele>934.38</ele>
      </trkpt>
      <trkpt lat="47.17705266550183" lon="10.911355102434754">
        <ele>934.44</ele>
      </trkpt>
      <trkpt lat="47.177224243059754" lon="10.911548137664795">
        <ele>934.44</ele>
      </trkpt>
      <trkpt lat="47.177460277453065" lon="10.911741256713867">
        <ele>934.39</ele>
      </trkpt>
      <trkpt lat="47.17752465046942" lon="10.911805629730225">
        <ele>934.31</ele>
      </trkpt>
      <trkpt lat="47.17773914337158" lon="10.91191291809082">
        <ele>934.23</ele>
      </trkpt>
      <trkpt lat="47.17793217860162" lon="10.911977207288146">
        <ele>934.09</ele>
      </trkpt>
      <trkpt lat="47.17812538146973" lon="10.912041664123535">
        <ele>933.92</ele>
      </trkpt>
      <trkpt lat="47.178425788879395" lon="10.912063121795654">
        <ele>933.66</ele>
      </trkpt>
      <trkpt lat="47.178654531016946" lon="10.911998748779297">
        <ele>933.39</ele>
      </trkpt>
      <trkpt lat="47.17888335697353" lon="10.91193437576294">
        <ele>933.08</ele>
      </trkpt>
      <trkpt lat="47.17911243438721" lon="10.911870002746582">
        <ele>932.67</ele>
      </trkpt>
      <trkpt lat="47.179359113797545" lon="10.911837816238403">
        <ele>932.19</ele>
      </trkpt>
      <trkpt lat="47.17960604466498" lon="10.911805629730225">
        <ele>931.73</ele>
      </trkpt>
      <trkpt lat="47.17982045374811" lon="10.911794900894165">
        <ele>931.21</ele>
      </trkpt>
      <trkpt lat="47.18003511428833" lon="10.911784172058105">
        <ele>930.62</ele>
      </trkpt>
      <trkpt lat="47.180185317993164" lon="10.911719799041748">
        <ele>930.01</ele>
      </trkpt>
      <trkpt lat="47.180421436205506" lon="10.911548137664795">
        <ele>929.2</ele>
      </trkpt>
      <trkpt lat="47.18057163991034" lon="10.911333560943604">
        <ele>928.45</ele>
      </trkpt>
      <trkpt lat="47.18070030212402" lon="10.911076068878174">
        <ele>927.61</ele>
      </trkpt>
      <trkpt lat="47.18087196350098" lon="10.910711288452148">
        <ele>926.89</ele>
      </trkpt>
      <trkpt lat="47.18104362487793" lon="10.910496711730957">
        <ele>926.04</ele>
      </trkpt>
      <trkpt lat="47.181193828582764" lon="10.91038933955133">
        <ele>925.09</ele>
      </trkpt>
      <trkpt lat="47.1813440322876" lon="10.910282135009766">
        <ele>924.1</ele>
      </trkpt>
      <trkpt lat="47.18157998286188" lon="10.91018557548523">
        <ele>922.97</ele>
      </trkpt>
      <trkpt lat="47.18181610107422" lon="10.910089015960693">
        <ele>921.75</ele>
      </trkpt>
      <trkpt lat="47.18198776245117" lon="10.909981727600098">
        <ele>920.52</ele>
      </trkpt>
      <trkpt lat="47.18221306800842" lon="10.909793889150023">
        <ele>919.29</ele>
      </trkpt>
      <trkpt lat="47.182438457384706" lon="10.90960605069995">
        <ele>917.99</ele>
      </trkpt>
      <trkpt lat="47.18266384676099" lon="10.909418296068907">
        <ele>916.63</ele>
      </trkpt>
      <trkpt lat="47.182888984680176" lon="10.909230709075928">
        <ele>915.25</ele>
      </trkpt>
      <trkpt lat="47.18308210372925" lon="10.909109087660909">
        <ele>913.73</ele>
      </trkpt>
      <trkpt lat="47.18327522277832" lon="10.90898746624589">
        <ele>912.22</ele>
      </trkpt>
      <trkpt lat="47.18346834182739" lon="10.908865928649902">
        <ele>910.58</ele>
      </trkpt>
      <trkpt lat="47.183682918548584" lon="10.908651351928711">
        <ele>908.98</ele>
      </trkpt>
      <trkpt lat="47.18385457992554" lon="10.908329486846924">
        <ele>907.43</ele>
      </trkpt>
      <trkpt lat="47.18396186828613" lon="10.907964706420898">
        <ele>905.94</ele>
      </trkpt>
      <trkpt lat="47.18403713777661" lon="10.907582910731435">
        <ele>904.39</ele>
      </trkpt>
      <trkpt lat="47.184112407267094" lon="10.907201115041971">
        <ele>902.81</ele>
      </trkpt>
      <trkpt lat="47.184187676757574" lon="10.906819319352508">
        <ele>901.15</ele>
      </trkpt>
      <trkpt lat="47.1842622756958" lon="10.90644121170044">
        <ele>899.44</ele>
      </trkpt>
      <trkpt lat="47.18429454602301" lon="10.906000155955553">
        <ele>897.72</ele>
      </trkpt>
      <trkpt lat="47.18432664871216" lon="10.905561447143555">
        <ele>895.97</ele>
      </trkpt>
      <trkpt lat="47.184391021728516" lon="10.905346870422363">
        <ele>894.24</ele>
      </trkpt>
      <trkpt lat="47.1843695640564" lon="10.905239582061768">
        <ele>892.63</ele>
      </trkpt>
      <trkpt lat="47.18447685241699" lon="10.90517520904541">
        <ele>890.88</ele>
      </trkpt>
      <trkpt lat="47.18458414077759" lon="10.90519666671753">
        <ele>889.13</ele>
      </trkpt>
      <trkpt lat="47.184691429138184" lon="10.905282497406006">
        <ele>887.35</ele>
      </trkpt>
      <trkpt lat="47.18475580215454" lon="10.905518531799316">
        <ele>885.58</ele>
      </trkpt>
      <trkpt lat="47.18473426066339" lon="10.905905775725842">
        <ele>884.02</ele>
      </trkpt>
      <trkpt lat="47.18471271917224" lon="10.906293019652367">
        <ele>882.49</ele>
      </trkpt>
      <trkpt lat="47.184691429138184" lon="10.90667724609375">
        <ele>880.97</ele>
      </trkpt>
      <trkpt lat="47.1847128868103" lon="10.907057281583548">
        <ele>879.41</ele>
      </trkpt>
      <trkpt lat="47.184734428301454" lon="10.907437400892377">
        <ele>877.78</ele>
      </trkpt>
      <trkpt lat="47.18475580215454" lon="10.907814502716064">
        <ele>876.14</ele>
      </trkpt>
      <trkpt lat="47.184691429138184" lon="10.908136367797852">
        <ele>874.61</ele>
      </trkpt>
      <trkpt lat="47.18460534699261" lon="10.90838355012238">
        <ele>873.15</ele>
      </trkpt>
      <trkpt lat="47.18451976776123" lon="10.908629894256592">
        <ele>871.79</ele>
      </trkpt>
      <trkpt lat="47.18449831008911" lon="10.90869426727295">
        <ele>870.4</ele>
      </trkpt>
      <trkpt lat="47.18454122543335" lon="10.908823013305664">
        <ele>868.99</ele>
      </trkpt>
      <trkpt lat="47.184627056121826" lon="10.908844470977783">
        <ele>867.6</ele>
      </trkpt>
      <trkpt lat="47.1847128868103" lon="10.908780097961426">
        <ele>866.29</ele>
      </trkpt>
      <trkpt lat="47.18482755124569" lon="10.908464770764112">
        <ele>864.98</ele>
      </trkpt>
      <trkpt lat="47.184942215681076" lon="10.9081494435668">
        <ele>863.76</ele>
      </trkpt>
      <trkpt lat="47.18505620956421" lon="10.907835960388184">
        <ele>862.59</ele>
      </trkpt>
      <trkpt lat="47.18524932861328" lon="10.907514095306396">
        <ele>861.39</ele>
      </trkpt>
      <trkpt lat="47.18548544682562" lon="10.907320976257324">
        <ele>860.21</ele>
      </trkpt>
      <trkpt lat="47.18566766940057" lon="10.907245874404907">
        <ele>859.13</ele>
      </trkpt>
      <trkpt lat="47.18585014343262" lon="10.90717077255249">
        <ele>858.09</ele>
      </trkpt>
      <trkpt lat="47.186064552515745" lon="10.90716004371643">
        <ele>857.1</ele>
      </trkpt>
      <trkpt lat="47.186279296875" lon="10.907149314880371">
        <ele>856.18</ele>
      </trkpt>
      <trkpt lat="47.186279296875" lon="10.907256603240967">
        <ele>855.25</ele>
      </trkpt>
      <trkpt lat="47.186472499743104" lon="10.907256603240967">
        <ele>854.3</ele>
      </trkpt>
      <trkpt lat="47.18667617999017" lon="10.907245874404907">
        <ele>853.34</ele>
      </trkpt>
      <trkpt lat="47.186880111694336" lon="10.907235145568848">
        <ele>852.37</ele>
      </trkpt>
      <trkpt lat="47.187094604596496" lon="10.90716004371643">
        <ele>851.45</ele>
      </trkpt>
      <trkpt lat="47.18730926513672" lon="10.907084941864014">
        <ele>850.64</ele>
      </trkpt>
      <trkpt lat="47.18747019767761" lon="10.906977569684386">
        <ele>849.9</ele>
      </trkpt>
      <trkpt lat="47.18763121403754" lon="10.906870365142822">
        <ele>849.18</ele>
      </trkpt>
      <trkpt lat="47.18781352043152" lon="10.906741535291076">
        <ele>848.47</ele>
      </trkpt>
      <trkpt lat="47.18799591064453" lon="10.906612873077393">
        <ele>847.78</ele>
      </trkpt>
      <trkpt lat="47.18821761198342" lon="10.90649837628007">
        <ele>847.11</ele>
      </trkpt>
      <trkpt lat="47.188439313322306" lon="10.906383963301778">
        <ele>846.48</ele>
      </trkpt>
      <trkpt lat="47.188661182299256" lon="10.906269550323486">
        <ele>845.86</ele>
      </trkpt>
      <trkpt lat="47.188875591382384" lon="10.906226634979248">
        <ele>845.29</ele>
      </trkpt>
      <trkpt lat="47.18909025192261" lon="10.90618371963501">
        <ele>844.71</ele>
      </trkpt>
      <trkpt lat="47.189283203333616" lon="10.90617299079895">
        <ele>844.12</ele>
      </trkpt>
      <trkpt lat="47.18947649002075" lon="10.90616226196289">
        <ele>843.56</ele>
      </trkpt>
      <trkpt lat="47.18969827517867" lon="10.90638404712081">
        <ele>843.01</ele>
      </trkpt>
      <trkpt lat="47.18992014415562" lon="10.90660591609776">
        <ele>842.43</ele>
      </trkpt>
      <trkpt lat="47.190141677856445" lon="10.906827449798584">
        <ele>841.85</ele>
      </trkpt>
      <trkpt lat="47.1902060508728" lon="10.906870365142822">
        <ele>841.31</ele>
      </trkpt>
      <trkpt lat="47.19038492068648" lon="10.90703490190208">
        <ele>840.79</ele>
      </trkpt>
      <trkpt lat="47.190563790500164" lon="10.907199438661337">
        <ele>840.25</ele>
      </trkpt>
      <trkpt lat="47.19074249267578" lon="10.907363891601562">
        <ele>839.7</ele>
      </trkpt>
      <trkpt lat="47.19092479906976" lon="10.907438909634948">
        <ele>839.13</ele>
      </trkpt>
      <trkpt lat="47.19110727310181" lon="10.907514095306396">
        <ele>838.57</ele>
      </trkpt>
      <trkpt lat="47.191321849823" lon="10.907557010650635">
        <ele>838.0</ele>
      </trkpt>
      <trkpt lat="47.19149342738092" lon="10.907546281814575">
        <ele>837.35</ele>
      </trkpt>
      <trkpt lat="47.191665172576904" lon="10.907535552978516">
        <ele>836.7</ele>
      </trkpt>
      <trkpt lat="47.191836750134826" lon="10.907481908798218">
        <ele>836.03</ele>
      </trkpt>
      <trkpt lat="47.19200857914984" lon="10.90742826461792">
        <ele>835.34</ele>
      </trkpt>
      <trkpt lat="47.192115783691406" lon="10.907106399536133">
        <ele>834.65</ele>
      </trkpt>
      <trkpt lat="47.19233740121126" lon="10.907185021787882">
        <ele>833.86</ele>
      </trkpt>
      <trkpt lat="47.19255910255015" lon="10.907263644039631">
        <ele>833.03</ele>
      </trkpt>
      <trkpt lat="47.1927809715271" lon="10.907342433929443">
        <ele>832.17</ele>
      </trkpt>
      <trkpt lat="47.19300610944629" lon="10.90738526545465">
        <ele>831.3</ele>
      </trkpt>
      <trkpt lat="47.1932315826416" lon="10.90742826461792">
        <ele>830.37</ele>
      </trkpt>
      <trkpt lat="47.19325304031372" lon="10.907599925994873">
        <ele>829.42</ele>
      </trkpt>
      <trkpt lat="47.1933388710022" lon="10.907793045043945">
        <ele>828.44</ele>
      </trkpt>
      <trkpt lat="47.19355344772339" lon="10.908050537109375">
        <ele>827.4</ele>
      </trkpt>
      <trkpt lat="47.19377866946161" lon="10.908168470486999">
        <ele>826.26</ele>
      </trkpt>
      <trkpt lat="47.19400405883789" lon="10.908286571502686">
        <ele>825.06</ele>
      </trkpt>
      <trkpt lat="47.1942400932312" lon="10.908200740814209">
        <ele>823.8</ele>
      </trkpt>
      <trkpt lat="47.19434754922986" lon="10.907921204343438">
        <ele>822.59</ele>
      </trkpt>
      <trkpt lat="47.19445466995239" lon="10.907642841339111">
        <ele>821.37</ele>
      </trkpt>
      <trkpt lat="47.19454050064087" lon="10.907514095306396">
        <ele>820.13</ele>
      </trkpt>
      <trkpt lat="47.19481953419745" lon="10.9074068069458">
        <ele>818.86</ele>
      </trkpt>
      <trkpt lat="47.19506621360779" lon="10.907304883003235">
        <ele>817.54</ele>
      </trkpt>
      <trkpt lat="47.19531289301813" lon="10.907202959060669">
        <ele>816.18</ele>
      </trkpt>
      <trkpt lat="47.195559572428465" lon="10.907101035118103">
        <ele>814.78</ele>
      </trkpt>
      <trkpt lat="47.1958065032959" lon="10.906999111175537">
        <ele>813.41</ele>
      </trkpt>
      <trkpt lat="47.19607472419739" lon="10.906795179471374">
        <ele>812.02</ele>
      </trkpt>
      <trkpt lat="47.19634294509888" lon="10.906591415405273">
        <ele>810.64</ele>
      </trkpt>
      <trkpt lat="47.19654478132725" lon="10.906329397112131">
        <ele>809.25</ele>
      </trkpt>
      <trkpt lat="47.19674670137465" lon="10.906067378818989">
        <ele>807.88</ele>
      </trkpt>
      <trkpt lat="47.19694853760302" lon="10.905805360525846">
        <ele>806.48</ele>
      </trkpt>
      <trkpt lat="47.19715045765042" lon="10.905543342232704">
        <ele>805.07</ele>
      </trkpt>
      <trkpt lat="47.19735145568848" lon="10.905282497406006">
        <ele>803.76</ele>
      </trkpt>
      <trkpt lat="47.19753401353955" lon="10.90497094206512">
        <ele>802.4</ele>
      </trkpt>
      <trkpt lat="47.1977162361145" lon="10.90466022491455">
        <ele>801.06</ele>
      </trkpt>
      <trkpt lat="47.197716319933534" lon="10.90466022491455">
        <ele>799.77</ele>
      </trkpt>
      <trkpt lat="47.19789535738528" lon="10.904359398409724">
        <ele>798.48</ele>
      </trkpt>
      <trkpt lat="47.19807439483702" lon="10.904058571904898">
        <ele>797.22</ele>
      </trkpt>
      <trkpt lat="47.19825276173651" lon="10.903759002685547">
        <ele>795.98</ele>
      </trkpt>
      <trkpt lat="47.19831713475287" lon="10.903651714324951">
        <ele>794.79</ele>
      </trkpt>
      <trkpt lat="47.19844579696655" lon="10.903372764587402">
        <ele>793.6</ele>
      </trkpt>
      <trkpt lat="47.198617458343506" lon="10.903308391571045">
        <ele>792.51</ele>
      </trkpt>
      <trkpt lat="47.19870328903198" lon="10.902965068817139">
        <ele>791.38</ele>
      </trkpt>
      <trkpt lat="47.198703372851014" lon="10.902965068817139">
        <ele>790.37</ele>
      </trkpt>
      <trkpt lat="47.19888593070209" lon="10.902642700821161">
        <ele>789.37</ele>
      </trkpt>
      <trkpt lat="47.1990685723722" lon="10.902320416644216">
        <ele>788.42</ele>
      </trkpt>
      <trkpt lat="47.199251214042306" lon="10.90199813246727">
        <ele>787.52</ele>
      </trkpt>
      <trkpt lat="47.19943284988403" lon="10.90167760848999">
        <ele>786.71</ele>
      </trkpt>
      <trkpt lat="47.199432933703065" lon="10.90167760848999">
        <ele>786.0</ele>
      </trkpt>
      <trkpt lat="47.1996262203902" lon="10.90136244893074">
        <ele>785.31</ele>
      </trkpt>
      <trkpt lat="47.19981959089637" lon="10.901047373190522">
        <ele>784.69</ele>
      </trkpt>
      <trkpt lat="47.20001220703125" lon="10.900733470916748">
        <ele>784.14</ele>
      </trkpt>
      <trkpt lat="47.20001229085028" lon="10.900733470916748">
        <ele>783.73</ele>
      </trkpt>
      <trkpt lat="47.200162494555116" lon="10.900572370737791">
        <ele>783.41</ele>
      </trkpt>
      <trkpt lat="47.20031261444092" lon="10.900411605834961">
        <ele>783.18</ele>
      </trkpt>
      <trkpt lat="47.20026969909668" lon="10.900261402130127">
        <ele>783.02</ele>
      </trkpt>
      <trkpt lat="47.20044136047363" lon="10.900089740753174">
        <ele>782.95</ele>
      </trkpt>
      <trkpt lat="47.200623750686646" lon="10.899950182065368">
        <ele>782.96</ele>
      </trkpt>
      <trkpt lat="47.20080622471869" lon="10.899810791015625">
        <ele>783.08</ele>
      </trkpt>
      <trkpt lat="47.20102080143988" lon="10.89968204498291">
        <ele>783.3</ele>
      </trkpt>
      <trkpt lat="47.20121375285089" lon="10.899606943130493">
        <ele>783.65</ele>
      </trkpt>
      <trkpt lat="47.201406955718994" lon="10.899531841278076">
        <ele>784.09</ele>
      </trkpt>
      <trkpt lat="47.20157861709595" lon="10.899553298950195">
        <ele>784.62</ele>
      </trkpt>
      <trkpt lat="47.201664447784424" lon="10.89968204498291">
        <ele>785.26</ele>
      </trkpt>
      <trkpt lat="47.201685989275575" lon="10.899767875671387">
        <ele>786.01</ele>
      </trkpt>
      <trkpt lat="47.20170736312866" lon="10.89991807937622">
        <ele>786.88</ele>
      </trkpt>
      <trkpt lat="47.2016001585871" lon="10.900325775146484">
        <ele>787.86</ele>
      </trkpt>
      <trkpt lat="47.20151432789862" lon="10.900583267211914">
        <ele>788.95</ele>
      </trkpt>
      <trkpt lat="47.20144987106323" lon="10.900862216949463">
        <ele>790.19</ele>
      </trkpt>
      <trkpt lat="47.20142832957208" lon="10.901098838075995">
        <ele>791.52</ele>
      </trkpt>
      <trkpt lat="47.201407039538026" lon="10.901334285736084">
        <ele>792.92</ele>
      </trkpt>
      <trkpt lat="47.201406955718994" lon="10.901763439178467">
        <ele>794.52</ele>
      </trkpt>
      <trkpt lat="47.20147141255438" lon="10.902106761932373">
        <ele>796.16</ele>
      </trkpt>
      <trkpt lat="47.20155715942383" lon="10.902514457702637">
        <ele>797.86</ele>
      </trkpt>
      <trkpt lat="47.201685989275575" lon="10.9029221534729">
        <ele>799.59</ele>
      </trkpt>
      <trkpt lat="47.20181473530829" lon="10.903244018554688">
        <ele>801.43</ele>
      </trkpt>
      <trkpt lat="47.20193652436137" lon="10.903573594987392">
        <ele>803.43</ele>
      </trkpt>
      <trkpt lat="47.202058313414454" lon="10.903903255239129">
        <ele>805.53</ele>
      </trkpt>
      <trkpt lat="47.20217943191528" lon="10.904231071472168">
        <ele>807.58</ele>
      </trkpt>
      <trkpt lat="47.20226534642279" lon="10.904381275177002">
        <ele>809.73</ele>
      </trkpt>
      <trkpt lat="47.202415466308594" lon="10.904552936553955">
        <ele>812.0</ele>
      </trkpt>
      <trkpt lat="47.20258712768555" lon="10.904595851898193">
        <ele>814.33</ele>
      </trkpt>
      <trkpt lat="47.20269441604614" lon="10.904574394226074">
        <ele>816.59</ele>
      </trkpt>
      <trkpt lat="47.20296263694763" lon="10.904349004849792">
        <ele>818.73</ele>
      </trkpt>
      <trkpt lat="47.20323085784912" lon="10.904123783111572">
        <ele>820.87</ele>
      </trkpt>
      <trkpt lat="47.20348114147782" lon="10.90398782864213">
        <ele>823.29</ele>
      </trkpt>
      <trkpt lat="47.203731425106525" lon="10.90385195799172">
        <ele>825.98</ele>
      </trkpt>
      <trkpt lat="47.20398187637329" lon="10.903716087341309">
        <ele>828.73</ele>
      </trkpt>
      <trkpt lat="47.20404624938965" lon="10.903608798980713">
        <ele>831.17</ele>
      </trkpt>
      <trkpt lat="47.20414297655225" lon="10.90325390920043">
        <ele>833.44</ele>
      </trkpt>
      <trkpt lat="47.20423936843872" lon="10.902900695800781">
        <ele>835.81</ele>
      </trkpt>
      <trkpt lat="47.20433609560132" lon="10.902696512639523">
        <ele>838.28</ele>
      </trkpt>
      <trkpt lat="47.204432571306825" lon="10.902493000030518">
        <ele>840.69</ele>
      </trkpt>
      <trkpt lat="47.20443248748779" lon="10.902493000030518">
        <ele>843.07</ele>
      </trkpt>
      <trkpt lat="47.20458277501166" lon="10.902278423309326">
        <ele>845.53</ele>
      </trkpt>
      <trkpt lat="47.20466868951917" lon="10.901998803019524">
        <ele>847.87</ele>
      </trkpt>
      <trkpt lat="47.20475435256958" lon="10.901720523834229">
        <ele>850.16</ele>
      </trkpt>
      <trkpt lat="47.20484018325806" lon="10.901634693145752">
        <ele>852.55</ele>
      </trkpt>
      <trkpt lat="47.20503338612616" lon="10.901527404785156">
        <ele>855.08</ele>
      </trkpt>
      <trkpt lat="47.2052264213562" lon="10.901398658752441">
        <ele>857.53</ele>
      </trkpt>
      <trkpt lat="47.205398082733154" lon="10.901076793670654">
        <ele>859.81</ele>
      </trkpt>
      <trkpt lat="47.205462623387575" lon="10.900625009089708">
        <ele>862.09</ele>
      </trkpt>
      <trkpt lat="47.2055269125849" lon="10.90017557144165">
        <ele>864.31</ele>
      </trkpt>
      <trkpt lat="47.20559120178223" lon="10.900046825408936">
        <ele>866.53</ele>
      </trkpt>
      <trkpt lat="47.20574148930609" lon="10.89991807937622">
        <ele>868.85</ele>
      </trkpt>
      <trkpt lat="47.20574140548706" lon="10.89991807937622">
        <ele>870.93</ele>
      </trkpt>
      <trkpt lat="47.205870151519775" lon="10.899746417999268">
        <ele>873.04</ele>
      </trkpt>
      <trkpt lat="47.205999149009585" lon="10.899402424693108">
        <ele>875.0</ele>
      </trkpt>
      <trkpt lat="47.206128146499395" lon="10.899058431386948">
        <ele>876.93</ele>
      </trkpt>
      <trkpt lat="47.20625647343695" lon="10.898716449737549">
        <ele>878.91</ele>
      </trkpt>
      <trkpt lat="47.20625638961792" lon="10.898716449737549">
        <ele>880.79</ele>
      </trkpt>
      <trkpt lat="47.206385135650635" lon="10.898523330688477">
        <ele>882.68</ele>
      </trkpt>
      <trkpt lat="47.20654606819153" lon="10.89841595850885">
        <ele>884.55</ele>
      </trkpt>
      <trkpt lat="47.206707084551454" lon="10.898308753967285">
        <ele>886.35</ele>
      </trkpt>
      <trkpt lat="47.20672854222357" lon="10.898287296295166">
        <ele>888.09</ele>
      </trkpt>
      <trkpt lat="47.206943118944764" lon="10.898029804229736">
        <ele>889.89</ele>
      </trkpt>
      <trkpt lat="47.20700749196112" lon="10.897901058197021">
        <ele>891.6</ele>
      </trkpt>
      <trkpt lat="47.20708267763257" lon="10.897621437907219">
        <ele>893.27</ele>
      </trkpt>
      <trkpt lat="47.207157611846924" lon="10.897343158721924">
        <ele>894.9</ele>
      </trkpt>
      <trkpt lat="47.20728644169867" lon="10.897085666656494">
        <ele>896.57</ele>
      </trkpt>
      <trkpt lat="47.20738308504224" lon="10.896892212331295">
        <ele>898.2</ele>
      </trkpt>
      <trkpt lat="47.20747947692871" lon="10.89669942855835">
        <ele>899.78</ele>
      </trkpt>
      <trkpt lat="47.20757612027228" lon="10.896495245397091">
        <ele>901.33</ele>
      </trkpt>
      <trkpt lat="47.20767259597778" lon="10.896291732788086">
        <ele>902.89</ele>
      </trkpt>
      <trkpt lat="47.20773696899414" lon="10.896034240722656">
        <ele>904.36</ele>
      </trkpt>
      <trkpt lat="47.20775851048529" lon="10.89570072479546">
        <ele>905.75</ele>
      </trkpt>
      <trkpt lat="47.20777996815741" lon="10.895369052886963">
        <ele>907.1</ele>
      </trkpt>
      <trkpt lat="47.20775851048529" lon="10.895090103149414">
        <ele>908.47</ele>
      </trkpt>
      <trkpt lat="47.207694137468934" lon="10.894789695739746">
        <ele>909.86</ele>
      </trkpt>
      <trkpt lat="47.20759724266827" lon="10.894413264468312">
        <ele>911.31</ele>
      </trkpt>
      <trkpt lat="47.20750093460083" lon="10.894038677215576">
        <ele>912.67</ele>
      </trkpt>
      <trkpt lat="47.20747956074774" lon="10.893738269805908">
        <ele>914.0</ele>
      </trkpt>
      <trkpt lat="47.20747947692871" lon="10.893738269805908">
        <ele>915.34</ele>
      </trkpt>
      <trkpt lat="47.20758676528931" lon="10.893309116363525">
        <ele>916.54</ele>
      </trkpt>
      <trkpt lat="47.20767259597778" lon="10.893115997314453">
        <ele>917.86</ele>
      </trkpt>
      <trkpt lat="47.207887172698975" lon="10.892794132232666">
        <ele>919.27</ele>
      </trkpt>
      <trkpt lat="47.208112478256226" lon="10.892622387036681">
        <ele>920.76</ele>
      </trkpt>
      <trkpt lat="47.20833786763251" lon="10.892450725659728">
        <ele>922.22</ele>
      </trkpt>
      <trkpt lat="47.20856317318976" lon="10.892278980463743">
        <ele>923.84</ele>
      </trkpt>
      <trkpt lat="47.20878839492798" lon="10.892107486724854">
        <ele>925.44</ele>
      </trkpt>
      <trkpt lat="47.208895683288574" lon="10.8919358253479">
        <ele>926.92</ele>
      </trkpt>
      <trkpt lat="47.20893859863281" lon="10.891656875610352">
        <ele>928.35</ele>
      </trkpt>
      <trkpt lat="47.20894932746887" lon="10.891291089355946">
        <ele>929.75</ele>
      </trkpt>
      <trkpt lat="47.20896005630493" lon="10.8909273147583">
        <ele>931.22</ele>
      </trkpt>
      <trkpt lat="47.20896005630493" lon="10.890734195709229">
        <ele>932.6</ele>
      </trkpt>
      <trkpt lat="47.208874225616455" lon="10.890412330627441">
        <ele>933.74</ele>
      </trkpt>
      <trkpt lat="47.208874225616455" lon="10.890111923217773">
        <ele>935.06</ele>
      </trkpt>
      <trkpt lat="47.208895683288574" lon="10.889832973480225">
        <ele>936.48</ele>
      </trkpt>
      <trkpt lat="47.20893859863281" lon="10.889575481414795">
        <ele>937.85</ele>
      </trkpt>
      <trkpt lat="47.20904588699341" lon="10.889253616333008">
        <ele>939.25</ele>
      </trkpt>
      <trkpt lat="47.20920346677303" lon="10.88890970684588">
        <ele>940.72</ele>
      </trkpt>
      <trkpt lat="47.20936104655266" lon="10.888565797358751">
        <ele>942.18</ele>
      </trkpt>
      <trkpt lat="47.20951795578003" lon="10.888223648071289">
        <ele>943.8</ele>
      </trkpt>
      <trkpt lat="47.20958232879639" lon="10.887987613677979">
        <ele>945.35</ele>
      </trkpt>
      <trkpt lat="47.20958232879639" lon="10.88770866394043">
        <ele>946.88</ele>
      </trkpt>
      <trkpt lat="47.209507059305906" lon="10.887472126632929">
        <ele>948.38</ele>
      </trkpt>
      <trkpt lat="47.20943212509155" lon="10.887236595153809">
        <ele>949.9</ele>
      </trkpt>
      <trkpt lat="47.20930337905884" lon="10.886850357055664">
        <ele>951.28</ele>
      </trkpt>
      <trkpt lat="47.20916725695133" lon="10.886578112840652">
        <ele>952.6</ele>
      </trkpt>
      <trkpt lat="47.209031134843826" lon="10.88630586862564">
        <ele>954.12</ele>
      </trkpt>
      <trkpt lat="47.208895683288574" lon="10.886034965515137">
        <ele>955.69</ele>
      </trkpt>
      <trkpt lat="47.20880993641913" lon="10.885756015777588">
        <ele>957.27</ele>
      </trkpt>
      <trkpt lat="47.2088098526001" lon="10.885756015777588">
        <ele>958.79</ele>
      </trkpt>
      <trkpt lat="47.20878839492798" lon="10.88545560836792">
        <ele>960.39</ele>
      </trkpt>
      <trkpt lat="47.2088098526001" lon="10.885100550949574">
        <ele>962.11</ele>
      </trkpt>
      <trkpt lat="47.20883131027222" lon="10.884747505187988">
        <ele>963.7</ele>
      </trkpt>
      <trkpt lat="47.208895767107606" lon="10.884521696716547">
        <ele>965.27</ele>
      </trkpt>
      <trkpt lat="47.20896005630493" lon="10.884296894073486">
        <ele>966.78</ele>
      </trkpt>
      <trkpt lat="47.20913188531995" lon="10.88404979556799">
        <ele>968.5</ele>
      </trkpt>
      <trkpt lat="47.20930337905884" lon="10.883803367614746">
        <ele>970.19</ele>
      </trkpt>
      <trkpt lat="47.20952885225415" lon="10.88351335376501">
        <ele>971.88</ele>
      </trkpt>
      <trkpt lat="47.20975399017334" lon="10.88322401046753">
        <ele>973.6</ele>
      </trkpt>
      <trkpt lat="47.209904193878174" lon="10.882987976074219">
        <ele>975.4</ele>
      </trkpt>
      <trkpt lat="47.20996856689453" lon="10.882816314697266">
        <ele>977.13</ele>
      </trkpt>
      <trkpt lat="47.20999002456665" lon="10.88245153427124">
        <ele>978.85</ele>
      </trkpt>
      <trkpt lat="47.20994702540338" lon="10.882171830162406">
        <ele>980.47</ele>
      </trkpt>
      <trkpt lat="47.209904277697206" lon="10.881893634796143">
        <ele>982.06</ele>
      </trkpt>
      <trkpt lat="47.209882736206055" lon="10.881507396697998">
        <ele>983.75</ele>
      </trkpt>
      <trkpt lat="47.209947193041444" lon="10.881078243255615">
        <ele>985.49</ele>
      </trkpt>
      <trkpt lat="47.210097312927246" lon="10.880756378173828">
        <ele>987.34</ele>
      </trkpt>
      <trkpt lat="47.21022614277899" lon="10.88057373650372">
        <ele>989.15</ele>
      </trkpt>
      <trkpt lat="47.210354804992676" lon="10.880391597747803">
        <ele>990.87</ele>
      </trkpt>
      <trkpt lat="47.21048355102539" lon="10.880262851715088">
        <ele>992.64</ele>
      </trkpt>
      <trkpt lat="47.210633838549256" lon="10.88019847869873">
        <ele>994.37</ele>
      </trkpt>
      <trkpt lat="47.21091270446777" lon="10.880026817321777">
        <ele>996.12</ele>
      </trkpt>
      <trkpt lat="47.21119165420532" lon="10.879855155944824">
        <ele>997.89</ele>
      </trkpt>
      <trkpt lat="47.211438501253724" lon="10.879640495404601">
        <ele>999.63</ele>
      </trkpt>
      <trkpt lat="47.21168518066406" lon="10.879426002502441">
        <ele>1001.37</ele>
      </trkpt>
      <trkpt lat="47.211856842041016" lon="10.879426002502441">
        <ele>1003.2</ele>
      </trkpt>
      <trkpt lat="47.212157333269715" lon="10.879554748535156">
        <ele>1005.04</ele>
      </trkpt>
      <trkpt lat="47.21230753697455" lon="10.879640579223633">
        <ele>1006.75</ele>
      </trkpt>
      <trkpt lat="47.21247911453247" lon="10.879812240600586">
        <ele>1008.48</ele>
      </trkpt>
      <trkpt lat="47.2125864867121" lon="10.880112648010254">
        <ele>1010.24</ele>
      </trkpt>
      <trkpt lat="47.212693775072694" lon="10.88047742843628">
        <ele>1012.09</ele>
      </trkpt>
      <trkpt lat="47.21280106343329" lon="10.880606174468994">
        <ele>1013.91</ele>
      </trkpt>
      <trkpt lat="47.213058387860656" lon="10.880606090649962">
        <ele>1015.63</ele>
      </trkpt>
      <trkpt lat="47.21331571228802" lon="10.880606090649962">
        <ele>1017.37</ele>
      </trkpt>
      <trkpt lat="47.21357345581055" lon="10.880606174468994">
        <ele>1019.09</ele>
      </trkpt>
      <trkpt lat="47.213787864893675" lon="10.880563259124756">
        <ele>1020.8</ele>
      </trkpt>
      <trkpt lat="47.21400260925293" lon="10.880520343780518">
        <ele>1022.45</ele>
      </trkpt>
      <trkpt lat="47.214152812957764" lon="10.880541801452637">
        <ele>1024.19</ele>
      </trkpt>
      <trkpt lat="47.214367389678955" lon="10.88071346282959">
        <ele>1026.05</ele>
      </trkpt>
      <trkpt lat="47.2144962195307" lon="10.880906581878662">
        <ele>1027.99</ele>
      </trkpt>
      <trkpt lat="47.21468925476074" lon="10.881121158599854">
        <ele>1029.94</ele>
      </trkpt>
      <trkpt lat="47.214839458465576" lon="10.88122844696045">
        <ele>1031.8</ele>
      </trkpt>
      <trkpt lat="47.21496820449829" lon="10.881249904632568">
        <ele>1033.58</ele>
      </trkpt>
      <trkpt lat="47.215139865875244" lon="10.88122844696045">
        <ele>1035.43</ele>
      </trkpt>
      <trkpt lat="47.21526861190796" lon="10.881164073944092">
        <ele>1037.22</ele>
      </trkpt>
      <trkpt lat="47.21548318862915" lon="10.881003057584167">
        <ele>1039.06</ele>
      </trkpt>
      <trkpt lat="47.21569776535034" lon="10.880842208862305">
        <ele>1040.9</ele>
      </trkpt>
      <trkpt lat="47.21580513752997" lon="10.880670296028256">
        <ele>1042.71</ele>
      </trkpt>
      <trkpt lat="47.21591234207153" lon="10.880498886108398">
        <ele>1044.51</ele>
      </trkpt>
      <trkpt lat="47.216075621545315" lon="10.880172159522772">
        <ele>1046.38</ele>
      </trkpt>
      <trkpt lat="47.21623898483813" lon="10.879845516756177">
        <ele>1048.21</ele>
      </trkpt>
      <trkpt lat="47.21640234813094" lon="10.879518873989582">
        <ele>1050.01</ele>
      </trkpt>
      <trkpt lat="47.216565711423755" lon="10.879192231222987">
        <ele>1051.95</ele>
      </trkpt>
      <trkpt lat="47.21672781743109" lon="10.878868103027344">
        <ele>1053.86</ele>
      </trkpt>
      <trkpt lat="47.21672773361206" lon="10.878868103027344">
        <ele>1055.65</ele>
      </trkpt>
      <trkpt lat="47.21688891761005" lon="10.878567192703485">
        <ele>1057.48</ele>
      </trkpt>
      <trkpt lat="47.21704968251288" lon="10.878267288208008">
        <ele>1059.27</ele>
      </trkpt>
      <trkpt lat="47.217156970873475" lon="10.878181457519531">
        <ele>1061.11</ele>
      </trkpt>
      <trkpt lat="47.217371463775635" lon="10.878009796142578">
        <ele>1062.9</ele>
      </trkpt>
      <trkpt lat="47.21750020980835" lon="10.877988338470459">
        <ele>1064.73</ele>
      </trkpt>
      <trkpt lat="47.21756458282471" lon="10.878074169158936">
        <ele>1066.62</ele>
      </trkpt>
      <trkpt lat="47.217586040496826" lon="10.87822437286377">
        <ele>1068.52</ele>
      </trkpt>
      <trkpt lat="47.21754312515259" lon="10.878331661224365">
        <ele>1070.37</ele>
      </trkpt>
      <trkpt lat="47.21738202497363" lon="10.87853567674756">
        <ele>1072.23</ele>
      </trkpt>
      <trkpt lat="47.2172212600708" lon="10.878739356994629">
        <ele>1074.1</ele>
      </trkpt>
      <trkpt lat="47.217092514038086" lon="10.87897539138794">
        <ele>1075.99</ele>
      </trkpt>
      <trkpt lat="47.21702814102173" lon="10.87921142578125">
        <ele>1077.94</ele>
      </trkpt>
      <trkpt lat="47.21702814102173" lon="10.87946891784668">
        <ele>1079.92</ele>
      </trkpt>
      <trkpt lat="47.217078348621726" lon="10.879813078790903">
        <ele>1081.97</ele>
      </trkpt>
      <trkpt lat="47.217128556221724" lon="10.880157239735126">
        <ele>1083.97</ele>
      </trkpt>
      <trkpt lat="47.217178428545594" lon="10.880498886108398">
        <ele>1085.99</ele>
      </trkpt>
      <trkpt lat="47.21717834472656" lon="10.880498886108398">
        <ele>1087.9</ele>
      </trkpt>
      <trkpt lat="47.217113971710205" lon="10.880670547485352">
        <ele>1089.89</ele>
      </trkpt>
      <trkpt lat="47.21700676716864" lon="10.880777835845947">
        <ele>1091.87</ele>
      </trkpt>
      <trkpt lat="47.21679210662842" lon="10.880885124206543">
        <ele>1093.73</ele>
      </trkpt>
      <trkpt lat="47.21674919128418" lon="10.8809494972229">
        <ele>1095.66</ele>
      </trkpt>
      <trkpt lat="47.2166633605957" lon="10.88122844696045">
        <ele>1097.68</ele>
      </trkpt>
      <trkpt lat="47.216620445251465" lon="10.88144302368164">
        <ele>1099.69</ele>
      </trkpt>
      <trkpt lat="47.216620445251465" lon="10.881657600402832">
        <ele>1101.77</ele>
      </trkpt>
      <trkpt lat="47.216674173250794" lon="10.881980219855905">
        <ele>1104.02</ele>
      </trkpt>
      <trkpt lat="47.21672773361206" lon="10.882301330566406">
        <ele>1106.17</ele>
      </trkpt>
      <trkpt lat="47.21680300310254" lon="10.882505513727665">
        <ele>1108.29</ele>
      </trkpt>
      <trkpt lat="47.216878021135926" lon="10.88270902633667">
        <ele>1110.36</ele>
      </trkpt>
      <trkpt lat="47.21698522567749" lon="10.882987976074219">
        <ele>1112.42</ele>
      </trkpt>
      <trkpt lat="47.21702814102173" lon="10.883266925811768">
        <ele>1114.46</ele>
      </trkpt>
      <trkpt lat="47.21695287153125" lon="10.883471108973026">
        <ele>1116.47</ele>
      </trkpt>
      <trkpt lat="47.216878021135926" lon="10.883674621582031">
        <ele>1118.5</ele>
      </trkpt>
      <trkpt lat="47.21674919128418" lon="10.883932113647461">
        <ele>1120.58</ele>
      </trkpt>
      <trkpt lat="47.21670635975897" lon="10.884103775024414">
        <ele>1122.66</ele>
      </trkpt>
      <trkpt lat="47.21668481826782" lon="10.884458748623729">
        <ele>1124.85</ele>
      </trkpt>
      <trkpt lat="47.216663444414735" lon="10.884811878204346">
        <ele>1127.01</ele>
      </trkpt>
      <trkpt lat="47.2166633605957" lon="10.884811878204346">
        <ele>1129.16</ele>
      </trkpt>
      <trkpt lat="47.21668481826782" lon="10.88496208190918">
        <ele>1131.39</ele>
      </trkpt>
      <trkpt lat="47.21674919128418" lon="10.885283946990967">
        <ele>1133.7</ele>
      </trkpt>
      <trkpt lat="47.216856479644775" lon="10.885519981384277">
        <ele>1136.01</ele>
      </trkpt>
      <trkpt lat="47.21702814102173" lon="10.885734558105469">
        <ele>1138.31</ele>
      </trkpt>
      <trkpt lat="47.21724280156195" lon="10.885906219482422">
        <ele>1140.63</ele>
      </trkpt>
      <trkpt lat="47.21724271774292" lon="10.885906219482422">
        <ele>1142.9</ele>
      </trkpt>
      <trkpt lat="47.21730717457831" lon="10.88594913482666">
        <ele>1145.23</ele>
      </trkpt>
      <trkpt lat="47.21754320897162" lon="10.886142253875732">
        <ele>1147.74</ele>
      </trkpt>
      <trkpt lat="47.21771478652954" lon="10.886399745941162">
        <ele>1150.22</ele>
      </trkpt>
      <trkpt lat="47.21788669936359" lon="10.886732758954167">
        <ele>1152.72</ele>
      </trkpt>
      <trkpt lat="47.21805810928345" lon="10.887064933776855">
        <ele>1155.27</ele>
      </trkpt>
      <trkpt lat="47.21815844066441" lon="10.887380260974169">
        <ele>1157.82</ele>
      </trkpt>
      <trkpt lat="47.218258855864406" lon="10.887695588171482">
        <ele>1160.18</ele>
      </trkpt>
      <trkpt lat="47.21835860051215" lon="10.888009071350098">
        <ele>1162.53</ele>
      </trkpt>
      <trkpt lat="47.21853042952716" lon="10.888331355527043">
        <ele>1165.09</ele>
      </trkpt>
      <trkpt lat="47.21870192326605" lon="10.888652801513672">
        <ele>1167.67</ele>
      </trkpt>
      <trkpt lat="47.21870183944702" lon="10.888652801513672">
        <ele>1170.11</ele>
      </trkpt>
      <trkpt lat="47.21885229460895" lon="10.889054043218493">
        <ele>1172.69</ele>
      </trkpt>
      <trkpt lat="47.21900274977088" lon="10.889455368742347">
        <ele>1175.2</ele>
      </trkpt>
      <trkpt lat="47.21915245056152" lon="10.889854431152344">
        <ele>1177.85</ele>
      </trkpt>
      <trkpt lat="47.21919536590576" lon="10.890240669250488">
        <ele>1180.36</ele>
      </trkpt>
      <trkpt lat="47.21918455325067" lon="10.890595642849803">
        <ele>1182.76</ele>
      </trkpt>
      <trkpt lat="47.21917390823364" lon="10.89094877243042">
        <ele>1185.19</ele>
      </trkpt>
      <trkpt lat="47.21921682357788" lon="10.891249179840088">
        <ele>1187.7</ele>
      </trkpt>
      <trkpt lat="47.21932411193848" lon="10.891485214233398">
        <ele>1190.34</ele>
      </trkpt>
      <trkpt lat="47.219453025609255" lon="10.891667772084475">
        <ele>1192.97</ele>
      </trkpt>
      <trkpt lat="47.21958168782294" lon="10.891849994659424">
        <ele>1195.59</ele>
      </trkpt>
      <trkpt lat="47.219721246510744" lon="10.892054010182619">
        <ele>1198.22</ele>
      </trkpt>
      <trkpt lat="47.219860553741455" lon="10.892257690429688">
        <ele>1200.87</ele>
      </trkpt>
      <trkpt lat="47.219957280904055" lon="10.892504872754216">
        <ele>1203.31</ele>
      </trkpt>
      <trkpt lat="47.22005367279053" lon="10.892751216888428">
        <ele>1205.81</ele>
      </trkpt>
      <trkpt lat="47.22016112878919" lon="10.893105939030647">
        <ele>1208.36</ele>
      </trkpt>
      <trkpt lat="47.22026824951172" lon="10.89345932006836">
        <ele>1210.9</ele>
      </trkpt>
      <trkpt lat="47.22043991088867" lon="10.893824100494385">
        <ele>1213.54</ele>
      </trkpt>
      <trkpt lat="47.22061718814075" lon="10.89418401941657">
        <ele>1216.09</ele>
      </trkpt>
      <trkpt lat="47.22079446539283" lon="10.894544022157788">
        <ele>1218.64</ele>
      </trkpt>
      <trkpt lat="47.22097182646394" lon="10.894903941079974">
        <ele>1221.31</ele>
      </trkpt>
      <trkpt lat="47.221149103716016" lon="10.895263943821192">
        <ele>1223.95</ele>
      </trkpt>
      <trkpt lat="47.221326380968094" lon="10.89562394656241">
        <ele>1226.5</ele>
      </trkpt>
      <trkpt lat="47.221503742039204" lon="10.895983865484595">
        <ele>1229.13</ele>
      </trkpt>
      <trkpt lat="47.22168101929128" lon="10.896343868225813">
        <ele>1231.89</ele>
      </trkpt>
      <trkpt lat="47.221856117248535" lon="10.89669942855835">
        <ele>1234.51</ele>
      </trkpt>
      <trkpt lat="47.22194194793701" lon="10.897128582000732">
        <ele>1236.97</ele>
      </trkpt>
      <trkpt lat="47.22197413444519" lon="10.897451201453805">
        <ele>1239.45</ele>
      </trkpt>
      <trkpt lat="47.22200632095337" lon="10.897772312164307">
        <ele>1242.0</ele>
      </trkpt>
      <trkpt lat="47.22206013277173" lon="10.898019578307867">
        <ele>1244.59</ele>
      </trkpt>
      <trkpt lat="47.222113693133" lon="10.898265838623047">
        <ele>1247.17</ele>
      </trkpt>
      <trkpt lat="47.22224235534668" lon="10.898609161376953">
        <ele>1249.83</ele>
      </trkpt>
      <trkpt lat="47.22240345552564" lon="10.89892071671784">
        <ele>1252.43</ele>
      </trkpt>
      <trkpt lat="47.22256422042847" lon="10.899231433868408">
        <ele>1255.13</ele>
      </trkpt>
      <trkpt lat="47.22265005111694" lon="10.899553298950195">
        <ele>1257.77</ele>
      </trkpt>
      <trkpt lat="47.22265005111694" lon="10.8998760022223">
        <ele>1260.35</ele>
      </trkpt>
      <trkpt lat="47.22265005111694" lon="10.90019702911377">
        <ele>1262.82</ele>
      </trkpt>
      <trkpt lat="47.222607135772705" lon="10.900561809539795">
        <ele>1265.2</ele>
      </trkpt>
      <trkpt lat="47.22254276275635" lon="10.900712013244629">
        <ele>1267.59</ele>
      </trkpt>
      <trkpt lat="47.222328186035156" lon="10.901012420654297">
        <ele>1269.88</ele>
      </trkpt>
      <trkpt lat="47.22228527069092" lon="10.90120553970337">
        <ele>1272.28</ele>
      </trkpt>
      <trkpt lat="47.222349643707275" lon="10.901505947113037">
        <ele>1274.66</ele>
      </trkpt>
      <trkpt lat="47.22248928621411" lon="10.901796044781804">
        <ele>1277.16</ele>
      </trkpt>
      <trkpt lat="47.222628593444824" lon="10.902085304260254">
        <ele>1279.62</ele>
      </trkpt>
      <trkpt lat="47.22269296646118" lon="10.902342796325684">
        <ele>1281.92</ele>
      </trkpt>
      <trkpt lat="47.22262842580676" lon="10.90267974883318">
        <ele>1284.17</ele>
      </trkpt>
      <trkpt lat="47.22256388515234" lon="10.903016701340675">
        <ele>1286.51</ele>
      </trkpt>
      <trkpt lat="47.22249984741211" lon="10.903351306915283">
        <ele>1288.86</ele>
      </trkpt>
      <trkpt lat="47.22248903475702" lon="10.903609469532967">
        <ele>1291.19</ele>
      </trkpt>
      <trkpt lat="47.22247838973999" lon="10.903866291046143">
        <ele>1293.45</ele>
      </trkpt>
      <trkpt lat="47.222536727786064" lon="10.904281111434102">
        <ele>1295.75</ele>
      </trkpt>
      <trkpt lat="47.22259514965117" lon="10.904696015641093">
        <ele>1297.98</ele>
      </trkpt>
      <trkpt lat="47.222653487697244" lon="10.905110836029053">
        <ele>1300.14</ele>
      </trkpt>
      <trkpt lat="47.22271190956235" lon="10.905525740236044">
        <ele>1302.32</ele>
      </trkpt>
      <trkpt lat="47.222770331427455" lon="10.905940560624003">
        <ele>1304.49</ele>
      </trkpt>
      <trkpt lat="47.22282866947353" lon="10.906355464830995">
        <ele>1306.58</ele>
      </trkpt>
      <trkpt lat="47.222886085510254" lon="10.906763076782227">
        <ele>1308.62</ele>
      </trkpt>
      <trkpt lat="47.222955990582705" lon="10.907171694561839">
        <ele>1310.61</ele>
      </trkpt>
      <trkpt lat="47.223025895655155" lon="10.907580396160483">
        <ele>1312.6</ele>
      </trkpt>
      <trkpt lat="47.223095800727606" lon="10.907989097759128">
        <ele>1314.59</ele>
      </trkpt>
      <trkpt lat="47.2231650352478" lon="10.908393859863281">
        <ele>1316.52</ele>
      </trkpt>
      <trkpt lat="47.223143577575684" lon="10.90869426727295">
        <ele>1318.35</ele>
      </trkpt>
      <trkpt lat="47.22306822426617" lon="10.909102885052562">
        <ele>1320.23</ele>
      </trkpt>
      <trkpt lat="47.22299337387085" lon="10.909509658813477">
        <ele>1322.09</ele>
      </trkpt>
      <trkpt lat="47.22299345768988" lon="10.909831523895264">
        <ele>1323.86</ele>
      </trkpt>
      <trkpt lat="47.22299337387085" lon="10.909831523895264">
        <ele>1325.52</ele>
      </trkpt>
      <trkpt lat="47.22304710187018" lon="10.910197142511606">
        <ele>1327.26</ele>
      </trkpt>
      <trkpt lat="47.223100662231445" lon="10.910561084747314">
        <ele>1328.9</ele>
      </trkpt>
      <trkpt lat="47.22313133999705" lon="10.910994429141283">
        <ele>1330.48</ele>
      </trkpt>
      <trkpt lat="47.22316210158169" lon="10.911427773535252">
        <ele>1332.01</ele>
      </trkpt>
      <trkpt lat="47.22319286316633" lon="10.91186111792922">
        <ele>1333.4</ele>
      </trkpt>
      <trkpt lat="47.22322354093194" lon="10.912294462323189">
        <ele>1334.74</ele>
      </trkpt>
      <trkpt lat="47.22325430251658" lon="10.912727806717157">
        <ele>1336.16</ele>
      </trkpt>
      <trkpt lat="47.22328506410122" lon="10.913161151111126">
        <ele>1337.49</ele>
      </trkpt>
      <trkpt lat="47.22331523895264" lon="10.913586616516113">
        <ele>1338.75</ele>
      </trkpt>
      <trkpt lat="47.22331523895264" lon="10.913823237642646">
        <ele>1339.91</ele>
      </trkpt>
      <trkpt lat="47.22331532277167" lon="10.914058685302734">
        <ele>1341.01</ele>
      </trkpt>
      <trkpt lat="47.22329227253795" lon="10.914460346102715">
        <ele>1342.12</ele>
      </trkpt>
      <trkpt lat="47.22326930612326" lon="10.914862006902695">
        <ele>1343.17</ele>
      </trkpt>
      <trkpt lat="47.22324659116566" lon="10.915260566398501">
        <ele>1344.21</ele>
      </trkpt>
      <trkpt lat="47.22324893809855" lon="10.915300967171788">
        <ele>1345.1</ele>
      </trkpt>
      <trkpt lat="47.22324793227017" lon="10.915337931364775">
        <ele>1345.94</ele>
      </trkpt>
      <trkpt lat="47.22324592061341" lon="10.915373973548412">
        <ele>1346.73</ele>
      </trkpt>
      <trkpt lat="47.22324198111892" lon="10.915407920256257">
        <ele>1347.46</ele>
      </trkpt>
      <trkpt lat="47.223238963633776" lon="10.915444968268275">
        <ele>1348.12</ele>
      </trkpt>
      <trkpt lat="47.22323393449187" lon="10.915481932461262">
        <ele>1348.73</ele>
      </trkpt>
      <trkpt lat="47.223228989169" lon="10.915514957159758">
        <ele>1349.3</ele>
      </trkpt>
      <trkpt lat="47.22322496585548" lon="10.915549993515015">
        <ele>1349.82</ele>
      </trkpt>
      <trkpt lat="47.2232239600271" lon="10.91558394022286">
        <ele>1350.3</ele>
      </trkpt>
      <trkpt lat="47.22322295419872" lon="10.915617970749736">
        <ele>1350.73</ele>
      </trkpt>
      <trkpt lat="47.22322094254196" lon="10.915649989619851">
        <ele>1351.12</ele>
      </trkpt>
      <trkpt lat="47.223218930885196" lon="10.915683936327696">
        <ele>1351.47</ele>
      </trkpt>
      <trkpt lat="47.223215997219086" lon="10.915717966854572">
        <ele>1351.79</ele>
      </trkpt>
      <trkpt lat="47.2232099622488" lon="10.915752919390798">
        <ele>1352.08</ele>
      </trkpt>
      <trkpt lat="47.22320795059204" lon="10.915787955746055">
        <ele>1352.33</ele>
      </trkpt>
      <trkpt lat="47.22320593893528" lon="10.915823997929692">
        <ele>1352.55</ele>
      </trkpt>
      <trkpt lat="47.22320099361241" lon="10.915856938809156">
        <ele>1352.74</ele>
      </trkpt>
      <trkpt lat="47.22319898195565" lon="10.915890969336033">
        <ele>1352.9</ele>
      </trkpt>
      <trkpt lat="47.223193952813745" lon="10.915925921872258">
        <ele>1353.02</ele>
      </trkpt>
      <trkpt lat="47.22318992950022" lon="10.915961964055896">
        <ele>1353.13</ele>
      </trkpt>
      <trkpt lat="47.22318599000573" lon="10.915999934077263">
        <ele>1353.23</ele>
      </trkpt>
      <trkpt lat="47.22318297252059" lon="10.9160359762609">
        <ele>1353.3</ele>
      </trkpt>
      <trkpt lat="47.22317894920707" lon="10.916071934625506">
        <ele>1353.36</ele>
      </trkpt>
      <trkpt lat="47.223176937550306" lon="10.916106970980763">
        <ele>1353.4</ele>
      </trkpt>
      <trkpt lat="47.223174925893545" lon="10.916140917688608">
        <ele>1353.43</ele>
      </trkpt>
      <trkpt lat="47.223173920065165" lon="10.916174948215485">
        <ele>1353.43</ele>
      </trkpt>
      <trkpt lat="47.223170986399055" lon="10.916209984570742">
        <ele>1353.41</ele>
      </trkpt>
      <trkpt lat="47.22316696308553" lon="10.916246948763728">
        <ele>1353.39</ele>
      </trkpt>
      <trkpt lat="47.22316495142877" lon="10.916283996775746">
        <ele>1353.37</ele>
      </trkpt>
      <trkpt lat="47.22315992228687" lon="10.916317943483591">
        <ele>1353.33</ele>
      </trkpt>
      <trkpt lat="47.22315799444914" lon="10.916348956525326">
        <ele>1353.29</ele>
      </trkpt>
      <trkpt lat="47.223151959478855" lon="10.91637996956706">
        <ele>1353.24</ele>
      </trkpt>
      <trkpt lat="47.22314894199371" lon="10.916408970952034">
        <ele>1353.18</ele>
      </trkpt>
      <trkpt lat="47.22314693033695" lon="10.91644392348826">
        <ele>1353.12</ele>
      </trkpt>
      <trkpt lat="47.22314399667084" lon="10.916476948186755">
        <ele>1353.06</ele>
      </trkpt>
      <trkpt lat="47.22313997335732" lon="10.91650896705687">
        <ele>1352.99</ele>
      </trkpt>
      <trkpt lat="47.22313494421542" lon="10.916537968441844">
        <ele>1352.92</ele>
      </trkpt>
      <trkpt lat="47.223132932558656" lon="10.91656998731196">
        <ele>1352.85</ele>
      </trkpt>
      <trkpt lat="47.223130920901895" lon="10.916601922363043">
        <ele>1352.78</ele>
      </trkpt>
      <trkpt lat="47.223127987235785" lon="10.916632935404778">
        <ele>1352.72</ele>
      </trkpt>
      <trkpt lat="47.22312396392226" lon="10.916666965931654">
        <ele>1352.66</ele>
      </trkpt>
      <trkpt lat="47.22311893478036" lon="10.91669898480177">
        <ele>1352.6</ele>
      </trkpt>
      <trkpt lat="47.22311499528587" lon="10.916726980358362">
        <ele>1352.54</ele>
      </trkpt>
      <trkpt lat="47.223106948658824" lon="10.916757993400097">
        <ele>1352.49</ele>
      </trkpt>
      <trkpt lat="47.2231029253453" lon="10.91678992845118">
        <ele>1352.44</ele>
      </trkpt>
      <trkpt lat="47.22310191951692" lon="10.916822953149676">
        <ele>1352.4</ele>
      </trkpt>
      <trkpt lat="47.22309697419405" lon="10.91685195453465">
        <ele>1352.36</ele>
      </trkpt>
      <trkpt lat="47.22309295088053" lon="10.916879950091243">
        <ele>1352.33</ele>
      </trkpt>
      <trkpt lat="47.223089933395386" lon="10.916907945647836">
        <ele>1352.3</ele>
      </trkpt>
      <trkpt lat="47.223085993900895" lon="10.916940970346332">
        <ele>1352.29</ele>
      </trkpt>
      <trkpt lat="47.22308197058737" lon="10.916970977559686">
        <ele>1352.28</ele>
      </trkpt>
      <trkpt lat="47.22307291813195" lon="10.916998973116279">
        <ele>1352.27</ele>
      </trkpt>
      <trkpt lat="47.223066966980696" lon="10.917028980329633">
        <ele>1352.28</ele>
      </trkpt>
      <trkpt lat="47.22305992618203" lon="10.917056975886226">
        <ele>1352.29</ele>
      </trkpt>
      <trkpt lat="47.2230579983443" lon="10.917092934250832">
        <ele>1352.32</ele>
      </trkpt>
      <trkpt lat="47.2230529692024" lon="10.917124953120947">
        <ele>1352.37</ele>
      </trkpt>
      <trkpt lat="47.223047940060496" lon="10.917150937020779">
        <ele>1352.41</ele>
      </trkpt>
      <trkpt lat="47.223042994737625" lon="10.917177926748991">
        <ele>1352.46</ele>
      </trkpt>
      <trkpt lat="47.22303494811058" lon="10.917198965325952">
        <ele>1352.51</ele>
      </trkpt>
      <trkpt lat="47.22302899695933" lon="10.917226960882545">
        <ele>1352.58</ele>
      </trkpt>
      <trkpt lat="47.223020950332284" lon="10.917253950610757">
        <ele>1352.66</ele>
      </trkpt>
      <trkpt lat="47.22301499918103" lon="10.917279934510589">
        <ele>1352.75</ele>
      </trkpt>
      <trkpt lat="47.22300896421075" lon="10.917309941723943">
        <ele>1352.85</ele>
      </trkpt>
      <trkpt lat="47.223002929240465" lon="10.917340954765677">
        <ele>1352.97</ele>
      </trkpt>
      <trkpt lat="47.222999995574355" lon="10.917370961979032">
        <ele>1353.12</ele>
      </trkpt>
      <trkpt lat="47.22299597226083" lon="10.917399963364005">
        <ele>1353.27</ele>
      </trkpt>
      <trkpt lat="47.22298792563379" lon="10.917424941435456">
        <ele>1353.41</ele>
      </trkpt>
      <trkpt lat="47.222980968654156" lon="10.91745394282043">
        <ele>1353.57</ele>
      </trkpt>
      <trkpt lat="47.22297493368387" lon="10.917485961690545">
        <ele>1353.75</ele>
      </trkpt>
      <trkpt lat="47.22297099418938" lon="10.91751798056066">
        <ele>1353.94</ele>
      </trkpt>
      <trkpt lat="47.22296395339072" lon="10.917545976117253">
        <ele>1354.14</ele>
      </trkpt>
      <trkpt lat="47.222960935905576" lon="10.917575983330607">
        <ele>1354.35</ele>
      </trkpt>
      <trkpt lat="47.22295297309756" lon="10.91760196723044">
        <ele>1354.56</ele>
      </trkpt>
      <trkpt lat="47.2229459322989" lon="10.917628956958652">
        <ele>1354.77</ele>
      </trkpt>
      <trkpt lat="47.222937969490886" lon="10.917654940858483">
        <ele>1355.0</ele>
      </trkpt>
      <trkpt lat="47.22292698919773" lon="10.917682936415076">
        <ele>1355.24</ele>
      </trkpt>
      <trkpt lat="47.22291994839907" lon="10.917709926143289">
        <ele>1355.48</ele>
      </trkpt>
      <trkpt lat="47.222912991419435" lon="10.917735993862152">
        <ele>1355.72</ele>
      </trkpt>
      <trkpt lat="47.22290695644915" lon="10.917760971933603">
        <ele>1355.97</ele>
      </trkpt>
      <trkpt lat="47.22290192730725" lon="10.917788967490196">
        <ele>1356.22</ele>
      </trkpt>
      <trkpt lat="47.222895976155996" lon="10.917815957218409">
        <ele>1356.48</ele>
      </trkpt>
      <trkpt lat="47.22288994118571" lon="10.917844958603382">
        <ele>1356.72</ele>
      </trkpt>
      <trkpt lat="47.22288399003446" lon="10.917875971645117">
        <ele>1356.96</ele>
      </trkpt>
      <trkpt lat="47.22287896089256" lon="10.91790497303009">
        <ele>1357.21</ele>
      </trkpt>
      <trkpt lat="47.222870998084545" lon="10.917933974415064">
        <ele>1357.47</ele>
      </trkpt>
      <trkpt lat="47.22286596894264" lon="10.917959958314896">
        <ele>1357.73</ele>
      </trkpt>
      <trkpt lat="47.22286093980074" lon="10.91799097135663">
        <ele>1358.0</ele>
      </trkpt>
      <trkpt lat="47.22285691648722" lon="10.918024918064475">
        <ele>1358.26</ele>
      </trkpt>
      <trkpt lat="47.222852976992726" lon="10.918058948591352">
        <ele>1358.52</ele>
      </trkpt>
      <trkpt lat="47.222849959507585" lon="10.918087949976325">
        <ele>1358.75</ele>
      </trkpt>
      <trkpt lat="47.22284593619406" lon="10.91811795718968">
        <ele>1358.99</ele>
      </trkpt>
      <trkpt lat="47.22284099087119" lon="10.918146958574653">
        <ele>1359.21</ele>
      </trkpt>
      <trkpt lat="47.22283596172929" lon="10.918173948302865">
        <ele>1359.44</ele>
      </trkpt>
      <trkpt lat="47.222828920930624" lon="10.918200938031077">
        <ele>1359.67</ele>
      </trkpt>
      <trkpt lat="47.22282296977937" lon="10.918231951072812">
        <ele>1359.9</ele>
      </trkpt>
      <trkpt lat="47.22281492315233" lon="10.918262964114547">
        <ele>1360.13</ele>
      </trkpt>
      <trkpt lat="47.222808972001076" lon="10.91828995384276">
        <ele>1360.35</ele>
      </trkpt>
      <trkpt lat="47.222805954515934" lon="10.91831493191421">
        <ele>1360.57</ele>
      </trkpt>
      <trkpt lat="47.22280092537403" lon="10.918345944955945">
        <ele>1360.79</ele>
      </trkpt>
      <trkpt lat="47.22279195673764" lon="10.918373940512538">
        <ele>1361.0</ele>
      </trkpt>
      <trkpt lat="47.222782988101244" lon="10.91839799657464">
        <ele>1361.21</ele>
      </trkpt>
      <trkpt lat="47.2227749414742" lon="10.918423980474472">
        <ele>1361.42</ele>
      </trkpt>
      <trkpt lat="47.22276899032295" lon="10.918450970202684">
        <ele>1361.64</ele>
      </trkpt>
      <trkpt lat="47.222764967009425" lon="10.918477959930897">
        <ele>1361.85</ele>
      </trkpt>
      <trkpt lat="47.222762955352664" lon="10.91850595548749">
        <ele>1362.07</ele>
      </trkpt>
      <trkpt lat="47.2227609436959" lon="10.91853093355894">
        <ele>1362.3</ele>
      </trkpt>
      <trkpt lat="47.22275599837303" lon="10.918555995449424">
        <ele>1362.52</ele>
      </trkpt>
      <trkpt lat="47.22274895757437" lon="10.918584996834397">
        <ele>1362.74</ele>
      </trkpt>
      <trkpt lat="47.222744934260845" lon="10.918610980734229">
        <ele>1362.97</ele>
      </trkpt>
      <trkpt lat="47.222739988937974" lon="10.91863696463406">
        <ele>1363.21</ele>
      </trkpt>
      <trkpt lat="47.22273495979607" lon="10.918664960190654">
        <ele>1363.44</ele>
      </trkpt>
      <trkpt lat="47.22272699698806" lon="10.918692955747247">
        <ele>1363.68</ele>
      </trkpt>
      <trkpt lat="47.222722973674536" lon="10.9187229629606">
        <ele>1363.92</ele>
      </trkpt>
      <trkpt lat="47.22271895036101" lon="10.918749952688813">
        <ele>1364.18</ele>
      </trkpt>
      <trkpt lat="47.22271392121911" lon="10.918780965730548">
        <ele>1364.44</ele>
      </trkpt>
      <trkpt lat="47.22270797006786" lon="10.918811978772283">
        <ele>1364.71</ele>
      </trkpt>
      <trkpt lat="47.222703946754336" lon="10.918841985985637">
        <ele>1364.98</ele>
      </trkpt>
      <trkpt lat="47.222700929269195" lon="10.91887098737061">
        <ele>1365.26</ele>
      </trkpt>
      <trkpt lat="47.22269397228956" lon="10.918896971270442">
        <ele>1365.55</ele>
      </trkpt>
      <trkpt lat="47.22268793731928" lon="10.918926978483796">
        <ele>1365.84</ele>
      </trkpt>
      <trkpt lat="47.22268198616803" lon="10.918954974040389">
        <ele>1366.15</ele>
      </trkpt>
      <trkpt lat="47.222677962854505" lon="10.918983975425363">
        <ele>1366.46</ele>
      </trkpt>
      <trkpt lat="47.22267393954098" lon="10.919010965153575">
        <ele>1366.77</ele>
      </trkpt>
      <trkpt lat="47.22266698256135" lon="10.919037954881787">
        <ele>1367.1</ele>
      </trkpt>
      <trkpt lat="47.22266396507621" lon="10.91906595043838">
        <ele>1367.43</ele>
      </trkpt>
      <trkpt lat="47.22266195341945" lon="10.919093945994973">
        <ele>1367.77</ele>
      </trkpt>
      <trkpt lat="47.222657930105925" lon="10.919124959036708">
        <ele>1368.12</ele>
      </trkpt>
      <trkpt lat="47.22265298478305" lon="10.91915094293654">
        <ele>1368.48</ele>
      </trkpt>
      <trkpt lat="47.22264896146953" lon="10.919178938493133">
        <ele>1368.84</ele>
      </trkpt>
      <trkpt lat="47.22264493815601" lon="10.919208945706487">
        <ele>1369.2</ele>
      </trkpt>
      <trkpt lat="47.22264292649925" lon="10.919232917949557">
        <ele>1369.57</ele>
      </trkpt>
      <trkpt lat="47.222633957862854" lon="10.91925898566842">
        <ele>1369.94</ele>
      </trkpt>
      <trkpt lat="47.22262993454933" lon="10.91928195208311">
        <ele>1370.31</ele>
      </trkpt>
      <trkpt lat="47.22262498922646" lon="10.919307935982943">
        <ele>1370.69</ele>
      </trkpt>
      <trkpt lat="47.22261996008456" lon="10.919333919882774">
        <ele>1371.07</ele>
      </trkpt>
      <trkpt lat="47.222610991448164" lon="10.919362921267748">
        <ele>1371.46</ele>
      </trkpt>
      <trkpt lat="47.22260696813464" lon="10.919389994814992">
        <ele>1371.85</ele>
      </trkpt>
      <trkpt lat="47.22260193899274" lon="10.919421929866076">
        <ele>1372.25</ele>
      </trkpt>
      <trkpt lat="47.2225989215076" lon="10.919449925422668">
        <ele>1372.65</ele>
      </trkpt>
      <trkpt lat="47.222593976184726" lon="10.919476998969913">
        <ele>1373.05</ele>
      </trkpt>
      <trkpt lat="47.22258894704282" lon="10.919503988698125">
        <ele>1373.46</ele>
      </trkpt>
      <trkpt lat="47.22258592955768" lon="10.919526955112815">
        <ele>1373.86</ele>
      </trkpt>
      <trkpt lat="47.22258391790092" lon="10.919553944841027">
        <ele>1374.27</ele>
      </trkpt>
      <trkpt lat="47.22258199006319" lon="10.91958093456924">
        <ele>1374.69</ele>
      </trkpt>
      <trkpt lat="47.22258391790092" lon="10.919608930125833">
        <ele>1375.11</ele>
      </trkpt>
      <trkpt lat="47.22258592955768" lon="10.919639943167567">
        <ele>1375.53</ele>
      </trkpt>
      <trkpt lat="47.22258794121444" lon="10.91966793872416">
        <ele>1375.94</ele>
      </trkpt>
      <trkpt lat="47.2225899528712" lon="10.919693922623992">
        <ele>1376.36</ele>
      </trkpt>
      <trkpt lat="47.222591964527965" lon="10.919722924008965">
        <ele>1376.78</ele>
      </trkpt>
      <trkpt lat="47.22259598784149" lon="10.9197539370507">
        <ele>1377.2</ele>
      </trkpt>
      <trkpt lat="47.22260093316436" lon="10.919783944264054">
        <ele>1377.61</ele>
      </trkpt>
      <trkpt lat="47.22260696813464" lon="10.919811939820647">
        <ele>1378.03</ele>
      </trkpt>
      <trkpt lat="47.22260696813464" lon="10.91984094120562">
        <ele>1378.44</ele>
      </trkpt>
      <trkpt lat="47.22260998561978" lon="10.919867930933833">
        <ele>1378.85</ele>
      </trkpt>
      <trkpt lat="47.222611997276545" lon="10.919896932318807">
        <ele>1379.26</ele>
      </trkpt>
      <trkpt lat="47.222616942599416" lon="10.91992693953216">
        <ele>1379.67</ele>
      </trkpt>
      <trkpt lat="47.22262197174132" lon="10.919955940917134">
        <ele>1380.08</ele>
      </trkpt>
      <trkpt lat="47.22262599505484" lon="10.919984942302108">
        <ele>1380.48</ele>
      </trkpt>
      <trkpt lat="47.22263094037771" lon="10.920013943687081">
        <ele>1380.88</ele>
      </trkpt>
      <trkpt lat="47.222636975347996" lon="10.920040933415294">
        <ele>1381.27</ele>
      </trkpt>
      <trkpt lat="47.22264393232763" lon="10.920068928971887">
        <ele>1381.65</ele>
      </trkpt>
      <trkpt lat="47.22264795564115" lon="10.92009692452848">
        <ele>1382.02</ele>
      </trkpt>
      <trkpt lat="47.22265197895467" lon="10.920126931741834">
        <ele>1382.39</ele>
      </trkpt>
      <trkpt lat="47.222656924277544" lon="10.920157944783568">
        <ele>1382.76</ele>
      </trkpt>
      <trkpt lat="47.22266396507621" lon="10.920188957825303">
        <ele>1383.12</ele>
      </trkpt>
      <trkpt lat="47.22266698256135" lon="10.920216953381896">
        <ele>1383.48</ele>
      </trkpt>
      <trkpt lat="47.22266991622746" lon="10.920244948938489">
        <ele>1383.82</ele>
      </trkpt>
      <trkpt lat="47.22267393954098" lon="10.920271938666701">
        <ele>1384.16</ele>
      </trkpt>
      <trkpt lat="47.22267595119774" lon="10.920297922566533">
        <ele>1384.48</ele>
      </trkpt>
      <trkpt lat="47.222676957026124" lon="10.920325918123126">
        <ele>1384.8</ele>
      </trkpt>
      <trkpt lat="47.222676957026124" lon="10.92035399749875">
        <ele>1385.11</ele>
      </trkpt>
      <trkpt lat="47.222677962854505" lon="10.920377969741821">
        <ele>1385.41</ele>
      </trkpt>
      <trkpt lat="47.222680980339646" lon="10.920401941984892">
        <ele>1385.7</ele>
      </trkpt>
      <trkpt lat="47.22268399782479" lon="10.920424992218614">
        <ele>1385.99</ele>
      </trkpt>
      <trkpt lat="47.22268592566252" lon="10.920449970290065">
        <ele>1386.27</ele>
      </trkpt>
      <trkpt lat="47.2226869314909" lon="10.9204809833318">
        <ele>1386.53</ele>
      </trkpt>
      <trkpt lat="47.22268592566252" lon="10.920508978888392">
        <ele>1386.79</ele>
      </trkpt>
      <trkpt lat="47.22268592566252" lon="10.920534962788224">
        <ele>1387.04</ele>
      </trkpt>
      <trkpt lat="47.22268491983414" lon="10.920559940859675">
        <ele>1387.28</ele>
      </trkpt>
      <trkpt lat="47.22268399782479" lon="10.920586930587888">
        <ele>1387.51</ele>
      </trkpt>
      <trkpt lat="47.22268491983414" lon="10.9206139203161">
        <ele>1387.74</ele>
      </trkpt>
      <trkpt lat="47.22268793731928" lon="10.920639988034964">
        <ele>1387.96</ele>
      </trkpt>
      <trkpt lat="47.22268894314766" lon="10.920666977763176">
        <ele>1388.17</ele>
      </trkpt>
      <trkpt lat="47.2226869314909" lon="10.920690950006247">
        <ele>1388.37</ele>
      </trkpt>
      <trkpt lat="47.2226869314909" lon="10.92071894556284">
        <ele>1388.57</ele>
      </trkpt>
      <trkpt lat="47.22268491983414" lon="10.920745935291052">
        <ele>1388.76</ele>
      </trkpt>
      <trkpt lat="47.22268299199641" lon="10.920768985524774">
        <ele>1388.94</ele>
      </trkpt>
      <trkpt lat="47.222680980339646" lon="10.920792957767844">
        <ele>1389.12</ele>
      </trkpt>
      <trkpt lat="47.222679974511266" lon="10.920821959152818">
        <ele>1389.29</ele>
      </trkpt>
      <trkpt lat="47.222679974511266" lon="10.920846937224269">
        <ele>1389.46</ele>
      </trkpt>
      <trkpt lat="47.222676957026124" lon="10.92086998745799">
        <ele>1389.62</ele>
      </trkpt>
      <trkpt lat="47.2226729337126" lon="10.92089295387268">
        <ele>1389.78</ele>
      </trkpt>
      <trkpt lat="47.22267192788422" lon="10.92091592028737">
        <ele>1389.94</ele>
      </trkpt>
      <trkpt lat="47.22266798838973" lon="10.920942993834615">
        <ele>1390.1</ele>
      </trkpt>
      <trkpt lat="47.22266698256135" lon="10.920968977734447">
        <ele>1390.26</ele>
      </trkpt>
      <trkpt lat="47.22266497090459" lon="10.9209989849478">
        <ele>1390.41</ele>
      </trkpt>
      <trkpt lat="47.22266195341945" lon="10.921026980504394">
        <ele>1390.56</ele>
      </trkpt>
      <trkpt lat="47.222656924277544" lon="10.921054976060987">
        <ele>1390.7</ele>
      </trkpt>
      <trkpt lat="47.222654996439815" lon="10.92108397744596">
        <ele>1390.85</ele>
      </trkpt>
      <trkpt lat="47.22265298478305" lon="10.921110967174172">
        <ele>1391.0</ele>
      </trkpt>
      <trkpt lat="47.22265197895467" lon="10.921136951074004">
        <ele>1391.15</ele>
      </trkpt>
      <trkpt lat="47.22265197895467" lon="10.921164946630597">
        <ele>1391.3</ele>
      </trkpt>
      <trkpt lat="47.22265097312629" lon="10.921190930530429">
        <ele>1391.46</ele>
      </trkpt>
      <trkpt lat="47.22265097312629" lon="10.921214986592531">
        <ele>1391.62</ele>
      </trkpt>
      <trkpt lat="47.22265298478305" lon="10.921242982149124">
        <ele>1391.78</ele>
      </trkpt>
      <trkpt lat="47.22265197895467" lon="10.921270977705717">
        <ele>1391.94</ele>
      </trkpt>
      <trkpt lat="47.22264996729791" lon="10.92129997909069">
        <ele>1392.09</ele>
      </trkpt>
      <trkpt lat="47.22264896146953" lon="10.921327974647284">
        <ele>1392.25</ele>
      </trkpt>
      <trkpt lat="47.22265298478305" lon="10.921354964375496">
        <ele>1392.41</ele>
      </trkpt>
      <trkpt lat="47.222659941762686" lon="10.921379942446947">
        <ele>1392.58</ele>
      </trkpt>
      <trkpt lat="47.22266195341945" lon="10.921402992680669">
        <ele>1392.74</ele>
      </trkpt>
      <trkpt lat="47.22266698256135" lon="10.921435933560133">
        <ele>1392.91</ele>
      </trkpt>
      <trkpt lat="47.22266991622746" lon="10.921463929116726">
        <ele>1393.08</ele>
      </trkpt>
      <trkpt lat="47.222677962854505" lon="10.921491924673319">
        <ele>1393.26</ele>
      </trkpt>
      <trkpt lat="47.22268592566252" lon="10.921516986563802">
        <ele>1393.43</ele>
      </trkpt>
      <trkpt lat="47.22269296646118" lon="10.921540958806872">
        <ele>1393.61</ele>
      </trkpt>
      <trkpt lat="47.222696989774704" lon="10.921560991555452">
        <ele>1393.79</ele>
      </trkpt>
      <trkpt lat="47.222699923440814" lon="10.921584963798523">
        <ele>1393.96</ele>
      </trkpt>
      <trkpt lat="47.22270495258272" lon="10.921605918556452">
        <ele>1394.15</ele>
      </trkpt>
      <trkpt lat="47.22271299920976" lon="10.921628968790174">
        <ele>1394.33</ele>
      </trkpt>
      <trkpt lat="47.22271895036101" lon="10.921654952690005">
        <ele>1394.51</ele>
      </trkpt>
      <trkpt lat="47.22272791899741" lon="10.921678924933076">
        <ele>1394.7</ele>
      </trkpt>
      <trkpt lat="47.22273697145283" lon="10.92170599848032">
        <ele>1394.89</ele>
      </trkpt>
      <trkpt lat="47.222744934260845" lon="10.921733994036913">
        <ele>1395.08</ele>
      </trkpt>
      <trkpt lat="47.22275398671627" lon="10.921758972108364">
        <ele>1395.27</ele>
      </trkpt>
      <trkpt lat="47.2227609436959" lon="10.921782944351435">
        <ele>1395.45</ele>
      </trkpt>
      <trkpt lat="47.22276899032295" lon="10.921801971271634">
        <ele>1395.62</ele>
      </trkpt>
      <trkpt lat="47.22277795895934" lon="10.921821920201182">
        <ele>1395.79</ele>
      </trkpt>
      <trkpt lat="47.222785921767354" lon="10.921843964606524">
        <ele>1395.96</ele>
      </trkpt>
      <trkpt lat="47.22279497422278" lon="10.921860979869962">
        <ele>1396.13</ele>
      </trkpt>
      <trkpt lat="47.22280394285917" lon="10.92188193462789">
        <ele>1396.29</ele>
      </trkpt>
      <trkpt lat="47.2228129953146" lon="10.921905990689993">
        <ele>1396.46</ele>
      </trkpt>
      <trkpt lat="47.22282397560775" lon="10.921929962933064">
        <ele>1396.62</ele>
      </trkpt>
      <trkpt lat="47.222832944244146" lon="10.921954941004515">
        <ele>1396.78</ele>
      </trkpt>
      <trkpt lat="47.2228439245373" lon="10.921984948217869">
        <ele>1396.93</ele>
      </trkpt>
      <trkpt lat="47.222850965335965" lon="10.922012943774462">
        <ele>1397.08</ele>
      </trkpt>
      <trkpt lat="47.2228629514575" lon="10.922039933502674">
        <ele>1397.23</ele>
      </trkpt>
      <trkpt lat="47.222873931750655" lon="10.922058960422873">
        <ele>1397.38</ele>
      </trkpt>
      <trkpt lat="47.22288399003446" lon="10.922078993171453">
        <ele>1397.52</ele>
      </trkpt>
      <trkpt lat="47.22289698198438" lon="10.922100953757763">
        <ele>1397.65</ele>
      </trkpt>
      <trkpt lat="47.22290595062077" lon="10.922122998163104">
        <ele>1397.77</ele>
      </trkpt>
      <trkpt lat="47.222914919257164" lon="10.922146970406175">
        <ele>1397.9</ele>
      </trkpt>
      <trkpt lat="47.22292497754097" lon="10.922168930992484">
        <ele>1398.01</ele>
      </trkpt>
      <trkpt lat="47.222934952005744" lon="10.922190975397825">
        <ele>1398.13</ele>
      </trkpt>
      <trkpt lat="47.2229459322989" lon="10.922212935984135">
        <ele>1398.25</ele>
      </trkpt>
      <trkpt lat="47.222956996411085" lon="10.922236992046237">
        <ele>1398.36</ele>
      </trkpt>
      <trkpt lat="47.222960935905576" lon="10.922262975946069">
        <ele>1398.46</ele>
      </trkpt>
      <trkpt lat="47.22296697087586" lon="10.92228694818914">
        <ele>1398.56</ele>
      </trkpt>
      <trkpt lat="47.222969988361" lon="10.922309998422861">
        <ele>1398.66</ele>
      </trkpt>
      <trkpt lat="47.22297694534063" lon="10.92233195900917">
        <ele>1398.77</ele>
      </trkpt>
      <trkpt lat="47.22298499196768" lon="10.92235199175775">
        <ele>1398.87</ele>
      </trkpt>
      <trkpt lat="47.22299094311893" lon="10.922376969829202">
        <ele>1398.98</ele>
      </trkpt>
      <trkpt lat="47.223000917583704" lon="10.922401947900653">
        <ele>1399.09</ele>
      </trkpt>
      <trkpt lat="47.22300594672561" lon="10.922425920143723">
        <ele>1399.2</ele>
      </trkpt>
      <trkpt lat="47.22301499918103" lon="10.922451987862587">
        <ele>1399.3</ele>
      </trkpt>
      <trkpt lat="47.223024973645806" lon="10.92248098924756">
        <ele>1399.41</ele>
      </trkpt>
      <trkpt lat="47.2230339422822" lon="10.922508984804153">
        <ele>1399.52</ele>
      </trkpt>
      <trkpt lat="47.223040983080864" lon="10.922537986189127">
        <ele>1399.63</ele>
      </trkpt>
      <trkpt lat="47.223047940060496" lon="10.92256497591734">
        <ele>1399.74</ele>
      </trkpt>
      <trkpt lat="47.22305397503078" lon="10.922590959817171">
        <ele>1399.84</ele>
      </trkpt>
      <trkpt lat="47.2230579983443" lon="10.922617949545383">
        <ele>1399.94</ele>
      </trkpt>
      <trkpt lat="47.22306294366717" lon="10.922643933445215">
        <ele>1400.05</ele>
      </trkpt>
      <trkpt lat="47.22306897863746" lon="10.922668995335698">
        <ele>1400.15</ele>
      </trkpt>
      <trkpt lat="47.22307392396033" lon="10.922692967578769">
        <ele>1400.25</ele>
      </trkpt>
      <trkpt lat="47.22307995893061" lon="10.92271693982184">
        <ele>1400.35</ele>
      </trkpt>
      <trkpt lat="47.223083982244134" lon="10.92274191789329">
        <ele>1400.47</ele>
      </trkpt>
      <trkpt lat="47.223089933395386" lon="10.922765973955393">
        <ele>1400.59</ele>
      </trkpt>
      <trkpt lat="47.22309697419405" lon="10.922787934541702">
        <ele>1400.71</ele>
      </trkpt>
      <trkpt lat="47.22310493700206" lon="10.922811990603805">
        <ele>1400.83</ele>
      </trkpt>
      <trkpt lat="47.223107954487205" lon="10.922836968675256">
        <ele>1400.95</ele>
      </trkpt>
      <trkpt lat="47.22311398945749" lon="10.922858929261565">
        <ele>1401.08</ele>
      </trkpt>
      <trkpt lat="47.22311893478036" lon="10.922883991152048">
        <ele>1401.21</ele>
      </trkpt>
      <trkpt lat="47.22312094643712" lon="10.922911986708641">
        <ele>1401.34</ele>
      </trkpt>
      <trkpt lat="47.223127987235785" lon="10.922940988093615">
        <ele>1401.47</ele>
      </trkpt>
      <trkpt lat="47.223131926730275" lon="10.922968983650208">
        <ele>1401.61</ele>
      </trkpt>
      <trkpt lat="47.22313695587218" lon="10.922993961721659">
        <ele>1401.74</ele>
      </trkpt>
      <trkpt lat="47.22314198501408" lon="10.923014916479588">
        <ele>1401.88</ele>
      </trkpt>
      <trkpt lat="47.22314491868019" lon="10.923036960884929">
        <ele>1402.02</ele>
      </trkpt>
      <trkpt lat="47.22314894199371" lon="10.923063950613141">
        <ele>1402.16</ele>
      </trkpt>
      <trkpt lat="47.22314894199371" lon="10.923088928684592">
        <ele>1402.31</ele>
      </trkpt>
      <trkpt lat="47.22315598279238" lon="10.923112984746695">
        <ele>1402.46</ele>
      </trkpt>
      <trkpt lat="47.22316193394363" lon="10.923133939504623">
        <ele>1402.61</ele>
      </trkpt>
      <trkpt lat="47.22316495142877" lon="10.923155983909965">
        <ele>1402.77</ele>
      </trkpt>
      <trkpt lat="47.22316495142877" lon="10.923180961981416">
        <ele>1402.92</ele>
      </trkpt>
      <trkpt lat="47.223171992227435" lon="10.92321096919477">
        <ele>1403.06</ele>
      </trkpt>
      <trkpt lat="47.223176937550306" lon="10.923238964751363">
        <ele>1403.21</ele>
      </trkpt>
      <trkpt lat="47.22318196669221" lon="10.923265954479575">
        <ele>1403.35</ele>
      </trkpt>
      <trkpt lat="47.22318599000573" lon="10.923292944207788">
        <ele>1403.5</ele>
      </trkpt>
      <trkpt lat="47.223192946985364" lon="10.923316916450858">
        <ele>1403.64</ele>
      </trkpt>
      <trkpt lat="47.223195964470506" lon="10.92334097251296">
        <ele>1403.79</ele>
      </trkpt>
      <trkpt lat="47.22320099361241" lon="10.923370979726315">
        <ele>1403.94</ele>
      </trkpt>
      <trkpt lat="47.22320795059204" lon="10.923397969454527">
        <ele>1404.08</ele>
      </trkpt>
      <trkpt lat="47.22321197390556" lon="10.923423953354359">
        <ele>1404.23</ele>
      </trkpt>
      <trkpt lat="47.223215997219086" lon="10.923452954739332">
        <ele>1404.38</ele>
      </trkpt>
      <trkpt lat="47.22322194837034" lon="10.923481956124306">
        <ele>1404.53</ele>
      </trkpt>
      <trkpt lat="47.22322697751224" lon="10.923509951680899">
        <ele>1404.68</ele>
      </trkpt>
      <trkpt lat="47.22323091700673" lon="10.92353492975235">
        <ele>1404.83</ele>
      </trkpt>
      <trkpt lat="47.223235946148634" lon="10.923560997471213">
        <ele>1404.97</ele>
      </trkpt>
      <trkpt lat="47.22324097529054" lon="10.923586981371045">
        <ele>1405.12</ele>
      </trkpt>
      <trkpt lat="47.22324692644179" lon="10.923612965270877">
        <ele>1405.26</ele>
      </trkpt>
      <trkpt lat="47.22325094975531" lon="10.923636937513947">
        <ele>1405.4</ele>
      </trkpt>
      <trkpt lat="47.223255978897214" lon="10.92365998774767">
        <ele>1405.54</ele>
      </trkpt>
      <trkpt lat="47.223258996382356" lon="10.923685971647501">
        <ele>1405.68</ele>
      </trkpt>
      <trkpt lat="47.223262935876846" lon="10.923710949718952">
        <ele>1405.82</ele>
      </trkpt>
      <trkpt lat="47.22326494753361" lon="10.923733999952674">
        <ele>1405.96</ele>
      </trkpt>
      <trkpt lat="47.22326394170523" lon="10.923757972195745">
        <ele>1406.08</ele>
      </trkpt>
      <trkpt lat="47.223262935876846" lon="10.923778926953673">
        <ele>1406.21</ele>
      </trkpt>
      <trkpt lat="47.223260924220085" lon="10.923805916681886">
        <ele>1406.34</ele>
      </trkpt>
      <trkpt lat="47.223257990553975" lon="10.923830978572369">
        <ele>1406.47</ele>
      </trkpt>
      <trkpt lat="47.22325195558369" lon="10.92385595664382">
        <ele>1406.59</ele>
      </trkpt>
      <trkpt lat="47.2232429869473" lon="10.92387892305851">
        <ele>1406.71</ele>
      </trkpt>
      <trkpt lat="47.22323494032025" lon="10.923901973292232">
        <ele>1406.82</ele>
      </trkpt>
      <trkpt lat="47.22322094254196" lon="10.92391999438405">
        <ele>1406.94</ele>
      </trkpt>
      <trkpt lat="47.22320292145014" lon="10.923927957192063">
        <ele>1407.05</ele>
      </trkpt>
      <trkpt lat="47.22318397834897" lon="10.923928963020444">
        <ele>1407.15</ele>
      </trkpt>
      <trkpt lat="47.22316796891391" lon="10.92392292805016">
        <ele>1407.25</ele>
      </trkpt>
      <trkpt lat="47.223153971135616" lon="10.923913959413767">
        <ele>1407.34</ele>
      </trkpt>
      <trkpt lat="47.22313796170056" lon="10.923908930271864">
        <ele>1407.43</ele>
      </trkpt>
      <trkpt lat="47.22312295809388" lon="10.92389794997871">
        <ele>1407.52</ele>
      </trkpt>
      <trkpt lat="47.223107954487205" lon="10.923883952200413">
        <ele>1407.61</ele>
      </trkpt>
      <trkpt lat="47.22309194505215" lon="10.923871966078877">
        <ele>1407.69</ele>
      </trkpt>
      <trkpt lat="47.22307593561709" lon="10.923857968300581">
        <ele>1407.77</ele>
      </trkpt>
      <trkpt lat="47.22305892035365" lon="10.923841958865523">
        <ele>1407.86</ele>
      </trkpt>
      <trkpt lat="47.223042994737625" lon="10.923822931945324">
        <ele>1407.94</ele>
      </trkpt>
      <trkpt lat="47.22302698530257" lon="10.923799965530634">
        <ele>1408.01</ele>
      </trkpt>
      <trkpt lat="47.22300795838237" lon="10.923780938610435">
        <ele>1408.09</ele>
      </trkpt>
      <trkpt lat="47.22298993729055" lon="10.923766940832138">
        <ele>1408.17</ele>
      </trkpt>
      <trkpt lat="47.22297493368387" lon="10.923753948882222">
        <ele>1408.25</ele>
      </trkpt>
      <trkpt lat="47.222959930077195" lon="10.923736933618784">
        <ele>1408.34</ele>
      </trkpt>
      <trkpt lat="47.2229459322989" lon="10.923720924183726">
        <ele>1408.43</ele>
      </trkpt>
      <trkpt lat="47.22292992286384" lon="10.923708938062191">
        <ele>1408.52</ele>
      </trkpt>
      <trkpt lat="47.222915925085545" lon="10.923697957769036">
        <ele>1408.61</ele>
      </trkpt>
      <trkpt lat="47.22290293313563" lon="10.923685971647501">
        <ele>1408.7</ele>
      </trkpt>
      <trkpt lat="47.22288994118571" lon="10.923673985525966">
        <ele>1408.79</ele>
      </trkpt>
      <trkpt lat="47.222874937579036" lon="10.92366099357605">
        <ele>1408.89</ele>
      </trkpt>
      <trkpt lat="47.22285892814398" lon="10.923644984140992">
        <ele>1408.98</ele>
      </trkpt>
      <trkpt lat="47.22284199669957" lon="10.923627968877554">
        <ele>1409.08</ele>
      </trkpt>
      <trkpt lat="47.22282498143613" lon="10.923613971099257">
        <ele>1409.18</ele>
      </trkpt>
      <trkpt lat="47.222808972001076" lon="10.923600979149342">
        <ele>1409.28</ele>
      </trkpt>
      <trkpt lat="47.22279497422278" lon="10.923585975542665">
        <ele>1409.38</ele>
      </trkpt>
      <trkpt lat="47.22277896478772" lon="10.923571977764368">
        <ele>1409.48</ele>
      </trkpt>
      <trkpt lat="47.222764967009425" lon="10.92355596832931">
        <ele>1409.58</ele>
      </trkpt>
      <trkpt lat="47.22275096923113" lon="10.923541970551014">
        <ele>1409.69</ele>
      </trkpt>
      <trkpt lat="47.22273797728121" lon="10.923525961115956">
        <ele>1409.8</ele>
      </trkpt>
      <trkpt lat="47.22272599115968" lon="10.923507940024137">
        <ele>1409.91</ele>
      </trkpt>
      <trkpt lat="47.22271299920976" lon="10.92349293641746">
        <ele>1410.02</ele>
      </trkpt>
      <trkpt lat="47.222701935097575" lon="10.923478938639164">
        <ele>1410.13</ele>
      </trkpt>
      <trkpt lat="47.22269095480442" lon="10.923462929204106">
        <ele>1410.24</ele>
      </trkpt>
      <trkpt lat="47.222676957026124" lon="10.9234459977597">
        <ele>1410.36</ele>
      </trkpt>
      <trkpt lat="47.22266497090459" lon="10.923429988324642">
        <ele>1410.47</ele>
      </trkpt>
      <trkpt lat="47.22264896146953" lon="10.923410961404443">
        <ele>1410.59</ele>
      </trkpt>
      <trkpt lat="47.222633957862854" lon="10.923392940312624">
        <ele>1410.71</ele>
      </trkpt>
      <trkpt lat="47.22262096591294" lon="10.923376930877566">
        <ele>1410.83</ele>
      </trkpt>
      <trkpt lat="47.2226089797914" lon="10.923360921442509">
        <ele>1410.96</ele>
      </trkpt>
      <trkpt lat="47.222594982013106" lon="10.923347929492593">
        <ele>1411.09</ele>
      </trkpt>
      <trkpt lat="47.22258098423481" lon="10.923331920057535">
        <ele>1411.22</ele>
      </trkpt>
      <trkpt lat="47.22256598062813" lon="10.923316916450858">
        <ele>1411.36</ele>
      </trkpt>
      <trkpt lat="47.222548965364695" lon="10.923301996663213">
        <ele>1411.5</ele>
      </trkpt>
      <trkpt lat="47.22253396175802" lon="10.923287998884916">
        <ele>1411.65</ele>
      </trkpt>
      <trkpt lat="47.2225159406662" lon="10.92327693477273">
        <ele>1411.8</ele>
      </trkpt>
      <trkpt lat="47.22249791957438" lon="10.923266960307956">
        <ele>1411.96</ele>
      </trkpt>
      <trkpt lat="47.22248392179608" lon="10.923251956701279">
        <ele>1412.11</ele>
      </trkpt>
      <trkpt lat="47.22246799618006" lon="10.923239970579743">
        <ele>1412.28</ele>
      </trkpt>
      <trkpt lat="47.22245098091662" lon="10.923227984458208">
        <ele>1412.44</ele>
      </trkpt>
      <trkpt lat="47.22243497148156" lon="10.923214992508292">
        <ele>1412.61</ele>
      </trkpt>
      <trkpt lat="47.222418962046504" lon="10.923202922567725">
        <ele>1412.79</ele>
      </trkpt>
      <trkpt lat="47.222402952611446" lon="10.923192948102951">
        <ele>1412.97</ele>
      </trkpt>
      <trkpt lat="47.22238593734801" lon="10.923181967809796">
        <ele>1413.15</ele>
      </trkpt>
      <trkpt lat="47.22236992791295" lon="10.923169981688261">
        <ele>1413.33</ele>
      </trkpt>
      <trkpt lat="47.222356935963035" lon="10.923151960596442">
        <ele>1413.51</ele>
      </trkpt>
      <trkpt lat="47.22233899869025" lon="10.923139974474907">
        <ele>1413.71</ele>
      </trkpt>
      <trkpt lat="47.22231997177005" lon="10.923128994181752">
        <ele>1413.9</ele>
      </trkpt>
      <trkpt lat="47.22230094484985" lon="10.923117930069566">
        <ele>1414.1</ele>
      </trkpt>
      <trkpt lat="47.22228292375803" lon="10.923109967261553">
        <ele>1414.3</ele>
      </trkpt>
      <trkpt lat="47.22226398065686" lon="10.92310099862516">
        <ele>1414.5</ele>
      </trkpt>
      <trkpt lat="47.22224595956504" lon="10.923093957826495">
        <ele>1414.7</ele>
      </trkpt>
      <trkpt lat="47.222226932644844" lon="10.923087922856212">
        <ele>1414.91</ele>
      </trkpt>
      <trkpt lat="47.222204972058535" lon="10.923084989190102">
        <ele>1415.11</ele>
      </trkpt>
      <trkpt lat="47.222185945138335" lon="10.923087922856212">
        <ele>1415.32</ele>
      </trkpt>
      <trkpt lat="47.222166918218136" lon="10.923089934512973">
        <ele>1415.53</ele>
      </trkpt>
      <trkpt lat="47.22215199843049" lon="10.923099992796779">
        <ele>1415.74</ele>
      </trkpt>
      <trkpt lat="47.22213992848992" lon="10.923115918412805">
        <ele>1415.95</ele>
      </trkpt>
      <trkpt lat="47.22213196568191" lon="10.923135951161385">
        <ele>1416.16</ele>
      </trkpt>
      <trkpt lat="47.22212299704552" lon="10.923160929232836">
        <ele>1416.37</ele>
      </trkpt>
      <trkpt lat="47.222117967903614" lon="10.923188924789429">
        <ele>1416.57</ele>
      </trkpt>
      <trkpt lat="47.22211696207523" lon="10.923221949487925">
        <ele>1416.76</ele>
      </trkpt>
      <trkpt lat="47.222121991217136" lon="10.92325396835804">
        <ele>1416.95</ele>
      </trkpt>
      <trkpt lat="47.22212894819677" lon="10.923280958086252">
        <ele>1417.12</ele>
      </trkpt>
      <trkpt lat="47.22213699482381" lon="10.923303924500942">
        <ele>1417.28</ele>
      </trkpt>
      <trkpt lat="47.22214998677373" lon="10.923324963077903">
        <ele>1417.44</ele>
      </trkpt>
      <trkpt lat="47.22216599620879" lon="10.923348935320973">
        <ele>1417.59</ele>
      </trkpt>
      <trkpt lat="47.222180999815464" lon="10.923378942534328">
        <ele>1417.73</ele>
      </trkpt>
      <trkpt lat="47.22219591960311" lon="10.92340693809092">
        <ele>1417.87</ele>
      </trkpt>
      <trkpt lat="47.222209917381406" lon="10.9234269708395">
        <ele>1418.0</ele>
      </trkpt>
      <trkpt lat="47.22222098149359" lon="10.923446919769049">
        <ele>1418.12</ele>
      </trkpt>
      <trkpt lat="47.22223598510027" lon="10.92346795834601">
        <ele>1418.23</ele>
      </trkpt>
      <trkpt lat="47.222247971221805" lon="10.92348799109459">
        <ele>1418.33</ele>
      </trkpt>
      <trkpt lat="47.22226096317172" lon="10.92351196333766">
        <ele>1418.42</ele>
      </trkpt>
      <trkpt lat="47.2222759667784" lon="10.92353392392397">
        <ele>1418.51</ele>
      </trkpt>
      <trkpt lat="47.222290970385075" lon="10.923556974157691">
        <ele>1418.58</ele>
      </trkpt>
      <trkpt lat="47.22230396233499" lon="10.923575917258859">
        <ele>1418.65</ele>
      </trkpt>
      <trkpt lat="47.222316954284906" lon="10.923593938350677">
        <ele>1418.71</ele>
      </trkpt>
      <trkpt lat="47.2223309520632" lon="10.92362092807889">
        <ele>1418.76</ele>
      </trkpt>
      <trkpt lat="47.22234595566988" lon="10.923642972484231">
        <ele>1418.81</ele>
      </trkpt>
      <trkpt lat="47.222358947619796" lon="10.92366199940443">
        <ele>1418.84</ele>
      </trkpt>
      <trkpt lat="47.22237093374133" lon="10.923678930848837">
        <ele>1418.87</ele>
      </trkpt>
      <trkpt lat="47.22238593734801" lon="10.923689994961023">
        <ele>1418.89</ele>
      </trkpt>
      <trkpt lat="47.222401946783066" lon="10.9237049985677">
        <ele>1418.91</ele>
      </trkpt>
      <trkpt lat="47.22241493873298" lon="10.923728970810771">
        <ele>1418.92</ele>
      </trkpt>
      <trkpt lat="47.22242692485452" lon="10.9237499255687">
        <ele>1418.92</ele>
      </trkpt>
      <trkpt lat="47.22243698313832" lon="10.9237689524889">
        <ele>1418.92</ele>
      </trkpt>
      <trkpt lat="47.222444945946336" lon="10.92378999106586">
        <ele>1418.92</ele>
      </trkpt>
      <trkpt lat="47.22245693206787" lon="10.923807928338647">
        <ele>1418.91</ele>
      </trkpt>
      <trkpt lat="47.22247092984617" lon="10.923826955258846">
        <ele>1418.89</ele>
      </trkpt>
      <trkpt lat="47.22247998230159" lon="10.923851933330297">
        <ele>1418.88</ele>
      </trkpt>
      <trkpt lat="47.222488950937986" lon="10.92387699522078">
        <ele>1418.87</ele>
      </trkpt>
      <trkpt lat="47.22250294871628" lon="10.92389895580709">
        <ele>1418.85</ele>
      </trkpt>
      <trkpt lat="47.22251292318106" lon="10.92391898855567">
        <ele>1418.83</ele>
      </trkpt>
      <trkpt lat="47.22252692095935" lon="10.92394195497036">
        <ele>1418.82</ele>
      </trkpt>
      <trkpt lat="47.22253697924316" lon="10.92396492138505">
        <ele>1418.8</ele>
      </trkpt>
      <trkpt lat="47.222549971193075" lon="10.923982942476869">
        <ele>1418.79</ele>
      </trkpt>
      <trkpt lat="47.22256396897137" lon="10.924002975225449">
        <ele>1418.77</ele>
      </trkpt>
      <trkpt lat="47.22257696092129" lon="10.924019990488887">
        <ele>1418.77</ele>
      </trkpt>
      <trkpt lat="47.22258693538606" lon="10.924037927761674">
        <ele>1418.78</ele>
      </trkpt>
      <trkpt lat="47.2225989215076" lon="10.924055948853493">
        <ele>1418.78</ele>
      </trkpt>
      <trkpt lat="47.2226089797914" lon="10.924075981602073">
        <ele>1418.8</ele>
      </trkpt>
      <trkpt lat="47.22262096591294" lon="10.924095930531621">
        <ele>1418.82</ele>
      </trkpt>
      <trkpt lat="47.222636975347996" lon="10.924118980765343">
        <ele>1418.84</ele>
      </trkpt>
      <trkpt lat="47.22264996729791" lon="10.92413792386651">
        <ele>1418.88</ele>
      </trkpt>
      <trkpt lat="47.22266195341945" lon="10.924159968271852">
        <ele>1418.92</ele>
      </trkpt>
      <trkpt lat="47.22267595119774" lon="10.924181928858161">
        <ele>1418.97</ele>
      </trkpt>
      <trkpt lat="47.2226869314909" lon="10.924202967435122">
        <ele>1419.03</ele>
      </trkpt>
      <trkpt lat="47.222699923440814" lon="10.924225933849812">
        <ele>1419.1</ele>
      </trkpt>
      <trkpt lat="47.222710987553" lon="10.924249989911914">
        <ele>1419.18</ele>
      </trkpt>
      <trkpt lat="47.222720962017775" lon="10.924272956326604">
        <ele>1419.27</ele>
      </trkpt>
      <trkpt lat="47.22273395396769" lon="10.924296928569674">
        <ele>1419.37</ele>
      </trkpt>
      <trkpt lat="47.222744934260845" lon="10.924321990460157">
        <ele>1419.48</ele>
      </trkpt>
      <trkpt lat="47.22275499254465" lon="10.924344956874847">
        <ele>1419.59</ele>
      </trkpt>
      <trkpt lat="47.222766978666186" lon="10.924366917461157">
        <ele>1419.72</ele>
      </trkpt>
      <trkpt lat="47.22277695313096" lon="10.924387956038117">
        <ele>1419.86</ele>
      </trkpt>
      <trkpt lat="47.22279095090926" lon="10.924408994615078">
        <ele>1420.0</ele>
      </trkpt>
      <trkpt lat="47.2227989975363" lon="10.924430955201387">
        <ele>1420.17</ele>
      </trkpt>
      <trkpt lat="47.222807966172695" lon="10.924455933272839">
        <ele>1420.34</ele>
      </trkpt>
      <trkpt lat="47.22281693480909" lon="10.924479989334941">
        <ele>1420.52</ele>
      </trkpt>
      <trkpt lat="47.22282296977937" lon="10.92450094409287">
        <ele>1420.72</ele>
      </trkpt>
      <trkpt lat="47.222827998921275" lon="10.92452198266983">
        <ele>1420.93</ele>
      </trkpt>
      <trkpt lat="47.222828920930624" lon="10.924545954912901">
        <ele>1421.15</ele>
      </trkpt>
      <trkpt lat="47.222831938415766" lon="10.924572944641113">
        <ele>1421.38</ele>
      </trkpt>
      <trkpt lat="47.222831938415766" lon="10.924602951854467">
        <ele>1421.62</ele>
      </trkpt>
      <trkpt lat="47.222831938415766" lon="10.924633964896202">
        <ele>1421.87</ele>
      </trkpt>
      <trkpt lat="47.22283797338605" lon="10.924656931310892">
        <ele>1422.12</ele>
      </trkpt>
      <trkpt lat="47.22283797338605" lon="10.924683921039104">
        <ele>1422.39</ele>
      </trkpt>
      <trkpt lat="47.22283596172929" lon="10.924711916595697">
        <ele>1422.67</ele>
      </trkpt>
      <trkpt lat="47.22283696755767" lon="10.924738990142941">
        <ele>1422.96</ele>
      </trkpt>
      <trkpt lat="47.22283596172929" lon="10.924763968214393">
        <ele>1423.25</ele>
      </trkpt>
      <trkpt lat="47.22283395007253" lon="10.924788946285844">
        <ele>1423.55</ele>
      </trkpt>
      <trkpt lat="47.222832944244146" lon="10.924813924357295">
        <ele>1423.86</ele>
      </trkpt>
      <trkpt lat="47.222831938415766" lon="10.924838986247778">
        <ele>1424.17</ele>
      </trkpt>
      <trkpt lat="47.222829926759005" lon="10.924862958490849">
        <ele>1424.49</ele>
      </trkpt>
      <trkpt lat="47.222826993092895" lon="10.92488894239068">
        <ele>1424.82</ele>
      </trkpt>
      <trkpt lat="47.222825987264514" lon="10.924915932118893">
        <ele>1425.15</ele>
      </trkpt>
      <trkpt lat="47.22282296977937" lon="10.924943927675486">
        <ele>1425.49</ele>
      </trkpt>
      <trkpt lat="47.22281794063747" lon="10.924968989565969">
        <ele>1425.83</ele>
      </trkpt>
      <trkpt lat="47.2228129953146" lon="10.92499396763742">
        <ele>1426.17</ele>
      </trkpt>
      <trkpt lat="47.222806960344315" lon="10.925019951537251">
        <ele>1426.52</ele>
      </trkpt>
      <trkpt lat="47.22280193120241" lon="10.925043923780322">
        <ele>1426.87</ele>
      </trkpt>
      <trkpt lat="47.22279698587954" lon="10.925068985670805">
        <ele>1427.22</ele>
      </trkpt>
      <trkpt lat="47.22279296256602" lon="10.925093963742256">
        <ele>1427.57</ele>
      </trkpt>
      <trkpt lat="47.22279095090926" lon="10.925116930156946">
        <ele>1427.91</ele>
      </trkpt>
      <trkpt lat="47.222788939252496" lon="10.925137968733907">
        <ele>1428.26</ele>
      </trkpt>
      <trkpt lat="47.222784999758005" lon="10.925157917663455">
        <ele>1428.6</ele>
      </trkpt>
      <trkpt lat="47.2227799706161" lon="10.925182979553938">
        <ele>1428.95</ele>
      </trkpt>
      <trkpt lat="47.22277594730258" lon="10.92520996928215">
        <ele>1429.3</ele>
      </trkpt>
      <trkpt lat="47.22277091816068" lon="10.92523192986846">
        <ele>1429.64</ele>
      </trkpt>
      <trkpt lat="47.222766978666186" lon="10.925259925425053">
        <ele>1429.98</ele>
      </trkpt>
      <trkpt lat="47.22276798449457" lon="10.925284987315536">
        <ele>1430.31</ele>
      </trkpt>
      <trkpt lat="47.222766978666186" lon="10.925308959558606">
        <ele>1430.63</ele>
      </trkpt>
      <trkpt lat="47.222764967009425" lon="10.925332931801677">
        <ele>1430.95</ele>
      </trkpt>
      <trkpt lat="47.222765972837806" lon="10.92535899952054">
        <ele>1431.26</ele>
      </trkpt>
      <trkpt lat="47.22276798449457" lon="10.92538297176361">
        <ele>1431.57</ele>
      </trkpt>
      <trkpt lat="47.22276999615133" lon="10.925407949835062">
        <ele>1431.87</ele>
      </trkpt>
      <trkpt lat="47.22277393564582" lon="10.925433933734894">
        <ele>1432.17</ele>
      </trkpt>
      <trkpt lat="47.22277795895934" lon="10.925463940948248">
        <ele>1432.46</ele>
      </trkpt>
      <trkpt lat="47.222783993929625" lon="10.92549093067646">
        <ele>1432.74</ele>
      </trkpt>
      <trkpt lat="47.22279095090926" lon="10.925513980910182">
        <ele>1433.01</ele>
      </trkpt>
      <trkpt lat="47.22279497422278" lon="10.925536947324872">
        <ele>1433.27</ele>
      </trkpt>
      <trkpt lat="47.22279698587954" lon="10.925559997558594">
        <ele>1433.52</ele>
      </trkpt>
      <trkpt lat="47.22279598005116" lon="10.925586987286806">
        <ele>1433.77</ele>
      </trkpt>
      <trkpt lat="47.2227989975363" lon="10.925613977015018">
        <ele>1434.01</ele>
      </trkpt>
      <trkpt lat="47.22279991954565" lon="10.925645995885134">
        <ele>1434.24</ele>
      </trkpt>
      <trkpt lat="47.222806960344315" lon="10.925673991441727">
        <ele>1434.46</ele>
      </trkpt>
      <trkpt lat="47.22281391732395" lon="10.925698969513178">
        <ele>1434.69</ele>
      </trkpt>
      <trkpt lat="47.22282095812261" lon="10.925717996433377">
        <ele>1434.91</ele>
      </trkpt>
      <trkpt lat="47.222828920930624" lon="10.925736939534545">
        <ele>1435.12</ele>
      </trkpt>
      <trkpt lat="47.22283797338605" lon="10.925755966454744">
        <ele>1435.33</ele>
      </trkpt>
      <trkpt lat="47.222850965335965" lon="10.92576996423304">
        <ele>1435.52</ele>
      </trkpt>
      <trkpt lat="47.2228629514575" lon="10.92578999698162">
        <ele>1435.72</ele>
      </trkpt>
      <trkpt lat="47.222875943407416" lon="10.92581095173955">
        <ele>1435.9</ele>
      </trkpt>
      <trkpt lat="47.22288893535733" lon="10.925828972831368">
        <ele>1436.09</ele>
      </trkpt>
      <trkpt lat="47.22290192730725" lon="10.925844982266426">
        <ele>1436.26</ele>
      </trkpt>
      <trkpt lat="47.222915925085545" lon="10.925862919539213">
        <ele>1436.44</ele>
      </trkpt>
      <trkpt lat="47.22292992286384" lon="10.92587599530816">
        <ele>1436.6</ele>
      </trkpt>
      <trkpt lat="47.22294392064214" lon="10.925889993086457">
        <ele>1436.77</ele>
      </trkpt>
      <trkpt lat="47.222959930077195" lon="10.92589695006609">
        <ele>1436.93</ele>
      </trkpt>
      <trkpt lat="47.222978956997395" lon="10.925905918702483">
        <ele>1437.09</ele>
      </trkpt>
      <trkpt lat="47.222998989745975" lon="10.925913965329528">
        <ele>1437.25</ele>
      </trkpt>
      <trkpt lat="47.22301793284714" lon="10.925915976986289">
        <ele>1437.41</ele>
      </trkpt>
      <trkpt lat="47.22303695976734" lon="10.92591899447143">
        <ele>1437.57</ele>
      </trkpt>
      <trkpt lat="47.22305397503078" lon="10.925913965329528">
        <ele>1437.72</ele>
      </trkpt>
      <trkpt lat="47.22306998446584" lon="10.925911953672767">
        <ele>1437.89</ele>
      </trkpt>
      <trkpt lat="47.223087921738625" lon="10.925905918702483">
        <ele>1438.05</ele>
      </trkpt>
      <trkpt lat="47.223106948658824" lon="10.925900973379612">
        <ele>1438.22</ele>
      </trkpt>
      <trkpt lat="47.223126981407404" lon="10.92589795589447">
        <ele>1438.39</ele>
      </trkpt>
      <trkpt lat="47.22314592450857" lon="10.925890998914838">
        <ele>1438.57</ele>
      </trkpt>
      <trkpt lat="47.22316293977201" lon="10.925881946459413">
        <ele>1438.76</ele>
      </trkpt>
      <trkpt lat="47.223176937550306" lon="10.925872977823019">
        <ele>1438.96</ele>
      </trkpt>
      <trkpt lat="47.223194958642125" lon="10.925866942852736">
        <ele>1439.16</ele>
      </trkpt>
      <trkpt lat="47.223212979733944" lon="10.925861997529864">
        <ele>1439.37</ele>
      </trkpt>
      <trkpt lat="47.22323192283511" lon="10.925859985873103">
        <ele>1439.6</ele>
      </trkpt>
      <trkpt lat="47.22325195558369" lon="10.925868954509497">
        <ele>1439.85</ele>
      </trkpt>
      <trkpt lat="47.22326695919037" lon="10.925885969772935">
        <ele>1440.12</ele>
      </trkpt>
      <trkpt lat="47.22327793948352" lon="10.925910947844386">
        <ele>1440.4</ele>
      </trkpt>
      <trkpt lat="47.223281962797046" lon="10.925938943400979">
        <ele>1440.71</ele>
      </trkpt>
      <trkpt lat="47.223278945311904" lon="10.925966938957572">
        <ele>1441.02</ele>
      </trkpt>
      <trkpt lat="47.22326897084713" lon="10.925988983362913">
        <ele>1441.35</ele>
      </trkpt>
      <trkpt lat="47.22325296141207" lon="10.926010943949223">
        <ele>1441.68</ele>
      </trkpt>
      <trkpt lat="47.223237957805395" lon="10.926028965041041">
        <ele>1442.03</ele>
      </trkpt>
      <trkpt lat="47.22322094254196" lon="10.92604598030448">
        <ele>1442.38</ele>
      </trkpt>
      <trkpt lat="47.22320292145014" lon="10.926059978082776">
        <ele>1442.74</ele>
      </trkpt>
      <trkpt lat="47.22318397834897" lon="10.926077999174595">
        <ele>1443.11</ele>
      </trkpt>
      <trkpt lat="47.22316394560039" lon="10.926086967810988">
        <ele>1443.48</ele>
      </trkpt>
      <trkpt lat="47.22314491868019" lon="10.926096942275763">
        <ele>1443.85</ele>
      </trkpt>
      <trkpt lat="47.22312496975064" lon="10.926107922568917">
        <ele>1444.23</ele>
      </trkpt>
      <trkpt lat="47.223106948658824" lon="10.926115969195962">
        <ele>1444.6</ele>
      </trkpt>
      <trkpt lat="47.223087921738625" lon="10.926123932003975">
        <ele>1444.97</ele>
      </trkpt>
      <trkpt lat="47.22306897863746" lon="10.92613591812551">
        <ele>1445.36</ele>
      </trkpt>
      <trkpt lat="47.22305397503078" lon="10.926145976409316">
        <ele>1445.74</ele>
      </trkpt>
      <trkpt lat="47.2230389714241" lon="10.926152933388948">
        <ele>1446.13</ele>
      </trkpt>
      <trkpt lat="47.223023967817426" lon="10.926160980015993">
        <ele>1446.52</ele>
      </trkpt>
      <trkpt lat="47.22300997003913" lon="10.926170954480767">
        <ele>1446.91</ele>
      </trkpt>
      <trkpt lat="47.222999995574355" lon="10.92617698945105">
        <ele>1447.29</ele>
      </trkpt>
      <trkpt lat="47.22298691980541" lon="10.926186963915825">
        <ele>1447.68</ele>
      </trkpt>
      <trkpt lat="47.22297292202711" lon="10.926192998886108">
        <ele>1448.07</ele>
      </trkpt>
      <trkpt lat="47.222957918420434" lon="10.92619995586574">
        <ele>1448.46</ele>
      </trkpt>
      <trkpt lat="47.22294098697603" lon="10.926207918673754">
        <ele>1448.85</ele>
      </trkpt>
      <trkpt lat="47.22292196005583" lon="10.926215965300798">
        <ele>1449.24</ele>
      </trkpt>
      <trkpt lat="47.22290293313563" lon="10.92622191645205">
        <ele>1449.62</ele>
      </trkpt>
      <trkpt lat="47.22288298420608" lon="10.926231974735856">
        <ele>1450.01</ele>
      </trkpt>
      <trkpt lat="47.22286697477102" lon="10.926244966685772">
        <ele>1450.38</ele>
      </trkpt>
      <trkpt lat="47.222850965335965" lon="10.926257958635688">
        <ele>1450.75</ele>
      </trkpt>
      <trkpt lat="47.22283395007253" lon="10.926269944757223">
        <ele>1451.1</ele>
      </trkpt>
      <trkpt lat="47.22281693480909" lon="10.926282936707139">
        <ele>1451.45</ele>
      </trkpt>
      <trkpt lat="47.22279799170792" lon="10.926296934485435">
        <ele>1451.79</ele>
      </trkpt>
      <trkpt lat="47.22277795895934" lon="10.92630892060697">
        <ele>1452.12</ele>
      </trkpt>
      <trkpt lat="47.22275792621076" lon="10.926323924213648">
        <ele>1452.44</ele>
      </trkpt>
      <trkpt lat="47.222739988937974" lon="10.926342951133847">
        <ele>1452.75</ele>
      </trkpt>
      <trkpt lat="47.222721967846155" lon="10.926363989710808">
        <ele>1453.05</ele>
      </trkpt>
      <trkpt lat="47.222702940925956" lon="10.926385950297117">
        <ele>1453.33</ele>
      </trkpt>
      <trkpt lat="47.22268793731928" lon="10.926410928368568">
        <ele>1453.62</ele>
      </trkpt>
      <trkpt lat="47.22267595119774" lon="10.926441941410303">
        <ele>1453.88</ele>
      </trkpt>
      <trkpt lat="47.22267092205584" lon="10.926479995250702">
        <ele>1454.13</ele>
      </trkpt>
      <trkpt lat="47.22267192788422" lon="10.92652391642332">
        <ele>1454.35</ele>
      </trkpt>
      <trkpt lat="47.22268198616803" lon="10.9265629760921">
        <ele>1454.53</ele>
      </trkpt>
      <trkpt lat="47.222701935097575" lon="10.926589965820312">
        <ele>1454.69</ele>
      </trkpt>
      <trkpt lat="47.22272599115968" lon="10.926611926406622">
        <ele>1454.84</ele>
      </trkpt>
      <trkpt lat="47.22275692038238" lon="10.926611926406622">
        <ele>1454.96</ele>
      </trkpt>
      <trkpt lat="47.22279698587954" lon="10.926601951941848">
        <ele>1455.07</ele>
      </trkpt>
      <trkpt lat="47.222830932587385" lon="10.926583930850029">
        <ele>1455.14</ele>
      </trkpt>
      <trkpt lat="47.22286395728588" lon="10.926560964435339">
        <ele>1455.19</ele>
      </trkpt>
      <trkpt lat="47.222895976155996" lon="10.926535986363888">
        <ele>1455.23</ele>
      </trkpt>
      <trkpt lat="47.22292799502611" lon="10.926511930301785">
        <ele>1455.26</ele>
      </trkpt>
      <trkpt lat="47.222957918420434" lon="10.926486952230334">
        <ele>1455.27</ele>
      </trkpt>
      <trkpt lat="47.22298792563379" lon="10.926465997472405">
        <ele>1455.29</ele>
      </trkpt>
      <trkpt lat="47.22301298752427" lon="10.926440935581923">
        <ele>1455.3</ele>
      </trkpt>
      <trkpt lat="47.22303695976734" lon="10.926421992480755">
        <ele>1455.31</ele>
      </trkpt>
      <trkpt lat="47.2230579983443" lon="10.926410928368568">
        <ele>1455.31</ele>
      </trkpt>
      <trkpt lat="47.22308096475899" lon="10.92639491893351">
        <ele>1455.31</ele>
      </trkpt>
      <trkpt lat="47.22310099750757" lon="10.926377987489104">
        <ele>1455.3</ele>
      </trkpt>
      <trkpt lat="47.22312597557902" lon="10.926365917548537">
        <ele>1455.3</ele>
      </trkpt>
      <trkpt lat="47.223149947822094" lon="10.926359966397285">
        <ele>1455.29</ele>
      </trkpt>
      <trkpt lat="47.223175931721926" lon="10.926353931427002">
        <ele>1455.29</ele>
      </trkpt>
      <trkpt lat="47.223195964470506" lon="10.926345968618989">
        <ele>1455.28</ele>
      </trkpt>
      <trkpt lat="47.223216919228435" lon="10.92634798027575">
        <ele>1455.28</ele>
      </trkpt>
      <trkpt lat="47.223236951977015" lon="10.926354937255383">
        <ele>1455.28</ele>
      </trkpt>
      <trkpt lat="47.223259918391705" lon="10.926358960568905">
        <ele>1455.29</ele>
      </trkpt>
      <trkpt lat="47.223282968625426" lon="10.926366923376918">
        <ele>1455.3</ele>
      </trkpt>
      <trkpt lat="47.223305935040116" lon="10.92637195251882">
        <ele>1455.31</ele>
      </trkpt>
      <trkpt lat="47.22332999110222" lon="10.926378993317485">
        <ele>1455.33</ele>
      </trkpt>
      <trkpt lat="47.22335295751691" lon="10.926392991095781">
        <ele>1455.35</ele>
      </trkpt>
      <trkpt lat="47.2233759239316" lon="10.926401959732175">
        <ele>1455.38</ele>
      </trkpt>
      <trkpt lat="47.2233949508518" lon="10.926405983045697">
        <ele>1455.4</ele>
      </trkpt>
      <trkpt lat="47.22341598942876" lon="10.926411934196949">
        <ele>1455.43</ele>
      </trkpt>
      <trkpt lat="47.22344197332859" lon="10.926417969167233">
        <ele>1455.46</ele>
      </trkpt>
      <trkpt lat="47.22346594557166" lon="10.926421992480755">
        <ele>1455.5</ele>
      </trkpt>
      <trkpt lat="47.22348899580538" lon="10.926423920318484">
        <ele>1455.53</ele>
      </trkpt>
      <trkpt lat="47.22351296804845" lon="10.926427943632007">
        <ele>1455.58</ele>
      </trkpt>
      <trkpt lat="47.22353593446314" lon="10.926428949460387">
        <ele>1455.62</ele>
      </trkpt>
      <trkpt lat="47.223559990525246" lon="10.926424926146865">
        <ele>1455.68</ele>
      </trkpt>
      <trkpt lat="47.22358597442508" lon="10.926423920318484">
        <ele>1455.74</ele>
      </trkpt>
      <trkpt lat="47.22360894083977" lon="10.926416963338852">
        <ele>1455.81</ele>
      </trkpt>
      <trkpt lat="47.22362897358835" lon="10.926408916711807">
        <ele>1455.87</ele>
      </trkpt>
      <trkpt lat="47.223649928346276" lon="10.926403971388936">
        <ele>1455.95</ele>
      </trkpt>
      <trkpt lat="47.22367096692324" lon="10.926402965560555">
        <ele>1456.04</ele>
      </trkpt>
      <trkpt lat="47.22369099967182" lon="10.926409922540188">
        <ele>1456.13</ele>
      </trkpt>
      <trkpt lat="47.22370298579335" lon="10.92641394585371">
        <ele>1456.23</ele>
      </trkpt>
      <trkpt lat="47.22371497191489" lon="10.92641294002533">
        <ele>1456.33</ele>
      </trkpt>
      <trkpt lat="47.223775992169976" lon="10.926514947786927">
        <ele>1456.57</ele>
      </trkpt>
      <trkpt lat="47.223755959421396" lon="10.926535986363888">
        <ele>1456.69</ele>
      </trkpt>
      <trkpt lat="47.22373399883509" lon="10.926547972485423">
        <ele>1456.81</ele>
      </trkpt>
      <trkpt lat="47.223709942772985" lon="10.926552917808294">
        <ele>1456.92</ele>
      </trkpt>
      <trkpt lat="47.22367993555963" lon="10.926558952778578">
        <ele>1457.04</ele>
      </trkpt>
      <trkpt lat="47.223649928346276" lon="10.926560964435339">
        <ele>1457.15</ele>
      </trkpt>
      <trkpt lat="47.22361899912357" lon="10.926566999405622">
        <ele>1457.28</ele>
      </trkpt>
      <trkpt lat="47.22358698025346" lon="10.926569933071733">
        <ele>1457.41</ele>
      </trkpt>
      <trkpt lat="47.22355496138334" lon="10.926570938900113">
        <ele>1457.53</ele>
      </trkpt>
      <trkpt lat="47.22352495416999" lon="10.926572950556874">
        <ele>1457.67</ele>
      </trkpt>
      <trkpt lat="47.223496958613396" lon="10.926572950556874">
        <ele>1457.82</ele>
      </trkpt>
      <trkpt lat="47.22346594557166" lon="10.926574962213635">
        <ele>1457.99</ele>
      </trkpt>
      <trkpt lat="47.22343895584345" lon="10.926573956385255">
        <ele>1458.16</ele>
      </trkpt>
      <trkpt lat="47.22341598942876" lon="10.926574962213635">
        <ele>1458.34</ele>
      </trkpt>
      <trkpt lat="47.2233949508518" lon="10.926579991355538">
        <ele>1458.54</ele>
      </trkpt>
      <trkpt lat="47.22337097860873" lon="10.926583930850029">
        <ele>1458.75</ele>
      </trkpt>
      <trkpt lat="47.223348934203386" lon="10.926587954163551">
        <ele>1458.96</ele>
      </trkpt>
      <trkpt lat="47.223325967788696" lon="10.926594994962215">
        <ele>1459.19</ele>
      </trkpt>
      <trkpt lat="47.223302917554975" lon="10.926607986912131">
        <ele>1459.43</ele>
      </trkpt>
      <trkpt lat="47.223279951140285" lon="10.926619973033667">
        <ele>1459.69</ele>
      </trkpt>
      <trkpt lat="47.223257990553975" lon="10.926630953326821">
        <ele>1459.95</ele>
      </trkpt>
      <trkpt lat="47.223236951977015" lon="10.926643945276737">
        <ele>1460.23</ele>
      </trkpt>
      <trkpt lat="47.223214991390705" lon="10.926655931398273">
        <ele>1460.53</ele>
      </trkpt>
      <trkpt lat="47.223194958642125" lon="10.926667917519808">
        <ele>1460.83</ele>
      </trkpt>
      <trkpt lat="47.223173920065165" lon="10.926681999117136">
        <ele>1461.15</ele>
      </trkpt>
      <trkpt lat="47.22315698862076" lon="10.926696918904781">
        <ele>1461.48</ele>
      </trkpt>
      <trkpt lat="47.22313796170056" lon="10.926711922511458">
        <ele>1461.82</ele>
      </trkpt>
      <trkpt lat="47.22311893478036" lon="10.926728937774897">
        <ele>1462.18</ele>
      </trkpt>
      <trkpt lat="47.22310191951692" lon="10.926743941381574">
        <ele>1462.54</ele>
      </trkpt>
      <trkpt lat="47.22308096475899" lon="10.926760956645012">
        <ele>1462.92</ele>
      </trkpt>
      <trkpt lat="47.22306093201041" lon="10.92677897773683">
        <ele>1463.3</ele>
      </trkpt>
      <trkpt lat="47.223041988909245" lon="10.926792975515127">
        <ele>1463.7</ele>
      </trkpt>
      <trkpt lat="47.223022961989045" lon="10.926809990778565">
        <ele>1464.12</ele>
      </trkpt>
      <trkpt lat="47.223003935068846" lon="10.926828933879733">
        <ele>1464.54</ele>
      </trkpt>
      <trkpt lat="47.22298298031092" lon="10.926847960799932">
        <ele>1464.97</ele>
      </trkpt>
      <trkpt lat="47.22296294756234" lon="10.926867993548512">
        <ele>1465.42</ele>
      </trkpt>
      <trkpt lat="47.22293998114765" lon="10.926884924992919">
        <ele>1465.87</ele>
      </trkpt>
      <trkpt lat="47.22291994839907" lon="10.926902946084738">
        <ele>1466.34</ele>
      </trkpt>
      <trkpt lat="47.22289999946952" lon="10.926919961348176">
        <ele>1466.81</ele>
      </trkpt>
      <trkpt lat="47.22287996672094" lon="10.926939994096756">
        <ele>1467.29</ele>
      </trkpt>
      <trkpt lat="47.22285892814398" lon="10.926959943026304">
        <ele>1467.77</ele>
      </trkpt>
      <trkpt lat="47.22284099087119" lon="10.926976958289742">
        <ele>1468.25</ele>
      </trkpt>
      <trkpt lat="47.22282095812261" lon="10.92699196189642">
        <ele>1468.73</ele>
      </trkpt>
      <trkpt lat="47.2227989975363" lon="10.927010988816619">
        <ele>1469.22</ele>
      </trkpt>
      <trkpt lat="47.2227749414742" lon="10.927027920261025">
        <ele>1469.71</ele>
      </trkpt>
      <trkpt lat="47.22274895757437" lon="10.927042923867702">
        <ele>1470.2</ele>
      </trkpt>
      <trkpt lat="47.2227249853313" lon="10.927053987979889">
        <ele>1470.69</ele>
      </trkpt>
      <trkpt lat="47.222700929269195" lon="10.927067985758185">
        <ele>1471.19</ele>
      </trkpt>
      <trkpt lat="47.222677962854505" lon="10.92707997187972">
        <ele>1471.69</ele>
      </trkpt>
      <trkpt lat="47.22265197895467" lon="10.927091958001256">
        <ele>1472.2</ele>
      </trkpt>
      <trkpt lat="47.22262892872095" lon="10.92710092663765">
        <ele>1472.7</ele>
      </trkpt>
      <trkpt lat="47.22260495647788" lon="10.927107967436314">
        <ele>1473.19</ele>
      </trkpt>
      <trkpt lat="47.22258098423481" lon="10.927114924415946">
        <ele>1473.68</ele>
      </trkpt>
      <trkpt lat="47.22255793400109" lon="10.92712095938623">
        <ele>1474.16</ele>
      </trkpt>
      <trkpt lat="47.22253396175802" lon="10.927125988528132">
        <ele>1474.64</ele>
      </trkpt>
      <trkpt lat="47.222507977858186" lon="10.927128922194242">
        <ele>1475.1</ele>
      </trkpt>
      <trkpt lat="47.222482999786735" lon="10.927131939679384">
        <ele>1475.55</ele>
      </trkpt>
      <trkpt lat="47.22245592623949" lon="10.927136968821287">
        <ele>1475.99</ele>
      </trkpt>
      <trkpt lat="47.22243094816804" lon="10.927142919972539">
        <ele>1476.41</ele>
      </trkpt>
      <trkpt lat="47.22240898758173" lon="10.927149960771203">
        <ele>1476.84</ele>
      </trkpt>
      <trkpt lat="47.222382919862866" lon="10.927157923579216">
        <ele>1477.26</ele>
      </trkpt>
      <trkpt lat="47.222356935963035" lon="10.927166976034641">
        <ele>1477.67</ele>
      </trkpt>
      <trkpt lat="47.2223309520632" lon="10.927173933014274">
        <ele>1478.07</ele>
      </trkpt>
      <trkpt lat="47.22230496816337" lon="10.927180973812938">
        <ele>1478.46</ele>
      </trkpt>
      <trkpt lat="47.22227797843516" lon="10.927180973812938">
        <ele>1478.82</ele>
      </trkpt>
      <trkpt lat="47.22225199453533" lon="10.92718793079257">
        <ele>1479.16</ele>
      </trkpt>
      <trkpt lat="47.22222592681646" lon="10.927198994904757">
        <ele>1479.49</ele>
      </trkpt>
      <trkpt lat="47.22219994291663" lon="10.927212992683053">
        <ele>1479.79</ele>
      </trkpt>
      <trkpt lat="47.22217697650194" lon="10.92723193578422">
        <ele>1480.08</ele>
      </trkpt>
      <trkpt lat="47.22215593792498" lon="10.9272519685328">
        <ele>1480.34</ele>
      </trkpt>
      <trkpt lat="47.22213699482381" lon="10.927277952432632">
        <ele>1480.59</ele>
      </trkpt>
      <trkpt lat="47.222123919054866" lon="10.927309971302748">
        <ele>1480.83</ele>
      </trkpt>
      <trkpt lat="47.22211595624685" lon="10.927350958809257">
        <ele>1481.04</ele>
      </trkpt>
      <trkpt lat="47.22211696207523" lon="10.927394963800907">
        <ele>1481.24</ele>
      </trkpt>
      <trkpt lat="47.22213095985353" lon="10.927436957135797">
        <ele>1481.4</ele>
      </trkpt>
      <trkpt lat="47.22215392626822" lon="10.927468976005912">
        <ele>1481.53</ele>
      </trkpt>
      <trkpt lat="47.22218192182481" lon="10.92748599126935">
        <ele>1481.64</ele>
      </trkpt>
      <trkpt lat="47.222210923209786" lon="10.927496971562505">
        <ele>1481.73</ele>
      </trkpt>
      <trkpt lat="47.22223891876638" lon="10.927500994876027">
        <ele>1481.79</ele>
      </trkpt>
      <trkpt lat="47.22226398065686" lon="10.927498983219266">
        <ele>1481.83</ele>
      </trkpt>
      <trkpt lat="47.222289964556694" lon="10.927495965734124">
        <ele>1481.85</ele>
      </trkpt>
      <trkpt lat="47.222313936799765" lon="10.927496971562505">
        <ele>1481.85</ele>
      </trkpt>
      <trkpt lat="47.22234092652798" lon="10.927499989047647">
        <ele>1481.84</ele>
      </trkpt>
      <trkpt lat="47.22236791625619" lon="10.927496971562505">
        <ele>1481.81</ele>
      </trkpt>
      <trkpt lat="47.22239398397505" lon="10.927492948248982">
        <ele>1481.76</ele>
      </trkpt>
      <trkpt lat="47.222418962046504" lon="10.927482973784208">
        <ele>1481.69</ele>
      </trkpt>
      <trkpt lat="47.222443940117955" lon="10.927479956299067">
        <ele>1481.63</ele>
      </trkpt>
      <trkpt lat="47.22246699035168" lon="10.927474927157164">
        <ele>1481.57</ele>
      </trkpt>
      <trkpt lat="47.22249096259475" lon="10.927468976005912">
        <ele>1481.5</ele>
      </trkpt>
      <trkpt lat="47.22251493483782" lon="10.927457995712757">
        <ele>1481.41</ele>
      </trkpt>
      <trkpt lat="47.22254091873765" lon="10.927448943257332">
        <ele>1481.31</ele>
      </trkpt>
      <trkpt lat="47.22256396897137" lon="10.927439974620938">
        <ele>1481.21</ele>
      </trkpt>
      <trkpt lat="47.22258693538606" lon="10.927432933822274">
        <ele>1481.11</ele>
      </trkpt>
      <trkpt lat="47.22260998561978" lon="10.927429916337132">
        <ele>1481.01</ele>
      </trkpt>
      <trkpt lat="47.22263295203447" lon="10.927426982671022">
        <ele>1480.91</ele>
      </trkpt>
      <trkpt lat="47.222657930105925" lon="10.927424971014261">
        <ele>1480.81</ele>
      </trkpt>
      <trkpt lat="47.222678968682885" lon="10.92742195352912">
        <ele>1480.72</ele>
      </trkpt>
      <trkpt lat="47.22269891761243" lon="10.927415918558836">
        <ele>1480.62</ele>
      </trkpt>
      <trkpt lat="47.222722973674536" lon="10.927406949922442">
        <ele>1480.53</ele>
      </trkpt>
      <trkpt lat="47.22274895757437" lon="10.92740099877119">
        <ele>1480.45</ele>
      </trkpt>
      <trkpt lat="47.22277192398906" lon="10.927389934659004">
        <ele>1480.37</ele>
      </trkpt>
      <trkpt lat="47.22279095090926" lon="10.927381971850991">
        <ele>1480.3</ele>
      </trkpt>
      <trkpt lat="47.222808972001076" lon="10.927372919395566">
        <ele>1480.24</ele>
      </trkpt>
      <trkpt lat="47.222826993092895" lon="10.927371997386217">
        <ele>1480.2</ele>
      </trkpt>
      <trkpt lat="47.2228439245373" lon="10.927363950759172">
        <ele>1480.17</ele>
      </trkpt>
      <trkpt lat="47.22286496311426" lon="10.92735598795116">
        <ele>1480.14</ele>
      </trkpt>
      <trkpt lat="47.22288399003446" lon="10.927348947152495">
        <ele>1480.14</ele>
      </trkpt>
      <trkpt lat="47.22290393896401" lon="10.927344923838973">
        <ele>1480.15</ele>
      </trkpt>
      <trkpt lat="47.22292095422745" lon="10.92733796685934">
        <ele>1480.18</ele>
      </trkpt>
      <trkpt lat="47.222938975319266" lon="10.927331931889057">
        <ele>1480.23</ele>
      </trkpt>
      <trkpt lat="47.222959930077195" lon="10.927325980737805">
        <ele>1480.3</ele>
      </trkpt>
      <trkpt lat="47.222981974482536" lon="10.927315922454">
        <ele>1480.38</ele>
      </trkpt>
      <trkpt lat="47.223002929240465" lon="10.927309971302748">
        <ele>1480.49</ele>
      </trkpt>
      <trkpt lat="47.223021956160665" lon="10.927302930504084">
        <ele>1480.62</ele>
      </trkpt>
      <trkpt lat="47.2230389714241" lon="10.927295973524451">
        <ele>1480.78</ele>
      </trkpt>
      <trkpt lat="47.22305992618203" lon="10.927289938554168">
        <ele>1480.95</ele>
      </trkpt>
      <trkpt lat="47.22307694144547" lon="10.927282981574535">
        <ele>1481.15</ele>
      </trkpt>
      <trkpt lat="47.22309295088053" lon="10.927279964089394">
        <ele>1481.37</ele>
      </trkpt>
      <trkpt lat="47.22311197780073" lon="10.92727392911911">
        <ele>1481.62</ele>
      </trkpt>
      <trkpt lat="47.223131926730275" lon="10.927266972139478">
        <ele>1481.89</ele>
      </trkpt>
      <trkpt lat="47.223149947822094" lon="10.927259931340814">
        <ele>1482.17</ele>
      </trkpt>
      <trkpt lat="47.22316595725715" lon="10.927254986017942">
        <ele>1482.49</ele>
      </trkpt>
      <trkpt lat="47.22318397834897" lon="10.9272519685328">
        <ele>1482.82</ele>
      </trkpt>
      <trkpt lat="47.2232049331069" lon="10.927248951047659">
        <ele>1483.18</ele>
      </trkpt>
      <trkpt lat="47.22322697751224" lon="10.9272519685328">
        <ele>1483.57</ele>
      </trkpt>
      <trkpt lat="47.22324692644179" lon="10.927258925512433">
        <ele>1483.98</ele>
      </trkpt>
      <trkpt lat="47.22326595336199" lon="10.927267977967858">
        <ele>1484.42</ele>
      </trkpt>
      <trkpt lat="47.22328598611057" lon="10.927277952432632">
        <ele>1484.87</ele>
      </trkpt>
      <trkpt lat="47.223305935040116" lon="10.927286921069026">
        <ele>1485.35</ele>
      </trkpt>
      <trkpt lat="47.223324961960316" lon="10.927299996837974">
        <ele>1485.84</ele>
      </trkpt>
      <trkpt lat="47.223342983052135" lon="10.92731399461627">
        <ele>1486.34</ele>
      </trkpt>
      <trkpt lat="47.22336293198168" lon="10.927327992394567">
        <ele>1486.86</ele>
      </trkpt>
      <trkpt lat="47.22337994724512" lon="10.927343918010592">
        <ele>1487.39</ele>
      </trkpt>
      <trkpt lat="47.22339897416532" lon="10.927361939102411">
        <ele>1487.94</ele>
      </trkpt>
      <trkpt lat="47.22341498360038" lon="10.927385995164514">
        <ele>1488.49</ele>
      </trkpt>
      <trkpt lat="47.223432920873165" lon="10.927405944094062">
        <ele>1489.05</ele>
      </trkpt>
      <trkpt lat="47.223450941964984" lon="10.92742195352912">
        <ele>1489.61</ele>
      </trkpt>
      <trkpt lat="47.22346996888518" lon="10.927434945479035">
        <ele>1490.17</ele>
      </trkpt>
      <trkpt lat="47.22348698414862" lon="10.927452966570854">
        <ele>1490.74</ele>
      </trkpt>
      <trkpt lat="47.223497964441776" lon="10.927470987662673">
        <ele>1491.29</ele>
      </trkpt>
      <trkpt lat="47.22350894473493" lon="10.927491942420602">
        <ele>1491.85</ele>
      </trkpt>
      <trkpt lat="47.223519925028086" lon="10.92750996351242">
        <ele>1492.4</ele>
      </trkpt>
      <trkpt lat="47.223532916978" lon="10.927526978775859">
        <ele>1492.95</ele>
      </trkpt>
      <trkpt lat="47.22354498691857" lon="10.927542988210917">
        <ele>1493.48</ele>
      </trkpt>
      <trkpt lat="47.223557978868484" lon="10.927563942968845">
        <ele>1494.01</ele>
      </trkpt>
      <trkpt lat="47.22357298247516" lon="10.927579952403903">
        <ele>1494.52</ele>
      </trkpt>
      <trkpt lat="47.22358798608184" lon="10.927591938525438">
        <ele>1495.01</ele>
      </trkpt>
      <trkpt lat="47.223603995516896" lon="10.927601996809244">
        <ele>1495.48</ele>
      </trkpt>
      <trkpt lat="47.22362193278968" lon="10.927609959617257">
        <ele>1495.94</ele>
      </trkpt>
      <trkpt lat="47.22364095970988" lon="10.92761691659689">
        <ele>1496.38</ele>
      </trkpt>
      <trkpt lat="47.22366099245846" lon="10.927620939910412">
        <ele>1496.79</ele>
      </trkpt>
      <trkpt lat="47.22367892973125" lon="10.927622951567173">
        <ele>1497.18</ele>
      </trkpt>
      <trkpt lat="47.22369493916631" lon="10.92761892825365">
        <ele>1497.54</ele>
      </trkpt>
      <trkpt lat="47.22371597774327" lon="10.92761691659689">
        <ele>1497.88</ele>
      </trkpt>
      <trkpt lat="47.223735926672816" lon="10.927610965445638">
        <ele>1498.19</ele>
      </trkpt>
      <trkpt lat="47.223755959421396" lon="10.927604930475354">
        <ele>1498.47</ele>
      </trkpt>
      <trkpt lat="47.223773980513215" lon="10.927596967667341">
        <ele>1498.73</ele>
      </trkpt>
      <trkpt lat="47.22378998994827" lon="10.927586993202567">
        <ele>1498.95</ele>
      </trkpt>
      <trkpt lat="47.2238109447062" lon="10.927578946575522">
        <ele>1499.16</ele>
      </trkpt>
      <trkpt lat="47.2238299716264" lon="10.92757299542427">
        <ele>1499.34</ele>
      </trkpt>
      <trkpt lat="47.22385092638433" lon="10.927561931312084">
        <ele>1499.48</ele>
      </trkpt>
      <trkpt lat="47.22387095913291" lon="10.92755195684731">
        <ele>1499.6</ele>
      </trkpt>
      <trkpt lat="47.22389099188149" lon="10.927541982382536">
        <ele>1499.69</ele>
      </trkpt>
      <trkpt lat="47.22390599548817" lon="10.92753192409873">
        <ele>1499.76</ele>
      </trkpt>
      <trkpt lat="47.223924938589334" lon="10.927519937977195">
        <ele>1499.79</ele>
      </trkpt>
      <trkpt lat="47.223943965509534" lon="10.927512980997562">
        <ele>1499.81</ele>
      </trkpt>
      <trkpt lat="47.22396198660135" lon="10.927500994876027">
        <ele>1499.8</ele>
      </trkpt>
      <trkpt lat="47.22397891804576" lon="10.92748892493546">
        <ele>1499.77</ele>
      </trkpt>
      <trkpt lat="47.22399693913758" lon="10.927475932985544">
        <ele>1499.72</ele>
      </trkpt>
      <trkpt lat="47.22401596605778" lon="10.92746495269239">
        <ele>1499.65</ele>
      </trkpt>
      <trkpt lat="47.22403599880636" lon="10.927456989884377">
        <ele>1499.56</ele>
      </trkpt>
      <trkpt lat="47.224053936079144" lon="10.927448943257332">
        <ele>1499.46</ele>
      </trkpt>
      <trkpt lat="47.2240699455142" lon="10.927439974620938">
        <ele>1499.33</ele>
      </trkpt>
      <trkpt lat="47.22408494912088" lon="10.927430922165513">
        <ele>1499.19</ele>
      </trkpt>
      <trkpt lat="47.224099952727556" lon="10.927418936043978">
        <ele>1499.01</ele>
      </trkpt>
      <trkpt lat="47.22411495633423" lon="10.927409967407584">
        <ele>1498.83</ele>
      </trkpt>
      <trkpt lat="47.22413197159767" lon="10.92739898711443">
        <ele>1498.63</ele>
      </trkpt>
      <trkpt lat="47.22414999268949" lon="10.927389934659004">
        <ele>1498.41</ele>
      </trkpt>
      <trkpt lat="47.224165918305516" lon="10.92738096602261">
        <ele>1498.19</ele>
      </trkpt>
      <trkpt lat="47.22418092191219" lon="10.927369985729456">
        <ele>1497.97</ele>
      </trkpt>
      <trkpt lat="47.22419793717563" lon="10.92736093327403">
        <ele>1497.73</ele>
      </trkpt>
      <trkpt lat="47.22421495243907" lon="10.927350958809257">
        <ele>1497.5</ele>
      </trkpt>
      <trkpt lat="47.22423297353089" lon="10.927342996001244">
        <ele>1497.26</ele>
      </trkpt>
      <trkpt lat="47.22425593994558" lon="10.927332937717438">
        <ele>1497.02</ele>
      </trkpt>
      <trkpt lat="47.22427597269416" lon="10.927319945767522">
        <ele>1496.78</ele>
      </trkpt>
      <trkpt lat="47.224291982129216" lon="10.92731298878789">
        <ele>1496.56</ele>
      </trkpt>
      <trkpt lat="47.224308997392654" lon="10.927301924675703">
        <ele>1496.33</ele>
      </trkpt>
      <trkpt lat="47.22432995215058" lon="10.92729295603931">
        <ele>1496.12</ele>
      </trkpt>
      <trkpt lat="47.22434998489916" lon="10.927287926897407">
        <ele>1495.92</ele>
      </trkpt>
      <trkpt lat="47.22436892800033" lon="10.927278958261013">
        <ele>1495.72</ele>
      </trkpt>
      <trkpt lat="47.22438393160701" lon="10.92727292329073">
        <ele>1495.54</ele>
      </trkpt>
      <trkpt lat="47.22440195269883" lon="10.927268983796239">
        <ele>1495.38</ele>
      </trkpt>
      <trkpt lat="47.22442399710417" lon="10.927265966311097">
        <ele>1495.23</ele>
      </trkpt>
      <trkpt lat="47.224440928548574" lon="10.927262948825955">
        <ele>1495.1</ele>
      </trkpt>
      <trkpt lat="47.22445894964039" lon="10.927261942997575">
        <ele>1494.99</ele>
      </trkpt>
      <trkpt lat="47.22447596490383" lon="10.927260937169194">
        <ele>1494.9</ele>
      </trkpt>
      <trkpt lat="47.22449691966176" lon="10.927259931340814">
        <ele>1494.83</ele>
      </trkpt>
      <trkpt lat="47.22451494075358" lon="10.927263954654336">
        <ele>1494.8</ele>
      </trkpt>
      <trkpt lat="47.22453095018864" lon="10.927270995453">
        <ele>1494.79</ele>
      </trkpt>
      <trkpt lat="47.224548971280456" lon="10.927276946604252">
        <ele>1494.8</ele>
      </trkpt>
      <trkpt lat="47.224566992372274" lon="10.927287926897407">
        <ele>1494.84</ele>
      </trkpt>
      <trkpt lat="47.2245879471302" lon="10.927298991009593">
        <ele>1494.91</ele>
      </trkpt>
      <trkpt lat="47.22460797987878" lon="10.927311982959509">
        <ele>1495.0</ele>
      </trkpt>
      <trkpt lat="47.22462692297995" lon="10.927323969081044">
        <ele>1495.11</ele>
      </trkpt>
      <trkpt lat="47.22464594990015" lon="10.927338972687721">
        <ele>1495.26</ele>
      </trkpt>
      <trkpt lat="47.22466598264873" lon="10.92735598795116">
        <ele>1495.45</ele>
      </trkpt>
      <trkpt lat="47.2246849257499" lon="10.927369985729456">
        <ele>1495.65</ele>
      </trkpt>
      <trkpt lat="47.2247039526701" lon="10.927386917173862">
        <ele>1495.88</ele>
      </trkpt>
      <trkpt lat="47.224721973761916" lon="10.927405944094062">
        <ele>1496.14</ele>
      </trkpt>
      <trkpt lat="47.224741922691464" lon="10.927430922165513">
        <ele>1496.43</ele>
      </trkpt>
      <trkpt lat="47.2247589379549" lon="10.927456989884377">
        <ele>1496.73</ele>
      </trkpt>
      <trkpt lat="47.22477494738996" lon="10.92748599126935">
        <ele>1497.06</ele>
      </trkpt>
      <trkpt lat="47.22479095682502" lon="10.927518932148814">
        <ele>1497.41</ele>
      </trkpt>
      <trkpt lat="47.22479992546141" lon="10.927549945190549">
        <ele>1497.78</ele>
      </trkpt>
      <trkpt lat="47.22480897791684" lon="10.927582969889045">
        <ele>1498.16</ele>
      </trkpt>
      <trkpt lat="47.22481199540198" lon="10.927611971274018">
        <ele>1498.55</ele>
      </trkpt>
      <trkpt lat="47.22481392323971" lon="10.927640972658992">
        <ele>1498.93</ele>
      </trkpt>
      <trkpt lat="47.22481593489647" lon="10.927670979872346">
        <ele>1499.32</ele>
      </trkpt>
      <trkpt lat="47.22481895238161" lon="10.927705932408571">
        <ele>1499.72</ele>
      </trkpt>
      <trkpt lat="47.22481995820999" lon="10.92774298042059">
        <ele>1500.13</ele>
      </trkpt>
      <trkpt lat="47.22482297569513" lon="10.927779944613576">
        <ele>1500.53</ele>
      </trkpt>
      <trkpt lat="47.224823981523514" lon="10.927816992625594">
        <ele>1500.94</ele>
      </trkpt>
      <trkpt lat="47.22482096403837" lon="10.927855968475342">
        <ele>1501.36</ele>
      </trkpt>
      <trkpt lat="47.22481794655323" lon="10.927892932668328">
        <ele>1501.77</ele>
      </trkpt>
      <trkpt lat="47.22481392323971" lon="10.927926963195205">
        <ele>1502.15</ele>
      </trkpt>
      <trkpt lat="47.22481199540198" lon="10.9279599878937">
        <ele>1502.53</ele>
      </trkpt>
      <trkpt lat="47.224805960431695" lon="10.927993934601545">
        <ele>1502.9</ele>
      </trkpt>
      <trkpt lat="47.22479891963303" lon="10.928031988441944">
        <ele>1503.26</ele>
      </trkpt>
      <trkpt lat="47.22479095682502" lon="10.928072975948453">
        <ele>1503.61</ele>
      </trkpt>
      <trkpt lat="47.224780982360244" lon="10.928115975111723">
        <ele>1503.96</ele>
      </trkpt>
      <trkpt lat="47.22477192990482" lon="10.928159980103374">
        <ele>1504.29</ele>
      </trkpt>
      <trkpt lat="47.224762961268425" lon="10.928203985095024">
        <ele>1504.59</ele>
      </trkpt>
      <trkpt lat="47.22475298680365" lon="10.928246984258294">
        <ele>1504.87</ele>
      </trkpt>
      <trkpt lat="47.224741922691464" lon="10.928291995078325">
        <ele>1505.13</ele>
      </trkpt>
      <trkpt lat="47.22472893074155" lon="10.928337927907705">
        <ele>1505.39</ele>
      </trkpt>
      <trkpt lat="47.224717950448394" lon="10.928385956212878">
        <ele>1505.63</ele>
      </trkpt>
      <trkpt lat="47.22470797598362" lon="10.928442953154445">
        <ele>1505.85</ele>
      </trkpt>
      <trkpt lat="47.224701941013336" lon="10.928504979237914">
        <ele>1506.02</ele>
      </trkpt>
      <trkpt lat="47.224699929356575" lon="10.928573962301016">
        <ele>1506.17</ele>
      </trkpt>
      <trkpt lat="47.224699929356575" lon="10.928640933707356">
        <ele>1506.3</ele>
      </trkpt>
      <trkpt lat="47.224708981812" lon="10.92870899476111">
        <ele>1506.41</ele>
      </trkpt>
      <trkpt lat="47.2247229795903" lon="10.92877697199583">
        <ele>1506.48</ele>
      </trkpt>
      <trkpt lat="47.224740916863084" lon="10.92884193174541">
        <ele>1506.53</ele>
      </trkpt>
      <trkpt lat="47.224764972925186" lon="10.928908986970782">
        <ele>1506.58</ele>
      </trkpt>
      <trkpt lat="47.2247919626534" lon="10.928973946720362">
        <ele>1506.6</ele>
      </trkpt>
      <trkpt lat="47.22482297569513" lon="10.929042929783463">
        <ele>1506.61</ele>
      </trkpt>
      <trkpt lat="47.22485792823136" lon="10.929111996665597">
        <ele>1506.61</ele>
      </trkpt>
      <trkpt lat="47.22489497624338" lon="10.92918299138546">
        <ele>1506.59</ele>
      </trkpt>
      <trkpt lat="47.224935963749886" lon="10.929253986105323">
        <ele>1506.57</ele>
      </trkpt>
      <trkpt lat="47.224978962913156" lon="10.929324980825186">
        <ele>1506.55</ele>
      </trkpt>
      <trkpt lat="47.22502497956157" lon="10.92939698137343">
        <ele>1506.53</ele>
      </trkpt>
      <trkpt lat="47.22507392987609" lon="10.929469987750053">
        <ele>1506.5</ele>
      </trkpt>
      <trkpt lat="47.22512296400964" lon="10.929545927792788">
        <ele>1506.46</ele>
      </trkpt>
      <trkpt lat="47.225171998143196" lon="10.929620945826173">
        <ele>1506.41</ele>
      </trkpt>
      <trkpt lat="47.2252219542861" lon="10.929693952202797">
        <ele>1506.34</ele>
      </trkpt>
      <trkpt lat="47.22527199424803" lon="10.929766958579421">
        <ele>1506.29</ele>
      </trkpt>
      <trkpt lat="47.225319938734174" lon="10.929844994097948">
        <ele>1506.23</ele>
      </trkpt>
      <trkpt lat="47.22536796703935" lon="10.929925963282585">
        <ele>1506.17</ele>
      </trkpt>
      <trkpt lat="47.22541297785938" lon="10.930005926638842">
        <ele>1506.11</ele>
      </trkpt>
      <trkpt lat="47.22545597702265" lon="10.93008697964251">
        <ele>1506.05</ele>
      </trkpt>
      <trkpt lat="47.22550098784268" lon="10.930165937170386">
        <ele>1505.99</ele>
      </trkpt>
      <trkpt lat="47.22554398700595" lon="10.930246990174055">
        <ele>1505.96</ele>
      </trkpt>
      <trkpt lat="47.22558598034084" lon="10.930330976843834">
        <ele>1505.92</ele>
      </trkpt>
      <trkpt lat="47.22562596201897" lon="10.930416975170374">
        <ele>1505.89</ele>
      </trkpt>
      <trkpt lat="47.225665943697095" lon="10.930504985153675">
        <ele>1505.84</ele>
      </trkpt>
      <trkpt lat="47.225707937031984" lon="10.930588971823454">
        <ele>1505.8</ele>
      </trkpt>
      <trkpt lat="47.225749930366874" lon="10.93066692352295">
        <ele>1505.76</ele>
      </trkpt>
      <trkpt lat="47.225794941186905" lon="10.930735990405083">
        <ele>1505.72</ele>
      </trkpt>
      <trkpt lat="47.22584296949208" lon="10.930804973468184">
        <ele>1505.69</ele>
      </trkpt>
      <trkpt lat="47.22589292563498" lon="10.930868927389383">
        <ele>1505.66</ele>
      </trkpt>
      <trkpt lat="47.22594799473882" lon="10.93092299066484">
        <ele>1505.62</ele>
      </trkpt>
      <trkpt lat="47.226005997508764" lon="10.930971940979362">
        <ele>1505.59</ele>
      </trkpt>
      <trkpt lat="47.22606492228806" lon="10.931014940142632">
        <ele>1505.57</ele>
      </trkpt>
      <trkpt lat="47.22612393088639" lon="10.93105198815465">
        <ele>1505.57</ele>
      </trkpt>
      <trkpt lat="47.22618696279824" lon="10.931081995368004">
        <ele>1505.56</ele>
      </trkpt>
      <trkpt lat="47.22624999471009" lon="10.931109990924597">
        <ele>1505.57</ele>
      </trkpt>
      <trkpt lat="47.22631394863129" lon="10.93113698065281">
        <ele>1505.58</ele>
      </trkpt>
      <trkpt lat="47.22637999802828" lon="10.931164976209402">
        <ele>1505.6</ele>
      </trkpt>
      <trkpt lat="47.22644596360624" lon="10.931192971765995">
        <ele>1505.63</ele>
      </trkpt>
      <trkpt lat="47.22651293501258" lon="10.931216944009066">
        <ele>1505.67</ele>
      </trkpt>
      <trkpt lat="47.22657999023795" lon="10.931239994242787">
        <ele>1505.71</ele>
      </trkpt>
      <trkpt lat="47.22664293833077" lon="10.93126597814262">
        <ele>1505.77</ele>
      </trkpt>
      <trkpt lat="47.226706976071" lon="10.93128995038569">
        <ele>1505.85</ele>
      </trkpt>
      <trkpt lat="47.2267709299922" lon="10.931316940113902">
        <ele>1505.94</ele>
      </trkpt>
      <trkpt lat="47.22683295607567" lon="10.931339990347624">
        <ele>1506.03</ele>
      </trkpt>
      <trkpt lat="47.22689498215914" lon="10.931369997560978">
        <ele>1506.13</ele>
      </trkpt>
      <trkpt lat="47.226957930251956" lon="10.931404950097203">
        <ele>1506.24</ele>
      </trkpt>
      <trkpt lat="47.227016938850284" lon="10.931447949260473">
        <ele>1506.35</ele>
      </trkpt>
      <trkpt lat="47.22706697881222" lon="10.931500922888517">
        <ele>1506.47</ele>
      </trkpt>
      <trkpt lat="47.22711098380387" lon="10.93156797811389">
        <ele>1506.57</ele>
      </trkpt>
      <trkpt lat="47.227146942168474" lon="10.931643918156624">
        <ele>1506.68</ele>
      </trkpt>
      <trkpt lat="47.22717996686697" lon="10.931722959503531">
        <ele>1506.81</ele>
      </trkpt>
      <trkpt lat="47.227208968251944" lon="10.931804934516549">
        <ele>1506.93</ele>
      </trkpt>
      <trkpt lat="47.22723696380854" lon="10.931883975863457">
        <ele>1507.04</ele>
      </trkpt>
      <trkpt lat="47.227258924394846" lon="10.931964945048094">
        <ele>1507.17</ele>
      </trkpt>
      <trkpt lat="47.22728398628533" lon="10.93204298056662">
        <ele>1507.3</ele>
      </trkpt>
      <trkpt lat="47.22730997018516" lon="10.932115986943245">
        <ele>1507.45</ele>
      </trkpt>
      <trkpt lat="47.22732899710536" lon="10.932185975834727">
        <ele>1507.59</ele>
      </trkpt>
      <trkpt lat="47.22734299488366" lon="10.932251941412687">
        <ele>1507.74</ele>
      </trkpt>
      <trkpt lat="47.22735699266195" lon="10.93231899663806">
        <ele>1507.9</ele>
      </trkpt>
      <trkpt lat="47.22737492993474" lon="10.932383956387639">
        <ele>1508.06</ele>
      </trkpt>
      <trkpt lat="47.2273909393698" lon="10.932442964985967">
        <ele>1508.22</ele>
      </trkpt>
      <trkpt lat="47.227406948804855" lon="10.932501973584294">
        <ele>1508.38</ele>
      </trkpt>
      <trkpt lat="47.22742195241153" lon="10.932560982182622">
        <ele>1508.55</ele>
      </trkpt>
      <trkpt lat="47.22743393853307" lon="10.932613955810666">
        <ele>1508.72</ele>
      </trkpt>
      <trkpt lat="47.227447936311364" lon="10.932664917781949">
        <ele>1508.93</ele>
      </trkpt>
      <trkpt lat="47.22746293991804" lon="10.932714957743883">
        <ele>1509.14</ele>
      </trkpt>
      <trkpt lat="47.227473920211196" lon="10.932762986049056">
        <ele>1509.35</ele>
      </trkpt>
      <trkpt lat="47.22748699598014" lon="10.932809924706817">
        <ele>1509.56</ele>
      </trkpt>
      <trkpt lat="47.22750199958682" lon="10.93285996466875">
        <ele>1509.78</ele>
      </trkpt>
      <trkpt lat="47.22751599736512" lon="10.932905981317163">
        <ele>1510.01</ele>
      </trkpt>
      <trkpt lat="47.22752597182989" lon="10.932953925803304">
        <ele>1510.22</ele>
      </trkpt>
      <trkpt lat="47.227536952123046" lon="10.932999942451715">
        <ele>1510.44</ele>
      </trkpt>
      <trkpt lat="47.22754692658782" lon="10.933047970756888">
        <ele>1510.66</ele>
      </trkpt>
      <trkpt lat="47.22755799070001" lon="10.93309792689979">
        <ele>1510.88</ele>
      </trkpt>
      <trkpt lat="47.2275719884783" lon="10.933145955204964">
        <ele>1511.1</ele>
      </trkpt>
      <trkpt lat="47.22758799791336" lon="10.933194989338517">
        <ele>1511.32</ele>
      </trkpt>
      <trkpt lat="47.22760098986328" lon="10.933243939653039">
        <ele>1511.52</ele>
      </trkpt>
      <trkpt lat="47.22761197015643" lon="10.933295991271734">
        <ele>1511.73</ele>
      </trkpt>
      <trkpt lat="47.22762395627797" lon="10.933342929929495">
        <ele>1511.93</ele>
      </trkpt>
      <trkpt lat="47.22763795405626" lon="10.93339498154819">
        <ele>1512.14</ele>
      </trkpt>
      <trkpt lat="47.22765094600618" lon="10.933442926034331">
        <ele>1512.36</ele>
      </trkpt>
      <trkpt lat="47.227662932127714" lon="10.933489948511124">
        <ele>1512.57</ele>
      </trkpt>
      <trkpt lat="47.22767299041152" lon="10.933534959331155">
        <ele>1512.78</ele>
      </trkpt>
      <trkpt lat="47.22767994739115" lon="10.933577958494425">
        <ele>1512.99</ele>
      </trkpt>
      <trkpt lat="47.22769394516945" lon="10.933622969314456">
        <ele>1513.2</ele>
      </trkpt>
      <trkpt lat="47.227706937119365" lon="10.933667980134487">
        <ele>1513.41</ele>
      </trkpt>
      <trkpt lat="47.22771992906928" lon="10.933714918792248">
        <ele>1513.63</ele>
      </trkpt>
      <trkpt lat="47.22773392684758" lon="10.93376294709742">
        <ele>1513.84</ele>
      </trkpt>
      <trkpt lat="47.227745996788144" lon="10.933807957917452">
        <ele>1514.06</ele>
      </trkpt>
      <trkpt lat="47.22776091657579" lon="10.933852968737483">
        <ele>1514.28</ele>
      </trkpt>
      <trkpt lat="47.22777298651636" lon="10.933894962072372">
        <ele>1514.5</ele>
      </trkpt>
      <trkpt lat="47.22778497263789" lon="10.9339349437505">
        <ele>1514.72</ele>
      </trkpt>
      <trkpt lat="47.22779595293105" lon="10.93397593125701">
        <ele>1514.94</ele>
      </trkpt>
      <trkpt lat="47.22780793905258" lon="10.934017924591899">
        <ele>1515.16</ele>
      </trkpt>
      <trkpt lat="47.2278209310025" lon="10.93406192958355">
        <ele>1515.38</ele>
      </trkpt>
      <trkpt lat="47.22783291712403" lon="10.934110963717103">
        <ele>1515.6</ele>
      </trkpt>
      <trkpt lat="47.22784892655909" lon="10.934155974537134">
        <ele>1515.81</ele>
      </trkpt>
      <trkpt lat="47.22786292433739" lon="10.934197967872024">
        <ele>1516.04</ele>
      </trkpt>
      <trkpt lat="47.22787298262119" lon="10.934237949550152">
        <ele>1516.27</ele>
      </trkpt>
      <trkpt lat="47.227879939600825" lon="10.93427793122828">
        <ele>1516.5</ele>
      </trkpt>
      <trkpt lat="47.22789091989398" lon="10.93432093039155">
        <ele>1516.72</ele>
      </trkpt>
      <trkpt lat="47.22790399566293" lon="10.93436392955482">
        <ele>1516.94</ele>
      </trkpt>
      <trkpt lat="47.2279139701277" lon="10.93440592288971">
        <ele>1517.16</ele>
      </trkpt>
      <trkpt lat="47.22792595624924" lon="10.934451939538121">
        <ele>1517.38</ele>
      </trkpt>
      <trkpt lat="47.22793894819915" lon="10.934499967843294">
        <ele>1517.6</ele>
      </trkpt>
      <trkpt lat="47.22794892266393" lon="10.934547996148467">
        <ele>1517.82</ele>
      </trkpt>
      <trkpt lat="47.22795596346259" lon="10.93459795229137">
        <ele>1518.04</ele>
      </trkpt>
      <trkpt lat="47.227963926270604" lon="10.934649920091033">
        <ele>1518.25</ele>
      </trkpt>
      <trkpt lat="47.22797398455441" lon="10.934697948396206">
        <ele>1518.46</ele>
      </trkpt>
      <trkpt lat="47.227983959019184" lon="10.93474698252976">
        <ele>1518.68</ele>
      </trkpt>
      <trkpt lat="47.22799292765558" lon="10.9347949270159">
        <ele>1518.89</ele>
      </trkpt>
      <trkpt lat="47.22800097428262" lon="10.934844966977835">
        <ele>1519.11</ele>
      </trkpt>
      <trkpt lat="47.228006925433874" lon="10.93489894643426">
        <ele>1519.33</ele>
      </trkpt>
      <trkpt lat="47.22801296040416" lon="10.934950998052955">
        <ele>1519.54</ele>
      </trkpt>
      <trkpt lat="47.22801899537444" lon="10.935000954195857">
        <ele>1519.75</ele>
      </trkpt>
      <trkpt lat="47.22802494652569" lon="10.935051999986172">
        <ele>1519.96</ele>
      </trkpt>
      <trkpt lat="47.228029975667596" lon="10.935104973614216">
        <ele>1520.17</ele>
      </trkpt>
      <trkpt lat="47.22803592681885" lon="10.935154929757118">
        <ele>1520.36</ele>
      </trkpt>
      <trkpt lat="47.22803995013237" lon="10.935207987204194">
        <ele>1520.56</ele>
      </trkpt>
      <trkpt lat="47.22804196178913" lon="10.935257943347096">
        <ele>1520.76</ele>
      </trkpt>
      <trkpt lat="47.228046990931034" lon="10.935308989137411">
        <ele>1520.97</ele>
      </trkpt>
      <trkpt lat="47.228052942082286" lon="10.935361962765455">
        <ele>1521.17</ele>
      </trkpt>
      <trkpt lat="47.22805696539581" lon="10.9354149363935">
        <ele>1521.37</ele>
      </trkpt>
      <trkpt lat="47.22806199453771" lon="10.935470927506685">
        <ele>1521.56</ele>
      </trkpt>
      <trkpt lat="47.22806693986058" lon="10.935526918619871">
        <ele>1521.76</ele>
      </trkpt>
      <trkpt lat="47.228069957345724" lon="10.935581987723708">
        <ele>1521.96</ele>
      </trkpt>
      <trkpt lat="47.228071969002485" lon="10.935636973008513">
        <ele>1522.16</ele>
      </trkpt>
      <trkpt lat="47.22807699814439" lon="10.935690952464938">
        <ele>1522.35</ele>
      </trkpt>
      <trkpt lat="47.22808294929564" lon="10.935744931921363">
        <ele>1522.55</ele>
      </trkpt>
      <trkpt lat="47.228090995922685" lon="10.93579899519682">
        <ele>1522.74</ele>
      </trkpt>
      <trkpt lat="47.2280989587307" lon="10.935850962996483">
        <ele>1522.93</ele>
      </trkpt>
      <trkpt lat="47.22810499370098" lon="10.935902930796146">
        <ele>1523.13</ele>
      </trkpt>
      <trkpt lat="47.228114968165755" lon="10.935953976586461">
        <ele>1523.32</ele>
      </trkpt>
      <trkpt lat="47.22812796011567" lon="10.936001921072602">
        <ele>1523.52</ele>
      </trkpt>
      <trkpt lat="47.22814195789397" lon="10.936051961034536">
        <ele>1523.71</ele>
      </trkpt>
      <trkpt lat="47.2281539440155" lon="10.93609998933971">
        <ele>1523.91</ele>
      </trkpt>
      <trkpt lat="47.2281679417938" lon="10.93614592216909">
        <ele>1524.1</ele>
      </trkpt>
      <trkpt lat="47.22818294540048" lon="10.936192944645882">
        <ele>1524.29</ele>
      </trkpt>
      <trkpt lat="47.22819794900715" lon="10.936239967122674">
        <ele>1524.49</ele>
      </trkpt>
      <trkpt lat="47.22821295261383" lon="10.936286989599466">
        <ele>1524.69</ele>
      </trkpt>
      <trkpt lat="47.22823097370565" lon="10.936335939913988">
        <ele>1524.88</ele>
      </trkpt>
      <trkpt lat="47.2282509226352" lon="10.93638296239078">
        <ele>1525.08</ele>
      </trkpt>
      <trkpt lat="47.22826894372702" lon="10.936431996524334">
        <ele>1525.28</ele>
      </trkpt>
      <trkpt lat="47.228287970647216" lon="10.936482958495617">
        <ele>1525.47</ele>
      </trkpt>
      <trkpt lat="47.228309931233525" lon="10.93652998097241">
        <ele>1525.66</ele>
      </trkpt>
      <trkpt lat="47.228329963982105" lon="10.936575997620821">
        <ele>1525.83</ele>
      </trkpt>
      <trkpt lat="47.228348990902305" lon="10.93661991879344">
        <ele>1526.01</ele>
      </trkpt>
      <trkpt lat="47.22836692817509" lon="10.936665935441852">
        <ele>1526.18</ele>
      </trkpt>
      <trkpt lat="47.22838595509529" lon="10.936713963747025">
        <ele>1526.36</ele>
      </trkpt>
      <trkpt lat="47.22840397618711" lon="10.936762997880578">
        <ele>1526.53</ele>
      </trkpt>
      <trkpt lat="47.22842099145055" lon="10.936813959851861">
        <ele>1526.71</ele>
      </trkpt>
      <trkpt lat="47.228437922894955" lon="10.936866933479905">
        <ele>1526.9</ele>
      </trkpt>
      <trkpt lat="47.22845393233001" lon="10.936915967613459">
        <ele>1527.08</ele>
      </trkpt>
      <trkpt lat="47.22846893593669" lon="10.936963995918632">
        <ele>1527.27</ele>
      </trkpt>
      <trkpt lat="47.228483939543366" lon="10.937013952061534">
        <ele>1527.46</ele>
      </trkpt>
      <trkpt lat="47.22849491983652" lon="10.937065919861197">
        <ele>1527.65</ele>
      </trkpt>
      <trkpt lat="47.228502966463566" lon="10.937118977308273">
        <ele>1527.85</ele>
      </trkpt>
      <trkpt lat="47.22851294092834" lon="10.937170945107937">
        <ele>1528.05</ele>
      </trkpt>
      <trkpt lat="47.228519981727004" lon="10.937221990898252">
        <ele>1528.25</ele>
      </trkpt>
      <trkpt lat="47.228526938706636" lon="10.937276976183057">
        <ele>1528.46</ele>
      </trkpt>
      <trkpt lat="47.22853297367692" lon="10.937331961467862">
        <ele>1528.67</ele>
      </trkpt>
      <trkpt lat="47.22853993065655" lon="10.937385940924287">
        <ele>1528.9</ele>
      </trkpt>
      <trkpt lat="47.228544959798455" lon="10.937442937865853">
        <ele>1529.13</ele>
      </trkpt>
      <trkpt lat="47.22855292260647" lon="10.93749892897904">
        <ele>1529.37</ele>
      </trkpt>
      <trkpt lat="47.22856096923351" lon="10.937552992254496">
        <ele>1529.61</ele>
      </trkpt>
      <trkpt lat="47.22857094369829" lon="10.93760697171092">
        <ele>1529.86</ele>
      </trkpt>
      <trkpt lat="47.22857899032533" lon="10.937658939510584">
        <ele>1530.1</ele>
      </trkpt>
      <trkpt lat="47.228585947304964" lon="10.93771099112928">
        <ele>1530.33</ele>
      </trkpt>
      <trkpt lat="47.22859399393201" lon="10.937759941443801">
        <ele>1530.58</ele>
      </trkpt>
      <trkpt lat="47.22860195674002" lon="10.937807969748974">
        <ele>1530.82</ele>
      </trkpt>
      <trkpt lat="47.228609919548035" lon="10.937861949205399">
        <ele>1531.07</ele>
      </trkpt>
      <trkpt lat="47.22861997783184" lon="10.937915928661823">
        <ele>1531.33</ele>
      </trkpt>
      <trkpt lat="47.228630958124995" lon="10.937966974452138">
        <ele>1531.59</ele>
      </trkpt>
      <trkpt lat="47.22863992676139" lon="10.93801491893828">
        <ele>1531.86</ele>
      </trkpt>
      <trkpt lat="47.22864797338843" lon="10.938065964728594">
        <ele>1532.13</ele>
      </trkpt>
      <trkpt lat="47.228654930368066" lon="10.938115920871496">
        <ele>1532.4</ele>
      </trkpt>
      <trkpt lat="47.22866398282349" lon="10.93816495500505">
        <ele>1532.67</ele>
      </trkpt>
      <trkpt lat="47.22867093980312" lon="10.938210971653461">
        <ele>1532.94</ele>
      </trkpt>
      <trkpt lat="47.22867898643017" lon="10.938256988301873">
        <ele>1533.21</ele>
      </trkpt>
      <trkpt lat="47.22868694923818" lon="10.938299987465143">
        <ele>1533.48</ele>
      </trkpt>
      <trkpt lat="47.228693990036845" lon="10.938343992456794">
        <ele>1533.75</ele>
      </trkpt>
      <trkpt lat="47.22870396450162" lon="10.938388919457793">
        <ele>1534.03</ele>
      </trkpt>
      <trkpt lat="47.22871192730963" lon="10.938439965248108">
        <ele>1534.31</ele>
      </trkpt>
      <trkpt lat="47.22872299142182" lon="10.938488999381661">
        <ele>1534.59</ele>
      </trkpt>
      <trkpt lat="47.22873095422983" lon="10.938539961352944">
        <ele>1534.87</ele>
      </trkpt>
      <trkpt lat="47.228739922866225" lon="10.938590923324227">
        <ele>1535.16</ele>
      </trkpt>
      <trkpt lat="47.22874998115003" lon="10.93863794580102">
        <ele>1535.43</ele>
      </trkpt>
      <trkpt lat="47.22876297309995" lon="10.938686979934573">
        <ele>1535.71</ele>
      </trkpt>
      <trkpt lat="47.22877495922148" lon="10.938731990754604">
        <ele>1536.0</ele>
      </trkpt>
      <trkpt lat="47.22878593951464" lon="10.938776917755604">
        <ele>1536.26</ele>
      </trkpt>
      <trkpt lat="47.22879691980779" lon="10.938821928575635">
        <ele>1536.53</ele>
      </trkpt>
      <trkpt lat="47.22880898974836" lon="10.938867945224047">
        <ele>1536.79</ele>
      </trkpt>
      <trkpt lat="47.228820975869894" lon="10.938912956044078">
        <ele>1537.05</ele>
      </trkpt>
      <trkpt lat="47.22882893867791" lon="10.938955955207348">
        <ele>1537.31</ele>
      </trkpt>
      <trkpt lat="47.22883597947657" lon="10.938998954370618">
        <ele>1537.56</ele>
      </trkpt>
      <trkpt lat="47.2288429364562" lon="10.939039941877127">
        <ele>1537.81</ele>
      </trkpt>
      <trkpt lat="47.22884897142649" lon="10.939080929383636">
        <ele>1538.05</ele>
      </trkpt>
      <trkpt lat="47.22885592840612" lon="10.939123928546906">
        <ele>1538.3</ele>
      </trkpt>
      <trkpt lat="47.22886095754802" lon="10.939169945195317">
        <ele>1538.54</ele>
      </trkpt>
      <trkpt lat="47.2288619633764" lon="10.93921696767211">
        <ele>1538.77</ele>
      </trkpt>
      <trkpt lat="47.228863975033164" lon="10.939266923815012">
        <ele>1539.01</ele>
      </trkpt>
      <trkpt lat="47.228865986689925" lon="10.939320987090468">
        <ele>1539.23</ele>
      </trkpt>
      <trkpt lat="47.228868920356035" lon="10.93936893157661">
        <ele>1539.45</ele>
      </trkpt>
      <trkpt lat="47.228865986689925" lon="10.93941293656826">
        <ele>1539.65</ele>
      </trkpt>
      <trkpt lat="47.22886296920478" lon="10.939461970701814">
        <ele>1539.86</ele>
      </trkpt>
      <trkpt lat="47.22885794006288" lon="10.939504969865084">
        <ele>1540.05</ele>
      </trkpt>
      <trkpt lat="47.22885391674936" lon="10.939547969028354">
        <ele>1540.25</ele>
      </trkpt>
      <trkpt lat="47.228846959769726" lon="10.939587950706482">
        <ele>1540.44</ele>
      </trkpt>
      <trkpt lat="47.22883899696171" lon="10.939622987061739">
        <ele>1540.62</ele>
      </trkpt>
      <trkpt lat="47.22883195616305" lon="10.939656933769584">
        <ele>1540.81</ele>
      </trkpt>
      <trkpt lat="47.228824999183416" lon="10.93969096429646">
        <ele>1540.98</ele>
      </trkpt>
      <trkpt lat="47.22881695255637" lon="10.939724994823337">
        <ele>1541.16</ele>
      </trkpt>
      <trkpt lat="47.22880597226322" lon="10.9397579357028">
        <ele>1541.33</ele>
      </trkpt>
      <trkpt lat="47.22879197448492" lon="10.939789954572916">
        <ele>1541.51</ele>
      </trkpt>
      <trkpt lat="47.22877697087824" lon="10.93982096761465">
        <ele>1541.68</ele>
      </trkpt>
      <trkpt lat="47.22876699641347" lon="10.939851980656385">
        <ele>1541.85</ele>
      </trkpt>
      <trkpt lat="47.228758949786425" lon="10.9398839995265">
        <ele>1542.03</ele>
      </trkpt>
      <trkpt lat="47.22874897532165" lon="10.939918952062726">
        <ele>1542.2</ele>
      </trkpt>
      <trkpt lat="47.228737995028496" lon="10.939951976761222">
        <ele>1542.37</ele>
      </trkpt>
      <trkpt lat="47.22872592508793" lon="10.939982989802957">
        <ele>1542.54</ele>
      </trkpt>
      <trkpt lat="47.22871393896639" lon="10.940017942339182">
        <ele>1542.71</ele>
      </trkpt>
      <trkpt lat="47.22870094701648" lon="10.940047949552536">
        <ele>1542.86</ele>
      </trkpt>
      <trkpt lat="47.228691978380084" lon="10.94007896259427">
        <ele>1543.02</ele>
      </trkpt>
      <trkpt lat="47.22867999225855" lon="10.940108969807625">
        <ele>1543.17</ele>
      </trkpt>
      <trkpt lat="47.22866993397474" lon="10.940138977020979">
        <ele>1543.32</ele>
      </trkpt>
      <trkpt lat="47.22866197116673" lon="10.940173929557204">
        <ele>1543.48</ele>
      </trkpt>
      <trkpt lat="47.22865694202483" lon="10.9402069542557">
        <ele>1543.63</ele>
      </trkpt>
      <trkpt lat="47.228653924539685" lon="10.940242996439338">
        <ele>1543.79</ele>
      </trkpt>
      <trkpt lat="47.228649985045195" lon="10.940277948975563">
        <ele>1543.94</ele>
      </trkpt>
      <trkpt lat="47.22864495590329" lon="10.9403139911592">
        <ele>1544.09</ele>
      </trkpt>
      <trkpt lat="47.22864395007491" lon="10.940352967008948">
        <ele>1544.24</ele>
      </trkpt>
      <trkpt lat="47.22864294424653" lon="10.940390937030315">
        <ele>1544.39</ele>
      </trkpt>
      <trkpt lat="47.22864193841815" lon="10.940427985042334">
        <ele>1544.53</ele>
      </trkpt>
      <trkpt lat="47.22864395007491" lon="10.9404659550637">
        <ele>1544.67</ele>
      </trkpt>
      <trkpt lat="47.22864596173167" lon="10.940503925085068">
        <ele>1544.81</ele>
      </trkpt>
      <trkpt lat="47.22864596173167" lon="10.940540973097086">
        <ele>1544.95</ele>
      </trkpt>
      <trkpt lat="47.22864696756005" lon="10.940579948946834">
        <ele>1545.08</ele>
      </trkpt>
      <trkpt lat="47.228648979216814" lon="10.940616996958852">
        <ele>1545.22</ele>
      </trkpt>
      <trkpt lat="47.228650990873575" lon="10.940654966980219">
        <ele>1545.35</ele>
      </trkpt>
      <trkpt lat="47.228648979216814" lon="10.940694948658347">
        <ele>1545.48</ele>
      </trkpt>
      <trkpt lat="47.22864696756005" lon="10.940733924508095">
        <ele>1545.61</ele>
      </trkpt>
      <trkpt lat="47.22864696756005" lon="10.940769966691732">
        <ele>1545.73</ele>
      </trkpt>
      <trkpt lat="47.22864797338843" lon="10.94080994836986">
        <ele>1545.86</ele>
      </trkpt>
      <trkpt lat="47.228648979216814" lon="10.94085194170475">
        <ele>1545.99</ele>
      </trkpt>
      <trkpt lat="47.228648979216814" lon="10.9408959466964">
        <ele>1546.11</ele>
      </trkpt>
      <trkpt lat="47.228648979216814" lon="10.94093894585967">
        <ele>1546.23</ele>
      </trkpt>
      <trkpt lat="47.228648979216814" lon="10.94098093919456">
        <ele>1546.36</ele>
      </trkpt>
      <trkpt lat="47.22864797338843" lon="10.941017987206578">
        <ele>1546.48</ele>
      </trkpt>
      <trkpt lat="47.22864596173167" lon="10.941058974713087">
        <ele>1546.59</ele>
      </trkpt>
      <trkpt lat="47.22864596173167" lon="10.941100968047976">
        <ele>1546.7</ele>
      </trkpt>
      <trkpt lat="47.22864294424653" lon="10.941139943897724">
        <ele>1546.81</ele>
      </trkpt>
      <trkpt lat="47.22863992676139" lon="10.941179925575852">
        <ele>1546.91</ele>
      </trkpt>
      <trkpt lat="47.22864093258977" lon="10.941219991073012">
        <ele>1547.01</ele>
      </trkpt>
      <trkpt lat="47.22864395007491" lon="10.94125896692276">
        <ele>1547.12</ele>
      </trkpt>
      <trkpt lat="47.22864696756005" lon="10.94130096025765">
        <ele>1547.23</ele>
      </trkpt>
      <trkpt lat="47.228651996701956" lon="10.941339936107397">
        <ele>1547.34</ele>
      </trkpt>
      <trkpt lat="47.22865995950997" lon="10.941377989947796">
        <ele>1547.45</ele>
      </trkpt>
      <trkpt lat="47.228672951459885" lon="10.941412942484021">
        <ele>1547.55</ele>
      </trkpt>
      <trkpt lat="47.22868896089494" lon="10.941444961354136">
        <ele>1547.65</ele>
      </trkpt>
      <trkpt lat="47.22870698198676" lon="10.941475974395871">
        <ele>1547.74</ele>
      </trkpt>
      <trkpt lat="47.2287239972502" lon="10.941501958295703">
        <ele>1547.84</ele>
      </trkpt>
      <trkpt lat="47.228740928694606" lon="10.941521991044283">
        <ele>1547.93</ele>
      </trkpt>
      <trkpt lat="47.228757943958044" lon="10.94154093414545">
        <ele>1548.02</ele>
      </trkpt>
      <trkpt lat="47.22877596504986" lon="10.941556943580508">
        <ele>1548.11</ele>
      </trkpt>
      <trkpt lat="47.22879197448492" lon="10.941573958843946">
        <ele>1548.19</ele>
      </trkpt>
      <trkpt lat="47.22880898974836" lon="10.941592985764146">
        <ele>1548.27</ele>
      </trkpt>
      <trkpt lat="47.228825921192765" lon="10.941605977714062">
        <ele>1548.34</ele>
      </trkpt>
      <trkpt lat="47.228844948112965" lon="10.941615952178836">
        <ele>1548.41</ele>
      </trkpt>
      <trkpt lat="47.22885995171964" lon="10.941630955785513">
        <ele>1548.47</ele>
      </trkpt>
      <trkpt lat="47.22887797281146" lon="10.94164495356381">
        <ele>1548.53</ele>
      </trkpt>
      <trkpt lat="47.2288949880749" lon="10.941658951342106">
        <ele>1548.58</ele>
      </trkpt>
      <trkpt lat="47.22889892756939" lon="10.94166699796915">
        <ele>1548.63</ele>
      </trkpt>
      <trkpt lat="47.2288949880749" lon="10.94166699796915">
        <ele>1548.68</ele>
      </trkpt>
      <trkpt lat="47.22883497364819" lon="10.94162592664361">
        <ele>1548.7</ele>
      </trkpt>
      <trkpt lat="47.228821981698275" lon="10.941620981320739">
        <ele>1548.74</ele>
      </trkpt>
      <trkpt lat="47.22881192341447" lon="10.941612934693694">
        <ele>1548.77</ele>
      </trkpt>
      <trkpt lat="47.22879691980779" lon="10.941600948572159">
        <ele>1548.79</ele>
      </trkpt>
      <trkpt lat="47.228778982535005" lon="10.941585944965482">
        <ele>1548.8</ele>
      </trkpt>
      <trkpt lat="47.228761967271566" lon="10.941565996035933">
        <ele>1548.82</ele>
      </trkpt>
      <trkpt lat="47.22874796949327" lon="10.941544957458973">
        <ele>1548.83</ele>
      </trkpt>
      <trkpt lat="47.22873397171497" lon="10.941527942195535">
        <ele>1548.84</ele>
      </trkpt>
      <trkpt lat="47.22871293313801" lon="10.941515956074">
        <ele>1548.85</ele>
      </trkpt>
      <trkpt lat="47.22868996672332" lon="10.941503969952464">
        <ele>1548.85</ele>
      </trkpt>
      <trkpt lat="47.22866498865187" lon="10.941511932760477">
        <ele>1548.86</ele>
      </trkpt>
      <trkpt lat="47.22864495590329" lon="10.941534982994199">
        <ele>1548.87</ele>
      </trkpt>
      <trkpt lat="47.22863397561014" lon="10.941570941358805">
        <ele>1548.89</ele>
      </trkpt>
      <trkpt lat="47.228629952296615" lon="10.941606983542442">
        <ele>1548.91</ele>
      </trkpt>
      <trkpt lat="47.228628946468234" lon="10.94164495356381">
        <ele>1548.92</ele>
      </trkpt>
      <trkpt lat="47.22862693481147" lon="10.941681917756796">
        <ele>1548.93</ele>
      </trkpt>
      <trkpt lat="47.22862492315471" lon="10.941717959940434">
        <ele>1548.95</ele>
      </trkpt>
      <trkpt lat="47.22862693481147" lon="10.941746961325407">
        <ele>1548.95</ele>
      </trkpt>
      <trkpt lat="47.22862693481147" lon="10.941774956882">
        <ele>1548.96</ele>
      </trkpt>
      <trkpt lat="47.228628946468234" lon="10.941807981580496">
        <ele>1548.97</ele>
      </trkpt>
      <trkpt lat="47.22862391732633" lon="10.94184092245996">
        <ele>1548.97</ele>
      </trkpt>
      <trkpt lat="47.22862391732633" lon="10.941877970471978">
        <ele>1548.97</ele>
      </trkpt>
      <trkpt lat="47.22862492315471" lon="10.941918957978487">
        <ele>1548.97</ele>
      </trkpt>
      <trkpt lat="47.22862492315471" lon="10.941960951313376">
        <ele>1548.97</ele>
      </trkpt>
      <trkpt lat="47.22862592898309" lon="10.942007973790169">
        <ele>1548.97</ele>
      </trkpt>
      <trkpt lat="47.22862693481147" lon="10.9420529846102">
        <ele>1548.97</ele>
      </trkpt>
      <trkpt lat="47.22862492315471" lon="10.942100929096341">
        <ele>1548.96</ele>
      </trkpt>
      <trkpt lat="47.22862391732633" lon="10.942149963229895">
        <ele>1548.95</ele>
      </trkpt>
      <trkpt lat="47.22862098366022" lon="10.942196985706687">
        <ele>1548.95</ele>
      </trkpt>
      <trkpt lat="47.22861997783184" lon="10.942244930192828">
        <ele>1548.94</ele>
      </trkpt>
      <trkpt lat="47.22861796617508" lon="10.942292958498001">
        <ele>1548.94</ele>
      </trkpt>
      <trkpt lat="47.22861897200346" lon="10.942343920469284">
        <ele>1548.94</ele>
      </trkpt>
      <trkpt lat="47.22861997783184" lon="10.94239597208798">
        <ele>1548.93</ele>
      </trkpt>
      <trkpt lat="47.22862299531698" lon="10.942448945716023">
        <ele>1548.93</ele>
      </trkpt>
      <trkpt lat="47.22862299531698" lon="10.942501919344068">
        <ele>1548.93</ele>
      </trkpt>
      <trkpt lat="47.22862693481147" lon="10.942557994276285">
        <ele>1548.93</ele>
      </trkpt>
      <trkpt lat="47.228629952296615" lon="10.94261197373271">
        <ele>1548.93</ele>
      </trkpt>
      <trkpt lat="47.228632969781756" lon="10.942664947360754">
        <ele>1548.93</ele>
      </trkpt>
      <trkpt lat="47.22863699309528" lon="10.94272194430232">
        <ele>1548.93</ele>
      </trkpt>
      <trkpt lat="47.22864193841815" lon="10.942780952900648">
        <ele>1548.92</ele>
      </trkpt>
      <trkpt lat="47.228648979216814" lon="10.942846918478608">
        <ele>1548.92</ele>
      </trkpt>
      <trkpt lat="47.22865794785321" lon="10.942914979532361">
        <ele>1548.92</ele>
      </trkpt>
      <trkpt lat="47.22866892814636" lon="10.942984968423843">
        <ele>1548.93</ele>
      </trkpt>
      <trkpt lat="47.22867999225855" lon="10.943054957315326">
        <ele>1548.94</ele>
      </trkpt>
      <trkpt lat="47.22868896089494" lon="10.943118995055556">
        <ele>1548.95</ele>
      </trkpt>
      <trkpt lat="47.228696923702955" lon="10.943185966461897">
        <ele>1548.97</ele>
      </trkpt>
      <trkpt lat="47.22870798781514" lon="10.94325595535338">
        <ele>1548.99</ele>
      </trkpt>
      <trkpt lat="47.228718968108296" lon="10.943324938416481">
        <ele>1549.01</ele>
      </trkpt>
      <trkpt lat="47.22872994840145" lon="10.943396938964725">
        <ele>1549.05</ele>
      </trkpt>
      <trkpt lat="47.228736989200115" lon="10.943467933684587">
        <ele>1549.09</ele>
      </trkpt>
      <trkpt lat="47.22874394617975" lon="10.943541945889592">
        <ele>1549.14</ele>
      </trkpt>
      <trkpt lat="47.22875392064452" lon="10.94361998140812">
        <ele>1549.2</ele>
      </trkpt>
      <trkpt lat="47.22876599058509" lon="10.943699944764376">
        <ele>1549.27</ele>
      </trkpt>
      <trkpt lat="47.228777976706624" lon="10.94377395696938">
        <ele>1549.36</ele>
      </trkpt>
      <trkpt lat="47.22879096865654" lon="10.94385894946754">
        <ele>1549.46</ele>
      </trkpt>
      <trkpt lat="47.228800943121314" lon="10.94394595362246">
        <ele>1549.58</ele>
      </trkpt>
      <trkpt lat="47.22881091758609" lon="10.944039998576045">
        <ele>1549.71</ele>
      </trkpt>
      <trkpt lat="47.22881494089961" lon="10.944133959710598">
        <ele>1549.85</ele>
      </trkpt>
      <trkpt lat="47.22881393507123" lon="10.944231944158673">
        <ele>1550.0</ele>
      </trkpt>
      <trkpt lat="47.22880999557674" lon="10.94433093443513">
        <ele>1550.17</ele>
      </trkpt>
      <trkpt lat="47.228800943121314" lon="10.944433948025107">
        <ele>1550.35</ele>
      </trkpt>
      <trkpt lat="47.22879398614168" lon="10.944531932473183">
        <ele>1550.55</ele>
      </trkpt>
      <trkpt lat="47.22879096865654" lon="10.944628994911909">
        <ele>1550.75</ele>
      </trkpt>
      <trkpt lat="47.22879893146455" lon="10.944729996845126">
        <ele>1550.97</ele>
      </trkpt>
      <trkpt lat="47.22880999557674" lon="10.944828987121582">
        <ele>1551.2</ele>
      </trkpt>
      <trkpt lat="47.228826927021146" lon="10.944923954084516">
        <ele>1551.43</ele>
      </trkpt>
      <trkpt lat="47.22884997725487" lon="10.94502193853259">
        <ele>1551.67</ele>
      </trkpt>
      <trkpt lat="47.22887797281146" lon="10.945112966001034">
        <ele>1551.92</ele>
      </trkpt>
      <trkpt lat="47.22891493700445" lon="10.945199970155954">
        <ele>1552.15</ele>
      </trkpt>
      <trkpt lat="47.228951985016465" lon="10.945288985967636">
        <ele>1552.39</ele>
      </trkpt>
      <trkpt lat="47.22899096086621" lon="10.945370960980654">
        <ele>1552.64</ele>
      </trkpt>
      <trkpt lat="47.2290279250592" lon="10.94544899649918">
        <ele>1552.9</ele>
      </trkpt>
      <trkpt lat="47.22906396724284" lon="10.945525942370296">
        <ele>1553.16</ele>
      </trkpt>
      <trkpt lat="47.22909799776971" lon="10.945602972060442">
        <ele>1553.43</ele>
      </trkpt>
      <trkpt lat="47.22913295030594" lon="10.945672960951924">
        <ele>1553.72</ele>
      </trkpt>
      <trkpt lat="47.229166980832815" lon="10.945742949843407">
        <ele>1554.02</ele>
      </trkpt>
      <trkpt lat="47.22919992171228" lon="10.945806987583637">
        <ele>1554.32</ele>
      </trkpt>
      <trkpt lat="47.229231940582395" lon="10.945866918191314">
        <ele>1554.63</ele>
      </trkpt>
      <trkpt lat="47.22926295362413" lon="10.945930955931544">
        <ele>1554.95</ele>
      </trkpt>
      <trkpt lat="47.22928994335234" lon="10.945997927337885">
        <ele>1555.28</ele>
      </trkpt>
      <trkpt lat="47.22931592725217" lon="10.946062970906496">
        <ele>1555.62</ele>
      </trkpt>
      <trkpt lat="47.22933596000075" lon="10.946128936484456">
        <ele>1555.96</ele>
      </trkpt>
      <trkpt lat="47.229359932243824" lon="10.946195991709828">
        <ele>1556.31</ele>
      </trkpt>
      <trkpt lat="47.229380970820785" lon="10.946260951459408">
        <ele>1556.67</ele>
      </trkpt>
      <trkpt lat="47.22940192557871" lon="10.946328928694129">
        <ele>1557.02</ele>
      </trkpt>
      <trkpt lat="47.229423969984055" lon="10.946399923413992">
        <ele>1557.38</ele>
      </trkpt>
      <trkpt lat="47.22944199107587" lon="10.946468990296125">
        <ele>1557.74</ele>
      </trkpt>
      <trkpt lat="47.2294579166919" lon="10.946538979187608">
        <ele>1558.09</ele>
      </trkpt>
      <trkpt lat="47.22947392612696" lon="10.94660796225071">
        <ele>1558.43</ele>
      </trkpt>
      <trkpt lat="47.229485996067524" lon="10.946679962798953">
        <ele>1558.77</ele>
      </trkpt>
      <trkpt lat="47.22949798218906" lon="10.946751963347197">
        <ele>1559.11</ele>
      </trkpt>
      <trkpt lat="47.229508962482214" lon="10.946819940581918">
        <ele>1559.43</ele>
      </trkpt>
      <trkpt lat="47.22952094860375" lon="10.94688699580729">
        <ele>1559.75</ele>
      </trkpt>
      <trkpt lat="47.229531928896904" lon="10.94695396721363">
        <ele>1560.06</ele>
      </trkpt>
      <trkpt lat="47.22954492084682" lon="10.94701993279159">
        <ele>1560.38</ele>
      </trkpt>
      <trkpt lat="47.229555984959006" lon="10.947084976360202">
        <ele>1560.7</ele>
      </trkpt>
      <trkpt lat="47.22956797108054" lon="10.947150941938162">
        <ele>1560.99</ele>
      </trkpt>
      <trkpt lat="47.22957995720208" lon="10.947217997163534">
        <ele>1561.27</ele>
      </trkpt>
      <trkpt lat="47.22959395498037" lon="10.947280945256352">
        <ele>1561.55</ele>
      </trkpt>
      <trkpt lat="47.22960694693029" lon="10.947344982996583">
        <ele>1561.82</ele>
      </trkpt>
      <trkpt lat="47.229621950536966" lon="10.947411954402924">
        <ele>1562.05</ele>
      </trkpt>
      <trkpt lat="47.22963594831526" lon="10.947475992143154">
        <ele>1562.27</ele>
      </trkpt>
      <trkpt lat="47.22965195775032" lon="10.947544975206256">
        <ele>1562.49</ele>
      </trkpt>
      <trkpt lat="47.22966796718538" lon="10.947610940784216">
        <ele>1562.7</ele>
      </trkpt>
      <trkpt lat="47.229684982448816" lon="10.947678918018937">
        <ele>1562.91</ele>
      </trkpt>
      <trkpt lat="47.229701997712255" lon="10.94774798490107">
        <ele>1563.12</ele>
      </trkpt>
      <trkpt lat="47.22971892915666" lon="10.947817973792553">
        <ele>1563.32</ele>
      </trkpt>
      <trkpt lat="47.22973493859172" lon="10.947886956855655">
        <ele>1563.5</ele>
      </trkpt>
      <trkpt lat="47.229750948026776" lon="10.947954934090376">
        <ele>1563.66</ele>
      </trkpt>
      <trkpt lat="47.22976293414831" lon="10.948020983487368">
        <ele>1563.81</ele>
      </trkpt>
      <trkpt lat="47.22977693192661" lon="10.948086949065328">
        <ele>1563.94</ele>
      </trkpt>
      <trkpt lat="47.229787996038795" lon="10.948150986805558">
        <ele>1564.07</ele>
      </trkpt>
      <trkpt lat="47.22979998216033" lon="10.948221981525421">
        <ele>1564.18</ele>
      </trkpt>
      <trkpt lat="47.22980693913996" lon="10.948292976245284">
        <ele>1564.28</ele>
      </trkpt>
      <trkpt lat="47.229813979938626" lon="10.948361959308386">
        <ele>1564.36</ele>
      </trkpt>
      <trkpt lat="47.2298189252615" lon="10.948428930714726">
        <ele>1564.44</ele>
      </trkpt>
      <trkpt lat="47.22982294857502" lon="10.948493974283338">
        <ele>1564.5</ele>
      </trkpt>
      <trkpt lat="47.22982697188854" lon="10.948557928204536">
        <ele>1564.54</ele>
      </trkpt>
      <trkpt lat="47.229832923039794" lon="10.948620960116386">
        <ele>1564.57</ele>
      </trkpt>
      <trkpt lat="47.22983895801008" lon="10.948684997856617">
        <ele>1564.6</ele>
      </trkpt>
      <trkpt lat="47.22984197549522" lon="10.948751969262958">
        <ele>1564.62</ele>
      </trkpt>
      <trkpt lat="47.22984893247485" lon="10.948819946497679">
        <ele>1564.62</ele>
      </trkpt>
      <trkpt lat="47.229855973273516" lon="10.94888599589467">
        <ele>1564.61</ele>
      </trkpt>
      <trkpt lat="47.22985899075866" lon="10.94894994981587">
        <ele>1564.6</ele>
      </trkpt>
      <trkpt lat="47.22986091859639" lon="10.94901692122221">
        <ele>1564.56</ele>
      </trkpt>
      <trkpt lat="47.22986192442477" lon="10.949085988104343">
        <ele>1564.52</ele>
      </trkpt>
      <trkpt lat="47.22986594773829" lon="10.949151953682303">
        <ele>1564.48</ele>
      </trkpt>
      <trkpt lat="47.22987097688019" lon="10.949216997250915">
        <ele>1564.42</ele>
      </trkpt>
      <trkpt lat="47.229873994365335" lon="10.949279945343733">
        <ele>1564.35</ele>
      </trkpt>
      <trkpt lat="47.229877933859825" lon="10.949344988912344">
        <ele>1564.28</ele>
      </trkpt>
      <trkpt lat="47.22988296300173" lon="10.949406931176782">
        <ele>1564.2</ele>
      </trkpt>
      <trkpt lat="47.22988698631525" lon="10.949470968917012">
        <ele>1564.12</ele>
      </trkpt>
      <trkpt lat="47.22989092580974" lon="10.949532995000482">
        <ele>1564.03</ele>
      </trkpt>
      <trkpt lat="47.229895954951644" lon="10.94959694892168">
        <ele>1563.94</ele>
      </trkpt>
      <trkpt lat="47.229898972436786" lon="10.949660986661911">
        <ele>1563.85</ele>
      </trkpt>
      <trkpt lat="47.22990098409355" lon="10.949722928926349">
        <ele>1563.75</ele>
      </trkpt>
      <trkpt lat="47.22990492358804" lon="10.94978696666658">
        <ele>1563.66</ele>
      </trkpt>
      <trkpt lat="47.22990894690156" lon="10.949850920587778">
        <ele>1563.56</ele>
      </trkpt>
      <trkpt lat="47.2299119643867" lon="10.94991596415639">
        <ele>1563.49</ele>
      </trkpt>
      <trkpt lat="47.22991397604346" lon="10.94998293556273">
        <ele>1563.41</ele>
      </trkpt>
      <trkpt lat="47.229915987700224" lon="10.950048984959722">
        <ele>1563.33</ele>
      </trkpt>
      <trkpt lat="47.229916993528605" lon="10.950115956366062">
        <ele>1563.25</ele>
      </trkpt>
      <trkpt lat="47.229915987700224" lon="10.950183933600783">
        <ele>1563.17</ele>
      </trkpt>
      <trkpt lat="47.229916993528605" lon="10.950251994654536">
        <ele>1563.09</ele>
      </trkpt>
      <trkpt lat="47.229919927194715" lon="10.9503229893744">
        <ele>1563.01</ele>
      </trkpt>
      <trkpt lat="47.229917999356985" lon="10.95039096660912">
        <ele>1562.93</ele>
      </trkpt>
      <trkpt lat="47.22991397604346" lon="10.950458943843842">
        <ele>1562.86</ele>
      </trkpt>
      <trkpt lat="47.22990894690156" lon="10.950530944392085">
        <ele>1562.79</ele>
      </trkpt>
      <trkpt lat="47.22990198992193" lon="10.950601939111948">
        <ele>1562.72</ele>
      </trkpt>
      <trkpt lat="47.229897966608405" lon="10.950672933831811">
        <ele>1562.66</ele>
      </trkpt>
      <trkpt lat="47.22989193163812" lon="10.950741916894913">
        <ele>1562.59</ele>
      </trkpt>
      <trkpt lat="47.22988296300173" lon="10.950808972120285">
        <ele>1562.53</ele>
      </trkpt>
      <trkpt lat="47.22987491637468" lon="10.950876949355006">
        <ele>1562.47</ele>
      </trkpt>
      <trkpt lat="47.22986293025315" lon="10.950946938246489">
        <ele>1562.42</ele>
      </trkpt>
      <trkpt lat="47.22984893247485" lon="10.951014999300241">
        <ele>1562.36</ele>
      </trkpt>
      <trkpt lat="47.22983996383846" lon="10.951085994020104">
        <ele>1562.31</ele>
      </trkpt>
      <trkpt lat="47.229832923039794" lon="10.951155982911587">
        <ele>1562.25</ele>
      </trkpt>
      <trkpt lat="47.22982797771692" lon="10.95122697763145">
        <ele>1562.19</ele>
      </trkpt>
      <trkpt lat="47.2298239544034" lon="10.951298978179693">
        <ele>1562.14</ele>
      </trkpt>
      <trkpt lat="47.22981993108988" lon="10.951372990384698">
        <ele>1562.09</ele>
      </trkpt>
      <trkpt lat="47.22981791943312" lon="10.951444990932941">
        <ele>1562.03</ele>
      </trkpt>
      <trkpt lat="47.22982294857502" lon="10.951515985652804">
        <ele>1561.97</ele>
      </trkpt>
      <trkpt lat="47.22982697188854" lon="10.951589997857809">
        <ele>1561.91</ele>
      </trkpt>
      <trkpt lat="47.22982596606016" lon="10.951661998406053">
        <ele>1561.85</ele>
      </trkpt>
      <trkpt lat="47.22982596606016" lon="10.951731987297535">
        <ele>1561.8</ele>
      </trkpt>
      <trkpt lat="47.22982697188854" lon="10.951804993674159">
        <ele>1561.75</ele>
      </trkpt>
      <trkpt lat="47.22983191721141" lon="10.951879927888513">
        <ele>1561.7</ele>
      </trkpt>
      <trkpt lat="47.229836946353316" lon="10.951948994770646">
        <ele>1561.66</ele>
      </trkpt>
      <trkpt lat="47.22983996383846" lon="10.952016972005367">
        <ele>1561.61</ele>
      </trkpt>
      <trkpt lat="47.22984398715198" lon="10.952082937583327">
        <ele>1561.57</ele>
      </trkpt>
      <trkpt lat="47.22984692081809" lon="10.952151920646429">
        <ele>1561.54</ele>
      </trkpt>
      <trkpt lat="47.22984993830323" lon="10.952221993356943">
        <ele>1561.51</ele>
      </trkpt>
      <trkpt lat="47.229852955788374" lon="10.952293993905187">
        <ele>1561.49</ele>
      </trkpt>
      <trkpt lat="47.22985899075866" lon="10.952363982796669">
        <ele>1561.47</ele>
      </trkpt>
      <trkpt lat="47.22986192442477" lon="10.952435983344913">
        <ele>1561.46</ele>
      </trkpt>
      <trkpt lat="47.22986594773829" lon="10.952505972236395">
        <ele>1561.45</ele>
      </trkpt>
      <trkpt lat="47.22987097688019" lon="10.952576966956258">
        <ele>1561.45</ele>
      </trkpt>
      <trkpt lat="47.229875922203064" lon="10.952644944190979">
        <ele>1561.48</ele>
      </trkpt>
      <trkpt lat="47.22988195717335" lon="10.9527129214257">
        <ele>1561.51</ele>
      </trkpt>
      <trkpt lat="47.22988396883011" lon="10.952777964994311">
        <ele>1561.55</ele>
      </trkpt>
      <trkpt lat="47.22988799214363" lon="10.95284191891551">
        <ele>1561.6</ele>
      </trkpt>
      <trkpt lat="47.22989193163812" lon="10.952908974140882">
        <ele>1561.66</ele>
      </trkpt>
      <trkpt lat="47.22989394329488" lon="10.952976951375604">
        <ele>1561.74</ele>
      </trkpt>
      <trkpt lat="47.229896960780025" lon="10.953044928610325">
        <ele>1561.83</ele>
      </trkpt>
      <trkpt lat="47.229896960780025" lon="10.953114917501807">
        <ele>1561.92</ele>
      </trkpt>
      <trkpt lat="47.229898972436786" lon="10.953185996040702">
        <ele>1562.02</ele>
      </trkpt>
      <trkpt lat="47.229898972436786" lon="10.953254979103804">
        <ele>1562.12</ele>
      </trkpt>
      <trkpt lat="47.22989494912326" lon="10.953322956338525">
        <ele>1562.23</ele>
      </trkpt>
      <trkpt lat="47.22989494912326" lon="10.953392945230007">
        <ele>1562.35</ele>
      </trkpt>
      <trkpt lat="47.22989092580974" lon="10.95346293412149">
        <ele>1562.47</ele>
      </trkpt>
      <trkpt lat="47.22988598048687" lon="10.953531917184591">
        <ele>1562.6</ele>
      </trkpt>
      <trkpt lat="47.229875922203064" lon="10.953597966581583">
        <ele>1562.74</ele>
      </trkpt>
      <trkpt lat="47.22986594773829" lon="10.953661920502782">
        <ele>1562.89</ele>
      </trkpt>
      <trkpt lat="47.22985798493028" lon="10.953725958243012">
        <ele>1563.04</ele>
      </trkpt>
      <trkpt lat="47.22984692081809" lon="10.953790917992592">
        <ele>1563.2</ele>
      </trkpt>
      <trkpt lat="47.229835940524936" lon="10.953856967389584">
        <ele>1563.37</ele>
      </trkpt>
      <trkpt lat="47.2298239544034" lon="10.953923938795924">
        <ele>1563.56</ele>
      </trkpt>
      <trkpt lat="47.22980693913996" lon="10.953986970707774">
        <ele>1563.75</ele>
      </trkpt>
      <trkpt lat="47.22978891804814" lon="10.954051930457354">
        <ele>1563.97</ele>
      </trkpt>
      <trkpt lat="47.229768969118595" lon="10.954112950712442">
        <ele>1564.2</ele>
      </trkpt>
      <trkpt lat="47.229749942198396" lon="10.954174976795912">
        <ele>1564.44</ele>
      </trkpt>
      <trkpt lat="47.22973192110658" lon="10.95423893071711">
        <ele>1564.71</ele>
      </trkpt>
      <trkpt lat="47.22970996052027" lon="10.95430095680058">
        <ele>1564.99</ele>
      </trkpt>
      <trkpt lat="47.22968892194331" lon="10.95436298288405">
        <ele>1565.3</ele>
      </trkpt>
      <trkpt lat="47.22966897301376" lon="10.954422997310758">
        <ele>1565.62</ele>
      </trkpt>
      <trkpt lat="47.22964692860842" lon="10.954481922090054">
        <ele>1565.96</ele>
      </trkpt>
      <trkpt lat="47.22962798550725" lon="10.954541936516762">
        <ele>1566.34</ele>
      </trkpt>
      <trkpt lat="47.22960895858705" lon="10.954596921801567">
        <ele>1566.75</ele>
      </trkpt>
      <trkpt lat="47.22958498634398" lon="10.954655930399895">
        <ele>1567.18</ele>
      </trkpt>
      <trkpt lat="47.22956193611026" lon="10.954715944826603">
        <ele>1567.63</ele>
      </trkpt>
      <trkpt lat="47.22953695803881" lon="10.954775959253311">
        <ele>1568.11</ele>
      </trkpt>
      <trkpt lat="47.2295149974525" lon="10.954833962023258">
        <ele>1568.61</ele>
      </trkpt>
      <trkpt lat="47.22949496470392" lon="10.954894982278347">
        <ele>1569.13</ele>
      </trkpt>
      <trkpt lat="47.2294769436121" lon="10.954956924542785">
        <ele>1569.68</ele>
      </trkpt>
      <trkpt lat="47.22945598885417" lon="10.955016938969493">
        <ele>1570.25</ele>
      </trkpt>
      <trkpt lat="47.22943796776235" lon="10.95507494173944">
        <ele>1570.83</ele>
      </trkpt>
      <trkpt lat="47.229422964155674" lon="10.95513696782291">
        <ele>1571.44</ele>
      </trkpt>
      <trkpt lat="47.229405948892236" lon="10.955198993906379">
        <ele>1572.08</ele>
      </trkpt>
      <trkpt lat="47.22938993945718" lon="10.955260936170816">
        <ele>1572.72</ele>
      </trkpt>
      <trkpt lat="47.22937694750726" lon="10.955327991396189">
        <ele>1573.39</ele>
      </trkpt>
      <trkpt lat="47.22936596721411" lon="10.95539496280253">
        <ele>1574.07</ele>
      </trkpt>
      <trkpt lat="47.22935498692095" lon="10.955459922552109">
        <ele>1574.78</ele>
      </trkpt>
      <trkpt lat="47.22934694029391" lon="10.95552396029234">
        <ele>1575.51</ele>
      </trkpt>
      <trkpt lat="47.229336965829134" lon="10.955588920041919">
        <ele>1576.26</ele>
      </trkpt>
      <trkpt lat="47.22933093085885" lon="10.955656981095672">
        <ele>1577.01</ele>
      </trkpt>
      <trkpt lat="47.22932598553598" lon="10.955723952502012">
        <ele>1577.8</ele>
      </trkpt>
      <trkpt lat="47.22932397387922" lon="10.955789918079972">
        <ele>1578.61</ele>
      </trkpt>
      <trkpt lat="47.22932196222246" lon="10.955857979133725">
        <ele>1579.43</ele>
      </trkpt>
      <trkpt lat="47.229318944737315" lon="10.955926962196827">
        <ele>1580.25</ele>
      </trkpt>
      <trkpt lat="47.229317938908935" lon="10.955995945259929">
        <ele>1581.05</ele>
      </trkpt>
      <trkpt lat="47.229313999414444" lon="10.95606291666627">
        <ele>1581.87</ele>
      </trkpt>
      <trkpt lat="47.22931198775768" lon="10.956132989376783">
        <ele>1582.69</ele>
      </trkpt>
      <trkpt lat="47.2293109819293" lon="10.956197949126363">
        <ele>1583.5</ele>
      </trkpt>
      <trkpt lat="47.22930897027254" lon="10.956263998523355">
        <ele>1584.28</ele>
      </trkpt>
      <trkpt lat="47.22930796444416" lon="10.956327952444553">
        <ele>1585.06</ele>
      </trkpt>
      <trkpt lat="47.2293059527874" lon="10.956394923850894">
        <ele>1585.82</ele>
      </trkpt>
      <trkpt lat="47.22930293530226" lon="10.956464996561408">
        <ele>1586.56</ele>
      </trkpt>
      <trkpt lat="47.229299917817116" lon="10.956531967967749">
        <ele>1587.3</ele>
      </trkpt>
      <trkpt lat="47.229295978322625" lon="10.956596927717328">
        <ele>1588.01</ele>
      </trkpt>
      <trkpt lat="47.2292919550091" lon="10.956659959629178">
        <ele>1588.7</ele>
      </trkpt>
      <trkpt lat="47.22928793169558" lon="10.956722991541028">
        <ele>1589.37</ele>
      </trkpt>
      <trkpt lat="47.22928592003882" lon="10.956782922148705">
        <ele>1590.04</ele>
      </trkpt>
      <trkpt lat="47.22928399220109" lon="10.956845954060555">
        <ele>1590.69</ele>
      </trkpt>
      <trkpt lat="47.22928399220109" lon="10.956908985972404">
        <ele>1591.33</ele>
      </trkpt>
      <trkpt lat="47.22928298637271" lon="10.956973945721984">
        <ele>1591.94</ele>
      </trkpt>
      <trkpt lat="47.22928097471595" lon="10.957033960148692">
        <ele>1592.51</ele>
      </trkpt>
      <trkpt lat="47.229276951402426" lon="10.957095986232162">
        <ele>1593.04</ele>
      </trkpt>
      <trkpt lat="47.229276951402426" lon="10.95715893432498">
        <ele>1593.55</ele>
      </trkpt>
      <trkpt lat="47.229276951402426" lon="10.95722196623683">
        <ele>1594.03</ele>
      </trkpt>
      <trkpt lat="47.229276951402426" lon="10.957281980663538">
        <ele>1594.47</ele>
      </trkpt>
      <trkpt lat="47.229277957230806" lon="10.957340989261866">
        <ele>1594.87</ele>
      </trkpt>
      <trkpt lat="47.22927896305919" lon="10.957398992031813">
        <ele>1595.23</ele>
      </trkpt>
      <trkpt lat="47.22928097471595" lon="10.957453977316618">
        <ele>1595.56</ele>
      </trkpt>
      <trkpt lat="47.229277957230806" lon="10.957507956773043">
        <ele>1595.83</ele>
      </trkpt>
      <trkpt lat="47.229274939745665" lon="10.957557996734977">
        <ele>1596.07</ele>
      </trkpt>
      <trkpt lat="47.22927091643214" lon="10.95760996453464">
        <ele>1596.27</ele>
      </trkpt>
      <trkpt lat="47.22926999442279" lon="10.957662938162684">
        <ele>1596.42</ele>
      </trkpt>
      <trkpt lat="47.22926999442279" lon="10.95771892927587">
        <ele>1596.54</ele>
      </trkpt>
      <trkpt lat="47.22926798276603" lon="10.957774920389056">
        <ele>1596.6</ele>
      </trkpt>
      <trkpt lat="47.22926395945251" lon="10.957832923159003">
        <ele>1596.64</ele>
      </trkpt>
      <trkpt lat="47.22925993613899" lon="10.957885980606079">
        <ele>1596.63</ele>
      </trkpt>
      <trkpt lat="47.2292559966445" lon="10.95793392509222">
        <ele>1596.59</ele>
      </trkpt>
      <trkpt lat="47.22924895584583" lon="10.957983965054154">
        <ele>1596.5</ele>
      </trkpt>
      <trkpt lat="47.22924099303782" lon="10.958035932853818">
        <ele>1596.38</ele>
      </trkpt>
      <trkpt lat="47.229233952239156" lon="10.958090918138623">
        <ele>1596.25</ele>
      </trkpt>
      <trkpt lat="47.229230934754014" lon="10.958142969757318">
        <ele>1596.1</ele>
      </trkpt>
      <trkpt lat="47.22922397777438" lon="10.958195943385363">
        <ele>1595.92</ele>
      </trkpt>
      <trkpt lat="47.22921693697572" lon="10.958248917013407">
        <ele>1595.7</ele>
      </trkpt>
      <trkpt lat="47.229210985824466" lon="10.958300968632102">
        <ele>1595.45</ele>
      </trkpt>
      <trkpt lat="47.22920293919742" lon="10.958351930603385">
        <ele>1595.18</ele>
      </trkpt>
      <trkpt lat="47.22919899970293" lon="10.95840398222208">
        <ele>1594.9</ele>
      </trkpt>
      <trkpt lat="47.229190953075886" lon="10.958454944193363">
        <ele>1594.59</ele>
      </trkpt>
      <trkpt lat="47.22918299026787" lon="10.958505989983678">
        <ele>1594.27</ele>
      </trkpt>
      <trkpt lat="47.22917997278273" lon="10.958557957783341">
        <ele>1593.93</ele>
      </trkpt>
      <trkpt lat="47.22917695529759" lon="10.958607997745275">
        <ele>1593.57</ele>
      </trkpt>
      <trkpt lat="47.22917695529759" lon="10.958654936403036">
        <ele>1593.21</ele>
      </trkpt>
      <trkpt lat="47.22917393781245" lon="10.95870598219335">
        <ele>1592.84</ele>
      </trkpt>
      <trkpt lat="47.229168992489576" lon="10.958757949993014">
        <ele>1592.45</ele>
      </trkpt>
      <trkpt lat="47.229166980832815" lon="10.958811929449439">
        <ele>1592.06</ele>
      </trkpt>
      <trkpt lat="47.229168992489576" lon="10.958865992724895">
        <ele>1591.68</ele>
      </trkpt>
      <trkpt lat="47.229170920327306" lon="10.958914943039417">
        <ele>1591.3</ele>
      </trkpt>
      <trkpt lat="47.229171926155686" lon="10.958972945809364">
        <ele>1590.91</ele>
      </trkpt>
      <trkpt lat="47.229171926155686" lon="10.95902893692255">
        <ele>1590.54</ele>
      </trkpt>
      <trkpt lat="47.229171926155686" lon="10.959085933864117">
        <ele>1590.2</ele>
      </trkpt>
      <trkpt lat="47.229168992489576" lon="10.959145948290825">
        <ele>1589.83</ele>
      </trkpt>
      <trkpt lat="47.22916295751929" lon="10.959202945232391">
        <ele>1589.46</ele>
      </trkpt>
      <trkpt lat="47.22915197722614" lon="10.959251979365945">
        <ele>1589.08</ele>
      </trkpt>
      <trkpt lat="47.22913697361946" lon="10.959298918023705">
        <ele>1588.71</ele>
      </trkpt>
      <trkpt lat="47.22911895252764" lon="10.959344934672117">
        <ele>1588.34</ele>
      </trkpt>
      <trkpt lat="47.22909891977906" lon="10.959390951320529">
        <ele>1587.98</ele>
      </trkpt>
      <trkpt lat="47.22907394170761" lon="10.959432944655418">
        <ele>1587.63</ele>
      </trkpt>
      <trkpt lat="47.22904393449426" lon="10.959468986839056">
        <ele>1587.3</ele>
      </trkpt>
      <trkpt lat="47.2290139272809" lon="10.95949798822403">
        <ele>1586.99</ele>
      </trkpt>
      <trkpt lat="47.22898392006755" lon="10.959526989609003">
        <ele>1586.7</ele>
      </trkpt>
      <trkpt lat="47.228954918682575" lon="10.959553979337215">
        <ele>1586.42</ele>
      </trkpt>
      <trkpt lat="47.22892298363149" lon="10.959580969065428">
        <ele>1586.16</ele>
      </trkpt>
      <trkpt lat="47.22889197058976" lon="10.959604941308498">
        <ele>1585.92</ele>
      </trkpt>
      <trkpt lat="47.22885894589126" lon="10.95962698571384">
        <ele>1585.7</ele>
      </trkpt>
      <trkpt lat="47.22882893867791" lon="10.959652969613671">
        <ele>1585.5</ele>
      </trkpt>
      <trkpt lat="47.22879792563617" lon="10.959676941856742">
        <ele>1585.35</ele>
      </trkpt>
      <trkpt lat="47.2287689242512" lon="10.959700997918844">
        <ele>1585.23</ele>
      </trkpt>
      <trkpt lat="47.228740928694606" lon="10.959724970161915">
        <ele>1585.15</ele>
      </trkpt>
      <trkpt lat="47.22870899364352" lon="10.959744919091463">
        <ele>1585.09</ele>
      </trkpt>
      <trkpt lat="47.22867898643017" lon="10.959768975153565">
        <ele>1585.05</ele>
      </trkpt>
      <trkpt lat="47.22864797338843" lon="10.959789929911494">
        <ele>1585.04</ele>
      </trkpt>
      <trkpt lat="47.22861796617508" lon="10.959811974316835">
        <ele>1585.05</ele>
      </trkpt>
      <trkpt lat="47.228588964790106" lon="10.959836952388287">
        <ele>1585.1</ele>
      </trkpt>
      <trkpt lat="47.228563986718655" lon="10.95986595377326">
        <ele>1585.17</ele>
      </trkpt>
      <trkpt lat="47.22853699699044" lon="10.959892943501472">
        <ele>1585.27</ele>
      </trkpt>
      <trkpt lat="47.22851092927158" lon="10.959917921572924">
        <ele>1585.43</ele>
      </trkpt>
      <trkpt lat="47.228483939543366" lon="10.959940971806645">
        <ele>1585.61</ele>
      </trkpt>
      <trkpt lat="47.22845594398677" lon="10.959966955706477">
        <ele>1585.82</ele>
      </trkpt>
      <trkpt lat="47.22842996008694" lon="10.959987994283438">
        <ele>1586.04</ele>
      </trkpt>
      <trkpt lat="47.22840699367225" lon="10.960011966526508">
        <ele>1586.29</ele>
      </trkpt>
      <trkpt lat="47.22838997840881" lon="10.96003795042634">
        <ele>1586.54</ele>
      </trkpt>
      <trkpt lat="47.228371957316995" lon="10.960063934326172">
        <ele>1586.81</ele>
      </trkpt>
      <trkpt lat="47.228350918740034" lon="10.960085978731513">
        <ele>1587.11</ele>
      </trkpt>
      <trkpt lat="47.22833298146725" lon="10.960107939317822">
        <ele>1587.42</ele>
      </trkpt>
      <trkpt lat="47.22831596620381" lon="10.960128977894783">
        <ele>1587.74</ele>
      </trkpt>
      <trkpt lat="47.22829895094037" lon="10.960149932652712">
        <ele>1588.08</ele>
      </trkpt>
      <trkpt lat="47.22828092984855" lon="10.960172982886434">
        <ele>1588.43</ele>
      </trkpt>
      <trkpt lat="47.228265926241875" lon="10.960193937644362">
        <ele>1588.79</ele>
      </trkpt>
      <trkpt lat="47.2282509226352" lon="10.960215982049704">
        <ele>1589.15</ele>
      </trkpt>
      <trkpt lat="47.22823298536241" lon="10.96023098565638">
        <ele>1589.54</ele>
      </trkpt>
      <trkpt lat="47.22821798175573" lon="10.960249928757548">
        <ele>1589.93</ele>
      </trkpt>
      <trkpt lat="47.22820398397744" lon="10.960265938192606">
        <ele>1590.33</ele>
      </trkpt>
      <trkpt lat="47.22819493152201" lon="10.960284965112805">
        <ele>1590.73</ele>
      </trkpt>
      <trkpt lat="47.22818395122886" lon="10.960308937355876">
        <ele>1591.13</ele>
      </trkpt>
      <trkpt lat="47.22816995345056" lon="10.960329975932837">
        <ele>1591.55</ele>
      </trkpt>
      <trkpt lat="47.22815494984388" lon="10.960351936519146">
        <ele>1591.96</ele>
      </trkpt>
      <trkpt lat="47.228138940408826" lon="10.960368951782584">
        <ele>1592.38</ele>
      </trkpt>
      <trkpt lat="47.22812393680215" lon="10.960392924025655">
        <ele>1592.8</ele>
      </trkpt>
      <trkpt lat="47.22810692153871" lon="10.960410945117474">
        <ele>1593.23</ele>
      </trkpt>
      <trkpt lat="47.228094935417175" lon="10.960432989522815">
        <ele>1593.65</ele>
      </trkpt>
      <trkpt lat="47.22808194346726" lon="10.960450926795602">
        <ele>1594.07</ele>
      </trkpt>
      <trkpt lat="47.22806794568896" lon="10.960470959544182">
        <ele>1594.5</ele>
      </trkpt>
      <trkpt lat="47.228052942082286" lon="10.960490992292762">
        <ele>1594.91</ele>
      </trkpt>
      <trkpt lat="47.22804296761751" lon="10.96050993539393">
        <ele>1595.32</ele>
      </trkpt>
      <trkpt lat="47.22803098149598" lon="10.96053197979927">
        <ele>1595.72</ele>
      </trkpt>
      <trkpt lat="47.22801991738379" lon="10.960548995062709">
        <ele>1596.11</ele>
      </trkpt>
      <trkpt lat="47.228008937090635" lon="10.960567938163877">
        <ele>1596.51</ele>
      </trkpt>
      <trkpt lat="47.22799594514072" lon="10.960587970912457">
        <ele>1596.9</ele>
      </trkpt>
      <trkpt lat="47.2279829531908" lon="10.96059593372047">
        <ele>1597.29</ele>
      </trkpt>
      <trkpt lat="47.22797398455441" lon="10.960610937327147">
        <ele>1597.67</ele>
      </trkpt>
      <trkpt lat="47.227966943755746" lon="10.960631975904107">
        <ele>1598.05</ele>
      </trkpt>
      <trkpt lat="47.22795998677611" lon="10.960650919005275">
        <ele>1598.42</ele>
      </trkpt>
      <trkpt lat="47.22794791683555" lon="10.960666928440332">
        <ele>1598.8</ele>
      </trkpt>
      <trkpt lat="47.22793492488563" lon="10.960673969238997">
        <ele>1599.17</ele>
      </trkpt>
      <trkpt lat="47.227922938764095" lon="10.96068193204701">
        <ele>1599.54</ele>
      </trkpt>
      <trkpt lat="47.227917993441224" lon="10.960697941482067">
        <ele>1599.89</ele>
      </trkpt>
      <trkpt lat="47.22791195847094" lon="10.960713950917125">
        <ele>1600.23</ele>
      </trkpt>
      <trkpt lat="47.22790399566293" lon="10.960737923160195">
        <ele>1600.56</ele>
      </trkpt>
      <trkpt lat="47.22788899205625" lon="10.960752926766872">
        <ele>1600.9</ele>
      </trkpt>
      <trkpt lat="47.22787298262119" lon="10.96076499670744">
        <ele>1601.23</ele>
      </trkpt>
      <trkpt lat="47.22785999067128" lon="10.960777988657355">
        <ele>1601.55</ele>
      </trkpt>
      <trkpt lat="47.22784599289298" lon="10.960791986435652">
        <ele>1601.86</ele>
      </trkpt>
      <trkpt lat="47.227836940437555" lon="10.960809923708439">
        <ele>1602.15</ele>
      </trkpt>
      <trkpt lat="47.22783291712403" lon="10.960829956457019">
        <ele>1602.43</ele>
      </trkpt>
      <trkpt lat="47.22782696597278" lon="10.96085099503398">
        <ele>1602.7</ele>
      </trkpt>
      <trkpt lat="47.22781891934574" lon="10.96087396144867">
        <ele>1602.97</ele>
      </trkpt>
      <trkpt lat="47.22780492156744" lon="10.960892988368869">
        <ele>1603.23</ele>
      </trkpt>
      <trkpt lat="47.22778991796076" lon="10.960900951176882">
        <ele>1603.48</ele>
      </trkpt>
      <trkpt lat="47.22778296098113" lon="10.96091796644032">
        <ele>1603.72</ele>
      </trkpt>
      <trkpt lat="47.22778296098113" lon="10.960943950340152">
        <ele>1603.93</ele>
      </trkpt>
      <trkpt lat="47.22778094932437" lon="10.960970940068364">
        <ele>1604.13</ele>
      </trkpt>
      <trkpt lat="47.227768963202834" lon="10.960990972816944">
        <ele>1604.34</ele>
      </trkpt>
      <trkpt lat="47.22775395959616" lon="10.961005976423621">
        <ele>1604.54</ele>
      </trkpt>
      <trkpt lat="47.22773996181786" lon="10.961015950888395">
        <ele>1604.73</ele>
      </trkpt>
      <trkpt lat="47.22772998735309" lon="10.961032966151834">
        <ele>1604.9</ele>
      </trkpt>
      <trkpt lat="47.22772495821118" lon="10.961055932566524">
        <ele>1605.06</ele>
      </trkpt>
      <trkpt lat="47.22772495821118" lon="10.961079988628626">
        <ele>1605.2</ele>
      </trkpt>
      <trkpt lat="47.22771699540317" lon="10.961105972528458">
        <ele>1605.34</ele>
      </trkpt>
      <trkpt lat="47.227702997624874" lon="10.961123993620276">
        <ele>1605.49</ele>
      </trkpt>
      <trkpt lat="47.22769293934107" lon="10.961145954206586">
        <ele>1605.62</ele>
      </trkpt>
      <trkpt lat="47.2276879940182" lon="10.961171938106418">
        <ele>1605.74</ele>
      </trkpt>
      <trkpt lat="47.227685982361436" lon="10.96119599416852">
        <ele>1605.84</ele>
      </trkpt>
      <trkpt lat="47.22768195904791" lon="10.961222983896732">
        <ele>1605.95</ele>
      </trkpt>
      <trkpt lat="47.22767994739115" lon="10.961244944483042">
        <ele>1606.05</ele>
      </trkpt>
      <trkpt lat="47.22767692990601" lon="10.961269922554493">
        <ele>1606.14</ele>
      </trkpt>
      <trkpt lat="47.22767198458314" lon="10.961294984444976">
        <ele>1606.24</ele>
      </trkpt>
      <trkpt lat="47.22767491824925" lon="10.961316945031285">
        <ele>1606.32</ele>
      </trkpt>
      <trkpt lat="47.22767894156277" lon="10.961336977779865">
        <ele>1606.39</ele>
      </trkpt>
      <trkpt lat="47.22767793573439" lon="10.961362961679697">
        <ele>1606.48</ele>
      </trkpt>
      <trkpt lat="47.22766796126962" lon="10.961384922266006">
        <ele>1606.58</ele>
      </trkpt>
      <trkpt lat="47.227661926299334" lon="10.96141199581325">
        <ele>1606.68</ele>
      </trkpt>
      <trkpt lat="47.22766092047095" lon="10.96143395639956">
        <ele>1606.77</ele>
      </trkpt>
      <trkpt lat="47.22765798680484" lon="10.96145591698587">
        <ele>1606.87</ele>
      </trkpt>
      <trkpt lat="47.22765597514808" lon="10.961480978876352">
        <ele>1606.97</ele>
      </trkpt>
      <trkpt lat="47.2276549693197" lon="10.961503945291042">
        <ele>1607.09</ele>
      </trkpt>
      <trkpt lat="47.2276499401778" lon="10.961524983868003">
        <ele>1607.21</ele>
      </trkpt>
      <trkpt lat="47.22764792852104" lon="10.961546944454312">
        <ele>1607.33</ele>
      </trkpt>
      <trkpt lat="47.22764792852104" lon="10.961567983031273">
        <ele>1607.45</ele>
      </trkpt>
      <trkpt lat="47.22764893434942" lon="10.961590949445963">
        <ele>1607.58</ele>
      </trkpt>
      <trkpt lat="47.22765195183456" lon="10.961612993851304">
        <ele>1607.72</ele>
      </trkpt>
      <trkpt lat="47.22765798680484" lon="10.961632942780852">
        <ele>1607.86</ele>
      </trkpt>
      <trkpt lat="47.227663937956095" lon="10.961655993014574">
        <ele>1608.0</ele>
      </trkpt>
      <trkpt lat="47.22765698097646" lon="10.961677953600883">
        <ele>1608.19</ele>
      </trkpt>
      <trkpt lat="47.227645916864276" lon="10.961694968864322">
        <ele>1608.39</ele>
      </trkpt>
      <trkpt lat="47.227638959884644" lon="10.96171491779387">
        <ele>1608.59</ele>
      </trkpt>
      <trkpt lat="47.227639965713024" lon="10.961737968027592">
        <ele>1608.79</ele>
      </trkpt>
      <trkpt lat="47.227642983198166" lon="10.961766969412565">
        <ele>1608.99</ele>
      </trkpt>
      <trkpt lat="47.227645916864276" lon="10.961794964969158">
        <ele>1609.2</ele>
      </trkpt>
      <trkpt lat="47.227639965713024" lon="10.96182094886899">
        <ele>1609.45</ele>
      </trkpt>
      <trkpt lat="47.22762697376311" lon="10.961837964132428">
        <ele>1609.72</ele>
      </trkpt>
      <trkpt lat="47.22761197015643" lon="10.961852967739105">
        <ele>1610.0</ele>
      </trkpt>
      <trkpt lat="47.22760694101453" lon="10.961876939982176">
        <ele>1610.27</ele>
      </trkpt>
      <trkpt lat="47.22760593518615" lon="10.961898984387517">
        <ele>1610.53</ele>
      </trkpt>
      <trkpt lat="47.22760593518615" lon="10.961921950802207">
        <ele>1610.8</ele>
      </trkpt>
      <trkpt lat="47.22760492935777" lon="10.961945923045278">
        <ele>1611.09</ele>
      </trkpt>
      <trkpt lat="47.22759294323623" lon="10.961967967450619">
        <ele>1611.39</ele>
      </trkpt>
      <trkpt lat="47.227579951286316" lon="10.961984982714057">
        <ele>1611.71</ele>
      </trkpt>
      <trkpt lat="47.22757299430668" lon="10.962001997977495">
        <ele>1612.01</ele>
      </trkpt>
      <trkpt lat="47.227577939629555" lon="10.962024964392185">
        <ele>1612.3</ele>
      </trkpt>
      <trkpt lat="47.22758296877146" lon="10.962046924978495">
        <ele>1612.57</ele>
      </trkpt>
      <trkpt lat="47.2275809571147" lon="10.962073998525739">
        <ele>1612.88</ele>
      </trkpt>
      <trkpt lat="47.22757391631603" lon="10.962093947455287">
        <ele>1613.19</ele>
      </trkpt>
      <trkpt lat="47.22755899652839" lon="10.962109956890345">
        <ele>1613.52</ele>
      </trkpt>
      <trkpt lat="47.22754592075944" lon="10.962126972153783">
        <ele>1613.83</ele>
      </trkpt>
      <trkpt lat="47.22753795795143" lon="10.962150944396853">
        <ele>1614.14</ele>
      </trkpt>
      <trkpt lat="47.22754298709333" lon="10.962174916639924">
        <ele>1614.41</ele>
      </trkpt>
      <trkpt lat="47.22754994407296" lon="10.962195955216885">
        <ele>1614.67</ele>
      </trkpt>
      <trkpt lat="47.227552961558104" lon="10.962224956601858">
        <ele>1614.93</ele>
      </trkpt>
      <trkpt lat="47.2275479324162" lon="10.962247923016548">
        <ele>1615.22</ele>
      </trkpt>
      <trkpt lat="47.227536952123046" lon="10.962264938279986">
        <ele>1615.5</ele>
      </trkpt>
      <trkpt lat="47.227532928809524" lon="10.962286982685328">
        <ele>1615.75</ele>
      </trkpt>
      <trkpt lat="47.227535946294665" lon="10.962310954928398">
        <ele>1615.97</ele>
      </trkpt>
      <trkpt lat="47.22754298709333" lon="10.962334927171469">
        <ele>1616.17</ele>
      </trkpt>
      <trkpt lat="47.22755094990134" lon="10.962360994890332">
        <ele>1616.36</ele>
      </trkpt>
      <trkpt lat="47.22755899652839" lon="10.962383961305022">
        <ele>1616.53</ele>
      </trkpt>
      <trkpt lat="47.227559918537736" lon="10.962405921891332">
        <ele>1616.71</ele>
      </trkpt>
      <trkpt lat="47.227556984871626" lon="10.962426960468292">
        <ele>1616.88</ele>
      </trkpt>
      <trkpt lat="47.2275619301945" lon="10.962448921054602">
        <ele>1617.02</ele>
      </trkpt>
      <trkpt lat="47.2275719884783" lon="10.962468953803182">
        <ele>1617.12</ele>
      </trkpt>
      <trkpt lat="47.22758296877146" lon="10.962483957409859">
        <ele>1617.21</ele>
      </trkpt>
      <trkpt lat="47.22758992575109" lon="10.962506923824549">
        <ele>1617.3</ele>
      </trkpt>
      <trkpt lat="47.22759093157947" lon="10.962532991543412">
        <ele>1617.38</ele>
      </trkpt>
      <trkpt lat="47.2275859862566" lon="10.962556963786483">
        <ele>1617.47</ele>
      </trkpt>
      <trkpt lat="47.22758296877146" lon="10.962580936029553">
        <ele>1617.52</ele>
      </trkpt>
      <trkpt lat="47.22758699208498" lon="10.962606919929385">
        <ele>1617.55</ele>
      </trkpt>
      <trkpt lat="47.22759495489299" lon="10.962627958506346">
        <ele>1617.55</ele>
      </trkpt>
      <trkpt lat="47.22760392352939" lon="10.962645979598165">
        <ele>1617.54</ele>
      </trkpt>
      <trkpt lat="47.22761297598481" lon="10.962664922699332">
        <ele>1617.51</ele>
      </trkpt>
      <trkpt lat="47.227621944621205" lon="10.962683949619532">
        <ele>1617.45</ele>
      </trkpt>
      <trkpt lat="47.22762797959149" lon="10.962703982368112">
        <ele>1617.41</ele>
      </trkpt>
      <trkpt lat="47.22762697376311" lon="10.962726948782802">
        <ele>1617.35</ele>
      </trkpt>
      <trkpt lat="47.227622950449586" lon="10.962750921025872">
        <ele>1617.3</ele>
      </trkpt>
      <trkpt lat="47.227620938792825" lon="10.962777994573116">
        <ele>1617.24</ele>
      </trkpt>
      <trkpt lat="47.22762697376311" lon="10.962799955159426">
        <ele>1617.14</ele>
      </trkpt>
      <trkpt lat="47.2276359423995" lon="10.962816970422864">
        <ele>1617.03</ele>
      </trkpt>
      <trkpt lat="47.227642983198166" lon="10.962833985686302">
        <ele>1616.92</ele>
      </trkpt>
      <trkpt lat="47.2276499401778" lon="10.962850917130709">
        <ele>1616.8</ele>
      </trkpt>
      <trkpt lat="47.22765396349132" lon="10.96287396736443">
        <ele>1616.67</ele>
      </trkpt>
      <trkpt lat="47.2276499401778" lon="10.96289693377912">
        <ele>1616.56</ele>
      </trkpt>
      <trkpt lat="47.22764499485493" lon="10.962918978184462">
        <ele>1616.45</ele>
      </trkpt>
      <trkpt lat="47.227640971541405" lon="10.962948985397816">
        <ele>1616.33</ele>
      </trkpt>
      <trkpt lat="47.227639965713024" lon="10.962972957640886">
        <ele>1616.22</ele>
      </trkpt>
      <trkpt lat="47.22764398902655" lon="10.962996929883957">
        <ele>1616.08</ele>
      </trkpt>
      <trkpt lat="47.22765295766294" lon="10.963016962632537">
        <ele>1615.94</ele>
      </trkpt>
      <trkpt lat="47.22765698097646" lon="10.963033977895975">
        <ele>1615.81</ele>
      </trkpt>
      <trkpt lat="47.227663937956095" lon="10.963052920997143">
        <ele>1615.68</ele>
      </trkpt>
      <trkpt lat="47.227662932127714" lon="10.963074965402484">
        <ele>1615.58</ele>
      </trkpt>
      <trkpt lat="47.22765899263322" lon="10.963093992322683">
        <ele>1615.48</ele>
      </trkpt>
      <trkpt lat="47.22765698097646" lon="10.963121987879276">
        <ele>1615.37</ele>
      </trkpt>
      <trkpt lat="47.22765798680484" lon="10.96314998343587">
        <ele>1615.28</ele>
      </trkpt>
      <trkpt lat="47.22766796126962" lon="10.963170938193798">
        <ele>1615.18</ele>
      </trkpt>
      <trkpt lat="47.22767491824925" lon="10.963191976770759">
        <ele>1615.09</ele>
      </trkpt>
      <trkpt lat="47.22767894156277" lon="10.96321695484221">
        <ele>1615.01</ele>
      </trkpt>
      <trkpt lat="47.22767793573439" lon="10.963244950398803">
        <ele>1614.96</ele>
      </trkpt>
      <trkpt lat="47.22767097875476" lon="10.963270934298635">
        <ele>1614.92</ele>
      </trkpt>
      <trkpt lat="47.227663937956095" lon="10.963294990360737">
        <ele>1614.9</ele>
      </trkpt>
      <trkpt lat="47.227659998461604" lon="10.963317956775427">
        <ele>1614.89</ele>
      </trkpt>
      <trkpt lat="47.22765899263322" lon="10.963342934846878">
        <ele>1614.89</ele>
      </trkpt>
      <trkpt lat="47.22766092047095" lon="10.9633659850806">
        <ele>1614.89</ele>
      </trkpt>
      <trkpt lat="47.227663937956095" lon="10.96338995732367">
        <ele>1614.91</ele>
      </trkpt>
      <trkpt lat="47.227664943784475" lon="10.963413929566741">
        <ele>1614.95</ele>
      </trkpt>
      <trkpt lat="47.22766092047095" lon="10.963434968143702">
        <ele>1615.02</ele>
      </trkpt>
      <trkpt lat="47.22765899263322" lon="10.96345592290163">
        <ele>1615.12</ele>
      </trkpt>
      <trkpt lat="47.227661926299334" lon="10.963477967306972">
        <ele>1615.21</ele>
      </trkpt>
      <trkpt lat="47.227665949612856" lon="10.96349598839879">
        <ele>1615.3</ele>
      </trkpt>
      <trkpt lat="47.22766695544124" lon="10.963515937328339">
        <ele>1615.42</ele>
      </trkpt>
      <trkpt lat="47.22766796126962" lon="10.963534964248538">
        <ele>1615.57</ele>
      </trkpt>
      <trkpt lat="47.227663937956095" lon="10.963558936491609">
        <ele>1615.74</ele>
      </trkpt>
      <trkpt lat="47.22765396349132" lon="10.963574945926666">
        <ele>1615.96</ele>
      </trkpt>
      <trkpt lat="47.22764398902655" lon="10.963597996160388">
        <ele>1616.19</ele>
      </trkpt>
      <trkpt lat="47.227640971541405" lon="10.963621968403459">
        <ele>1616.42</ele>
      </trkpt>
      <trkpt lat="47.22764398902655" lon="10.963642923161387">
        <ele>1616.65</ele>
      </trkpt>
      <trkpt lat="47.227645916864276" lon="10.963662955909967">
        <ele>1616.9</ele>
      </trkpt>
      <trkpt lat="47.227642983198166" lon="10.963682988658547">
        <ele>1617.19</ele>
      </trkpt>
      <trkpt lat="47.227641977369785" lon="10.963704949244857">
        <ele>1617.5</ele>
      </trkpt>
      <trkpt lat="47.22763694822788" lon="10.963720958679914">
        <ele>1617.83</ele>
      </trkpt>
      <trkpt lat="47.22762797959149" lon="10.963735962286592">
        <ele>1618.21</ele>
      </trkpt>
      <trkpt lat="47.227622950449586" lon="10.963755995035172">
        <ele>1618.57</ele>
      </trkpt>
      <trkpt lat="47.227618927136064" lon="10.963777955621481">
        <ele>1618.94</ele>
      </trkpt>
      <trkpt lat="47.22761599346995" lon="10.963798994198442">
        <ele>1619.33</ele>
      </trkpt>
      <trkpt lat="47.22761197015643" lon="10.96381894312799">
        <ele>1619.72</ele>
      </trkpt>
      <trkpt lat="47.22761197015643" lon="10.963840987533331">
        <ele>1620.12</ele>
      </trkpt>
      <trkpt lat="47.22760694101453" lon="10.963863953948021">
        <ele>1620.53</ele>
      </trkpt>
      <trkpt lat="47.227599984034896" lon="10.963887926191092">
        <ele>1620.97</ele>
      </trkpt>
      <trkpt lat="47.22759193740785" lon="10.963909970596433">
        <ele>1621.42</ele>
      </trkpt>
      <trkpt lat="47.22759093157947" lon="10.963929919525981">
        <ele>1621.84</ele>
      </trkpt>
      <trkpt lat="47.22758799791336" lon="10.963950958102942">
        <ele>1622.27</ele>
      </trkpt>
      <trkpt lat="47.227579951286316" lon="10.963972918689251">
        <ele>1622.72</ele>
      </trkpt>
      <trkpt lat="47.22756897099316" lon="10.96398993395269">
        <ele>1623.19</ele>
      </trkpt>
      <trkpt lat="47.227559918537736" lon="10.96401097252965">
        <ele>1623.65</ele>
      </trkpt>
      <trkpt lat="47.227552961558104" lon="10.964031927287579">
        <ele>1624.1</ele>
      </trkpt>
      <trkpt lat="47.22754298709333" lon="10.964051960036159">
        <ele>1624.57</ele>
      </trkpt>
      <trkpt lat="47.227534940466285" lon="10.964070986956358">
        <ele>1625.02</ele>
      </trkpt>
      <trkpt lat="47.22752597182989" lon="10.964087918400764">
        <ele>1625.47</ele>
      </trkpt>
      <trkpt lat="47.22751893103123" lon="10.964109962806106">
        <ele>1625.91</ele>
      </trkpt>
      <trkpt lat="47.227512979879975" lon="10.964128989726305">
        <ele>1626.35</ele>
      </trkpt>
      <trkpt lat="47.22750593908131" lon="10.964148938655853">
        <ele>1626.78</ele>
      </trkpt>
      <trkpt lat="47.22750099375844" lon="10.964164948090911">
        <ele>1627.18</ele>
      </trkpt>
      <trkpt lat="47.22749697044492" lon="10.96418296918273">
        <ele>1627.58</ele>
      </trkpt>
      <trkpt lat="47.22748892381787" lon="10.96420492976904">
        <ele>1627.98</ele>
      </trkpt>
      <trkpt lat="47.22748196683824" lon="10.964223956689239">
        <ele>1628.36</ele>
      </trkpt>
      <trkpt lat="47.22747693769634" lon="10.964241977781057">
        <ele>1628.72</ele>
      </trkpt>
      <trkpt lat="47.22747199237347" lon="10.964259998872876">
        <ele>1629.07</ele>
      </trkpt>
      <trkpt lat="47.2274649515748" lon="10.964279947802424">
        <ele>1629.4</ele>
      </trkpt>
      <trkpt lat="47.22745891660452" lon="10.964303920045495">
        <ele>1629.73</ele>
      </trkpt>
      <trkpt lat="47.22745195962489" lon="10.964321941137314">
        <ele>1630.04</ele>
      </trkpt>
      <trkpt lat="47.22744299098849" lon="10.964339962229133">
        <ele>1630.32</ele>
      </trkpt>
      <trkpt lat="47.22743393853307" lon="10.964362928643823">
        <ele>1630.61</ele>
      </trkpt>
      <trkpt lat="47.227426981553435" lon="10.964382961392403">
        <ele>1630.85</ele>
      </trkpt>
      <trkpt lat="47.22741994075477" lon="10.964404921978712">
        <ele>1631.09</ele>
      </trkpt>
      <trkpt lat="47.22740996629" lon="10.96442193724215">
        <ele>1631.31</ele>
      </trkpt>
      <trkpt lat="47.227406948804855" lon="10.964436940848827">
        <ele>1631.5</ele>
      </trkpt>
      <trkpt lat="47.227407954633236" lon="10.964453956112266">
        <ele>1631.66</ele>
      </trkpt>
      <trkpt lat="47.22740996629" lon="10.964469965547323">
        <ele>1631.8</ele>
      </trkpt>
      <trkpt lat="47.22740996629" lon="10.964486980810761">
        <ele>1631.94</ele>
      </trkpt>
      <trkpt lat="47.22740896046162" lon="10.964504918083549">
        <ele>1632.06</ele>
      </trkpt>
      <trkpt lat="47.22741197794676" lon="10.96452897414565">
        <ele>1632.15</ele>
      </trkpt>
      <trkpt lat="47.227405942976475" lon="10.964545989409089">
        <ele>1632.26</ele>
      </trkpt>
      <trkpt lat="47.227403931319714" lon="10.964561998844147">
        <ele>1632.35</ele>
      </trkpt>
      <trkpt lat="47.227405942976475" lon="10.964573984965682">
        <ele>1632.42</ele>
      </trkpt>
      <trkpt lat="47.227407954633236" lon="10.964604998007417">
        <ele>1632.46</ele>
      </trkpt>
      <trkpt lat="47.227405942976475" lon="10.964628970250487">
        <ele>1632.52</ele>
      </trkpt>
      <trkpt lat="47.22739697434008" lon="10.964650930836797">
        <ele>1632.58</ele>
      </trkpt>
      <trkpt lat="47.22738993354142" lon="10.96467699855566">
        <ele>1632.64</ele>
      </trkpt>
      <trkpt lat="47.22738599404693" lon="10.96469996497035">
        <ele>1632.69</ele>
      </trkpt>
      <trkpt lat="47.227387921884656" lon="10.964713962748647">
        <ele>1632.73</ele>
      </trkpt>
      <trkpt lat="47.22738993354142" lon="10.964739946648479">
        <ele>1632.75</ele>
      </trkpt>
      <trkpt lat="47.22737995907664" lon="10.964763918891549">
        <ele>1632.82</ele>
      </trkpt>
      <trkpt lat="47.22737593576312" lon="10.964787974953651">
        <ele>1632.88</ele>
      </trkpt>
      <trkpt lat="47.22737492993474" lon="10.964819993823767">
        <ele>1632.92</ele>
      </trkpt>
      <trkpt lat="47.227361937984824" lon="10.964843966066837">
        <ele>1633.0</ele>
      </trkpt>
      <trkpt lat="47.22735992632806" lon="10.964863998815417">
        <ele>1633.08</ele>
      </trkpt>
      <trkpt lat="47.22733193077147" lon="10.964882941916585">
        <ele>1633.22</ele>
      </trkpt>
      <trkpt lat="47.227317932993174" lon="10.964892916381359">
        <ele>1633.36</ele>
      </trkpt>
      <trkpt lat="47.227296978235245" lon="10.964916972443461">
        <ele>1633.51</ele>
      </trkpt>
      <trkpt lat="47.227277951315045" lon="10.964942956343293">
        <ele>1633.68</ele>
      </trkpt>
      <trkpt lat="47.22728197462857" lon="10.964971957728267">
        <ele>1633.81</ele>
      </trkpt>
      <trkpt lat="47.22728096880019" lon="10.96500095911324">
        <ele>1633.98</ele>
      </trkpt>
      <trkpt lat="47.227278957143426" lon="10.96502392552793">
        <ele>1634.16</ele>
      </trkpt>
      <trkpt lat="47.227276945486665" lon="10.965048987418413">
        <ele>1634.38</ele>
      </trkpt>
      <trkpt lat="47.22728398628533" lon="10.965080922469497">
        <ele>1634.59</ele>
      </trkpt>
      <trkpt lat="47.227297984063625" lon="10.965113947167993">
        <ele>1634.82</ele>
      </trkpt>
      <trkpt lat="47.227278957143426" lon="10.965142948552966">
        <ele>1635.15</ele>
      </trkpt>
      <trkpt lat="47.22726697102189" lon="10.9651739615947">
        <ele>1635.51</ele>
      </trkpt>
      <trkpt lat="47.2273079585284" lon="10.965201957151294">
        <ele>1635.78</ele>
      </trkpt>
      <trkpt lat="47.22731097601354" lon="10.965222995728254">
        <ele>1636.18</ele>
      </trkpt>
      <trkpt lat="47.227344922721386" lon="10.965254930779338">
        <ele>1636.53</ele>
      </trkpt>
      <trkpt lat="47.227150965482" lon="10.96515292301774">
        <ele>1637.51</ele>
      </trkpt>
      <trkpt lat="47.22729320637882" lon="10.965468166396022">
        <ele>1637.53</ele>
      </trkpt>
      <trkpt lat="47.22743544727564" lon="10.965783325955272">
        <ele>1637.8</ele>
      </trkpt>
      <trkpt lat="47.227576933801174" lon="10.96609697677195">
        <ele>1638.26</ele>
      </trkpt>
      <trkpt lat="47.227559918537736" lon="10.966127989813685">
        <ele>1638.93</ele>
      </trkpt>
      <trkpt lat="47.22752094268799" lon="10.966155985370278">
        <ele>1639.67</ele>
      </trkpt>
      <trkpt lat="47.22745497711003" lon="10.966163948178291">
        <ele>1640.49</ele>
      </trkpt>
      <trkpt lat="47.22738699987531" lon="10.966176940128207">
        <ele>1641.34</ele>
      </trkpt>
      <trkpt lat="47.22747492603958" lon="10.966064957901835">
        <ele>1641.97</ele>
      </trkpt>
      <trkpt lat="47.22725817002356" lon="10.966266375035048">
        <ele>1643.08</ele>
      </trkpt>
      <trkpt lat="47.227041414007545" lon="10.96646779216826">
        <ele>1644.25</ele>
      </trkpt>
      <trkpt lat="47.226824993267655" lon="10.966668957844377">
        <ele>1645.61</ele>
      </trkpt>
      <trkpt lat="47.22677495330572" lon="10.96661196090281">
        <ele>1646.62</ele>
      </trkpt>
      <trkpt lat="47.22676992416382" lon="10.966613972559571">
        <ele>1647.53</ele>
      </trkpt>
      <trkpt lat="47.22676397301257" lon="10.966614978387952">
        <ele>1648.44</ele>
      </trkpt>
      <trkpt lat="47.226758943870664" lon="10.966616990044713">
        <ele>1649.36</ele>
      </trkpt>
      <trkpt lat="47.22675399854779" lon="10.966618917882442">
        <ele>1650.27</ele>
      </trkpt>
      <trkpt lat="47.22674796357751" lon="10.96667499281466">
        <ele>1651.2</ele>
      </trkpt>
      <trkpt lat="47.22674394026399" lon="10.966712962836027">
        <ele>1652.11</ele>
      </trkpt>
      <trkpt lat="47.22674796357751" lon="10.966733917593956">
        <ele>1652.99</ele>
      </trkpt>
      <trkpt lat="47.22674695774913" lon="10.96676291897893">
        <ele>1653.88</ele>
      </trkpt>
      <trkpt lat="47.22674595192075" lon="10.966790998354554">
        <ele>1654.75</ele>
      </trkpt>
      <trkpt lat="47.22674595192075" lon="10.966820921748877">
        <ele>1655.62</ele>
      </trkpt>
      <trkpt lat="47.22674796357751" lon="10.966841960325837">
        <ele>1656.47</ele>
      </trkpt>
      <trkpt lat="47.22675098106265" lon="10.966861993074417">
        <ele>1657.3</ele>
      </trkpt>
      <trkpt lat="47.22675198689103" lon="10.966875990852714">
        <ele>1658.1</ele>
      </trkpt>
      <trkpt lat="47.22675098106265" lon="10.966903986409307">
        <ele>1658.92</ele>
      </trkpt>
      <trkpt lat="47.22674997523427" lon="10.966922929510474">
        <ele>1659.69</ele>
      </trkpt>
      <trkpt lat="47.22675098106265" lon="10.966940950602293">
        <ele>1660.45</ele>
      </trkpt>
      <trkpt lat="47.22674896940589" lon="10.966962995007634">
        <ele>1661.17</ele>
      </trkpt>
      <trkpt lat="47.22675098106265" lon="10.966983949765563">
        <ele>1661.85</ele>
      </trkpt>
      <trkpt lat="47.22675198689103" lon="10.967004988342524">
        <ele>1662.51</ele>
      </trkpt>
      <trkpt lat="47.22675098106265" lon="10.967025943100452">
        <ele>1663.15</ele>
      </trkpt>
      <trkpt lat="47.22675198689103" lon="10.967044970020652">
        <ele>1663.75</ele>
      </trkpt>
      <trkpt lat="47.22674896940589" lon="10.967068942263722">
        <ele>1664.34</ele>
      </trkpt>
      <trkpt lat="47.22674595192075" lon="10.967094926163554">
        <ele>1664.92</ele>
      </trkpt>
      <trkpt lat="47.226741928607225" lon="10.967117976397276">
        <ele>1665.47</ele>
      </trkpt>
      <trkpt lat="47.226740922778845" lon="10.967139936983585">
        <ele>1665.99</ele>
      </trkpt>
      <trkpt lat="47.226735977455974" lon="10.967156952247024">
        <ele>1666.49</ele>
      </trkpt>
      <trkpt lat="47.22673295997083" lon="10.967174973338842">
        <ele>1666.96</ele>
      </trkpt>
      <trkpt lat="47.22672994248569" lon="10.967195928096771">
        <ele>1667.41</ele>
      </trkpt>
      <trkpt lat="47.22672298550606" lon="10.96721394918859">
        <ele>1667.85</ele>
      </trkpt>
      <trkpt lat="47.226719968020916" lon="10.967231970280409">
        <ele>1668.24</ele>
      </trkpt>
      <trkpt lat="47.22671393305063" lon="10.967254936695099">
        <ele>1668.61</ele>
      </trkpt>
      <trkpt lat="47.22671099938452" lon="10.96727597527206">
        <ele>1668.96</ele>
      </trkpt>
      <trkpt lat="47.22670898772776" lon="10.967294918373227">
        <ele>1669.29</ele>
      </trkpt>
      <trkpt lat="47.22670395858586" lon="10.96731998026371">
        <ele>1669.6</ele>
      </trkpt>
      <trkpt lat="47.226694989949465" lon="10.96734395250678">
        <ele>1669.89</ele>
      </trkpt>
      <trkpt lat="47.22668996080756" lon="10.96736691892147">
        <ele>1670.16</ele>
      </trkpt>
      <trkpt lat="47.2266829200089" lon="10.96738695167005">
        <ele>1670.41</ele>
      </trkpt>
      <trkpt lat="47.22667898051441" lon="10.967408996075392">
        <ele>1670.64</ele>
      </trkpt>
      <trkpt lat="47.226675963029265" lon="10.96742995083332">
        <ele>1670.85</ele>
      </trkpt>
      <trkpt lat="47.226673951372504" lon="10.967453923076391">
        <ele>1671.05</ele>
      </trkpt>
      <trkpt lat="47.22667093388736" lon="10.96747294999659">
        <ele>1671.23</ele>
      </trkpt>
      <trkpt lat="47.22666297107935" lon="10.96749298274517">
        <ele>1671.41</ele>
      </trkpt>
      <trkpt lat="47.226653918623924" lon="10.967512931674719">
        <ele>1671.57</ele>
      </trkpt>
      <trkpt lat="47.22664494998753" lon="10.967530952766538">
        <ele>1671.71</ele>
      </trkpt>
      <trkpt lat="47.22663992084563" lon="10.967554925009608">
        <ele>1671.85</ele>
      </trkpt>
      <trkpt lat="47.226630952209234" lon="10.967574957758188">
        <ele>1671.97</ele>
      </trkpt>
      <trkpt lat="47.22662491723895" lon="10.967596918344498">
        <ele>1672.07</ele>
      </trkpt>
      <trkpt lat="47.22661594860256" lon="10.967618962749839">
        <ele>1672.17</ele>
      </trkpt>
      <trkpt lat="47.226608991622925" lon="10.96764293499291">
        <ele>1672.26</ele>
      </trkpt>
      <trkpt lat="47.22659893333912" lon="10.96766397356987">
        <ele>1672.33</ele>
      </trkpt>
      <trkpt lat="47.22659298218787" lon="10.96768693998456">
        <ele>1672.39</ele>
      </trkpt>
      <trkpt lat="47.22659197635949" lon="10.967708984389901">
        <ele>1672.44</ele>
      </trkpt>
      <trkpt lat="47.226587953045964" lon="10.967724993824959">
        <ele>1672.48</ele>
      </trkpt>
      <trkpt lat="47.22657797858119" lon="10.967743936926126">
        <ele>1672.53</ele>
      </trkpt>
      <trkpt lat="47.226565992459655" lon="10.967762963846326">
        <ele>1672.58</ele>
      </trkpt>
      <trkpt lat="47.22655794583261" lon="10.967782996594906">
        <ele>1672.61</ele>
      </trkpt>
      <trkpt lat="47.2265499830246" lon="10.967801939696074">
        <ele>1672.63</ele>
      </trkpt>
      <trkpt lat="47.226547971367836" lon="10.967824989929795">
        <ele>1672.64</ele>
      </trkpt>
      <trkpt lat="47.22654093056917" lon="10.967846950516105">
        <ele>1672.66</ele>
      </trkpt>
      <trkpt lat="47.22653296776116" lon="10.967869916930795">
        <ele>1672.66</ele>
      </trkpt>
      <trkpt lat="47.226521987468004" lon="10.967888943850994">
        <ele>1672.66</ele>
      </trkpt>
      <trkpt lat="47.22651394084096" lon="10.967906964942813">
        <ele>1672.65</ele>
      </trkpt>
      <trkpt lat="47.226503966376185" lon="10.967918951064348">
        <ele>1672.65</ele>
      </trkpt>
      <trkpt lat="47.22649591974914" lon="10.967936972156167">
        <ele>1672.64</ele>
      </trkpt>
      <trkpt lat="47.2264979314059" lon="10.967958932742476">
        <ele>1672.61</ele>
      </trkpt>
      <trkpt lat="47.22649591974914" lon="10.967980977147818">
        <ele>1672.58</ele>
      </trkpt>
      <trkpt lat="47.226484939455986" lon="10.967998998239636">
        <ele>1672.57</ele>
      </trkpt>
      <trkpt lat="47.22647395916283" lon="10.968011990189552">
        <ele>1672.56</ele>
      </trkpt>
      <trkpt lat="47.22646499052644" lon="10.968025987967849">
        <ele>1672.55</ele>
      </trkpt>
      <trkpt lat="47.22645694389939" lon="10.968041997402906">
        <ele>1672.54</ele>
      </trkpt>
      <trkpt lat="47.22644998691976" lon="10.968058928847313">
        <ele>1672.51</ele>
      </trkpt>
      <trkpt lat="47.22644898109138" lon="10.968078961595893">
        <ele>1672.49</ele>
      </trkpt>
      <trkpt lat="47.22644495777786" lon="10.968101928010583">
        <ele>1672.46</ele>
      </trkpt>
      <trkpt lat="47.2264339774847" lon="10.968121960759163">
        <ele>1672.45</ele>
      </trkpt>
      <trkpt lat="47.2264289483428" lon="10.968140987679362">
        <ele>1672.43</ele>
      </trkpt>
      <trkpt lat="47.2264239192009" lon="10.968157919123769">
        <ele>1672.41</ele>
      </trkpt>
      <trkpt lat="47.226415956392884" lon="10.968174934387207">
        <ele>1672.41</ele>
      </trkpt>
      <trkpt lat="47.22641193307936" lon="10.96819999627769">
        <ele>1672.4</ele>
      </trkpt>
      <trkpt lat="47.22641293890774" lon="10.968221956864">
        <ele>1672.4</ele>
      </trkpt>
      <trkpt lat="47.22641092725098" lon="10.968239977955818">
        <ele>1672.4</ele>
      </trkpt>
      <trkpt lat="47.22640799358487" lon="10.968261938542128">
        <ele>1672.42</ele>
      </trkpt>
      <trkpt lat="47.22640598192811" lon="10.968279959633946">
        <ele>1672.43</ele>
      </trkpt>
      <trkpt lat="47.226397935301065" lon="10.968298986554146">
        <ele>1672.46</ele>
      </trkpt>
      <trkpt lat="47.22638896666467" lon="10.968315917998552">
        <ele>1672.5</ele>
      </trkpt>
      <trkpt lat="47.22638293169439" lon="10.968338968232274">
        <ele>1672.55</ele>
      </trkpt>
      <trkpt lat="47.2263789921999" lon="10.968357995152473">
        <ele>1672.6</ele>
      </trkpt>
      <trkpt lat="47.226373963057995" lon="10.968379955738783">
        <ele>1672.66</ele>
      </trkpt>
      <trkpt lat="47.22636893391609" lon="10.968399988487363">
        <ele>1672.73</ele>
      </trkpt>
      <trkpt lat="47.22636197693646" lon="10.968420943245292">
        <ele>1672.81</ele>
      </trkpt>
      <trkpt lat="47.226353930309415" lon="10.968441981822252">
        <ele>1672.91</ele>
      </trkpt>
      <trkpt lat="47.22634697332978" lon="10.9684619307518">
        <ele>1673.01</ele>
      </trkpt>
      <trkpt lat="47.22634395584464" lon="10.968483975157142">
        <ele>1673.13</ele>
      </trkpt>
      <trkpt lat="47.22633993253112" lon="10.96850291825831">
        <ele>1673.26</ele>
      </trkpt>
      <trkpt lat="47.22633398137987" lon="10.968519933521748">
        <ele>1673.41</ele>
      </trkpt>
      <trkpt lat="47.226330963894725" lon="10.968539966270328">
        <ele>1673.57</ele>
      </trkpt>
      <trkpt lat="47.226328952237964" lon="10.968561926856637">
        <ele>1673.73</ele>
      </trkpt>
      <trkpt lat="47.22632593475282" lon="10.968581959605217">
        <ele>1673.91</ele>
      </trkpt>
      <trkpt lat="47.22631998360157" lon="10.968599980697036">
        <ele>1674.1</ele>
      </trkpt>
      <trkpt lat="47.226308919489384" lon="10.968618923798203">
        <ele>1674.3</ele>
      </trkpt>
      <trkpt lat="47.22629592753947" lon="10.968637950718403">
        <ele>1674.54</ele>
      </trkpt>
      <trkpt lat="47.226288970559835" lon="10.968658989295363">
        <ele>1674.76</ele>
      </trkpt>
      <trkpt lat="47.226287964731455" lon="10.968678938224912">
        <ele>1674.98</ele>
      </trkpt>
      <trkpt lat="47.226288970559835" lon="10.968697965145111">
        <ele>1675.2</ele>
      </trkpt>
      <trkpt lat="47.22628494724631" lon="10.96871699206531">
        <ele>1675.44</ele>
      </trkpt>
      <trkpt lat="47.22627497278154" lon="10.968734929338098">
        <ele>1675.68</ele>
      </trkpt>
      <trkpt lat="47.22626097500324" lon="10.968749932944775">
        <ele>1675.95</ele>
      </trkpt>
      <trkpt lat="47.22625091671944" lon="10.968767954036593">
        <ele>1676.22</ele>
      </trkpt>
      <trkpt lat="47.226242953911424" lon="10.968788992613554">
        <ele>1676.49</ele>
      </trkpt>
      <trkpt lat="47.22623499110341" lon="10.968808941543102">
        <ele>1676.77</ele>
      </trkpt>
      <trkpt lat="47.22623197361827" lon="10.968826962634921">
        <ele>1677.04</ele>
      </trkpt>
      <trkpt lat="47.22622996196151" lon="10.96884791739285">
        <ele>1677.3</ele>
      </trkpt>
      <trkpt lat="47.22622895613313" lon="10.968871973454952">
        <ele>1677.58</ele>
      </trkpt>
      <trkpt lat="47.22622795030475" lon="10.968892928212881">
        <ele>1677.85</ele>
      </trkpt>
      <trkpt lat="47.226222921162844" lon="10.96890994347632">
        <ele>1678.13</ele>
      </trkpt>
      <trkpt lat="47.22621294669807" lon="10.968923941254616">
        <ele>1678.42</ele>
      </trkpt>
      <trkpt lat="47.226203978061676" lon="10.968939950689673">
        <ele>1678.7</ele>
      </trkpt>
      <trkpt lat="47.22619794309139" lon="10.968960989266634">
        <ele>1678.98</ele>
      </trkpt>
      <trkpt lat="47.22619794309139" lon="10.968981944024563">
        <ele>1679.25</ele>
      </trkpt>
      <trkpt lat="47.22619894891977" lon="10.969003988429904">
        <ele>1679.51</ele>
      </trkpt>
      <trkpt lat="47.226199954748154" lon="10.969025949016213">
        <ele>1679.77</ele>
      </trkpt>
      <trkpt lat="47.22619894891977" lon="10.969048999249935">
        <ele>1680.04</ele>
      </trkpt>
      <trkpt lat="47.22619098611176" lon="10.969061991199851">
        <ele>1680.31</ele>
      </trkpt>
      <trkpt lat="47.226178999990225" lon="10.969073977321386">
        <ele>1680.59</ele>
      </trkpt>
      <trkpt lat="47.22616894170642" lon="10.969093926250935">
        <ele>1680.85</ele>
      </trkpt>
      <trkpt lat="47.22616592422128" lon="10.969117982313037">
        <ele>1681.11</ele>
      </trkpt>
      <trkpt lat="47.22616894170642" lon="10.969140948727727">
        <ele>1681.35</ele>
      </trkpt>
      <trkpt lat="47.2261699475348" lon="10.969164920970798">
        <ele>1681.59</ele>
      </trkpt>
      <trkpt lat="47.22616793587804" lon="10.96918797120452">
        <ele>1681.82</ele>
      </trkpt>
      <trkpt lat="47.22616198472679" lon="10.969208925962448">
        <ele>1682.05</ele>
      </trkpt>
      <trkpt lat="47.22615494392812" lon="10.969226947054267">
        <ele>1682.28</ele>
      </trkpt>
      <trkpt lat="47.22614698112011" lon="10.969249997287989">
        <ele>1682.51</ele>
      </trkpt>
      <trkpt lat="47.22614195197821" lon="10.969271957874298">
        <ele>1682.72</ele>
      </trkpt>
      <trkpt lat="47.22614396363497" lon="10.969292996451259">
        <ele>1682.91</ele>
      </trkpt>
      <trkpt lat="47.22614899277687" lon="10.969312945380807">
        <ele>1683.09</ele>
      </trkpt>
      <trkpt lat="47.22615192644298" lon="10.969328954815865">
        <ele>1683.27</ele>
      </trkpt>
      <trkpt lat="47.22615393809974" lon="10.969349993392825">
        <ele>1683.43</ele>
      </trkpt>
      <trkpt lat="47.22614999860525" lon="10.969372959807515">
        <ele>1683.61</ele>
      </trkpt>
      <trkpt lat="47.22614295780659" lon="10.969393998384476">
        <ele>1683.77</ele>
      </trkpt>
      <trkpt lat="47.226138934493065" lon="10.969414953142405">
        <ele>1683.93</ele>
      </trkpt>
      <trkpt lat="47.226137928664684" lon="10.969439931213856">
        <ele>1684.06</ele>
      </trkpt>
      <trkpt lat="47.22613298334181" lon="10.969458958134055">
        <ele>1684.2</ele>
      </trkpt>
      <trkpt lat="47.22613591700792" lon="10.969478990882635">
        <ele>1684.32</ele>
      </trkpt>
      <trkpt lat="47.226134994998574" lon="10.969501957297325">
        <ele>1684.44</ele>
      </trkpt>
      <trkpt lat="47.226134994998574" lon="10.969520984217525">
        <ele>1684.55</ele>
      </trkpt>
      <trkpt lat="47.22613591700792" lon="10.969543950632215">
        <ele>1684.65</ele>
      </trkpt>
      <trkpt lat="47.226133989170194" lon="10.969563983380795">
        <ele>1684.75</ele>
      </trkpt>
      <trkpt lat="47.226134994998574" lon="10.969587955623865">
        <ele>1684.85</ele>
      </trkpt>
      <trkpt lat="47.226134994998574" lon="10.969613939523697">
        <ele>1684.94</ele>
      </trkpt>
      <trkpt lat="47.22613591700792" lon="10.969634978100657">
        <ele>1685.03</ele>
      </trkpt>
      <trkpt lat="47.226136922836304" lon="10.969657944515347">
        <ele>1685.11</ele>
      </trkpt>
      <trkpt lat="47.22613591700792" lon="10.969675965607166">
        <ele>1685.19</ele>
      </trkpt>
      <trkpt lat="47.22613591700792" lon="10.969701949506998">
        <ele>1685.26</ele>
      </trkpt>
      <trkpt lat="47.22613591700792" lon="10.969725921750069">
        <ele>1685.33</ele>
      </trkpt>
      <trkpt lat="47.226133989170194" lon="10.96974897198379">
        <ele>1685.4</ele>
      </trkpt>
      <trkpt lat="47.22613197751343" lon="10.9697709325701">
        <ele>1685.47</ele>
      </trkpt>
      <trkpt lat="47.22613197751343" lon="10.969793982803822">
        <ele>1685.54</ele>
      </trkpt>
      <trkpt lat="47.22613197751343" lon="10.969816949218512">
        <ele>1685.61</ele>
      </trkpt>
      <trkpt lat="47.22613197751343" lon="10.969836981967092">
        <ele>1685.69</ele>
      </trkpt>
      <trkpt lat="47.22613298334181" lon="10.96985793672502">
        <ele>1685.76</ele>
      </trkpt>
      <trkpt lat="47.22612996585667" lon="10.9698779694736">
        <ele>1685.84</ele>
      </trkpt>
      <trkpt lat="47.22613097168505" lon="10.969897918403149">
        <ele>1685.92</ele>
      </trkpt>
      <trkpt lat="47.22612896002829" lon="10.969912922009826">
        <ele>1686.01</ele>
      </trkpt>
      <trkpt lat="47.22612896002829" lon="10.969935972243547">
        <ele>1686.1</ele>
      </trkpt>
      <trkpt lat="47.22612795419991" lon="10.969957932829857">
        <ele>1686.2</ele>
      </trkpt>
      <trkpt lat="47.22612493671477" lon="10.969974948093295">
        <ele>1686.3</ele>
      </trkpt>
      <trkpt lat="47.22612493671477" lon="10.969997998327017">
        <ele>1686.41</ele>
      </trkpt>
      <trkpt lat="47.22612393088639" lon="10.970017947256565">
        <ele>1686.52</ele>
      </trkpt>
      <trkpt lat="47.22612099722028" lon="10.970036974176764">
        <ele>1686.65</ele>
      </trkpt>
      <trkpt lat="47.226115968078375" lon="10.970053989440203">
        <ele>1686.78</ele>
      </trkpt>
      <trkpt lat="47.226114962249994" lon="10.970075950026512">
        <ele>1686.92</ele>
      </trkpt>
      <trkpt lat="47.22610993310809" lon="10.970098916441202">
        <ele>1687.07</ele>
      </trkpt>
      <trkpt lat="47.22610892727971" lon="10.970118949189782">
        <ele>1687.22</ele>
      </trkpt>
      <trkpt lat="47.22610792145133" lon="10.970140993595123">
        <ele>1687.38</ele>
      </trkpt>
      <trkpt lat="47.22610699944198" lon="10.970164965838194">
        <ele>1687.55</ele>
      </trkpt>
      <trkpt lat="47.22610297612846" lon="10.970185920596123">
        <ele>1687.74</ele>
      </trkpt>
      <trkpt lat="47.226096941158175" lon="10.970205953344703">
        <ele>1687.94</ele>
      </trkpt>
      <trkpt lat="47.226091995835304" lon="10.970226991921663">
        <ele>1688.14</ele>
      </trkpt>
      <trkpt lat="47.22608596086502" lon="10.970246940851212">
        <ele>1688.36</ele>
      </trkpt>
      <trkpt lat="47.22607992589474" lon="10.97026395611465">
        <ele>1688.59</ele>
      </trkpt>
      <trkpt lat="47.226073974743485" lon="10.97028591670096">
        <ele>1688.82</ele>
      </trkpt>
      <trkpt lat="47.22606492228806" lon="10.97030695527792">
        <ele>1689.07</ele>
      </trkpt>
      <trkpt lat="47.226051930338144" lon="10.97032992169261">
        <ele>1689.33</ele>
      </trkpt>
      <trkpt lat="47.22604095004499" lon="10.970346936956048">
        <ele>1689.6</ele>
      </trkpt>
      <trkpt lat="47.226031981408596" lon="10.970364958047867">
        <ele>1689.87</ele>
      </trkpt>
      <trkpt lat="47.22602091729641" lon="10.970382979139686">
        <ele>1690.15</ele>
      </trkpt>
      <trkpt lat="47.226007925346494" lon="10.970397982746363">
        <ele>1690.44</ele>
      </trkpt>
      <trkpt lat="47.2259939275682" lon="10.97041399218142">
        <ele>1690.73</ele>
      </trkpt>
      <trkpt lat="47.2259799297899" lon="10.970428995788097">
        <ele>1691.03</ele>
      </trkpt>
      <trkpt lat="47.225966937839985" lon="10.970448944717646">
        <ele>1691.34</ele>
      </trkpt>
      <trkpt lat="47.22595294006169" lon="10.970467971637845">
        <ele>1691.66</ele>
      </trkpt>
      <trkpt lat="47.22593894228339" lon="10.970481969416142">
        <ele>1691.98</ele>
      </trkpt>
      <trkpt lat="47.225925950333476" lon="10.97049898467958">
        <ele>1692.31</ele>
      </trkpt>
      <trkpt lat="47.22590994089842" lon="10.970512982457876">
        <ele>1692.64</ele>
      </trkpt>
      <trkpt lat="47.2258919198066" lon="10.970532931387424">
        <ele>1692.98</ele>
      </trkpt>
      <trkpt lat="47.225875994190574" lon="10.970548940822482">
        <ele>1693.32</ele>
      </trkpt>
      <trkpt lat="47.225857973098755" lon="10.970562938600779">
        <ele>1693.66</ele>
      </trkpt>
      <trkpt lat="47.2258419636637" lon="10.970579953864217">
        <ele>1694.0</ele>
      </trkpt>
      <trkpt lat="47.22582897171378" lon="10.970603926107287">
        <ele>1694.35</ele>
      </trkpt>
      <trkpt lat="47.22580994479358" lon="10.970617923885584">
        <ele>1694.7</ele>
      </trkpt>
      <trkpt lat="47.225793935358524" lon="10.97063192166388">
        <ele>1695.05</ele>
      </trkpt>
      <trkpt lat="47.225773986428976" lon="10.970646925270557">
        <ele>1695.4</ele>
      </trkpt>
      <trkpt lat="47.22575697116554" lon="10.970662934705615">
        <ele>1695.75</ele>
      </trkpt>
      <trkpt lat="47.22574297338724" lon="10.970683973282576">
        <ele>1696.12</ele>
      </trkpt>
      <trkpt lat="47.225728975608945" lon="10.970704928040504">
        <ele>1696.49</ele>
      </trkpt>
      <trkpt lat="47.22571799531579" lon="10.970730995759368">
        <ele>1696.84</ele>
      </trkpt>
      <trkpt lat="47.225707937031984" lon="10.97075798548758">
        <ele>1697.2</ele>
      </trkpt>
      <trkpt lat="47.22569695673883" lon="10.970783969387412">
        <ele>1697.56</ele>
      </trkpt>
      <trkpt lat="47.22568899393082" lon="10.970811964944005">
        <ele>1697.91</ele>
      </trkpt>
      <trkpt lat="47.22568195313215" lon="10.970838954672217">
        <ele>1698.26</ele>
      </trkpt>
      <trkpt lat="47.22567591816187" lon="10.97086594440043">
        <ele>1698.6</ele>
      </trkpt>
      <trkpt lat="47.22567399032414" lon="10.970895951613784">
        <ele>1698.93</ele>
      </trkpt>
      <trkpt lat="47.22566896118224" lon="10.970922941341996">
        <ele>1699.26</ele>
      </trkpt>
      <trkpt lat="47.225663932040334" lon="10.970953954383731">
        <ele>1699.59</ele>
      </trkpt>
      <trkpt lat="47.22565898671746" lon="10.970983961597085">
        <ele>1699.91</ele>
      </trkpt>
      <trkpt lat="47.22565395757556" lon="10.97101497463882">
        <ele>1700.23</ele>
      </trkpt>
      <trkpt lat="47.22565395757556" lon="10.971049927175045">
        <ele>1700.54</ele>
      </trkpt>
      <trkpt lat="47.22565295174718" lon="10.97108295187354">
        <ele>1700.85</ele>
      </trkpt>
      <trkpt lat="47.22565295174718" lon="10.971115976572037">
        <ele>1701.15</ele>
      </trkpt>
      <trkpt lat="47.22565094009042" lon="10.971148917451501">
        <ele>1701.45</ele>
      </trkpt>
      <trkpt lat="47.22564993426204" lon="10.971179930493236">
        <ele>1701.74</ele>
      </trkpt>
      <trkpt lat="47.225646916776896" lon="10.971213961020112">
        <ele>1702.02</ele>
      </trkpt>
      <trkpt lat="47.22563895396888" lon="10.971246985718608">
        <ele>1702.31</ele>
      </trkpt>
      <trkpt lat="47.22562998533249" lon="10.971278920769691">
        <ele>1702.58</ele>
      </trkpt>
      <trkpt lat="47.225621938705444" lon="10.971304988488555">
        <ele>1702.86</ele>
      </trkpt>
      <trkpt lat="47.22561598755419" lon="10.971333989873528">
        <ele>1703.13</ele>
      </trkpt>
      <trkpt lat="47.22560693509877" lon="10.971364919096231">
        <ele>1703.39</ele>
      </trkpt>
      <trkpt lat="47.225598972290754" lon="10.971390986815095">
        <ele>1703.66</ele>
      </trkpt>
      <trkpt lat="47.22559193149209" lon="10.971417976543307">
        <ele>1703.91</ele>
      </trkpt>
      <trkpt lat="47.22558396868408" lon="10.9714459720999">
        <ele>1704.17</ele>
      </trkpt>
      <trkpt lat="47.22557097673416" lon="10.971470950171351">
        <ele>1704.43</ele>
      </trkpt>
      <trkpt lat="47.225557984784245" lon="10.971498945727944">
        <ele>1704.68</ele>
      </trkpt>
      <trkpt lat="47.22554298117757" lon="10.971525935456157">
        <ele>1704.94</ele>
      </trkpt>
      <trkpt lat="47.22553099505603" lon="10.97155594266951">
        <ele>1705.19</ele>
      </trkpt>
      <trkpt lat="47.225518925115466" lon="10.971581926569343">
        <ele>1705.45</ele>
      </trkpt>
      <trkpt lat="47.22550593316555" lon="10.971608916297555">
        <ele>1705.7</ele>
      </trkpt>
      <trkpt lat="47.225494952872396" lon="10.971632972359657">
        <ele>1705.95</ele>
      </trkpt>
      <trkpt lat="47.22548296675086" lon="10.971656944602728">
        <ele>1706.2</ele>
      </trkpt>
      <trkpt lat="47.225472992286086" lon="10.97168494015932">
        <ele>1706.45</ele>
      </trkpt>
      <trkpt lat="47.22546393983066" lon="10.971710924059153">
        <ele>1706.71</ele>
      </trkpt>
      <trkpt lat="47.22545597702265" lon="10.971738919615746">
        <ele>1706.96</ele>
      </trkpt>
      <trkpt lat="47.22544399090111" lon="10.971762975677848">
        <ele>1707.22</ele>
      </trkpt>
      <trkpt lat="47.225426975637674" lon="10.971780996769667">
        <ele>1707.49</ele>
      </trkpt>
      <trkpt lat="47.22541297785938" lon="10.971799939870834">
        <ele>1707.75</ele>
      </trkpt>
      <trkpt lat="47.22539998590946" lon="10.971825923770666">
        <ele>1708.02</ele>
      </trkpt>
      <trkpt lat="47.22538799978793" lon="10.97185199148953">
        <ele>1708.28</ele>
      </trkpt>
      <trkpt lat="47.22537794150412" lon="10.9718759637326">
        <ele>1708.55</ele>
      </trkpt>
      <trkpt lat="47.225364949554205" lon="10.97189993597567">
        <ele>1708.82</ele>
      </trkpt>
      <trkpt lat="47.22535095177591" lon="10.971920974552631">
        <ele>1709.09</ele>
      </trkpt>
      <trkpt lat="47.22533896565437" lon="10.97193899564445">
        <ele>1709.37</ele>
      </trkpt>
      <trkpt lat="47.22532697953284" lon="10.97196296788752">
        <ele>1709.65</ele>
      </trkpt>
      <trkpt lat="47.22531692124903" lon="10.97198492847383">
        <ele>1709.93</ele>
      </trkpt>
      <trkpt lat="47.22530694678426" lon="10.972007978707552">
        <ele>1710.21</ele>
      </trkpt>
      <trkpt lat="47.225297978147864" lon="10.972033962607384">
        <ele>1710.49</ele>
      </trkpt>
      <trkpt lat="47.22528993152082" lon="10.972060952335596">
        <ele>1710.77</ele>
      </trkpt>
      <trkpt lat="47.22528196871281" lon="10.97208995372057">
        <ele>1711.05</ele>
      </trkpt>
      <trkpt lat="47.22527291625738" lon="10.972117949277163">
        <ele>1711.33</ele>
      </trkpt>
      <trkpt lat="47.225260930135846" lon="10.972142927348614">
        <ele>1711.61</ele>
      </trkpt>
      <trkpt lat="47.225254978984594" lon="10.972173940390348">
        <ele>1711.89</ele>
      </trkpt>
      <trkpt lat="47.22524592652917" lon="10.97219992429018">
        <ele>1712.17</ele>
      </trkpt>
      <trkpt lat="47.22524399869144" lon="10.972231943160295">
        <ele>1712.45</ele>
      </trkpt>
      <trkpt lat="47.22524399869144" lon="10.97226195037365">
        <ele>1712.72</ele>
      </trkpt>
      <trkpt lat="47.22524198703468" lon="10.972287934273481">
        <ele>1712.99</ele>
      </trkpt>
      <trkpt lat="47.22523997537792" lon="10.972319953143597">
        <ele>1713.27</ele>
      </trkpt>
      <trkpt lat="47.225236957892776" lon="10.972350966185331">
        <ele>1713.54</ele>
      </trkpt>
      <trkpt lat="47.225233940407634" lon="10.972381979227066">
        <ele>1713.82</ele>
      </trkpt>
      <trkpt lat="47.22523092292249" lon="10.97241098061204">
        <ele>1714.09</ele>
      </trkpt>
      <trkpt lat="47.225226983428" lon="10.972441993653774">
        <ele>1714.36</ele>
      </trkpt>
      <trkpt lat="47.22522094845772" lon="10.972472922876477">
        <ele>1714.63</ele>
      </trkpt>
      <trkpt lat="47.22522094845772" lon="10.972505947574973">
        <ele>1714.89</ele>
      </trkpt>
      <trkpt lat="47.22521893680096" lon="10.97253997810185">
        <ele>1715.15</ele>
      </trkpt>
      <trkpt lat="47.225215919315815" lon="10.972569985315204">
        <ele>1715.41</ele>
      </trkpt>
      <trkpt lat="47.225212985649705" lon="10.972601920366287">
        <ele>1715.66</ele>
      </trkpt>
      <trkpt lat="47.22520996816456" lon="10.972631927579641">
        <ele>1715.91</ele>
      </trkpt>
      <trkpt lat="47.22520896233618" lon="10.972660928964615">
        <ele>1716.18</ele>
      </trkpt>
      <trkpt lat="47.2252079565078" lon="10.972690936177969">
        <ele>1716.43</ele>
      </trkpt>
      <trkpt lat="47.22520996816456" lon="10.972720943391323">
        <ele>1716.68</ele>
      </trkpt>
      <trkpt lat="47.225210973992944" lon="10.972752962261438">
        <ele>1716.92</ele>
      </trkpt>
      <trkpt lat="47.22520996816456" lon="10.97277995198965">
        <ele>1717.16</ele>
      </trkpt>
      <trkpt lat="47.225210973992944" lon="10.972809959203005">
        <ele>1717.38</ele>
      </trkpt>
      <trkpt lat="47.225213991478086" lon="10.972846923395991">
        <ele>1717.6</ele>
      </trkpt>
      <trkpt lat="47.225215919315815" lon="10.972878942266107">
        <ele>1717.81</ele>
      </trkpt>
      <trkpt lat="47.22521994262934" lon="10.972911966964602">
        <ele>1718.0</ele>
      </trkpt>
      <trkpt lat="47.22522296011448" lon="10.972941974177957">
        <ele>1718.18</ele>
      </trkpt>
      <trkpt lat="47.22522899508476" lon="10.972973993048072">
        <ele>1718.35</ele>
      </trkpt>
      <trkpt lat="47.225235952064395" lon="10.973004922270775">
        <ele>1718.5</ele>
      </trkpt>
      <trkpt lat="47.22524299286306" lon="10.973032917827368">
        <ele>1718.64</ele>
      </trkpt>
      <trkpt lat="47.22525095567107" lon="10.973061919212341">
        <ele>1718.76</ele>
      </trkpt>
      <trkpt lat="47.225259924307466" lon="10.973091926425695">
        <ele>1718.86</ele>
      </trkpt>
      <trkpt lat="47.22527098841965" lon="10.973119921982288">
        <ele>1718.96</ele>
      </trkpt>
      <trkpt lat="47.22528498619795" lon="10.973146995529532">
        <ele>1719.02</ele>
      </trkpt>
      <trkpt lat="47.225296972319484" lon="10.973174991086125">
        <ele>1719.08</ele>
      </trkpt>
      <trkpt lat="47.2253099642694" lon="10.973200974985957">
        <ele>1719.11</ele>
      </trkpt>
      <trkpt lat="47.225322956219316" lon="10.973224947229028">
        <ele>1719.12</ele>
      </trkpt>
      <trkpt lat="47.22533393651247" lon="10.973253948614001">
        <ele>1719.11</ele>
      </trkpt>
      <trkpt lat="47.225346928462386" lon="10.973281944170594">
        <ele>1719.09</ele>
      </trkpt>
      <trkpt lat="47.22536092624068" lon="10.973305916413665">
        <ele>1719.05</ele>
      </trkpt>
      <trkpt lat="47.2253739181906" lon="10.973331984132528">
        <ele>1719.0</ele>
      </trkpt>
      <trkpt lat="47.225385988131166" lon="10.973360985517502">
        <ele>1718.93</ele>
      </trkpt>
      <trkpt lat="47.22539898008108" lon="10.973389986902475">
        <ele>1718.85</ele>
      </trkpt>
      <trkpt lat="47.225411972031" lon="10.973412953317165">
        <ele>1718.75</ele>
      </trkpt>
      <trkpt lat="47.22542395815253" lon="10.973440948873758">
        <ele>1718.64</ele>
      </trkpt>
      <trkpt lat="47.22543393261731" lon="10.973470956087112">
        <ele>1718.53</ele>
      </trkpt>
      <trkpt lat="47.22544591873884" lon="10.973500963300467">
        <ele>1718.38</ele>
      </trkpt>
      <trkpt lat="47.22545497119427" lon="10.97352996468544">
        <ele>1718.23</ele>
      </trkpt>
      <trkpt lat="47.2254619281739" lon="10.973557960242033">
        <ele>1718.07</ele>
      </trkpt>
      <trkpt lat="47.225470980629325" lon="10.973586961627007">
        <ele>1717.9</ele>
      </trkpt>
      <trkpt lat="47.22547793760896" lon="10.9736149571836">
        <ele>1717.72</ele>
      </trkpt>
      <trkpt lat="47.22548296675086" lon="10.973644964396954">
        <ele>1717.54</ele>
      </trkpt>
      <trkpt lat="47.225492941215634" lon="10.973676983267069">
        <ele>1717.34</ele>
      </trkpt>
      <trkpt lat="47.2254999820143" lon="10.973712941631675">
        <ele>1717.15</ele>
      </trkpt>
      <trkpt lat="47.22550593316555" lon="10.973749989643693">
        <ele>1716.94</ele>
      </trkpt>
      <trkpt lat="47.22550995647907" lon="10.973784942179918">
        <ele>1716.74</ele>
      </trkpt>
      <trkpt lat="47.225514985620975" lon="10.973820984363556">
        <ele>1716.53</ele>
      </trkpt>
      <trkpt lat="47.225518925115466" lon="10.97385291941464">
        <ele>1716.32</ele>
      </trkpt>
      <trkpt lat="47.22552093677223" lon="10.973886949941516">
        <ele>1716.11</ele>
      </trkpt>
      <trkpt lat="47.22552697174251" lon="10.973924919962883">
        <ele>1715.89</ele>
      </trkpt>
      <trkpt lat="47.22553191706538" lon="10.97396096214652">
        <ele>1715.68</ele>
      </trkpt>
      <trkpt lat="47.225535940378904" lon="10.973999937996268">
        <ele>1715.48</ele>
      </trkpt>
      <trkpt lat="47.225536946207285" lon="10.974037991836667">
        <ele>1715.28</ele>
      </trkpt>
      <trkpt lat="47.225537952035666" lon="10.97406992688775">
        <ele>1715.1</ele>
      </trkpt>
      <trkpt lat="47.225535940378904" lon="10.974103957414627">
        <ele>1714.92</ele>
      </trkpt>
      <trkpt lat="47.225535940378904" lon="10.974134970456362">
        <ele>1714.74</ele>
      </trkpt>
      <trkpt lat="47.225535940378904" lon="10.974163971841335">
        <ele>1714.58</ele>
      </trkpt>
      <trkpt lat="47.225534934550524" lon="10.97419397905469">
        <ele>1714.42</ele>
      </trkpt>
      <trkpt lat="47.22553392872214" lon="10.974224992096424">
        <ele>1714.27</ele>
      </trkpt>
      <trkpt lat="47.22553392872214" lon="10.974257932975888">
        <ele>1714.13</ele>
      </trkpt>
      <trkpt lat="47.22553292289376" lon="10.974288946017623">
        <ele>1714.0</ele>
      </trkpt>
      <trkpt lat="47.22552998922765" lon="10.974321970716119">
        <ele>1713.89</ele>
      </trkpt>
      <trkpt lat="47.22552797757089" lon="10.974352983757854">
        <ele>1713.78</ele>
      </trkpt>
      <trkpt lat="47.22552596591413" lon="10.974382990971208">
        <ele>1713.69</ele>
      </trkpt>
      <trkpt lat="47.22552395425737" lon="10.974414926022291">
        <ele>1713.61</ele>
      </trkpt>
      <trkpt lat="47.22552294842899" lon="10.974447950720787">
        <ele>1713.54</ele>
      </trkpt>
      <trkpt lat="47.22552395425737" lon="10.974478963762522">
        <ele>1713.48</ele>
      </trkpt>
      <trkpt lat="47.22552194260061" lon="10.974509976804256">
        <ele>1713.44</ele>
      </trkpt>
      <trkpt lat="47.22552596591413" lon="10.97453897818923">
        <ele>1713.4</ele>
      </trkpt>
      <trkpt lat="47.22552395425737" lon="10.974570997059345">
        <ele>1713.38</ele>
      </trkpt>
      <trkpt lat="47.22552395425737" lon="10.974599998444319">
        <ele>1713.38</ele>
      </trkpt>
      <trkpt lat="47.22552496008575" lon="10.974626988172531">
        <ele>1713.39</ele>
      </trkpt>
      <trkpt lat="47.22552194260061" lon="10.974652972072363">
        <ele>1713.41</ele>
      </trkpt>
      <trkpt lat="47.225515991449356" lon="10.974680967628956">
        <ele>1713.45</ele>
      </trkpt>
      <trkpt lat="47.22551096230745" lon="10.97471198067069">
        <ele>1713.5</ele>
      </trkpt>
      <trkpt lat="47.22550693899393" lon="10.974742993712425">
        <ele>1713.56</ele>
      </trkpt>
      <trkpt lat="47.22550299949944" lon="10.974767971783876">
        <ele>1713.64</ele>
      </trkpt>
      <trkpt lat="47.22549797035754" lon="10.97479596734047">
        <ele>1713.73</ele>
      </trkpt>
      <trkpt lat="47.225491935387254" lon="10.974822957068682">
        <ele>1713.83</ele>
      </trkpt>
      <trkpt lat="47.22548799589276" lon="10.974853970110416">
        <ele>1713.94</ele>
      </trkpt>
      <trkpt lat="47.22548397257924" lon="10.97488297149539">
        <ele>1714.07</ele>
      </trkpt>
      <trkpt lat="47.2254809550941" lon="10.974918929859996">
        <ele>1714.2</ele>
      </trkpt>
      <trkpt lat="47.22547693178058" lon="10.974954972043633">
        <ele>1714.36</ele>
      </trkpt>
      <trkpt lat="47.225469974800944" lon="10.974983973428607">
        <ele>1714.52</ele>
      </trkpt>
      <trkpt lat="47.22546393983066" lon="10.975013980641961">
        <ele>1714.7</ele>
      </trkpt>
      <trkpt lat="47.22545597702265" lon="10.975045999512076">
        <ele>1714.89</ele>
      </trkpt>
      <trkpt lat="47.225449942052364" lon="10.97507399506867">
        <ele>1715.09</ele>
      </trkpt>
      <trkpt lat="47.22544197924435" lon="10.975101990625262">
        <ele>1715.3</ele>
      </trkpt>
      <trkpt lat="47.22543493844569" lon="10.975129986181855">
        <ele>1715.51</ele>
      </trkpt>
      <trkpt lat="47.225429993122816" lon="10.975161921232939">
        <ele>1715.73</ele>
      </trkpt>
      <trkpt lat="47.22542295232415" lon="10.975189916789532">
        <ele>1715.96</ele>
      </trkpt>
      <trkpt lat="47.22541398368776" lon="10.975219924002886">
        <ele>1716.2</ele>
      </trkpt>
      <trkpt lat="47.22540493123233" lon="10.975251942873001">
        <ele>1716.44</ele>
      </trkpt>
      <trkpt lat="47.22539395093918" lon="10.975281950086355">
        <ele>1716.7</ele>
      </trkpt>
      <trkpt lat="47.225382970646024" lon="10.97531296312809">
        <ele>1716.97</ele>
      </trkpt>
      <trkpt lat="47.22537098452449" lon="10.975341964513063">
        <ele>1717.22</ele>
      </trkpt>
      <trkpt lat="47.225362937897444" lon="10.975373983383179">
        <ele>1717.48</ele>
      </trkpt>
      <trkpt lat="47.22535296343267" lon="10.975406924262643">
        <ele>1717.74</ele>
      </trkpt>
      <trkpt lat="47.225339971482754" lon="10.975439948961139">
        <ele>1718.02</ele>
      </trkpt>
      <trkpt lat="47.2253289911896" lon="10.975472973659635">
        <ele>1718.3</ele>
      </trkpt>
      <trkpt lat="47.22531792707741" lon="10.975510943681002">
        <ele>1718.59</ele>
      </trkpt>
      <trkpt lat="47.2253049351275" lon="10.975552937015891">
        <ele>1718.87</ele>
      </trkpt>
      <trkpt lat="47.22529194317758" lon="10.97559099085629">
        <ele>1719.14</ele>
      </trkpt>
      <trkpt lat="47.22528196871281" lon="10.975628960877657">
        <ele>1719.42</ele>
      </trkpt>
      <trkpt lat="47.22527492791414" lon="10.975666930899024">
        <ele>1719.69</ele>
      </trkpt>
      <trkpt lat="47.22526998259127" lon="10.9757009614259">
        <ele>1719.98</ele>
      </trkpt>
      <trkpt lat="47.22526394762099" lon="10.975733986124396">
        <ele>1720.27</ele>
      </trkpt>
      <trkpt lat="47.225256990641356" lon="10.975764999166131">
        <ele>1720.58</ele>
      </trkpt>
      <trkpt lat="47.22524793818593" lon="10.975792994722724">
        <ele>1720.89</ele>
      </trkpt>
      <trkpt lat="47.22523896954954" lon="10.975821996107697">
        <ele>1721.2</ele>
      </trkpt>
      <trkpt lat="47.225235952064395" lon="10.975856948643923">
        <ele>1721.51</ele>
      </trkpt>
      <trkpt lat="47.22523192875087" lon="10.97589491866529">
        <ele>1721.82</ele>
      </trkpt>
      <trkpt lat="47.22522798925638" lon="10.97593498416245">
        <ele>1722.13</ele>
      </trkpt>
      <trkpt lat="47.225226983428" lon="10.97597798332572">
        <ele>1722.45</ele>
      </trkpt>
      <trkpt lat="47.22522296011448" lon="10.97602098248899">
        <ele>1722.79</ele>
      </trkpt>
      <trkpt lat="47.225216925144196" lon="10.976060964167118">
        <ele>1723.13</ele>
      </trkpt>
      <trkpt lat="47.225211979821324" lon="10.976100945845246">
        <ele>1723.48</ele>
      </trkpt>
      <trkpt lat="47.225213991478086" lon="10.976138999685645">
        <ele>1723.82</ele>
      </trkpt>
      <trkpt lat="47.225216925144196" lon="10.976177975535393">
        <ele>1724.16</ele>
      </trkpt>
      <trkpt lat="47.225214997306466" lon="10.976217957213521">
        <ele>1724.5</ele>
      </trkpt>
      <trkpt lat="47.22520996816456" lon="10.976255927234888">
        <ele>1724.86</ele>
      </trkpt>
      <trkpt lat="47.22520695067942" lon="10.976296998560429">
        <ele>1725.22</ele>
      </trkpt>
      <trkpt lat="47.2252029273659" lon="10.976340919733047">
        <ele>1725.58</ele>
      </trkpt>
      <trkpt lat="47.2252029273659" lon="10.976382996886969">
        <ele>1725.94</ele>
      </trkpt>
      <trkpt lat="47.22520099952817" lon="10.976427923887968">
        <ele>1726.3</ele>
      </trkpt>
      <trkpt lat="47.22519898787141" lon="10.976471928879619">
        <ele>1726.65</ele>
      </trkpt>
      <trkpt lat="47.22519798204303" lon="10.97651794552803">
        <ele>1727.01</ele>
      </trkpt>
      <trkpt lat="47.225193958729506" lon="10.976564968004823">
        <ele>1727.34</ele>
      </trkpt>
      <trkpt lat="47.225193958729506" lon="10.976611990481615">
        <ele>1727.66</ele>
      </trkpt>
      <trkpt lat="47.225190941244364" lon="10.976659934967756">
        <ele>1727.99</ele>
      </trkpt>
      <trkpt lat="47.22518398426473" lon="10.976705951616168">
        <ele>1728.3</ele>
      </trkpt>
      <trkpt lat="47.22518096677959" lon="10.976755991578102">
        <ele>1728.61</ele>
      </trkpt>
      <trkpt lat="47.22517593763769" lon="10.976808965206146">
        <ele>1728.9</ele>
      </trkpt>
      <trkpt lat="47.225171998143196" lon="10.97686193883419">
        <ele>1729.16</ele>
      </trkpt>
      <trkpt lat="47.225168980658054" lon="10.976914996281266">
        <ele>1729.4</ele>
      </trkpt>
      <trkpt lat="47.22516193985939" lon="10.976963946595788">
        <ele>1729.64</ele>
      </trkpt>
      <trkpt lat="47.22515397705138" lon="10.977005939930677">
        <ele>1729.88</ele>
      </trkpt>
      <trkpt lat="47.225147942081094" lon="10.977047933265567">
        <ele>1730.11</ele>
      </trkpt>
      <trkpt lat="47.22514492459595" lon="10.977087998762727">
        <ele>1730.31</ele>
      </trkpt>
      <trkpt lat="47.22514199092984" lon="10.977125968784094">
        <ele>1730.51</ele>
      </trkpt>
      <trkpt lat="47.22513595595956" lon="10.97716293297708">
        <ele>1730.72</ele>
      </trkpt>
      <trkpt lat="47.225129920989275" lon="10.97720492631197">
        <ele>1730.91</ele>
      </trkpt>
      <trkpt lat="47.22512095235288" lon="10.97724599763751">
        <ele>1731.1</ele>
      </trkpt>
      <trkpt lat="47.22511399537325" lon="10.977295953780413">
        <ele>1731.25</ele>
      </trkpt>
      <trkpt lat="47.225104942917824" lon="10.977349933236837">
        <ele>1731.37</ele>
      </trkpt>
      <trkpt lat="47.22509597428143" lon="10.977403996512294">
        <ele>1731.52</ele>
      </trkpt>
      <trkpt lat="47.225082982331514" lon="10.977454958483577">
        <ele>1731.67</ele>
      </trkpt>
      <trkpt lat="47.225065967068076" lon="10.97750499844551">
        <ele>1731.81</ele>
      </trkpt>
      <trkpt lat="47.22504794597626" lon="10.977553948760033">
        <ele>1731.95</ele>
      </trkpt>
      <trkpt lat="47.2250319365412" lon="10.977603988721967">
        <ele>1732.07</ele>
      </trkpt>
      <trkpt lat="47.22501492127776" lon="10.97765696235001">
        <ele>1732.2</ele>
      </trkpt>
      <trkpt lat="47.224995978176594" lon="10.977707924321294">
        <ele>1732.34</ele>
      </trkpt>
      <trkpt lat="47.22497493959963" lon="10.97776098176837">
        <ele>1732.46</ele>
      </trkpt>
      <trkpt lat="47.224957924336195" lon="10.977817978709936">
        <ele>1732.58</ele>
      </trkpt>
      <trkpt lat="47.22494099289179" lon="10.977872963994741">
        <ele>1732.68</ele>
      </trkpt>
      <trkpt lat="47.22491995431483" lon="10.977924931794405">
        <ele>1732.79</ele>
      </trkpt>
      <trkpt lat="47.22489992156625" lon="10.97797798924148">
        <ele>1732.89</ele>
      </trkpt>
      <trkpt lat="47.22488097846508" lon="10.978031968697906">
        <ele>1732.98</ele>
      </trkpt>
      <trkpt lat="47.22486195154488" lon="10.97808594815433">
        <ele>1733.07</ele>
      </trkpt>
      <trkpt lat="47.2248419187963" lon="10.978138921782374">
        <ele>1733.15</ele>
      </trkpt>
      <trkpt lat="47.22482196986675" lon="10.97819097340107">
        <ele>1733.21</ele>
      </trkpt>
      <trkpt lat="47.22480193711817" lon="10.978244952857494">
        <ele>1733.28</ele>
      </trkpt>
      <trkpt lat="47.22477695904672" lon="10.978297926485538">
        <ele>1733.35</ele>
      </trkpt>
      <trkpt lat="47.22475298680365" lon="10.978349978104234">
        <ele>1733.4</ele>
      </trkpt>
      <trkpt lat="47.22473295405507" lon="10.97840596921742">
        <ele>1733.45</ele>
      </trkpt>
      <trkpt lat="47.224708981812" lon="10.978458942845464">
        <ele>1733.49</ele>
      </trkpt>
      <trkpt lat="47.22467998042703" lon="10.978508982807398">
        <ele>1733.53</ele>
      </trkpt>
      <trkpt lat="47.22464695572853" lon="10.978548964485526">
        <ele>1733.57</ele>
      </trkpt>
      <trkpt lat="47.224610997363925" lon="10.978589951992035">
        <ele>1733.62</ele>
      </trkpt>
      <trkpt lat="47.224571937695146" lon="10.978630939498544">
        <ele>1733.67</ele>
      </trkpt>
      <trkpt lat="47.22453396767378" lon="10.978677961975336">
        <ele>1733.71</ele>
      </trkpt>
      <trkpt lat="47.22449893131852" lon="10.978733953088522">
        <ele>1733.74</ele>
      </trkpt>
      <trkpt lat="47.22445693798363" lon="10.978780975565314">
        <ele>1733.78</ele>
      </trkpt>
      <trkpt lat="47.22442894242704" lon="10.978849958628416">
        <ele>1733.8</ele>
      </trkpt>
      <trkpt lat="47.22440195269883" lon="10.97892195917666">
        <ele>1733.82</ele>
      </trkpt>
      <trkpt lat="47.224374962970614" lon="10.978994965553284">
        <ele>1733.83</ele>
      </trkpt>
      <trkpt lat="47.224356941878796" lon="10.979080963879824">
        <ele>1733.85</ele>
      </trkpt>
      <trkpt lat="47.224331963807344" lon="10.97916193306446">
        <ele>1733.89</ele>
      </trkpt>
      <trkpt lat="47.22431997768581" lon="10.979250948876143">
        <ele>1733.92</ele>
      </trkpt>
      <trkpt lat="47.224312936887145" lon="10.979338958859444">
        <ele>1733.96</ele>
      </trkpt>
      <trkpt lat="47.224308997392654" lon="10.979428980499506">
        <ele>1734.01</ele>
      </trkpt>
      <trkpt lat="47.22430597990751" lon="10.979515984654427">
        <ele>1734.08</ele>
      </trkpt>
      <trkpt lat="47.22430296242237" lon="10.979599971324205">
        <ele>1734.14</ele>
      </trkpt>
      <trkpt lat="47.22429994493723" lon="10.979679934680462">
        <ele>1734.23</ele>
      </trkpt>
      <trkpt lat="47.22429893910885" lon="10.97975897602737">
        <ele>1734.33</ele>
      </trkpt>
      <trkpt lat="47.22429399378598" lon="10.979831982403994">
        <ele>1734.44</ele>
      </trkpt>
      <trkpt lat="47.22428091801703" lon="10.979893924668431">
        <ele>1734.56</ele>
      </trkpt>
      <trkpt lat="47.22426298074424" lon="10.97995393909514">
        <ele>1734.72</ele>
      </trkpt>
      <trkpt lat="47.224244959652424" lon="10.980005990713835">
        <ele>1734.87</ele>
      </trkpt>
      <trkpt lat="47.224226938560605" lon="10.980052929371595">
        <ele>1735.01</ele>
      </trkpt>
      <trkpt lat="47.22420799545944" lon="10.980094922706485">
        <ele>1735.15</ele>
      </trkpt>
      <trkpt lat="47.22418695688248" lon="10.980140939354897">
        <ele>1735.31</ele>
      </trkpt>
      <trkpt lat="47.22416499629617" lon="10.980178993195295">
        <ele>1735.49</ele>
      </trkpt>
      <trkpt lat="47.224142951890826" lon="10.980216963216662">
        <ele>1735.68</ele>
      </trkpt>
      <trkpt lat="47.22412099130452" lon="10.980248982086778">
        <ele>1735.88</ele>
      </trkpt>
      <trkpt lat="47.224098946899176" lon="10.980280917137861">
        <ele>1736.08</ele>
      </trkpt>
      <trkpt lat="47.224075980484486" lon="10.980310924351215">
        <ele>1736.3</ele>
      </trkpt>
      <trkpt lat="47.22405192442238" lon="10.98034093156457">
        <ele>1736.53</ele>
      </trkpt>
      <trkpt lat="47.22402895800769" lon="10.980369932949543">
        <ele>1736.76</ele>
      </trkpt>
      <trkpt lat="47.224005991593" lon="10.980397928506136">
        <ele>1736.99</ele>
      </trkpt>
      <trkpt lat="47.22398394718766" lon="10.980424918234348">
        <ele>1737.23</ele>
      </trkpt>
      <trkpt lat="47.22396299242973" lon="10.980457942932844">
        <ele>1737.48</ele>
      </trkpt>
      <trkpt lat="47.223943965509534" lon="10.980487950146198">
        <ele>1737.74</ele>
      </trkpt>
      <trkpt lat="47.22392292693257" lon="10.98051493987441">
        <ele>1738.0</ele>
      </trkpt>
      <trkpt lat="47.223903983831406" lon="10.980543941259384">
        <ele>1738.26</ele>
      </trkpt>
      <trkpt lat="47.22388696856797" lon="10.980569925159216">
        <ele>1738.52</ele>
      </trkpt>
      <trkpt lat="47.22387196496129" lon="10.980603955686092">
        <ele>1738.79</ele>
      </trkpt>
      <trkpt lat="47.223858973011374" lon="10.980633962899446">
        <ele>1739.06</ele>
      </trkpt>
      <trkpt lat="47.22384296357632" lon="10.98066296428442">
        <ele>1739.33</ele>
      </trkpt>
      <trkpt lat="47.2238299716264" lon="10.980693977326155">
        <ele>1739.61</ele>
      </trkpt>
      <trkpt lat="47.223816979676485" lon="10.98072499036789">
        <ele>1739.89</ele>
      </trkpt>
      <trkpt lat="47.22380692139268" lon="10.980759942904115">
        <ele>1740.18</ele>
      </trkpt>
      <trkpt lat="47.223794935271144" lon="10.98079296760261">
        <ele>1740.47</ele>
      </trkpt>
      <trkpt lat="47.22378496080637" lon="10.980825992301106">
        <ele>1740.76</ele>
      </trkpt>
      <trkpt lat="47.223773980513215" lon="10.980859939008951">
        <ele>1741.05</ele>
      </trkpt>
      <trkpt lat="47.22376291640103" lon="10.980892963707447">
        <ele>1741.34</ele>
      </trkpt>
      <trkpt lat="47.22375093027949" lon="10.980923976749182">
        <ele>1741.63</ele>
      </trkpt>
      <trkpt lat="47.2237369325012" lon="10.980954989790916">
        <ele>1741.92</ele>
      </trkpt>
      <trkpt lat="47.2237229347229" lon="10.98098499700427">
        <ele>1742.21</ele>
      </trkpt>
      <trkpt lat="47.223709942772985" lon="10.981015926226974">
        <ele>1742.51</ele>
      </trkpt>
      <trkpt lat="47.22369795665145" lon="10.981044927611947">
        <ele>1742.8</ele>
      </trkpt>
      <trkpt lat="47.223686976358294" lon="10.981076946482062">
        <ele>1743.09</ele>
      </trkpt>
      <trkpt lat="47.22367599606514" lon="10.981108965352178">
        <ele>1743.38</ele>
      </trkpt>
      <trkpt lat="47.22366199828684" lon="10.981137966737151">
        <ele>1743.66</ele>
      </trkpt>
      <trkpt lat="47.223645988851786" lon="10.981169985607266">
        <ele>1743.94</ele>
      </trkpt>
      <trkpt lat="47.22363391891122" lon="10.981206949800253">
        <ele>1744.22</ele>
      </trkpt>
      <trkpt lat="47.2236209269613" lon="10.981243997812271">
        <ele>1744.49</ele>
      </trkpt>
      <trkpt lat="47.22361095249653" lon="10.981278950348496">
        <ele>1744.77</ele>
      </trkpt>
      <trkpt lat="47.22359796054661" lon="10.981310969218612">
        <ele>1745.04</ele>
      </trkpt>
      <trkpt lat="47.223582956939936" lon="10.981341982260346">
        <ele>1745.31</ele>
      </trkpt>
      <trkpt lat="47.22356996499002" lon="10.98137492313981">
        <ele>1745.57</ele>
      </trkpt>
      <trkpt lat="47.22355496138334" lon="10.981406942009926">
        <ele>1745.83</ele>
      </trkpt>
      <trkpt lat="47.22354196943343" lon="10.98143694922328">
        <ele>1746.08</ele>
      </trkpt>
      <trkpt lat="47.22352998331189" lon="10.981469973921776">
        <ele>1746.33</ele>
      </trkpt>
      <trkpt lat="47.223516991361976" lon="10.98150098696351">
        <ele>1746.57</ele>
      </trkpt>
      <trkpt lat="47.22350592724979" lon="10.981536945328116">
        <ele>1746.81</ele>
      </trkpt>
      <trkpt lat="47.22349293529987" lon="10.981569970026612">
        <ele>1747.04</ele>
      </trkpt>
      <trkpt lat="47.223476925864816" lon="10.981601988896728">
        <ele>1747.27</ele>
      </trkpt>
      <trkpt lat="47.22346292808652" lon="10.981636941432953">
        <ele>1747.5</ele>
      </trkpt>
      <trkpt lat="47.22344893030822" lon="10.98167197778821">
        <ele>1747.72</ele>
      </trkpt>
      <trkpt lat="47.223433926701546" lon="10.981702990829945">
        <ele>1747.93</ele>
      </trkpt>
      <trkpt lat="47.22341992892325" lon="10.981735931709409">
        <ele>1748.14</ele>
      </trkpt>
      <trkpt lat="47.22340492531657" lon="10.981768956407905">
        <ele>1748.33</ele>
      </trkpt>
      <trkpt lat="47.223388999700546" lon="10.981798963621259">
        <ele>1748.52</ele>
      </trkpt>
      <trkpt lat="47.22337299026549" lon="10.981831988319755">
        <ele>1748.71</ele>
      </trkpt>
      <trkpt lat="47.22335597500205" lon="10.981864929199219">
        <ele>1748.89</ele>
      </trkpt>
      <trkpt lat="47.22333996556699" lon="10.981895942240953">
        <ele>1749.07</ele>
      </trkpt>
      <trkpt lat="47.223321944475174" lon="10.981924943625927">
        <ele>1749.25</ele>
      </trkpt>
      <trkpt lat="47.223303923383355" lon="10.98195293918252">
        <ele>1749.43</ele>
      </trkpt>
      <trkpt lat="47.22328699193895" lon="10.981984958052635">
        <ele>1749.6</ele>
      </trkpt>
      <trkpt lat="47.22326997667551" lon="10.98201496526599">
        <ele>1749.78</ele>
      </trkpt>
      <trkpt lat="47.223255978897214" lon="10.982045978307724">
        <ele>1749.95</ele>
      </trkpt>
      <trkpt lat="47.223239969462156" lon="10.982076991349459">
        <ele>1750.12</ele>
      </trkpt>
      <trkpt lat="47.22322295419872" lon="10.982104986906052">
        <ele>1750.3</ele>
      </trkpt>
      <trkpt lat="47.2232049331069" lon="10.982136921957135">
        <ele>1750.47</ele>
      </trkpt>
      <trkpt lat="47.22318699583411" lon="10.982165923342109">
        <ele>1750.63</ele>
      </trkpt>
      <trkpt lat="47.22316696308553" lon="10.982196936383843">
        <ele>1750.8</ele>
      </trkpt>
      <trkpt lat="47.22314592450857" lon="10.98223096691072">
        <ele>1750.97</ele>
      </trkpt>
      <trkpt lat="47.223126981407404" lon="10.982266925275326">
        <ele>1751.13</ele>
      </trkpt>
      <trkpt lat="47.223106948658824" lon="10.98229793831706">
        <ele>1751.3</ele>
      </trkpt>
      <trkpt lat="47.223087921738625" lon="10.982331968843937">
        <ele>1751.46</ele>
      </trkpt>
      <trkpt lat="47.22306897863746" lon="10.982365999370813">
        <ele>1751.62</ele>
      </trkpt>
      <trkpt lat="47.22305196337402" lon="10.982400951907039">
        <ele>1751.79</ele>
      </trkpt>
      <trkpt lat="47.22303293645382" lon="10.982432970777154">
        <ele>1751.96</ele>
      </trkpt>
      <trkpt lat="47.22301097586751" lon="10.982460966333747">
        <ele>1752.11</ele>
      </trkpt>
      <trkpt lat="47.22298993729055" lon="10.98248896189034">
        <ele>1752.26</ele>
      </trkpt>
      <trkpt lat="47.22296697087586" lon="10.982516957446933">
        <ele>1752.42</ele>
      </trkpt>
      <trkpt lat="47.22294392064214" lon="10.982546964660287">
        <ele>1752.58</ele>
      </trkpt>
      <trkpt lat="47.222918942570686" lon="10.982578983530402">
        <ele>1752.74</ele>
      </trkpt>
      <trkpt lat="47.222894970327616" lon="10.982609996572137">
        <ele>1752.89</ele>
      </trkpt>
      <trkpt lat="47.222869992256165" lon="10.98263698630035">
        <ele>1753.05</ele>
      </trkpt>
      <trkpt lat="47.22284593619406" lon="10.982667999342084">
        <ele>1753.21</ele>
      </trkpt>
      <trkpt lat="47.22282095812261" lon="10.982699934393167">
        <ele>1753.37</ele>
      </trkpt>
      <trkpt lat="47.22279497422278" lon="10.982728935778141">
        <ele>1753.52</ele>
      </trkpt>
      <trkpt lat="47.22276999615133" lon="10.982757937163115">
        <ele>1753.67</ele>
      </trkpt>
      <trkpt lat="47.222746945917606" lon="10.98279096186161">
        <ele>1753.82</ele>
      </trkpt>
      <trkpt lat="47.2227249853313" lon="10.982820969074965">
        <ele>1753.97</ele>
      </trkpt>
      <trkpt lat="47.222701935097575" lon="10.982849970459938">
        <ele>1754.11</ele>
      </trkpt>
      <trkpt lat="47.222677962854505" lon="10.982881989330053">
        <ele>1754.26</ele>
      </trkpt>
      <trkpt lat="47.222654996439815" lon="10.982911996543407">
        <ele>1754.4</ele>
      </trkpt>
      <trkpt lat="47.22263094037771" lon="10.982940997928381">
        <ele>1754.54</ele>
      </trkpt>
      <trkpt lat="47.22260596230626" lon="10.982970921322703">
        <ele>1754.69</ele>
      </trkpt>
      <trkpt lat="47.22257997840643" lon="10.983002940192819">
        <ele>1754.82</ele>
      </trkpt>
      <trkpt lat="47.22255592234433" lon="10.983037976548076">
        <ele>1754.96</ele>
      </trkpt>
      <trkpt lat="47.222530944272876" lon="10.98306898958981">
        <ele>1755.09</ele>
      </trkpt>
      <trkpt lat="47.222506972029805" lon="10.983100924640894">
        <ele>1755.21</ele>
      </trkpt>
      <trkpt lat="47.222482999786735" lon="10.98313394933939">
        <ele>1755.34</ele>
      </trkpt>
      <trkpt lat="47.22245793789625" lon="10.983168985694647">
        <ele>1755.46</ele>
      </trkpt>
      <trkpt lat="47.22243094816804" lon="10.983203938230872">
        <ele>1755.57</ele>
      </trkpt>
      <trkpt lat="47.222402952611446" lon="10.98323897458613">
        <ele>1755.69</ele>
      </trkpt>
      <trkpt lat="47.22237495705485" lon="10.983274932950735">
        <ele>1755.8</ele>
      </trkpt>
      <trkpt lat="47.22234696149826" lon="10.983307957649231">
        <ele>1755.91</ele>
      </trkpt>
      <trkpt lat="47.22231896594167" lon="10.983342994004488">
        <ele>1756.02</ele>
      </trkpt>
      <trkpt lat="47.222290970385075" lon="10.983381969854236">
        <ele>1756.12</ele>
      </trkpt>
      <trkpt lat="47.22226096317172" lon="10.983421951532364">
        <ele>1756.22</ele>
      </trkpt>
      <trkpt lat="47.22223196178675" lon="10.983457993716002">
        <ele>1756.32</ele>
      </trkpt>
      <trkpt lat="47.22220296040177" lon="10.98349696956575">
        <ele>1756.41</ele>
      </trkpt>
      <trkpt lat="47.22217194736004" lon="10.983534939587116">
        <ele>1756.49</ele>
      </trkpt>
      <trkpt lat="47.222140934318304" lon="10.983573999255896">
        <ele>1756.57</ele>
      </trkpt>
      <trkpt lat="47.22211193293333" lon="10.983612975105643">
        <ele>1756.65</ele>
      </trkpt>
      <trkpt lat="47.222081925719976" lon="10.98365094512701">
        <ele>1756.72</ele>
      </trkpt>
      <trkpt lat="47.22205191850662" lon="10.983690926805139">
        <ele>1756.79</ele>
      </trkpt>
      <trkpt lat="47.22202098928392" lon="10.983732920140028">
        <ele>1756.85</ele>
      </trkpt>
      <trkpt lat="47.221990982070565" lon="10.983775919303298">
        <ele>1756.91</ele>
      </trkpt>
      <trkpt lat="47.22195795737207" lon="10.98381799645722">
        <ele>1756.96</ele>
      </trkpt>
      <trkpt lat="47.221928955987096" lon="10.983858983963728">
        <ele>1756.99</ele>
      </trkpt>
      <trkpt lat="47.22189894877374" lon="10.983905922621489">
        <ele>1757.02</ele>
      </trkpt>
      <trkpt lat="47.22187095321715" lon="10.983952945098281">
        <ele>1757.04</ele>
      </trkpt>
      <trkpt lat="47.221840946003795" lon="10.983999967575073">
        <ele>1757.05</ele>
      </trkpt>
      <trkpt lat="47.22181093879044" lon="10.984050929546356">
        <ele>1757.05</ele>
      </trkpt>
      <trkpt lat="47.22178294323385" lon="10.984102981165051">
        <ele>1757.04</ele>
      </trkpt>
      <trkpt lat="47.221753941848874" lon="10.984154948964715">
        <ele>1757.03</ele>
      </trkpt>
      <trkpt lat="47.22172192297876" lon="10.98420599475503">
        <ele>1757.01</ele>
      </trkpt>
      <trkpt lat="47.221690993756056" lon="10.984258968383074">
        <ele>1757.0</ele>
      </trkpt>
      <trkpt lat="47.2216609865427" lon="10.984311942011118">
        <ele>1756.98</ele>
      </trkpt>
      <trkpt lat="47.22163399681449" lon="10.984367933124304">
        <ele>1756.96</ele>
      </trkpt>
      <trkpt lat="47.221607929095626" lon="10.98442493006587">
        <ele>1756.94</ele>
      </trkpt>
      <trkpt lat="47.22157892771065" lon="10.984481927007437">
        <ele>1756.91</ele>
      </trkpt>
      <trkpt lat="47.22154992632568" lon="10.984534984454513">
        <ele>1756.87</ele>
      </trkpt>
      <trkpt lat="47.221520924940705" lon="10.984588963910937">
        <ele>1756.83</ele>
      </trkpt>
      <trkpt lat="47.22149393521249" lon="10.984643949195743">
        <ele>1756.8</ele>
      </trkpt>
      <trkpt lat="47.22146795131266" lon="10.984695916995406">
        <ele>1756.76</ele>
      </trkpt>
      <trkpt lat="47.22144297324121" lon="10.984749980270863">
        <ele>1756.72</ele>
      </trkpt>
      <trkpt lat="47.22141891717911" lon="10.984803959727287">
        <ele>1756.68</ele>
      </trkpt>
      <trkpt lat="47.221391927450895" lon="10.98485198803246">
        <ele>1756.64</ele>
      </trkpt>
      <trkpt lat="47.22136594355106" lon="10.984902950003743">
        <ele>1756.6</ele>
      </trkpt>
      <trkpt lat="47.22134096547961" lon="10.984955923631787">
        <ele>1756.56</ele>
      </trkpt>
      <trkpt lat="47.22131498157978" lon="10.985006969422102">
        <ele>1756.51</ele>
      </trkpt>
      <trkpt lat="47.2212899196893" lon="10.985058937221766">
        <ele>1756.47</ele>
      </trkpt>
      <trkpt lat="47.22126594744623" lon="10.98511098884046">
        <ele>1756.44</ele>
      </trkpt>
      <trkpt lat="47.22124398685992" lon="10.985168991610408">
        <ele>1756.42</ele>
      </trkpt>
      <trkpt lat="47.22122294828296" lon="10.985224982723594">
        <ele>1756.4</ele>
      </trkpt>
      <trkpt lat="47.22120299935341" lon="10.98528097383678">
        <ele>1756.38</ele>
      </trkpt>
      <trkpt lat="47.22117994911969" lon="10.985332941636443">
        <ele>1756.37</ele>
      </trkpt>
      <trkpt lat="47.221156982705" lon="10.985381975769997">
        <ele>1756.36</ele>
      </trkpt>
      <trkpt lat="47.221133932471275" lon="10.985427992418408">
        <ele>1756.36</ele>
      </trkpt>
      <trkpt lat="47.22111297771335" lon="10.98547593690455">
        <ele>1756.37</ele>
      </trkpt>
      <trkpt lat="47.221090933308005" lon="10.985521953552961">
        <ele>1756.38</ele>
      </trkpt>
      <trkpt lat="47.221067966893315" lon="10.985565958544612">
        <ele>1756.4</ele>
      </trkpt>
      <trkpt lat="47.221045922487974" lon="10.985607951879501">
        <ele>1756.43</ele>
      </trkpt>
      <trkpt lat="47.221022956073284" lon="10.98564793355763">
        <ele>1756.47</ele>
      </trkpt>
      <trkpt lat="47.220999989658594" lon="10.985685987398028">
        <ele>1756.51</ele>
      </trkpt>
      <trkpt lat="47.22097593359649" lon="10.985719934105873">
        <ele>1756.55</ele>
      </trkpt>
      <trkpt lat="47.22095095552504" lon="10.98575497046113">
        <ele>1756.61</ele>
      </trkpt>
      <trkpt lat="47.22092396579683" lon="10.985787995159626">
        <ele>1756.66</ele>
      </trkpt>
      <trkpt lat="47.22090099938214" lon="10.98582093603909">
        <ele>1756.73</ele>
      </trkpt>
      <trkpt lat="47.220873925834894" lon="10.985846919938922">
        <ele>1756.8</ele>
      </trkpt>
      <trkpt lat="47.22084794193506" lon="10.985870976001024">
        <ele>1756.88</ele>
      </trkpt>
      <trkpt lat="47.22082296386361" lon="10.985893942415714">
        <ele>1756.97</ele>
      </trkpt>
      <trkpt lat="47.2207959741354" lon="10.985914980992675">
        <ele>1757.06</ele>
      </trkpt>
      <trkpt lat="47.22076898440719" lon="10.985935935750604">
        <ele>1757.16</ele>
      </trkpt>
      <trkpt lat="47.220741994678974" lon="10.985955968499184">
        <ele>1757.27</ele>
      </trkpt>
      <trkpt lat="47.220712993294" lon="10.985972983762622">
        <ele>1757.38</ele>
      </trkpt>
      <trkpt lat="47.22068298608065" lon="10.985986981540918">
        <ele>1757.51</ele>
      </trkpt>
      <trkpt lat="47.22065398469567" lon="10.98599293269217">
        <ele>1757.63</ele>
      </trkpt>
      <trkpt lat="47.22062699496746" lon="10.986003996804357">
        <ele>1757.77</ele>
      </trkpt>
      <trkpt lat="47.2206009272486" lon="10.986016988754272">
        <ele>1757.92</ele>
      </trkpt>
      <trkpt lat="47.22057796083391" lon="10.986026963219047">
        <ele>1758.07</ele>
      </trkpt>
      <trkpt lat="47.22055398859084" lon="10.986033920198679">
        <ele>1758.23</ele>
      </trkpt>
      <trkpt lat="47.22052792087197" lon="10.98603593185544">
        <ele>1758.39</ele>
      </trkpt>
      <trkpt lat="47.22050495445728" lon="10.986037943512201">
        <ele>1758.57</ele>
      </trkpt>
      <trkpt lat="47.22048198804259" lon="10.986043978482485">
        <ele>1758.75</ele>
      </trkpt>
      <trkpt lat="47.22045994363725" lon="10.986046995967627">
        <ele>1758.94</ele>
      </trkpt>
      <trkpt lat="47.22043798305094" lon="10.986047917976975">
        <ele>1759.14</ele>
      </trkpt>
      <trkpt lat="47.22041795030236" lon="10.986044984310865">
        <ele>1759.34</ele>
      </trkpt>
      <trkpt lat="47.22039598971605" lon="10.986042972654104">
        <ele>1759.55</ele>
      </trkpt>
      <trkpt lat="47.22037193365395" lon="10.986039955168962">
        <ele>1759.76</ele>
      </trkpt>
      <trkpt lat="47.22035097889602" lon="10.986040960997343">
        <ele>1759.98</ele>
      </trkpt>
      <trkpt lat="47.22033195197582" lon="10.986039955168962">
        <ele>1760.2</ele>
      </trkpt>
      <trkpt lat="47.22031191922724" lon="10.986041966825724">
        <ele>1760.43</ele>
      </trkpt>
      <trkpt lat="47.220293981954455" lon="10.986046995967627">
        <ele>1760.66</ele>
      </trkpt>
      <trkpt lat="47.22027596086264" lon="10.986043978482485">
        <ele>1760.89</ele>
      </trkpt>
      <trkpt lat="47.22025995142758" lon="10.986038949340582">
        <ele>1761.13</ele>
      </trkpt>
      <trkpt lat="47.22024092450738" lon="10.98603199236095">
        <ele>1761.37</ele>
      </trkpt>
      <trkpt lat="47.22022097557783" lon="10.986037943512201">
        <ele>1761.63</ele>
      </trkpt>
      <trkpt lat="47.22020194865763" lon="10.986038949340582">
        <ele>1761.88</ele>
      </trkpt>
      <trkpt lat="47.220184933394194" lon="10.986038949340582">
        <ele>1762.13</ele>
      </trkpt>
      <trkpt lat="47.220164984464645" lon="10.986041966825724">
        <ele>1762.39</ele>
      </trkpt>
      <trkpt lat="47.220145957544446" lon="10.986040960997343">
        <ele>1762.64</ele>
      </trkpt>
      <trkpt lat="47.22012693062425" lon="10.986038949340582">
        <ele>1762.9</ele>
      </trkpt>
      <trkpt lat="47.2201069816947" lon="10.986040960997343">
        <ele>1763.16</ele>
      </trkpt>
      <trkpt lat="47.2200879547745" lon="10.986039955168962">
        <ele>1763.42</ele>
      </trkpt>
      <trkpt lat="47.22007295116782" lon="10.986039955168962">
        <ele>1763.67</ele>
      </trkpt>
      <trkpt lat="47.220057947561145" lon="10.986040960997343">
        <ele>1763.93</ele>
      </trkpt>
      <trkpt lat="47.22004093229771" lon="10.986033920198679">
        <ele>1764.19</ele>
      </trkpt>
      <trkpt lat="47.22002198919654" lon="10.98603199236095">
        <ele>1764.45</ele>
      </trkpt>
      <trkpt lat="47.22000396810472" lon="10.986039955168962">
        <ele>1764.71</ele>
      </trkpt>
      <trkpt lat="47.21998795866966" lon="10.986046995967627">
        <ele>1764.97</ele>
      </trkpt>
      <trkpt lat="47.219972955062985" lon="10.986041966825724">
        <ele>1765.22</ele>
      </trkpt>
      <trkpt lat="47.21995694562793" lon="10.986037943512201">
        <ele>1765.48</ele>
      </trkpt>
      <trkpt lat="47.21993892453611" lon="10.98603693768382">
        <ele>1765.73</ele>
      </trkpt>
      <trkpt lat="47.21992098726332" lon="10.986033920198679">
        <ele>1765.99</ele>
      </trkpt>
      <trkpt lat="47.21990095451474" lon="10.986028974875808">
        <ele>1766.23</ele>
      </trkpt>
      <trkpt lat="47.21988192759454" lon="10.986024951562285">
        <ele>1766.48</ele>
      </trkpt>
      <trkpt lat="47.219863990321755" lon="10.986030986532569">
        <ele>1766.73</ele>
      </trkpt>
      <trkpt lat="47.21984697505832" lon="10.986023945733905">
        <ele>1766.97</ele>
      </trkpt>
      <trkpt lat="47.2198289539665" lon="10.986016988754272">
        <ele>1767.2</ele>
      </trkpt>
      <trkpt lat="47.21981093287468" lon="10.985999973490834">
        <ele>1767.43</ele>
      </trkpt>
      <trkpt lat="47.21979299560189" lon="10.985982958227396">
        <ele>1767.65</ele>
      </trkpt>
      <trkpt lat="47.21977396868169" lon="10.985973989591002">
        <ele>1767.87</ele>
      </trkpt>
      <trkpt lat="47.219757959246635" lon="10.9859689604491">
        <ele>1768.09</ele>
      </trkpt>
      <trkpt lat="47.21974194981158" lon="10.985971977934241">
        <ele>1768.32</ele>
      </trkpt>
      <trkpt lat="47.21972795203328" lon="10.985971977934241">
        <ele>1768.55</ele>
      </trkpt>
      <trkpt lat="47.219714960083365" lon="10.985959991812706">
        <ele>1768.76</ele>
      </trkpt>
      <trkpt lat="47.21970498561859" lon="10.985934929922223">
        <ele>1768.97</ele>
      </trkpt>
      <trkpt lat="47.219693921506405" lon="10.98590693436563">
        <ele>1769.17</ele>
      </trkpt>
      <trkpt lat="47.21968092955649" lon="10.98588296212256">
        <ele>1769.37</ele>
      </trkpt>
      <trkpt lat="47.219668943434954" lon="10.98585999570787">
        <ele>1769.57</ele>
      </trkpt>
      <trkpt lat="47.21965494565666" lon="10.98583996295929">
        <ele>1769.77</ele>
      </trkpt>
      <trkpt lat="47.21964195370674" lon="10.98582093603909">
        <ele>1769.97</ele>
      </trkpt>
      <trkpt lat="47.219625944271684" lon="10.985807944089174">
        <ele>1770.18</ele>
      </trkpt>
      <trkpt lat="47.219608929008245" lon="10.985802998766303">
        <ele>1770.4</ele>
      </trkpt>
      <trkpt lat="47.21958998590708" lon="10.985800987109542">
        <ele>1770.61</ele>
      </trkpt>
      <trkpt lat="47.21957397647202" lon="10.985790928825736">
        <ele>1770.82</ele>
      </trkpt>
      <trkpt lat="47.219560984522104" lon="10.985774919390678">
        <ele>1771.02</ele>
      </trkpt>
      <trkpt lat="47.21955494955182" lon="10.985752958804369">
        <ele>1771.21</ele>
      </trkpt>
      <trkpt lat="47.21954799257219" lon="10.985728986561298">
        <ele>1771.41</ele>
      </trkpt>
      <trkpt lat="47.21953894011676" lon="10.985704930499196">
        <ele>1771.6</ele>
      </trkpt>
      <trkpt lat="47.21952795982361" lon="10.985680958256125">
        <ele>1771.79</ele>
      </trkpt>
      <trkpt lat="47.219517985358834" lon="10.985657991841435">
        <ele>1771.99</ele>
      </trkpt>
      <trkpt lat="47.21950692124665" lon="10.985641982406378">
        <ele>1772.19</ele>
      </trkpt>
      <trkpt lat="47.219496946781874" lon="10.98562496714294">
        <ele>1772.39</ele>
      </trkpt>
      <trkpt lat="47.21948294900358" lon="10.985607951879501">
        <ele>1772.59</ele>
      </trkpt>
      <trkpt lat="47.2194679453969" lon="10.985589930787683">
        <ele>1772.79</ele>
      </trkpt>
      <trkpt lat="47.21945294179022" lon="10.985569981858134">
        <ele>1773.0</ele>
      </trkpt>
      <trkpt lat="47.21944497898221" lon="10.985547937452793">
        <ele>1773.19</ele>
      </trkpt>
      <trkpt lat="47.219434920698404" lon="10.985529916360974">
        <ele>1773.39</ele>
      </trkpt>
      <trkpt lat="47.21941991709173" lon="10.985508961603045">
        <ele>1773.59</ele>
      </trkpt>
      <trkpt lat="47.2194039914757" lon="10.985489934682846">
        <ele>1773.8</ele>
      </trkpt>
      <trkpt lat="47.219390999525785" lon="10.985466968268156">
        <ele>1774.0</ele>
      </trkpt>
      <trkpt lat="47.21937892958522" lon="10.985442996025085">
        <ele>1774.2</ele>
      </trkpt>
      <trkpt lat="47.21936694346368" lon="10.985420951619744">
        <ele>1774.4</ele>
      </trkpt>
      <trkpt lat="47.21935495734215" lon="10.985400918871164">
        <ele>1774.6</ele>
      </trkpt>
      <trkpt lat="47.21934196539223" lon="10.985377952456474">
        <ele>1774.8</ele>
      </trkpt>
      <trkpt lat="47.21933299675584" lon="10.985357919707894">
        <ele>1774.99</ele>
      </trkpt>
      <trkpt lat="47.21932293847203" lon="10.985333947464824">
        <ele>1775.19</ele>
      </trkpt>
      <trkpt lat="47.21931195817888" lon="10.985307963564992">
        <ele>1775.38</ele>
      </trkpt>
      <trkpt lat="47.21929997205734" lon="10.98528197966516">
        <ele>1775.58</ele>
      </trkpt>
      <trkpt lat="47.21928798593581" lon="10.985259935259819">
        <ele>1775.78</ele>
      </trkpt>
      <trkpt lat="47.21927398815751" lon="10.985236968845129">
        <ele>1775.99</ele>
      </trkpt>
      <trkpt lat="47.219261918216944" lon="10.985215930268168">
        <ele>1776.19</ele>
      </trkpt>
      <trkpt lat="47.21924892626703" lon="10.985192963853478">
        <ele>1776.4</ele>
      </trkpt>
      <trkpt lat="47.21923694014549" lon="10.985169997438788">
        <ele>1776.6</ele>
      </trkpt>
      <trkpt lat="47.21922495402396" lon="10.985148958861828">
        <ele>1776.81</ele>
      </trkpt>
      <trkpt lat="47.21921296790242" lon="10.985127920284867">
        <ele>1777.02</ele>
      </trkpt>
      <trkpt lat="47.21920098178089" lon="10.985102942213416">
        <ele>1777.24</ele>
      </trkpt>
      <trkpt lat="47.2191899176687" lon="10.985080981627107">
        <ele>1777.45</ele>
      </trkpt>
      <trkpt lat="47.219176925718784" lon="10.985058937221766">
        <ele>1777.67</ele>
      </trkpt>
      <trkpt lat="47.21916393376887" lon="10.985036976635456">
        <ele>1777.88</ele>
      </trkpt>
      <trkpt lat="47.21914792433381" lon="10.985019961372018">
        <ele>1778.11</ele>
      </trkpt>
      <trkpt lat="47.219129987061024" lon="10.985005963593721">
        <ele>1778.33</ele>
      </trkpt>
      <trkpt lat="47.219110960140824" lon="10.985001940280199">
        <ele>1778.56</ele>
      </trkpt>
      <trkpt lat="47.219090927392244" lon="10.985001940280199">
        <ele>1778.79</ele>
      </trkpt>
      <trkpt lat="47.219067960977554" lon="10.985006969422102">
        <ele>1779.05</ele>
      </trkpt>
      <trkpt lat="47.219046922400594" lon="10.985019961372018">
        <ele>1779.29</ele>
      </trkpt>
      <trkpt lat="47.219025967642665" lon="10.985037982463837">
        <ele>1779.55</ele>
      </trkpt>
      <trkpt lat="47.21900895237923" lon="10.985068995505571">
        <ele>1779.79</ele>
      </trkpt>
      <trkpt lat="47.21899696625769" lon="10.985104953870177">
        <ele>1780.02</ele>
      </trkpt>
      <trkpt lat="47.2189879976213" lon="10.985143929719925">
        <ele>1780.25</ele>
      </trkpt>
      <trkpt lat="47.218984980136156" lon="10.985184917226434">
        <ele>1780.48</ele>
      </trkpt>
      <trkpt lat="47.21898891963065" lon="10.985221965238452">
        <ele>1780.69</ele>
      </trkpt>
      <trkpt lat="47.21899797208607" lon="10.9852609410882">
        <ele>1780.9</ele>
      </trkpt>
      <trkpt lat="47.219006940722466" lon="10.985299916937947">
        <ele>1781.1</ele>
      </trkpt>
      <trkpt lat="47.21901398152113" lon="10.985342999920249">
        <ele>1781.3</ele>
      </trkpt>
      <trkpt lat="47.21902295015752" lon="10.985385999083519">
        <ele>1781.48</ele>
      </trkpt>
      <trkpt lat="47.21902999095619" lon="10.985427992418408">
        <ele>1781.67</ele>
      </trkpt>
      <trkpt lat="47.21904197707772" lon="10.985469985753298">
        <ele>1781.85</ele>
      </trkpt>
      <trkpt lat="47.219049939885736" lon="10.985510973259807">
        <ele>1782.04</ele>
      </trkpt>
      <trkpt lat="47.2190569806844" lon="10.985551960766315">
        <ele>1782.22</ele>
      </trkpt>
      <trkpt lat="47.21906192600727" lon="10.985591942444444">
        <ele>1782.4</ele>
      </trkpt>
      <trkpt lat="47.219066955149174" lon="10.985628990456462">
        <ele>1782.58</ele>
      </trkpt>
      <trkpt lat="47.21907198429108" lon="10.985663942992687">
        <ele>1782.76</ele>
      </trkpt>
      <trkpt lat="47.21907491795719" lon="10.985696967691183">
        <ele>1782.93</ele>
      </trkpt>
      <trkpt lat="47.21908195875585" lon="10.985728986561298">
        <ele>1783.09</ele>
      </trkpt>
      <trkpt lat="47.21907793544233" lon="10.985757987946272">
        <ele>1783.26</ele>
      </trkpt>
      <trkpt lat="47.21907299011946" lon="10.985787995159626">
        <ele>1783.43</ele>
      </trkpt>
      <trkpt lat="47.21907299011946" lon="10.9858169965446">
        <ele>1783.6</ele>
      </trkpt>
      <trkpt lat="47.219069972634315" lon="10.985850943252444">
        <ele>1783.77</ele>
      </trkpt>
      <trkpt lat="47.219069972634315" lon="10.985885979607701">
        <ele>1783.94</ele>
      </trkpt>
      <trkpt lat="47.21906393766403" lon="10.985917998477817">
        <ele>1784.12</ele>
      </trkpt>
      <trkpt lat="47.2190569806844" lon="10.985947921872139">
        <ele>1784.3</ele>
      </trkpt>
      <trkpt lat="47.219049939885736" lon="10.985979940742254">
        <ele>1784.48</ele>
      </trkpt>
      <trkpt lat="47.21904591657221" lon="10.98601195961237">
        <ele>1784.65</ele>
      </trkpt>
      <trkpt lat="47.21903895959258" lon="10.986038949340582">
        <ele>1784.83</ele>
      </trkpt>
      <trkpt lat="47.21902898512781" lon="10.986063927412033">
        <ele>1785.02</ele>
      </trkpt>
      <trkpt lat="47.219018926844" lon="10.986087983474135">
        <ele>1785.22</ele>
      </trkpt>
      <trkpt lat="47.21900895237923" lon="10.986115979030728">
        <ele>1785.41</ele>
      </trkpt>
      <trkpt lat="47.21900870092213" lon="10.98611656576395">
        <ele>1785.61</ele>
      </trkpt>
      <trkpt lat="47.219000989571214" lon="10.98614196293056">
        <ele>1785.81</ele>
      </trkpt>
      <trkpt lat="47.21899093128741" lon="10.986169958487153">
        <ele>1786.04</ele>
      </trkpt>
      <trkpt lat="47.218982968479395" lon="10.986196948215365">
        <ele>1786.27</ele>
      </trkpt>
      <trkpt lat="47.21897592768073" lon="10.986221926286817">
        <ele>1786.51</ele>
      </trkpt>
      <trkpt lat="47.21896695904434" lon="10.98624899983406">
        <ele>1786.76</ele>
      </trkpt>
      <trkpt lat="47.21895698457956" lon="10.986274983733892">
        <ele>1787.01</ele>
      </trkpt>
      <trkpt lat="47.2189499437809" lon="10.986299961805344">
        <ele>1787.26</ele>
      </trkpt>
      <trkpt lat="47.21894298680127" lon="10.986327957361937">
        <ele>1787.52</ele>
      </trkpt>
      <trkpt lat="47.2189359460026" lon="10.98635796457529">
        <ele>1787.78</ele>
      </trkpt>
      <trkpt lat="47.21892798319459" lon="10.986392917111516">
        <ele>1788.05</ele>
      </trkpt>
      <trkpt lat="47.21892295405269" lon="10.986425941810012">
        <ele>1788.32</ele>
      </trkpt>
      <trkpt lat="47.2189169190824" lon="10.986459972336888">
        <ele>1788.59</ele>
      </trkpt>
      <trkpt lat="47.21891197375953" lon="10.986488973721862">
        <ele>1788.86</ele>
      </trkpt>
      <trkpt lat="47.21890895627439" lon="10.986517975106835">
        <ele>1789.13</ele>
      </trkpt>
      <trkpt lat="47.21890292130411" lon="10.98654999397695">
        <ele>1789.43</ele>
      </trkpt>
      <trkpt lat="47.21890099346638" lon="10.986582934856415">
        <ele>1789.72</ele>
      </trkpt>
      <trkpt lat="47.21890199929476" lon="10.98661495372653">
        <ele>1790.01</ele>
      </trkpt>
      <trkpt lat="47.21890593878925" lon="10.986643955111504">
        <ele>1790.29</ele>
      </trkpt>
      <trkpt lat="47.21891096793115" lon="10.986672956496477">
        <ele>1790.57</ele>
      </trkpt>
      <trkpt lat="47.218919936567545" lon="10.986703969538212">
        <ele>1790.86</ele>
      </trkpt>
      <trkpt lat="47.218921948224306" lon="10.986730959266424">
        <ele>1791.15</ele>
      </trkpt>
      <trkpt lat="47.21892697736621" lon="10.986757948994637">
        <ele>1791.45</ele>
      </trkpt>
      <trkpt lat="47.21893494017422" lon="10.986783932894468">
        <ele>1791.75</ele>
      </trkpt>
      <trkpt lat="47.218940975144506" lon="10.98681092262268">
        <ele>1792.05</ele>
      </trkpt>
      <trkpt lat="47.21895195543766" lon="10.986833972856402">
        <ele>1792.37</ele>
      </trkpt>
      <trkpt lat="47.218960924074054" lon="10.986854927614331">
        <ele>1792.69</ele>
      </trkpt>
      <trkpt lat="47.21896796487272" lon="10.986878983676434">
        <ele>1793.03</ele>
      </trkpt>
      <trkpt lat="47.21897793933749" lon="10.986904967576265">
        <ele>1793.36</ele>
      </trkpt>
      <trkpt lat="47.21898891963065" lon="10.986926928162575">
        <ele>1793.7</ele>
      </trkpt>
      <trkpt lat="47.21899897791445" lon="10.986948972567916">
        <ele>1794.05</ele>
      </trkpt>
      <trkpt lat="47.219007946550846" lon="10.986970933154225">
        <ele>1794.4</ele>
      </trkpt>
      <trkpt lat="47.21901599317789" lon="10.986990965902805">
        <ele>1794.75</ele>
      </trkpt>
      <trkpt lat="47.219024961814284" lon="10.987013932317495">
        <ele>1795.12</ele>
      </trkpt>
      <trkpt lat="47.21903493627906" lon="10.987034970894456">
        <ele>1795.49</ele>
      </trkpt>
      <trkpt lat="47.219043988734484" lon="10.987055925652385">
        <ele>1795.86</ele>
      </trkpt>
      <trkpt lat="47.219048934057355" lon="10.987077970057726">
        <ele>1796.24</ele>
      </trkpt>
      <trkpt lat="47.21905798651278" lon="10.987100936472416">
        <ele>1796.63</ele>
      </trkpt>
      <trkpt lat="47.219066955149174" lon="10.987121975049376">
        <ele>1797.03</ele>
      </trkpt>
      <trkpt lat="47.21907692961395" lon="10.987148964777589">
        <ele>1797.44</ele>
      </trkpt>
      <trkpt lat="47.219087993726134" lon="10.98717494867742">
        <ele>1797.85</ele>
      </trkpt>
      <trkpt lat="47.21909997984767" lon="10.987199926748872">
        <ele>1798.28</ele>
      </trkpt>
      <trkpt lat="47.219109954312444" lon="10.987219959497452">
        <ele>1798.71</ele>
      </trkpt>
      <trkpt lat="47.21911892294884" lon="10.987240998074412">
        <ele>1799.14</ele>
      </trkpt>
      <trkpt lat="47.21912898123264" lon="10.987261952832341">
        <ele>1799.58</ele>
      </trkpt>
      <trkpt lat="47.2191399615258" lon="10.987285925075412">
        <ele>1800.03</ele>
      </trkpt>
      <trkpt lat="47.21914993599057" lon="10.987306963652372">
        <ele>1800.48</ele>
      </trkpt>
      <trkpt lat="47.21916091628373" lon="10.987329930067062">
        <ele>1800.93</ele>
      </trkpt>
      <trkpt lat="47.219172986224294" lon="10.987353986129165">
        <ele>1801.39</ele>
      </trkpt>
      <trkpt lat="47.21918195486069" lon="10.987377958372235">
        <ele>1801.84</ele>
      </trkpt>
      <trkpt lat="47.2191899176687" lon="10.987400924786925">
        <ele>1802.3</ele>
      </trkpt>
      <trkpt lat="47.219199975952506" lon="10.987422969192266">
        <ele>1802.75</ele>
      </trkpt>
      <trkpt lat="47.21920995041728" lon="10.987444929778576">
        <ele>1803.21</ele>
      </trkpt>
      <trkpt lat="47.21921296790242" lon="10.987469991669059">
        <ele>1803.66</ele>
      </trkpt>
      <trkpt lat="47.219215985387564" lon="10.987489940598607">
        <ele>1804.11</ele>
      </trkpt>
      <trkpt lat="47.219220930710435" lon="10.987509973347187">
        <ele>1804.56</ele>
      </trkpt>
      <trkpt lat="47.21922495402396" lon="10.987531933933496">
        <ele>1805.01</ele>
      </trkpt>
      <trkpt lat="47.21923199482262" lon="10.987558923661709">
        <ele>1805.46</ele>
      </trkpt>
      <trkpt lat="47.21923492848873" lon="10.987583985552192">
        <ele>1805.91</ele>
      </trkpt>
      <trkpt lat="47.219238951802254" lon="10.98760494031012">
        <ele>1806.34</ele>
      </trkpt>
      <trkpt lat="47.21923794597387" lon="10.987627990543842">
        <ele>1806.77</ele>
      </trkpt>
      <trkpt lat="47.21923098899424" lon="10.987651962786913">
        <ele>1807.19</ele>
      </trkpt>
      <trkpt lat="47.21922897733748" lon="10.987675935029984">
        <ele>1807.6</ele>
      </trkpt>
      <trkpt lat="47.21923291683197" lon="10.987697979435325">
        <ele>1808.01</ele>
      </trkpt>
      <trkpt lat="47.21923794597387" lon="10.987717928364873">
        <ele>1808.41</ele>
      </trkpt>
      <trkpt lat="47.21923492848873" lon="10.987739972770214">
        <ele>1808.8</ele>
      </trkpt>
      <trkpt lat="47.21922595985234" lon="10.987760927528143">
        <ele>1809.18</ele>
      </trkpt>
      <trkpt lat="47.219217997044325" lon="10.987782971933484">
        <ele>1809.55</ele>
      </trkpt>
      <trkpt lat="47.2192089445889" lon="10.987807950004935">
        <ele>1809.92</ele>
      </trkpt>
      <trkpt lat="47.2192089445889" lon="10.987832928076386">
        <ele>1810.28</ele>
      </trkpt>
      <trkpt lat="47.21921497955918" lon="10.987859917804599">
        <ele>1810.64</ele>
      </trkpt>
      <trkpt lat="47.2192139737308" lon="10.987885985523462">
        <ele>1810.98</ele>
      </trkpt>
      <trkpt lat="47.21920399926603" lon="10.987908951938152">
        <ele>1811.31</ele>
      </trkpt>
      <trkpt lat="47.2191899176687" lon="10.987929990515113">
        <ele>1811.62</ele>
      </trkpt>
      <trkpt lat="47.219179943203926" lon="10.987952956929803">
        <ele>1811.92</ele>
      </trkpt>
      <trkpt lat="47.219172986224294" lon="10.987978940829635">
        <ele>1812.21</ele>
      </trkpt>
      <trkpt lat="47.21916695125401" lon="10.988004924729466">
        <ele>1812.48</ele>
      </trkpt>
      <trkpt lat="47.21916192211211" lon="10.988035937771201">
        <ele>1812.74</ele>
      </trkpt>
      <trkpt lat="47.219156976789236" lon="10.988066950812936">
        <ele>1813.0</ele>
      </trkpt>
      <trkpt lat="47.21915194764733" lon="10.988093940541148">
        <ele>1813.23</ele>
      </trkpt>
      <trkpt lat="47.21914792433381" lon="10.988122941926122">
        <ele>1813.46</ele>
      </trkpt>
      <trkpt lat="47.21914398483932" lon="10.988146997988224">
        <ele>1813.68</ele>
      </trkpt>
      <trkpt lat="47.21914096735418" lon="10.988172981888056">
        <ele>1813.89</ele>
      </trkpt>
      <trkpt lat="47.2191399615258" lon="10.988198965787888">
        <ele>1814.08</ele>
      </trkpt>
      <trkpt lat="47.21913794986904" lon="10.98822494968772">
        <ele>1814.26</ele>
      </trkpt>
      <trkpt lat="47.219133926555514" lon="10.988252945244312">
        <ele>1814.44</ele>
      </trkpt>
      <trkpt lat="47.219130992889404" lon="10.98828798159957">
        <ele>1814.6</ele>
      </trkpt>
      <trkpt lat="47.219131998717785" lon="10.988319916650653">
        <ele>1814.76</ele>
      </trkpt>
      <trkpt lat="47.219130992889404" lon="10.988350929692388">
        <ele>1814.91</ele>
      </trkpt>
      <trkpt lat="47.219129987061024" lon="10.988382948562503">
        <ele>1815.05</ele>
      </trkpt>
      <trkpt lat="47.219129987061024" lon="10.988411949947476">
        <ele>1815.18</ele>
      </trkpt>
      <trkpt lat="47.219130992889404" lon="10.98844095133245">
        <ele>1815.3</ele>
      </trkpt>
      <trkpt lat="47.21912495791912" lon="10.988468946889043">
        <ele>1815.4</ele>
      </trkpt>
      <trkpt lat="47.21911598928273" lon="10.988495936617255">
        <ele>1815.49</ele>
      </trkpt>
      <trkpt lat="47.21910894848406" lon="10.988524938002229">
        <ele>1815.58</ele>
      </trkpt>
      <trkpt lat="47.21910199150443" lon="10.988555951043963">
        <ele>1815.65</ele>
      </trkpt>
      <trkpt lat="47.219093944877386" lon="10.988583946600556">
        <ele>1815.72</ele>
      </trkpt>
      <trkpt lat="47.21908497624099" lon="10.988614959642291">
        <ele>1815.78</ele>
      </trkpt>
      <trkpt lat="47.21907793544233" lon="10.988640943542123">
        <ele>1815.84</ele>
      </trkpt>
      <trkpt lat="47.219066955149174" lon="10.988667933270335">
        <ele>1815.89</ele>
      </trkpt>
      <trkpt lat="47.21905597485602" lon="10.988690983504057">
        <ele>1815.93</ele>
      </trkpt>
      <trkpt lat="47.21904197707772" lon="10.988706992939115">
        <ele>1815.97</ele>
      </trkpt>
      <trkpt lat="47.219026973471045" lon="10.988720990717411">
        <ele>1816.0</ele>
      </trkpt>
      <trkpt lat="47.219007946550846" lon="10.988735994324088">
        <ele>1816.02</ele>
      </trkpt>
      <trkpt lat="47.21898891963065" lon="10.988750997930765">
        <ele>1816.04</ele>
      </trkpt>
      <trkpt lat="47.21897098235786" lon="10.98876591771841">
        <ele>1816.05</ele>
      </trkpt>
      <trkpt lat="47.2189499437809" lon="10.988776981830597">
        <ele>1816.05</ele>
      </trkpt>
      <trkpt lat="47.21892999485135" lon="10.98878595046699">
        <ele>1816.05</ele>
      </trkpt>
      <trkpt lat="47.21891096793115" lon="10.988786956295371">
        <ele>1816.04</ele>
      </trkpt>
      <trkpt lat="47.21888992935419" lon="10.988787962123752">
        <ele>1816.02</ele>
      </trkpt>
      <trkpt lat="47.2188669629395" lon="10.988789973780513">
        <ele>1816.0</ele>
      </trkpt>
      <trkpt lat="47.21884399652481" lon="10.988790979608893">
        <ele>1815.96</ele>
      </trkpt>
      <trkpt lat="47.21882094629109" lon="10.988791985437274">
        <ele>1815.91</ele>
      </trkpt>
      <trkpt lat="47.2187979798764" lon="10.988789973780513">
        <ele>1815.86</ele>
      </trkpt>
      <trkpt lat="47.21877492964268" lon="10.988787962123752">
        <ele>1815.81</ele>
      </trkpt>
      <trkpt lat="47.218749951571226" lon="10.988788967952132">
        <ele>1815.74</ele>
      </trkpt>
      <trkpt lat="47.218722961843014" lon="10.988789973780513">
        <ele>1815.67</ele>
      </trkpt>
      <trkpt lat="47.2186959721148" lon="10.988792991265655">
        <ele>1815.58</ele>
      </trkpt>
      <trkpt lat="47.21866697072983" lon="10.988799948245287">
        <ele>1815.49</ele>
      </trkpt>
      <trkpt lat="47.218637969344854" lon="10.988799948245287">
        <ele>1815.38</ele>
      </trkpt>
      <trkpt lat="47.21860595047474" lon="10.988801959902048">
        <ele>1815.27</ele>
      </trkpt>
      <trkpt lat="47.21857191994786" lon="10.988809922710061">
        <ele>1815.14</ele>
      </trkpt>
      <trkpt lat="47.21853998489678" lon="10.988820986822248">
        <ele>1815.0</ele>
      </trkpt>
      <trkpt lat="47.2185059543699" lon="10.988831967115402">
        <ele>1814.84</ele>
      </trkpt>
      <trkpt lat="47.21847292967141" lon="10.988843953236938">
        <ele>1814.66</ele>
      </trkpt>
      <trkpt lat="47.21844099462032" lon="10.988862980157137">
        <ele>1814.47</ele>
      </trkpt>
      <trkpt lat="47.21840998157859" lon="10.988887958228588">
        <ele>1814.27</ele>
      </trkpt>
      <trkpt lat="47.21837695688009" lon="10.988907990977168">
        <ele>1814.05</ele>
      </trkpt>
      <trkpt lat="47.2183489613235" lon="10.988931963220239">
        <ele>1813.82</ele>
      </trkpt>
      <trkpt lat="47.218318954110146" lon="10.98895694129169">
        <ele>1813.58</ele>
      </trkpt>
      <trkpt lat="47.21828794106841" lon="10.988983931019902">
        <ele>1813.33</ele>
      </trkpt>
      <trkpt lat="47.21825994551182" lon="10.989012932404876">
        <ele>1813.07</ele>
      </trkpt>
      <trkpt lat="47.218231949955225" lon="10.989040927961469">
        <ele>1812.82</ele>
      </trkpt>
      <trkpt lat="47.21820395439863" lon="10.989070935174823">
        <ele>1812.56</ele>
      </trkpt>
      <trkpt lat="47.2181729413569" lon="10.989102954044938">
        <ele>1812.3</ele>
      </trkpt>
      <trkpt lat="47.21814192831516" lon="10.989138996228576">
        <ele>1812.03</ele>
      </trkpt>
      <trkpt lat="47.2181089874357" lon="10.989166991785169">
        <ele>1811.76</ele>
      </trkpt>
      <trkpt lat="47.21807495690882" lon="10.989196998998523">
        <ele>1811.47</ele>
      </trkpt>
      <trkpt lat="47.218040926381946" lon="10.989229939877987">
        <ele>1811.17</ele>
      </trkpt>
      <trkpt lat="47.21800798550248" lon="10.989264976233244">
        <ele>1810.87</ele>
      </trkpt>
      <trkpt lat="47.2179689258337" lon="10.989303952082992">
        <ele>1810.57</ele>
      </trkpt>
      <trkpt lat="47.21792693249881" lon="10.98934292793274">
        <ele>1810.28</ele>
      </trkpt>
      <trkpt lat="47.217885944992304" lon="10.989384921267629">
        <ele>1810.0</ele>
      </trkpt>
      <trkpt lat="47.217844957485795" lon="10.98942892625928">
        <ele>1809.71</ele>
      </trkpt>
      <trkpt lat="47.217800952494144" lon="10.98947293125093">
        <ele>1809.43</ele>
      </trkpt>
      <trkpt lat="47.217756947502494" lon="10.989518947899342">
        <ele>1809.15</ele>
      </trkpt>
      <trkpt lat="47.217713948339224" lon="10.989571921527386">
        <ele>1808.88</ele>
      </trkpt>
      <trkpt lat="47.217671955004334" lon="10.989629924297333">
        <ele>1808.62</ele>
      </trkpt>
      <trkpt lat="47.217630967497826" lon="10.989698991179466">
        <ele>1808.36</ele>
      </trkpt>
      <trkpt lat="47.217586962506175" lon="10.98977099172771">
        <ele>1808.11</ele>
      </trkpt>
      <trkpt lat="47.217544969171286" lon="10.989852966740727">
        <ele>1807.86</ele>
      </trkpt>
      <trkpt lat="47.21750792115927" lon="10.989939970895648">
        <ele>1807.64</ele>
      </trkpt>
      <trkpt lat="47.217475986108184" lon="10.990026975050569">
        <ele>1807.41</ele>
      </trkpt>
      <trkpt lat="47.21744698472321" lon="10.99011599086225">
        <ele>1807.2</ele>
      </trkpt>
      <trkpt lat="47.21742594614625" lon="10.990202995017171">
        <ele>1807.02</ele>
      </trkpt>
      <trkpt lat="47.2174059972167" lon="10.990289999172091">
        <ele>1806.85</ele>
      </trkpt>
      <trkpt lat="47.217390993610024" lon="10.99037398584187">
        <ele>1806.7</ele>
      </trkpt>
      <trkpt lat="47.21737599000335" lon="10.990451937541366">
        <ele>1806.56</ele>
      </trkpt>
      <trkpt lat="47.21736199222505" lon="10.990528967231512">
        <ele>1806.44</ele>
      </trkpt>
      <trkpt lat="47.217347994446754" lon="10.990596944466233">
        <ele>1806.34</ele>
      </trkpt>
      <trkpt lat="47.21733994781971" lon="10.990659976378083">
        <ele>1806.24</ele>
      </trkpt>
      <trkpt lat="47.21733491867781" lon="10.990710938349366">
        <ele>1806.16</ele>
      </trkpt>
      <trkpt lat="47.21732595004141" lon="10.990757960826159">
        <ele>1806.09</ele>
      </trkpt>
      <trkpt lat="47.21731999889016" lon="10.99080397747457">
        <ele>1806.05</ele>
      </trkpt>
      <trkpt lat="47.21731396391988" lon="10.99084597080946">
        <ele>1806.01</ele>
      </trkpt>
      <trkpt lat="47.21731195226312" lon="10.990883940830827">
        <ele>1806.0</ele>
      </trkpt>
      <trkpt lat="47.21730591729283" lon="10.990919983014464">
        <ele>1806.01</ele>
      </trkpt>
      <trkpt lat="47.21730197779834" lon="10.99095392972231">
        <ele>1806.03</ele>
      </trkpt>
      <trkpt lat="47.21729795448482" lon="10.990982931107283">
        <ele>1806.06</ele>
      </trkpt>
      <trkpt lat="47.2172939311713" lon="10.991012938320637">
        <ele>1806.12</ele>
      </trkpt>
      <trkpt lat="47.21729191951454" lon="10.991044957190752">
        <ele>1806.19</ele>
      </trkpt>
      <trkpt lat="47.21729099750519" lon="10.991075970232487">
        <ele>1806.27</ele>
      </trkpt>
      <trkpt lat="47.21728999167681" lon="10.99110597744584">
        <ele>1806.38</ele>
      </trkpt>
      <trkpt lat="47.217286974191666" lon="10.991140929982066">
        <ele>1806.5</ele>
      </trkpt>
      <trkpt lat="47.21727892756462" lon="10.9911719430238">
        <ele>1806.63</ele>
      </trkpt>
      <trkpt lat="47.21727398224175" lon="10.991207985207438">
        <ele>1806.79</ele>
      </trkpt>
      <trkpt lat="47.21727197058499" lon="10.991241931915283">
        <ele>1806.95</ele>
      </trkpt>
      <trkpt lat="47.21726895309985" lon="10.991272944957018">
        <ele>1807.14</ele>
      </trkpt>
      <trkpt lat="47.217265935614705" lon="10.99130094051361">
        <ele>1807.33</ele>
      </trkpt>
      <trkpt lat="47.217261996120214" lon="10.991329941898584">
        <ele>1807.55</ele>
      </trkpt>
      <trkpt lat="47.21725495532155" lon="10.991358943283558">
        <ele>1807.77</ele>
      </trkpt>
      <trkpt lat="47.21724992617965" lon="10.991387944668531">
        <ele>1808.02</ele>
      </trkpt>
      <trkpt lat="47.217244980856776" lon="10.991418957710266">
        <ele>1808.28</ele>
      </trkpt>
      <trkpt lat="47.21724598668516" lon="10.99144896492362">
        <ele>1808.55</ele>
      </trkpt>
      <trkpt lat="47.21724992617965" lon="10.991479977965355">
        <ele>1808.83</ele>
      </trkpt>
      <trkpt lat="47.21725394949317" lon="10.991508979350328">
        <ele>1809.12</ele>
      </trkpt>
      <trkpt lat="47.21725294366479" lon="10.991540998220444">
        <ele>1809.42</ele>
      </trkpt>
      <trkpt lat="47.21724992617965" lon="10.991569999605417">
        <ele>1809.74</ele>
      </trkpt>
      <trkpt lat="47.21724699251354" lon="10.991598917171359">
        <ele>1810.06</ele>
      </trkpt>
      <trkpt lat="47.217243975028396" lon="10.991629930213094">
        <ele>1810.4</ele>
      </trkpt>
      <trkpt lat="47.217241963371634" lon="10.99166496656835">
        <ele>1810.74</ele>
      </trkpt>
      <trkpt lat="47.21723592840135" lon="10.991696985438466">
        <ele>1811.1</ele>
      </trkpt>
      <trkpt lat="47.21723098307848" lon="10.9917279984802">
        <ele>1811.46</ele>
      </trkpt>
      <trkpt lat="47.217224948108196" lon="10.991757921874523">
        <ele>1811.82</ele>
      </trkpt>
      <trkpt lat="47.21721991896629" lon="10.991785917431116">
        <ele>1812.2</ele>
      </trkpt>
      <trkpt lat="47.2172159794718" lon="10.991817936301231">
        <ele>1812.58</ele>
      </trkpt>
      <trkpt lat="47.21721396781504" lon="10.991850960999727">
        <ele>1812.97</ele>
      </trkpt>
      <trkpt lat="47.21721396781504" lon="10.99187895655632">
        <ele>1813.37</ele>
      </trkpt>
      <trkpt lat="47.21721296198666" lon="10.991905946284533">
        <ele>1813.76</ele>
      </trkpt>
      <trkpt lat="47.21720893867314" lon="10.991934947669506">
        <ele>1814.16</ele>
      </trkpt>
      <trkpt lat="47.21720793284476" lon="10.991966966539621">
        <ele>1814.56</ele>
      </trkpt>
      <trkpt lat="47.21720692701638" lon="10.991998985409737">
        <ele>1814.97</ele>
      </trkpt>
      <trkpt lat="47.217205921188" lon="10.9920319262892">
        <ele>1815.37</ele>
      </trkpt>
      <trkpt lat="47.21720499917865" lon="10.992060927674174">
        <ele>1815.78</ele>
      </trkpt>
      <trkpt lat="47.217201981693506" lon="10.99209294654429">
        <ele>1816.2</ele>
      </trkpt>
      <trkpt lat="47.217199970036745" lon="10.992119936272502">
        <ele>1816.62</ele>
      </trkpt>
      <trkpt lat="47.21719594672322" lon="10.992148937657475">
        <ele>1817.03</ele>
      </trkpt>
      <trkpt lat="47.21719292923808" lon="10.992176933214068">
        <ele>1817.44</ele>
      </trkpt>
      <trkpt lat="47.21719091758132" lon="10.99220098927617">
        <ele>1817.86</ele>
      </trkpt>
      <trkpt lat="47.21718898974359" lon="10.992227979004383">
        <ele>1818.27</ele>
      </trkpt>
      <trkpt lat="47.21718999557197" lon="10.992255974560976">
        <ele>1818.68</ele>
      </trkpt>
      <trkpt lat="47.21718496643007" lon="10.99228497594595">
        <ele>1819.09</ele>
      </trkpt>
      <trkpt lat="47.217181948944926" lon="10.9923099540174">
        <ele>1819.51</ele>
      </trkpt>
      <trkpt lat="47.217178931459785" lon="10.992335937917233">
        <ele>1819.92</ele>
      </trkpt>
      <trkpt lat="47.217174991965294" lon="10.992360999807715">
        <ele>1820.33</ele>
      </trkpt>
      <trkpt lat="47.21716996282339" lon="10.992386983707547">
        <ele>1820.75</ele>
      </trkpt>
      <trkpt lat="47.21716996282339" lon="10.99241397343576">
        <ele>1821.16</ele>
      </trkpt>
      <trkpt lat="47.21716895699501" lon="10.992442974820733">
        <ele>1821.58</ele>
      </trkpt>
      <trkpt lat="47.21716593950987" lon="10.992469964548945">
        <ele>1821.99</ele>
      </trkpt>
      <trkpt lat="47.21716593950987" lon="10.992498965933919">
        <ele>1822.4</ele>
      </trkpt>
      <trkpt lat="47.217161916196346" lon="10.992526961490512">
        <ele>1822.81</ele>
      </trkpt>
      <trkpt lat="47.217157976701856" lon="10.992552945390344">
        <ele>1823.21</ele>
      </trkpt>
      <trkpt lat="47.217156970873475" lon="10.992580940946937">
        <ele>1823.61</ele>
      </trkpt>
      <trkpt lat="47.217156970873475" lon="10.992603991180658">
        <ele>1824.02</ele>
      </trkpt>
      <trkpt lat="47.21715395338833" lon="10.992625951766968">
        <ele>1824.42</ele>
      </trkpt>
      <trkpt lat="47.21715093590319" lon="10.992646990343928">
        <ele>1824.82</ele>
      </trkpt>
      <trkpt lat="47.2171469964087" lon="10.99267297424376">
        <ele>1825.21</ele>
      </trkpt>
      <trkpt lat="47.21714498475194" lon="10.992698958143592">
        <ele>1825.61</ele>
      </trkpt>
      <trkpt lat="47.2171419672668" lon="10.992720918729901">
        <ele>1826.0</ele>
      </trkpt>
      <trkpt lat="47.217138949781656" lon="10.992747992277145">
        <ele>1826.39</ele>
      </trkpt>
      <trkpt lat="47.217138949781656" lon="10.992771964520216">
        <ele>1826.78</ele>
      </trkpt>
      <trkpt lat="47.217134926468134" lon="10.992794930934906">
        <ele>1827.16</ele>
      </trkpt>
      <trkpt lat="47.217131992802024" lon="10.992818986997008">
        <ele>1827.54</ele>
      </trkpt>
      <trkpt lat="47.2171279694885" lon="10.99284396506846">
        <ele>1827.91</ele>
      </trkpt>
      <trkpt lat="47.21712193451822" lon="10.99286793731153">
        <ele>1828.28</ele>
      </trkpt>
      <trkpt lat="47.21712092868984" lon="10.992894927039742">
        <ele>1828.65</ele>
      </trkpt>
      <trkpt lat="47.21711799502373" lon="10.992920994758606">
        <ele>1829.02</ele>
      </trkpt>
      <trkpt lat="47.21710994839668" lon="10.992947984486818">
        <ele>1829.38</ele>
      </trkpt>
      <trkpt lat="47.21710097976029" lon="10.992971956729889">
        <ele>1829.73</ele>
      </trkpt>
      <trkpt lat="47.217095950618386" lon="10.99299592897296">
        <ele>1830.08</ele>
      </trkpt>
      <trkpt lat="47.217088993638754" lon="10.993019985035062">
        <ele>1830.42</ele>
      </trkpt>
      <trkpt lat="47.21708195284009" lon="10.993045968934894">
        <ele>1830.76</ele>
      </trkpt>
      <trkpt lat="47.21707893535495" lon="10.993070947006345">
        <ele>1831.09</ele>
      </trkpt>
      <trkpt lat="47.217070972546935" lon="10.993093997240067">
        <ele>1831.4</ele>
      </trkpt>
      <trkpt lat="47.21706192009151" lon="10.993115957826376">
        <ele>1831.71</ele>
      </trkpt>
      <trkpt lat="47.217050939798355" lon="10.993131967261434">
        <ele>1832.01</ele>
      </trkpt>
      <trkpt lat="47.21703794784844" lon="10.993148982524872">
        <ele>1832.29</ele>
      </trkpt>
      <trkpt lat="47.217025961726904" lon="10.99316599778831">
        <ele>1832.57</ele>
      </trkpt>
      <trkpt lat="47.21701095812023" lon="10.993182929232717">
        <ele>1832.84</ele>
      </trkpt>
      <trkpt lat="47.21699595451355" lon="10.993197932839394">
        <ele>1833.1</ele>
      </trkpt>
      <trkpt lat="47.21698095090687" lon="10.99321092478931">
        <ele>1833.35</ele>
      </trkpt>
      <trkpt lat="47.216966953128576" lon="10.993222994729877">
        <ele>1833.59</ele>
      </trkpt>
      <trkpt lat="47.21694893203676" lon="10.993237998336554">
        <ele>1833.82</ele>
      </trkpt>
      <trkpt lat="47.21693191677332" lon="10.99325392395258">
        <ele>1834.04</ele>
      </trkpt>
      <trkpt lat="47.21691397950053" lon="10.993269933387637">
        <ele>1834.26</ele>
      </trkpt>
      <trkpt lat="47.21689495258033" lon="10.993282925337553">
        <ele>1834.46</ele>
      </trkpt>
      <trkpt lat="47.216876931488514" lon="10.993290971964598">
        <ele>1834.65</ele>
      </trkpt>
      <trkpt lat="47.21685899421573" lon="10.993302958086133">
        <ele>1834.82</ele>
      </trkpt>
      <trkpt lat="47.21684097312391" lon="10.993315950036049">
        <ele>1834.99</ele>
      </trkpt>
      <trkpt lat="47.21682194620371" lon="10.993329947814345">
        <ele>1835.15</ele>
      </trkpt>
      <trkpt lat="47.21680199727416" lon="10.993346963077784">
        <ele>1835.3</ele>
      </trkpt>
      <trkpt lat="47.21678297035396" lon="10.993357943370938">
        <ele>1835.44</ele>
      </trkpt>
      <trkpt lat="47.21676394343376" lon="10.993371941149235">
        <ele>1835.57</ele>
      </trkpt>
      <trkpt lat="47.21674592234194" lon="10.99338392727077">
        <ele>1835.69</ele>
      </trkpt>
      <trkpt lat="47.21672999672592" lon="10.993395997211337">
        <ele>1835.79</ele>
      </trkpt>
      <trkpt lat="47.21671499311924" lon="10.993407983332872">
        <ele>1835.9</ele>
      </trkpt>
      <trkpt lat="47.21669596619904" lon="10.993420975282788">
        <ele>1835.99</ele>
      </trkpt>
      <trkpt lat="47.21667794510722" lon="10.993432961404324">
        <ele>1836.07</ele>
      </trkpt>
      <trkpt lat="47.21665699034929" lon="10.99344595335424">
        <ele>1836.14</ele>
      </trkpt>
      <trkpt lat="47.216639975085855" lon="10.993461962789297">
        <ele>1836.21</ele>
      </trkpt>
      <trkpt lat="47.216620948165655" lon="10.993472943082452">
        <ele>1836.27</ele>
      </trkpt>
      <trkpt lat="47.21660393290222" lon="10.993483923375607">
        <ele>1836.33</ele>
      </trkpt>
      <trkpt lat="47.21658398397267" lon="10.993495993316174">
        <ele>1836.38</ele>
      </trkpt>
      <trkpt lat="47.21656294539571" lon="10.99350898526609">
        <ele>1836.43</ele>
      </trkpt>
      <trkpt lat="47.21654199063778" lon="10.993523988872766">
        <ele>1836.47</ele>
      </trkpt>
      <trkpt lat="47.21652497537434" lon="10.993536980822682">
        <ele>1836.51</ele>
      </trkpt>
      <trkpt lat="47.21650594845414" lon="10.993550978600979">
        <ele>1836.55</ele>
      </trkpt>
      <trkpt lat="47.216489939019084" lon="10.993568999692798">
        <ele>1836.59</ele>
      </trkpt>
      <trkpt lat="47.216472923755646" lon="10.993587942793965">
        <ele>1836.62</ele>
      </trkpt>
      <trkpt lat="47.216450963169336" lon="10.993601940572262">
        <ele>1836.65</ele>
      </trkpt>
      <trkpt lat="47.216429924592376" lon="10.993611998856068">
        <ele>1836.67</ele>
      </trkpt>
      <trkpt lat="47.21640997566283" lon="10.993623984977603">
        <ele>1836.69</ele>
      </trkpt>
      <trkpt lat="47.21639195457101" lon="10.99364192225039">
        <ele>1836.72</ele>
      </trkpt>
      <trkpt lat="47.21637099981308" lon="10.993651980534196">
        <ele>1836.73</ele>
      </trkpt>
      <trkpt lat="47.21634895540774" lon="10.99366094917059">
        <ele>1836.75</ele>
      </trkpt>
      <trkpt lat="47.21632992848754" lon="10.993676958605647">
        <ele>1836.78</ele>
      </trkpt>
      <trkpt lat="47.21631098538637" lon="10.993692968040705">
        <ele>1836.8</ele>
      </trkpt>
      <trkpt lat="47.21629095263779" lon="10.99370495416224">
        <ele>1836.83</ele>
      </trkpt>
      <trkpt lat="47.21627091988921" lon="10.993718951940536">
        <ele>1836.86</ele>
      </trkpt>
      <trkpt lat="47.21625097095966" lon="10.993732949718833">
        <ele>1836.89</ele>
      </trkpt>
      <trkpt lat="47.216231944039464" lon="10.99374795332551">
        <ele>1836.92</ele>
      </trkpt>
      <trkpt lat="47.216213922947645" lon="10.993760945275426">
        <ele>1836.97</ele>
      </trkpt>
      <trkpt lat="47.21619598567486" lon="10.9937709197402">
        <ele>1837.01</ele>
      </trkpt>
      <trkpt lat="47.21617796458304" lon="10.993777960538864">
        <ele>1837.05</ele>
      </trkpt>
      <trkpt lat="47.21615793183446" lon="10.9937899466604">
        <ele>1837.1</ele>
      </trkpt>
      <trkpt lat="47.21613697707653" lon="10.993800926953554">
        <ele>1837.16</ele>
      </trkpt>
      <trkpt lat="47.21611593849957" lon="10.99380997940898">
        <ele>1837.21</ele>
      </trkpt>
      <trkpt lat="47.21609498374164" lon="10.993821965530515">
        <ele>1837.28</ele>
      </trkpt>
      <trkpt lat="47.21607394516468" lon="10.993830934166908">
        <ele>1837.34</ele>
      </trkpt>
      <trkpt lat="47.21605198457837" lon="10.993841998279095">
        <ele>1837.4</ele>
      </trkpt>
      <trkpt lat="47.21603195182979" lon="10.99385297857225">
        <ele>1837.48</ele>
      </trkpt>
      <trkpt lat="47.21601393073797" lon="10.993864964693785">
        <ele>1837.56</ele>
      </trkpt>
      <trkpt lat="47.215995993465185" lon="10.99387695081532">
        <ele>1837.65</ele>
      </trkpt>
      <trkpt lat="47.215977972373366" lon="10.993886925280094">
        <ele>1837.75</ele>
      </trkpt>
      <trkpt lat="47.21595995128155" lon="10.993898995220661">
        <ele>1837.85</ele>
      </trkpt>
      <trkpt lat="47.21593991853297" lon="10.993909975513816">
        <ele>1837.95</ele>
      </trkpt>
      <trkpt lat="47.21591996960342" lon="10.993923973292112">
        <ele>1838.07</ele>
      </trkpt>
      <trkpt lat="47.21589893102646" lon="10.993936965242028">
        <ele>1838.19</ele>
      </trkpt>
      <trkpt lat="47.21587898209691" lon="10.993949957191944">
        <ele>1838.32</ele>
      </trkpt>
      <trkpt lat="47.21585894934833" lon="10.99396194331348">
        <ele>1838.45</ele>
      </trkpt>
      <trkpt lat="47.21583992242813" lon="10.993977952748537">
        <ele>1838.59</ele>
      </trkpt>
      <trkpt lat="47.215821985155344" lon="10.993993962183595">
        <ele>1838.74</ele>
      </trkpt>
      <trkpt lat="47.215804969891906" lon="10.994011983275414">
        <ele>1838.89</ele>
      </trkpt>
      <trkpt lat="47.21578694880009" lon="10.994030926376581">
        <ele>1839.05</ele>
      </trkpt>
      <trkpt lat="47.21576892770827" lon="10.994045929983258">
        <ele>1839.22</ele>
      </trkpt>
      <trkpt lat="47.21575099043548" lon="10.994060933589935">
        <ele>1839.39</ele>
      </trkpt>
      <trkpt lat="47.21573397517204" lon="10.994079960510135">
        <ele>1839.57</ele>
      </trkpt>
      <trkpt lat="47.215715954080224" lon="10.994096975773573">
        <ele>1839.75</ele>
      </trkpt>
      <trkpt lat="47.215696927160025" lon="10.99411591887474">
        <ele>1839.93</ele>
      </trkpt>
      <trkpt lat="47.21567999571562" lon="10.99413595162332">
        <ele>1840.13</ele>
      </trkpt>
      <trkpt lat="47.21566298045218" lon="10.994151961058378">
        <ele>1840.32</ele>
      </trkpt>
      <trkpt lat="47.21564697101712" lon="10.994170987978578">
        <ele>1840.51</ele>
      </trkpt>
      <trkpt lat="47.21563498489559" lon="10.994195966050029">
        <ele>1840.72</ele>
      </trkpt>
      <trkpt lat="47.21562098711729" lon="10.994218932464719">
        <ele>1840.92</ele>
      </trkpt>
      <trkpt lat="47.215606989338994" lon="10.994243994355202">
        <ele>1841.12</ele>
      </trkpt>
      <trkpt lat="47.21559592522681" lon="10.994270984083414">
        <ele>1841.33</ele>
      </trkpt>
      <trkpt lat="47.21557999961078" lon="10.994292944669724">
        <ele>1841.53</ele>
      </trkpt>
      <trkpt lat="47.21556298434734" lon="10.994312977418303">
        <ele>1841.73</ele>
      </trkpt>
      <trkpt lat="47.215547980740666" lon="10.994330998510122">
        <ele>1841.93</ele>
      </trkpt>
      <trkpt lat="47.21553197130561" lon="10.99434994161129">
        <ele>1842.13</ele>
      </trkpt>
      <trkpt lat="47.21551797352731" lon="10.994371986016631">
        <ele>1842.33</ele>
      </trkpt>
      <trkpt lat="47.215502969920635" lon="10.99439394660294">
        <ele>1842.53</ele>
      </trkpt>
      <trkpt lat="47.21548897214234" lon="10.994414985179901">
        <ele>1842.73</ele>
      </trkpt>
      <trkpt lat="47.21547396853566" lon="10.99443593993783">
        <ele>1842.93</ele>
      </trkpt>
      <trkpt lat="47.215457959100604" lon="10.994460918009281">
        <ele>1843.13</ele>
      </trkpt>
      <trkpt lat="47.21544496715069" lon="10.994485979899764">
        <ele>1843.32</ele>
      </trkpt>
      <trkpt lat="47.21543096937239" lon="10.994509952142835">
        <ele>1843.51</ele>
      </trkpt>
      <trkpt lat="47.215417977422476" lon="10.994533924385905">
        <ele>1843.7</ele>
      </trkpt>
      <trkpt lat="47.21540498547256" lon="10.994556974619627">
        <ele>1843.88</ele>
      </trkpt>
      <trkpt lat="47.21538998186588" lon="10.994582958519459">
        <ele>1844.06</ele>
      </trkpt>
      <trkpt lat="47.215374978259206" lon="10.994609948247671">
        <ele>1844.24</ele>
      </trkpt>
      <trkpt lat="47.21536299213767" lon="10.994630986824632">
        <ele>1844.41</ele>
      </trkpt>
      <trkpt lat="47.2153509221971" lon="10.994652947410941">
        <ele>1844.59</ele>
      </trkpt>
      <trkpt lat="47.21534094773233" lon="10.994675997644663">
        <ele>1844.76</ele>
      </trkpt>
      <trkpt lat="47.21532694995403" lon="10.994698964059353">
        <ele>1844.93</ele>
      </trkpt>
      <trkpt lat="47.21531395800412" lon="10.994722936302423">
        <ele>1845.1</ele>
      </trkpt>
      <trkpt lat="47.21530197188258" lon="10.994747998192906">
        <ele>1845.27</ele>
      </trkpt>
      <trkpt lat="47.215287974104285" lon="10.994771970435977">
        <ele>1845.43</ele>
      </trkpt>
      <trkpt lat="47.21527598798275" lon="10.994794936850667">
        <ele>1845.6</ele>
      </trkpt>
      <trkpt lat="47.21526199020445" lon="10.99481999874115">
        <ele>1845.77</ele>
      </trkpt>
      <trkpt lat="47.215246986597776" lon="10.994840953499079">
        <ele>1845.93</ele>
      </trkpt>
      <trkpt lat="47.2152319829911" lon="10.99486299790442">
        <ele>1846.09</ele>
      </trkpt>
      <trkpt lat="47.21521899104118" lon="10.994887975975871">
        <ele>1846.26</ele>
      </trkpt>
      <trkpt lat="47.21520993858576" lon="10.994912954047322">
        <ele>1846.43</ele>
      </trkpt>
      <trkpt lat="47.21519694663584" lon="10.994939943775535">
        <ele>1846.61</ele>
      </trkpt>
      <trkpt lat="47.215182948857546" lon="10.994967939332128">
        <ele>1846.78</ele>
      </trkpt>
      <trkpt lat="47.21516794525087" lon="10.99499492906034">
        <ele>1846.96</ele>
      </trkpt>
      <trkpt lat="47.21515595912933" lon="10.995018985122442">
        <ele>1847.13</ele>
      </trkpt>
      <trkpt lat="47.21514296717942" lon="10.995045974850655">
        <ele>1847.31</ele>
      </trkpt>
      <trkpt lat="47.21513098105788" lon="10.995070952922106">
        <ele>1847.49</ele>
      </trkpt>
      <trkpt lat="47.215117989107966" lon="10.995102971792221">
        <ele>1847.67</ele>
      </trkpt>
      <trkpt lat="47.21510793082416" lon="10.995132979005575">
        <ele>1847.86</ele>
      </trkpt>
      <trkpt lat="47.215097956359386" lon="10.995160974562168">
        <ele>1848.05</ele>
      </trkpt>
      <trkpt lat="47.21508697606623" lon="10.995183940976858">
        <ele>1848.23</ele>
      </trkpt>
      <trkpt lat="47.215073984116316" lon="10.995203973725438">
        <ele>1848.42</ele>
      </trkpt>
      <trkpt lat="47.21505898050964" lon="10.995223922654986">
        <ele>1848.61</ele>
      </trkpt>
      <trkpt lat="47.21504498273134" lon="10.995241943746805">
        <ele>1848.8</ele>
      </trkpt>
      <trkpt lat="47.215030984953046" lon="10.995262982323766">
        <ele>1848.99</ele>
      </trkpt>
      <trkpt lat="47.21502595581114" lon="10.995264993980527">
        <ele>1849.18</ele>
      </trkpt>
      <trkpt lat="47.215028973296285" lon="10.995263988152146">
        <ele>1849.38</ele>
      </trkpt>
      <trkpt lat="47.215029979124665" lon="10.995263988152146">
        <ele>1849.59</ele>
      </trkpt>
      <trkpt lat="47.21501195803285" lon="10.995361972600222">
        <ele>1849.82</ele>
      </trkpt>
      <trkpt lat="47.21501396968961" lon="10.995385944843292">
        <ele>1850.04</ele>
      </trkpt>
      <trkpt lat="47.215010952204466" lon="10.995416957885027">
        <ele>1850.27</ele>
      </trkpt>
      <trkpt lat="47.21499997191131" lon="10.99544595927">
        <ele>1850.49</ele>
      </trkpt>
      <trkpt lat="47.214984968304634" lon="10.995472948998213">
        <ele>1850.71</ele>
      </trkpt>
      <trkpt lat="47.21497599966824" lon="10.995504967868328">
        <ele>1850.94</ele>
      </trkpt>
      <trkpt lat="47.21496895886958" lon="10.995535980910063">
        <ele>1851.18</ele>
      </trkpt>
      <trkpt lat="47.21496099606156" lon="10.995558947324753">
        <ele>1851.42</ele>
      </trkpt>
      <trkpt lat="47.21495294943452" lon="10.995586942881346">
        <ele>1851.67</ele>
      </trkpt>
      <trkpt lat="47.214948926121" lon="10.995614938437939">
        <ele>1851.92</ele>
      </trkpt>
      <trkpt lat="47.214942974969745" lon="10.995644945651293">
        <ele>1852.17</ele>
      </trkpt>
      <trkpt lat="47.2149399574846" lon="10.995673947036266">
        <ele>1852.44</ele>
      </trkpt>
      <trkpt lat="47.21493794582784" lon="10.995700936764479">
        <ele>1852.7</ele>
      </trkpt>
      <trkpt lat="47.21493593417108" lon="10.995725998654962">
        <ele>1852.97</ele>
      </trkpt>
      <trkpt lat="47.21493199467659" lon="10.995751982554793">
        <ele>1853.24</ele>
      </trkpt>
      <trkpt lat="47.21492797136307" lon="10.995775954797864">
        <ele>1853.52</ele>
      </trkpt>
      <trkpt lat="47.214924953877926" lon="10.995801938697696">
        <ele>1853.8</ele>
      </trkpt>
      <trkpt lat="47.214923948049545" lon="10.99583094008267">
        <ele>1854.09</ele>
      </trkpt>
      <trkpt lat="47.214921936392784" lon="10.995858935639262">
        <ele>1854.38</ele>
      </trkpt>
      <trkpt lat="47.21491992473602" lon="10.995885925367475">
        <ele>1854.68</ele>
      </trkpt>
      <trkpt lat="47.21491891890764" lon="10.995912998914719">
        <ele>1854.98</ele>
      </trkpt>
      <trkpt lat="47.21491992473602" lon="10.995940994471312">
        <ele>1855.28</ele>
      </trkpt>
      <trkpt lat="47.21491598524153" lon="10.995967984199524">
        <ele>1855.59</ele>
      </trkpt>
      <trkpt lat="47.21491296775639" lon="10.995994973927736">
        <ele>1855.91</ele>
      </trkpt>
      <trkpt lat="47.21491196192801" lon="10.996025986969471">
        <ele>1856.23</ele>
      </trkpt>
      <trkpt lat="47.21491296775639" lon="10.996053982526064">
        <ele>1856.55</ele>
      </trkpt>
      <trkpt lat="47.21491196192801" lon="10.996080972254276">
        <ele>1856.88</ele>
      </trkpt>
      <trkpt lat="47.21491095609963" lon="10.996105950325727">
        <ele>1857.21</ele>
      </trkpt>
      <trkpt lat="47.21490995027125" lon="10.99613394588232">
        <ele>1857.54</ele>
      </trkpt>
      <trkpt lat="47.21490995027125" lon="10.996162947267294">
        <ele>1857.88</ele>
      </trkpt>
      <trkpt lat="47.21490693278611" lon="10.996192954480648">
        <ele>1858.22</ele>
      </trkpt>
      <trkpt lat="47.21490693278611" lon="10.996223967522383">
        <ele>1858.57</ele>
      </trkpt>
      <trkpt lat="47.21490399912" lon="10.996251963078976">
        <ele>1858.91</ele>
      </trkpt>
      <trkpt lat="47.21490399912" lon="10.996279958635569">
        <ele>1859.26</ele>
      </trkpt>
      <trkpt lat="47.214901987463236" lon="10.996307954192162">
        <ele>1859.62</ele>
      </trkpt>
      <trkpt lat="47.214900981634855" lon="10.996333938091993">
        <ele>1859.97</ele>
      </trkpt>
      <trkpt lat="47.214899975806475" lon="10.996360927820206">
        <ele>1860.33</ele>
      </trkpt>
      <trkpt lat="47.214898969978094" lon="10.996384983882308">
        <ele>1860.69</ele>
      </trkpt>
      <trkpt lat="47.21489695832133" lon="10.996408956125379">
        <ele>1861.05</ele>
      </trkpt>
      <trkpt lat="47.21489796414971" lon="10.99643393419683">
        <ele>1861.41</ele>
      </trkpt>
      <trkpt lat="47.21489595249295" lon="10.99645497277379">
        <ele>1861.78</ele>
      </trkpt>
      <trkpt lat="47.21489695832133" lon="10.99647793918848">
        <ele>1862.14</ele>
      </trkpt>
      <trkpt lat="47.21489394083619" lon="10.996502917259932">
        <ele>1862.51</ele>
      </trkpt>
      <trkpt lat="47.21489293500781" lon="10.996531918644905">
        <ele>1862.88</ele>
      </trkpt>
      <trkpt lat="47.21489293500781" lon="10.99656192585826">
        <ele>1863.26</ele>
      </trkpt>
      <trkpt lat="47.21489293500781" lon="10.996590927243233">
        <ele>1863.63</ele>
      </trkpt>
      <trkpt lat="47.21489695832133" lon="10.996614983305335">
        <ele>1864.01</ele>
      </trkpt>
      <trkpt lat="47.21489494666457" lon="10.996636943891644">
        <ele>1864.37</ele>
      </trkpt>
      <trkpt lat="47.21489092335105" lon="10.996656976640224">
        <ele>1864.74</ele>
      </trkpt>
      <trkpt lat="47.21489394083619" lon="10.996679943054914">
        <ele>1865.11</ele>
      </trkpt>
      <trkpt lat="47.21489192917943" lon="10.996700981631875">
        <ele>1865.47</ele>
      </trkpt>
      <trkpt lat="47.21489092335105" lon="10.996723948046565">
        <ele>1865.83</ele>
      </trkpt>
      <trkpt lat="47.21488798968494" lon="10.996749931946397">
        <ele>1866.19</ele>
      </trkpt>
      <trkpt lat="47.2148849721998" lon="10.99677893333137">
        <ele>1866.55</ele>
      </trkpt>
      <trkpt lat="47.21488698385656" lon="10.996810952201486">
        <ele>1866.89</ele>
      </trkpt>
      <trkpt lat="47.21489092335105" lon="10.996836936101317">
        <ele>1867.24</ele>
      </trkpt>
      <trkpt lat="47.21489796414971" lon="10.9968619979918">
        <ele>1867.59</ele>
      </trkpt>
      <trkpt lat="47.214899975806475" lon="10.996885970234871">
        <ele>1867.93</ele>
      </trkpt>
      <trkpt lat="47.21489394083619" lon="10.9969069249928">
        <ele>1868.25</ele>
      </trkpt>
      <trkpt lat="47.2148849721998" lon="10.996924946084619">
        <ele>1868.57</ele>
      </trkpt>
      <trkpt lat="47.214880948886275" lon="10.99694598466158">
        <ele>1868.88</ele>
      </trkpt>
      <trkpt lat="47.214879943057895" lon="10.99697096273303">
        <ele>1869.19</ele>
      </trkpt>
      <trkpt lat="47.214879943057895" lon="10.996998958289623">
        <ele>1869.5</ele>
      </trkpt>
      <trkpt lat="47.21487793140113" lon="10.997022930532694">
        <ele>1869.8</ele>
      </trkpt>
      <trkpt lat="47.21487399190664" lon="10.997048998251557">
        <ele>1870.09</ele>
      </trkpt>
      <trkpt lat="47.21487499773502" lon="10.997069953009486">
        <ele>1870.37</ele>
      </trkpt>
      <trkpt lat="47.21487399190664" lon="10.997095936909318">
        <ele>1870.65</ele>
      </trkpt>
      <trkpt lat="47.21487298607826" lon="10.99711898714304">
        <ele>1870.91</ele>
      </trkpt>
      <trkpt lat="47.21486996859312" lon="10.99714094772935">
        <ele>1871.17</ele>
      </trkpt>
      <trkpt lat="47.21486292779446" lon="10.99716098047793">
        <ele>1871.41</ele>
      </trkpt>
      <trkpt lat="47.214857982471585" lon="10.997182941064239">
        <ele>1871.65</ele>
      </trkpt>
      <trkpt lat="47.21484993584454" lon="10.997201967984438">
        <ele>1871.88</ele>
      </trkpt>
      <trkpt lat="47.21484499052167" lon="10.997224934399128">
        <ele>1872.09</ele>
      </trkpt>
      <trkpt lat="47.21483996137977" lon="10.997246978804469">
        <ele>1872.31</ele>
      </trkpt>
      <trkpt lat="47.214835938066244" lon="10.99727195687592">
        <ele>1872.51</ele>
      </trkpt>
      <trkpt lat="47.21482696942985" lon="10.9972919896245">
        <ele>1872.71</ele>
      </trkpt>
      <trkpt lat="47.21482294611633" lon="10.99731596186757">
        <ele>1872.9</ele>
      </trkpt>
      <trkpt lat="47.214812971651554" lon="10.997332977131009">
        <ele>1873.08</ele>
      </trkpt>
      <trkpt lat="47.21480794250965" lon="10.99735694937408">
        <ele>1873.25</ele>
      </trkpt>
      <trkpt lat="47.214794950559735" lon="10.997372958809137">
        <ele>1873.4</ele>
      </trkpt>
      <trkpt lat="47.21478598192334" lon="10.997387962415814">
        <ele>1873.55</ele>
      </trkpt>
      <trkpt lat="47.2147779352963" lon="10.997402966022491">
        <ele>1873.69</ele>
      </trkpt>
      <trkpt lat="47.2147689666599" lon="10.997416963800788">
        <ele>1873.82</ele>
      </trkpt>
      <trkpt lat="47.21475999802351" lon="10.997431967407465">
        <ele>1873.94</ele>
      </trkpt>
      <trkpt lat="47.214749939739704" lon="10.997446971014142">
        <ele>1874.05</ele>
      </trkpt>
      <trkpt lat="47.21473996527493" lon="10.997458957135677">
        <ele>1874.15</ele>
      </trkpt>
      <trkpt lat="47.21472596749663" lon="10.997471949085593">
        <ele>1874.25</ele>
      </trkpt>
      <trkpt lat="47.21471096388996" lon="10.997482929378748">
        <ele>1874.34</ele>
      </trkpt>
      <trkpt lat="47.21469394862652" lon="10.997494999319315">
        <ele>1874.42</ele>
      </trkpt>
      <trkpt lat="47.21467693336308" lon="10.997503967955709">
        <ele>1874.49</ele>
      </trkpt>
      <trkpt lat="47.214665953069925" lon="10.997513942420483">
        <ele>1874.55</ele>
      </trkpt>
      <trkpt lat="47.21465396694839" lon="10.99752894602716">
        <ele>1874.61</ele>
      </trkpt>
      <trkpt lat="47.21463896334171" lon="10.997535986825824">
        <ele>1874.65</ele>
      </trkpt>
      <trkpt lat="47.21462697722018" lon="10.997546967118979">
        <ele>1874.69</ele>
      </trkpt>
      <trkpt lat="47.21460996195674" lon="10.997554929926991">
        <ele>1874.72</ele>
      </trkpt>
      <trkpt lat="47.21459596417844" lon="10.997559959068894">
        <ele>1874.73</ele>
      </trkpt>
      <trkpt lat="47.21458297222853" lon="10.997567921876907">
        <ele>1874.75</ele>
      </trkpt>
      <trkpt lat="47.21457492560148" lon="10.997586948797107">
        <ele>1874.77</ele>
      </trkpt>
      <trkpt lat="47.21456796862185" lon="10.997607987374067">
        <ele>1874.78</ele>
      </trkpt>
      <trkpt lat="47.214555982500315" lon="10.997617961838841">
        <ele>1874.78</ele>
      </trkpt>
      <trkpt lat="47.21453896723688" lon="10.997623996809125">
        <ele>1874.77</ele>
      </trkpt>
      <trkpt lat="47.2145239636302" lon="10.997623996809125">
        <ele>1874.75</ele>
      </trkpt>
      <trkpt lat="47.21450795419514" lon="10.997621985152364">
        <ele>1874.72</ele>
      </trkpt>
      <trkpt lat="47.214490938931704" lon="10.997618967667222">
        <ele>1874.69</ele>
      </trkpt>
      <trkpt lat="47.214473923668265" lon="10.997619973495603">
        <ele>1874.66</ele>
      </trkpt>
      <trkpt lat="47.21445799805224" lon="10.997620979323983">
        <ele>1874.62</ele>
      </trkpt>
      <trkpt lat="47.21444592811167" lon="10.997633971273899">
        <ele>1874.59</ele>
      </trkpt>
      <trkpt lat="47.214430924504995" lon="10.997645957395434">
        <ele>1874.56</ele>
      </trkpt>
      <trkpt lat="47.21441399306059" lon="10.997650986537337">
        <ele>1874.52</ele>
      </trkpt>
      <trkpt lat="47.21439597196877" lon="10.997650986537337">
        <ele>1874.47</ele>
      </trkpt>
      <trkpt lat="47.21437694504857" lon="10.997650986537337">
        <ele>1874.43</ele>
      </trkpt>
      <trkpt lat="47.21435992978513" lon="10.997652998194098">
        <ele>1874.38</ele>
      </trkpt>
      <trkpt lat="47.214342998340726" lon="10.997656937688589">
        <ele>1874.34</ele>
      </trkpt>
      <trkpt lat="47.21432698890567" lon="10.99765894934535">
        <ele>1874.29</ele>
      </trkpt>
      <trkpt lat="47.21431097947061" lon="10.997664984315634">
        <ele>1874.25</ele>
      </trkpt>
      <trkpt lat="47.214295975863934" lon="10.997668923810124">
        <ele>1874.21</ele>
      </trkpt>
      <trkpt lat="47.21428097225726" lon="10.997674958780408">
        <ele>1874.18</ele>
      </trkpt>
      <trkpt lat="47.21426596865058" lon="10.997681999579072">
        <ele>1874.15</ele>
      </trkpt>
      <trkpt lat="47.21424895338714" lon="10.997688956558704">
        <ele>1874.13</ele>
      </trkpt>
      <trkpt lat="47.214232943952084" lon="10.997697925195098">
        <ele>1874.12</ele>
      </trkpt>
      <trkpt lat="47.214214922860265" lon="10.99770194850862">
        <ele>1874.12</ele>
      </trkpt>
      <trkpt lat="47.21419899724424" lon="10.997705971822143">
        <ele>1874.12</ele>
      </trkpt>
      <trkpt lat="47.21418399363756" lon="10.997709995135665">
        <ele>1874.13</ele>
      </trkpt>
      <trkpt lat="47.214168990030885" lon="10.997713934630156">
        <ele>1874.15</ele>
      </trkpt>
      <trkpt lat="47.21415298059583" lon="10.997718963772058">
        <ele>1874.19</ele>
      </trkpt>
      <trkpt lat="47.21413596533239" lon="10.9977219812572">
        <ele>1874.24</ele>
      </trkpt>
      <trkpt lat="47.21411794424057" lon="10.997727932408452">
        <ele>1874.31</ele>
      </trkpt>
      <trkpt lat="47.21409992314875" lon="10.997736984863877">
        <ele>1874.38</ele>
      </trkpt>
      <trkpt lat="47.214084919542074" lon="10.997741930186749">
        <ele>1874.47</ele>
      </trkpt>
      <trkpt lat="47.21407092176378" lon="10.997748970985413">
        <ele>1874.58</ele>
      </trkpt>
      <trkpt lat="47.2140559181571" lon="10.997754922136664">
        <ele>1874.7</ele>
      </trkpt>
      <trkpt lat="47.214037980884314" lon="10.997757939621806">
        <ele>1874.83</ele>
      </trkpt>
      <trkpt lat="47.214020965620875" lon="10.99776498042047">
        <ele>1874.98</ele>
      </trkpt>
      <trkpt lat="47.21400395035744" lon="10.997771937400103">
        <ele>1875.14</ele>
      </trkpt>
      <trkpt lat="47.21398794092238" lon="10.997782917693257">
        <ele>1875.33</ele>
      </trkpt>
      <trkpt lat="47.2139729373157" lon="10.997790964320302">
        <ele>1875.53</ele>
      </trkpt>
      <trkpt lat="47.213956927880645" lon="10.997799932956696">
        <ele>1875.73</ele>
      </trkpt>
      <trkpt lat="47.21394192427397" lon="10.99781191907823">
        <ele>1875.96</ele>
      </trkpt>
      <trkpt lat="47.21392792649567" lon="10.997823989018798">
        <ele>1876.19</ele>
      </trkpt>
      <trkpt lat="47.213912922888994" lon="10.997836980968714">
        <ele>1876.45</ele>
      </trkpt>
      <trkpt lat="47.21389699727297" lon="10.997852990403771">
        <ele>1876.72</ele>
      </trkpt>
      <trkpt lat="47.21388199366629" lon="10.997870927676558">
        <ele>1877.0</ele>
      </trkpt>
      <trkpt lat="47.213866990059614" lon="10.99789397791028">
        <ele>1877.3</ele>
      </trkpt>
      <trkpt lat="47.21385492011905" lon="10.99791593849659">
        <ele>1877.62</ele>
      </trkpt>
      <trkpt lat="47.21384393982589" lon="10.997941922396421">
        <ele>1877.95</ele>
      </trkpt>
      <trkpt lat="47.21383295953274" lon="10.997968995943666">
        <ele>1878.3</ele>
      </trkpt>
      <trkpt lat="47.213823990896344" lon="10.997997997328639">
        <ele>1878.67</ele>
      </trkpt>
      <trkpt lat="47.21382197923958" lon="10.998027920722961">
        <ele>1879.05</ele>
      </trkpt>
      <trkpt lat="47.2138209734112" lon="10.998059939593077">
        <ele>1879.45</ele>
      </trkpt>
      <trkpt lat="47.213822985067964" lon="10.998091958463192">
        <ele>1879.84</ele>
      </trkpt>
      <trkpt lat="47.213822985067964" lon="10.998124983161688">
        <ele>1880.25</ele>
      </trkpt>
      <trkpt lat="47.213824996724725" lon="10.998155996203423">
        <ele>1880.66</ele>
      </trkpt>
      <trkpt lat="47.213827930390835" lon="10.998186925426126">
        <ele>1881.07</ele>
      </trkpt>
      <trkpt lat="47.21383597701788" lon="10.998215926811099">
        <ele>1881.47</ele>
      </trkpt>
      <trkpt lat="47.213846957311034" lon="10.998243922367692">
        <ele>1881.87</ele>
      </trkpt>
      <trkpt lat="47.21385693177581" lon="10.998270995914936">
        <ele>1882.27</ele>
      </trkpt>
      <trkpt lat="47.213869923725724" lon="10.998295973986387">
        <ele>1882.67</ele>
      </trkpt>
      <trkpt lat="47.21388593316078" lon="10.998315922915936">
        <ele>1883.06</ele>
      </trkpt>
      <trkpt lat="47.2139039542526" lon="10.998333944007754">
        <ele>1883.45</ele>
      </trkpt>
      <trkpt lat="47.21392197534442" lon="10.99834794178605">
        <ele>1883.83</ele>
      </trkpt>
      <trkpt lat="47.21394192427397" lon="10.998355988413095">
        <ele>1884.2</ele>
      </trkpt>
      <trkpt lat="47.21396195702255" lon="10.99836596287787">
        <ele>1884.56</ele>
      </trkpt>
      <trkpt lat="47.21398492343724" lon="10.998372919857502">
        <ele>1884.92</ele>
      </trkpt>
      <trkpt lat="47.21400897949934" lon="10.998375937342644">
        <ele>1885.27</ele>
      </trkpt>
      <trkpt lat="47.21403295174241" lon="10.998371997848153">
        <ele>1885.6</ele>
      </trkpt>
      <trkpt lat="47.21405792981386" lon="10.99836797453463">
        <ele>1885.93</ele>
      </trkpt>
      <trkpt lat="47.214080980047584" lon="10.998359927907586">
        <ele>1886.25</ele>
      </trkpt>
      <trkpt lat="47.214104952290654" lon="10.998349953442812">
        <ele>1886.55</ele>
      </trkpt>
      <trkpt lat="47.214128924533725" lon="10.998338973149657">
        <ele>1886.83</ele>
      </trkpt>
      <trkpt lat="47.21415398642421" lon="10.9983229637146">
        <ele>1887.1</ele>
      </trkpt>
      <trkpt lat="47.21417594701052" lon="10.998308965936303">
        <ele>1887.37</ele>
      </trkpt>
      <trkpt lat="47.21419899724424" lon="10.998295973986387">
        <ele>1887.62</ele>
      </trkpt>
      <trkpt lat="47.21422296948731" lon="10.998282982036471">
        <ele>1887.88</ele>
      </trkpt>
      <trkpt lat="47.21424392424524" lon="10.998267978429794">
        <ele>1888.12</ele>
      </trkpt>
      <trkpt lat="47.2142649628222" lon="10.998254986479878">
        <ele>1888.36</ele>
      </trkpt>
      <trkpt lat="47.21428692340851" lon="10.998243922367692">
        <ele>1888.59</ele>
      </trkpt>
      <trkpt lat="47.21430796198547" lon="10.998231936246157">
        <ele>1888.81</ele>
      </trkpt>
      <trkpt lat="47.21432598307729" lon="10.998222967609763">
        <ele>1889.03</ele>
      </trkpt>
      <trkpt lat="47.214345932006836" lon="10.998210981488228">
        <ele>1889.24</ele>
      </trkpt>
      <trkpt lat="47.21436898224056" lon="10.998200923204422">
        <ele>1889.44</ele>
      </trkpt>
      <trkpt lat="47.214387925341725" lon="10.998192960396409">
        <ele>1889.64</ele>
      </trkpt>
      <trkpt lat="47.214406952261925" lon="10.998185919597745">
        <ele>1889.83</ele>
      </trkpt>
      <trkpt lat="47.214425979182124" lon="10.998186925426126">
        <ele>1890.02</ele>
      </trkpt>
      <trkpt lat="47.214447939768434" lon="10.998182985931635">
        <ele>1890.2</ele>
      </trkpt>
      <trkpt lat="47.214468978345394" lon="10.998184997588396">
        <ele>1890.38</ele>
      </trkpt>
      <trkpt lat="47.214491944760084" lon="10.998186925426126">
        <ele>1890.57</ele>
      </trkpt>
      <trkpt lat="47.214511977508664" lon="10.99819597788155">
        <ele>1890.76</ele>
      </trkpt>
      <trkpt lat="47.21453092060983" lon="10.998197989538312">
        <ele>1890.94</ele>
      </trkpt>
      <trkpt lat="47.21455296501517" lon="10.998201929032803">
        <ele>1891.12</ele>
      </trkpt>
      <trkpt lat="47.21457199193537" lon="10.998211987316608">
        <ele>1891.31</ele>
      </trkpt>
      <trkpt lat="47.2145929466933" lon="10.998219950124621">
        <ele>1891.51</ele>
      </trkpt>
      <trkpt lat="47.21461096778512" lon="10.998231936246157">
        <ele>1891.7</ele>
      </trkpt>
      <trkpt lat="47.21462697722018" lon="10.998245934024453">
        <ele>1891.9</ele>
      </trkpt>
      <trkpt lat="47.214643992483616" lon="10.99825993180275">
        <ele>1892.1</ele>
      </trkpt>
      <trkpt lat="47.21466092392802" lon="10.998272923752666">
        <ele>1892.32</ele>
      </trkpt>
      <trkpt lat="47.21467894501984" lon="10.998287927359343">
        <ele>1892.53</ele>
      </trkpt>
      <trkpt lat="47.21469696611166" lon="10.99830494262278">
        <ele>1892.75</ele>
      </trkpt>
      <trkpt lat="47.21471498720348" lon="10.998330926522613">
        <ele>1892.98</ele>
      </trkpt>
      <trkpt lat="47.214727979153395" lon="10.998362945392728">
        <ele>1893.22</ele>
      </trkpt>
      <trkpt lat="47.21474398858845" lon="10.998387923464179">
        <ele>1893.46</ele>
      </trkpt>
      <trkpt lat="47.21476192586124" lon="10.998412985354662">
        <ele>1893.7</ele>
      </trkpt>
      <trkpt lat="47.21477399580181" lon="10.998440980911255">
        <ele>1893.94</ele>
      </trkpt>
      <trkpt lat="47.21478598192334" lon="10.998470988124609">
        <ele>1894.2</ele>
      </trkpt>
      <trkpt lat="47.214793944731355" lon="10.998501917347312">
        <ele>1894.45</ele>
      </trkpt>
      <trkpt lat="47.21480391919613" lon="10.998530918732285">
        <ele>1894.71</ele>
      </trkpt>
      <trkpt lat="47.214815989136696" lon="10.99855899810791">
        <ele>1894.97</ele>
      </trkpt>
      <trkpt lat="47.21482596360147" lon="10.998588921502233">
        <ele>1895.24</ele>
      </trkpt>
      <trkpt lat="47.21483392640948" lon="10.998619934543967">
        <ele>1895.51</ele>
      </trkpt>
      <trkpt lat="47.21484096720815" lon="10.99864793010056">
        <ele>1895.78</ele>
      </trkpt>
      <trkpt lat="47.21484499052167" lon="10.998674919828773">
        <ele>1896.05</ele>
      </trkpt>
      <trkpt lat="47.21484993584454" lon="10.998704927042127">
        <ele>1896.32</ele>
      </trkpt>
      <trkpt lat="47.2148519475013" lon="10.998739963397384">
        <ele>1896.6</ele>
      </trkpt>
      <trkpt lat="47.21485094167292" lon="10.998771982267499">
        <ele>1896.88</ele>
      </trkpt>
      <trkpt lat="47.2148469183594" lon="10.998800983652472">
        <ele>1897.15</ele>
      </trkpt>
      <trkpt lat="47.21484499052167" lon="10.998827973380685">
        <ele>1897.43</ele>
      </trkpt>
      <trkpt lat="47.21484197303653" lon="10.998854963108897">
        <ele>1897.71</ele>
      </trkpt>
      <trkpt lat="47.214836943894625" lon="10.99888195283711">
        <ele>1897.98</ele>
      </trkpt>
      <trkpt lat="47.21482998691499" lon="10.998908942565322">
        <ele>1898.25</ele>
      </trkpt>
      <trkpt lat="47.21481992863119" lon="10.998927969485521">
        <ele>1898.52</ele>
      </trkpt>
      <trkpt lat="47.21481196582317" lon="10.998953953385353">
        <ele>1898.79</ele>
      </trkpt>
      <trkpt lat="47.21480894833803" lon="10.998979937285185">
        <ele>1899.06</ele>
      </trkpt>
      <trkpt lat="47.21480593085289" lon="10.999001981690526">
        <ele>1899.32</ele>
      </trkpt>
      <trkpt lat="47.214795956388116" lon="10.999020924791694">
        <ele>1899.58</ele>
      </trkpt>
      <trkpt lat="47.21478698775172" lon="10.999039951711893">
        <ele>1899.84</ele>
      </trkpt>
      <trkpt lat="47.214775923639536" lon="10.999051937833428">
        <ele>1900.09</ele>
      </trkpt>
      <trkpt lat="47.21476695500314" lon="10.999071970582008">
        <ele>1900.34</ele>
      </trkpt>
      <trkpt lat="47.21475396305323" lon="10.999095942825079">
        <ele>1900.59</ele>
      </trkpt>
      <trkpt lat="47.21474197693169" lon="10.99911798723042">
        <ele>1900.83</ele>
      </trkpt>
      <trkpt lat="47.21473393030465" lon="10.999137936159968">
        <ele>1901.07</ele>
      </trkpt>
      <trkpt lat="47.21472496166825" lon="10.999154951423407">
        <ele>1901.31</ele>
      </trkpt>
      <trkpt lat="47.21471297554672" lon="10.999172972515225">
        <ele>1901.54</ele>
      </trkpt>
      <trkpt lat="47.21470098942518" lon="10.999189987778664">
        <ele>1901.76</ele>
      </trkpt>
      <trkpt lat="47.214684979990125" lon="10.999214965850115">
        <ele>1901.98</ele>
      </trkpt>
      <trkpt lat="47.21467492170632" lon="10.999243967235088">
        <ele>1902.2</ele>
      </trkpt>
      <trkpt lat="47.214662935584784" lon="10.999266933649778">
        <ele>1902.41</ele>
      </trkpt>
      <trkpt lat="47.21464793197811" lon="10.999285960569978">
        <ele>1902.61</ele>
      </trkpt>
      <trkpt lat="47.21463292837143" lon="10.999305993318558">
        <ele>1902.81</ele>
      </trkpt>
      <trkpt lat="47.21461691893637" lon="10.999324936419725">
        <ele>1903.01</ele>
      </trkpt>
      <trkpt lat="47.214602921158075" lon="10.999346980825067">
        <ele>1903.2</ele>
      </trkpt>
      <trkpt lat="47.21458992920816" lon="10.999369947239757">
        <ele>1903.39</ele>
      </trkpt>
      <trkpt lat="47.214580960571766" lon="10.999395931139588">
        <ele>1903.57</ele>
      </trkpt>
      <trkpt lat="47.21456998027861" lon="10.999414958059788">
        <ele>1903.74</ele>
      </trkpt>
      <trkpt lat="47.214559921994805" lon="10.999437924474478">
        <ele>1903.91</ele>
      </trkpt>
      <trkpt lat="47.21455195918679" lon="10.9994609747082">
        <ele>1904.07</ele>
      </trkpt>
      <trkpt lat="47.21454198472202" lon="10.999481929466128">
        <ele>1904.22</ele>
      </trkpt>
      <trkpt lat="47.21453192643821" lon="10.999498944729567">
        <ele>1904.36</ele>
      </trkpt>
      <trkpt lat="47.21452094614506" lon="10.999523922801018">
        <ele>1904.49</ele>
      </trkpt>
      <trkpt lat="47.214512983337045" lon="10.99954797886312">
        <ele>1904.62</ele>
      </trkpt>
      <trkpt lat="47.21450493671" lon="10.99956993944943">
        <ele>1904.74</ele>
      </trkpt>
      <trkpt lat="47.214493956416845" lon="10.99958997219801">
        <ele>1904.86</ele>
      </trkpt>
      <trkpt lat="47.21448096446693" lon="10.9996129386127">
        <ele>1904.96</ele>
      </trkpt>
      <trkpt lat="47.214469984173775" lon="10.999627942219377">
        <ele>1905.06</ele>
      </trkpt>
      <trkpt lat="47.21446093171835" lon="10.999648980796337">
        <ele>1905.16</ele>
      </trkpt>
      <trkpt lat="47.21444299444556" lon="10.999658955261111">
        <ele>1905.24</ele>
      </trkpt>
      <trkpt lat="47.21442296169698" lon="10.99965794943273">
        <ele>1905.3</ele>
      </trkpt>
      <trkpt lat="47.214408963918686" lon="10.999644957482815">
        <ele>1905.36</ele>
      </trkpt>
      <trkpt lat="47.21439597196877" lon="10.999629953876138">
        <ele>1905.41</ele>
      </trkpt>
      <trkpt lat="47.214386919513345" lon="10.999610926955938">
        <ele>1905.46</ele>
      </trkpt>
      <trkpt lat="47.21437795087695" lon="10.999595923349261">
        <ele>1905.51</ele>
      </trkpt>
      <trkpt lat="47.21436797641218" lon="10.999580919742584">
        <ele>1905.56</ele>
      </trkpt>
      <trkpt lat="47.21435498446226" lon="10.999564994126558">
        <ele>1905.6</ele>
      </trkpt>
      <trkpt lat="47.214341992512345" lon="10.999544961377978">
        <ele>1905.65</ele>
      </trkpt>
      <trkpt lat="47.21432497724891" lon="10.99952694028616">
        <ele>1905.69</ele>
      </trkpt>
      <trkpt lat="47.21430595032871" lon="10.999515959993005">
        <ele>1905.75</ele>
      </trkpt>
      <trkpt lat="47.21428692340851" lon="10.999507997184992">
        <ele>1905.8</ele>
      </trkpt>
      <trkpt lat="47.21427099779248" lon="10.99950397387147">
        <ele>1905.86</ele>
      </trkpt>
      <trkpt lat="47.214255994185805" lon="10.999492993578315">
        <ele>1905.91</ele>
      </trkpt>
      <trkpt lat="47.21423998475075" lon="10.999480923637748">
        <ele>1905.98</ele>
      </trkpt>
      <trkpt lat="47.21422699280083" lon="10.999469943344593">
        <ele>1906.04</ele>
      </trkpt>
      <trkpt lat="47.214216934517026" lon="10.999458963051438">
        <ele>1906.12</ele>
      </trkpt>
      <trkpt lat="47.214214922860265" lon="10.999455945566297">
        <ele>1906.2</ele>
      </trkpt>
      <trkpt lat="47.214215928688645" lon="10.999459968879819">
        <ele>1906.29</ele>
      </trkpt>
      <trkpt lat="47.21427292563021" lon="10.99946298636496">
        <ele>1906.4</ele>
      </trkpt>
      <trkpt lat="47.214278960600495" lon="10.99948595277965">
        <ele>1906.52</ele>
      </trkpt>
      <trkpt lat="47.21428097225726" lon="10.999509925022721">
        <ele>1906.64</ele>
      </trkpt>
      <trkpt lat="47.214279966428876" lon="10.999533981084824">
        <ele>1906.76</ele>
      </trkpt>
      <trkpt lat="47.214277954772115" lon="10.999562982469797">
        <ele>1906.89</ele>
      </trkpt>
      <trkpt lat="47.214279966428876" lon="10.999597935006022">
        <ele>1907.04</ele>
      </trkpt>
      <trkpt lat="47.21428197808564" lon="10.99963297136128">
        <ele>1907.19</ele>
      </trkpt>
      <trkpt lat="47.2142839897424" lon="10.999667923897505">
        <ele>1907.36</ele>
      </trkpt>
      <trkpt lat="47.21428298391402" lon="10.999703966081142">
        <ele>1907.53</ele>
      </trkpt>
      <trkpt lat="47.214277954772115" lon="10.999740930274129">
        <ele>1907.71</ele>
      </trkpt>
      <trkpt lat="47.21426798030734" lon="10.999776972457767">
        <ele>1907.89</ele>
      </trkpt>
      <trkpt lat="47.214255994185805" lon="10.999810919165611">
        <ele>1908.07</ele>
      </trkpt>
      <trkpt lat="47.21424392424524" lon="10.999844949692488">
        <ele>1908.27</ele>
      </trkpt>
      <trkpt lat="47.21423093229532" lon="10.999875962734222">
        <ele>1908.41</ele>
      </trkpt>
      <trkpt lat="47.214213917031884" lon="10.999904964119196">
        <ele>1908.61</ele>
      </trkpt>
      <trkpt lat="47.21419497393072" lon="10.999938994646072">
        <ele>1908.81</ele>
      </trkpt>
      <trkpt lat="47.21417494118214" lon="10.999970929697156">
        <ele>1909.02</ele>
      </trkpt>
      <trkpt lat="47.2141579259187" lon="11.00000194273889">
        <ele>1909.23</ele>
      </trkpt>
      <trkpt lat="47.214147951453924" lon="11.000036979094148">
        <ele>1909.45</ele>
      </trkpt>
      <trkpt lat="47.214150968939066" lon="11.000074949115515">
        <ele>1909.67</ele>
      </trkpt>
      <trkpt lat="47.214147951453924" lon="11.000114930793643">
        <ele>1909.89</ele>
      </trkpt>
      <trkpt lat="47.2141439281404" lon="11.000153990462422">
        <ele>1910.3</ele>
      </trkpt>
      <trkpt lat="47.214126996695995" lon="11.000189948827028">
        <ele>1910.53</ele>
      </trkpt>
      <trkpt lat="47.214105958119035" lon="11.000224985182285">
        <ele>1910.76</ele>
      </trkpt>
      <trkpt lat="47.2140799742192" lon="11.000253986567259">
        <ele>1910.99</ele>
      </trkpt>
      <trkpt lat="47.2140559181571" lon="11.000287933275104">
        <ele>1911.22</ele>
      </trkpt>
      <trkpt lat="47.21403094008565" lon="11.00032296963036">
        <ele>1911.46</ele>
      </trkpt>
      <trkpt lat="47.21400395035744" lon="11.000358927994967">
        <ele>1911.68</ele>
      </trkpt>
      <trkpt lat="47.21398299559951" lon="11.000398993492126">
        <ele>1911.92</ele>
      </trkpt>
      <trkpt lat="47.213958939537406" lon="11.000440986827016">
        <ele>1912.15</ele>
      </trkpt>
      <trkpt lat="47.21392993815243" lon="11.000475939363241">
        <ele>1912.37</ele>
      </trkpt>
      <trkpt lat="47.21389993093908" lon="11.00051399320364">
        <ele>1912.59</ele>
      </trkpt>
      <trkpt lat="47.213872941210866" lon="11.00055892020464">
        <ele>1912.83</ele>
      </trkpt>
      <trkpt lat="47.21384494565427" lon="11.00059999153018">
        <ele>1913.05</ele>
      </trkpt>
      <trkpt lat="47.2138159442693" lon="11.00064399652183">
        <ele>1913.27</ele>
      </trkpt>
      <trkpt lat="47.213784931227565" lon="11.00068498402834">
        <ele>1913.48</ele>
      </trkpt>
      <trkpt lat="47.21375592984259" lon="11.000726977363229">
        <ele>1913.69</ele>
      </trkpt>
      <trkpt lat="47.213727934286" lon="11.000773999840021">
        <ele>1913.89</ele>
      </trkpt>
      <trkpt lat="47.213694993406534" lon="11.000821944326162">
        <ele>1914.09</ele>
      </trkpt>
      <trkpt lat="47.21366297453642" lon="11.000871984288096">
        <ele>1914.28</ele>
      </trkpt>
      <trkpt lat="47.213631961494684" lon="11.000920934602618">
        <ele>1914.47</ele>
      </trkpt>
      <trkpt lat="47.21360094845295" lon="11.000968962907791">
        <ele>1914.66</ele>
      </trkpt>
      <trkpt lat="47.213569935411215" lon="11.001017997041345">
        <ele>1914.83</ele>
      </trkpt>
      <trkpt lat="47.213542945683" lon="11.00107398815453">
        <ele>1915.01</ele>
      </trkpt>
      <trkpt lat="47.21351595595479" lon="11.001127967610955">
        <ele>1915.19</ele>
      </trkpt>
      <trkpt lat="47.213485948741436" lon="11.001178929582238">
        <ele>1915.35</ele>
      </trkpt>
      <trkpt lat="47.21345795318484" lon="11.001233998686075">
        <ele>1915.51</ele>
      </trkpt>
      <trkpt lat="47.21343196928501" lon="11.00128898397088">
        <ele>1915.66</ele>
      </trkpt>
      <trkpt lat="47.21340598538518" lon="11.001347992569208">
        <ele>1915.8</ele>
      </trkpt>
      <trkpt lat="47.213379917666316" lon="11.001405995339155">
        <ele>1915.94</ele>
      </trkpt>
      <trkpt lat="47.213356951251626" lon="11.001465925946832">
        <ele>1916.08</ele>
      </trkpt>
      <trkpt lat="47.213332979008555" lon="11.00152493454516">
        <ele>1916.22</ele>
      </trkpt>
      <trkpt lat="47.21330892294645" lon="11.001583943143487">
        <ele>1916.33</ele>
      </trkpt>
      <trkpt lat="47.213283944875" lon="11.001644963398576">
        <ele>1916.44</ele>
      </trkpt>
      <trkpt lat="47.21325997263193" lon="11.001709923148155">
        <ele>1916.53</ele>
      </trkpt>
      <trkpt lat="47.21323792822659" lon="11.001772955060005">
        <ele>1916.61</ele>
      </trkpt>
      <trkpt lat="47.2132149618119" lon="11.001838920637965">
        <ele>1916.68</ele>
      </trkpt>
      <trkpt lat="47.21319199539721" lon="11.001903964206576">
        <ele>1916.73</ele>
      </trkpt>
      <trkpt lat="47.21316793933511" lon="11.001965990290046">
        <ele>1916.76</ele>
      </trkpt>
      <trkpt lat="47.21314497292042" lon="11.002026926726103">
        <ele>1916.8</ele>
      </trkpt>
      <trkpt lat="47.213121922686696" lon="11.002087946981192">
        <ele>1916.82</ele>
      </trkpt>
      <trkpt lat="47.213097950443625" lon="11.002151984721422">
        <ele>1916.82</ele>
      </trkpt>
      <trkpt lat="47.213072972372174" lon="11.00221392698586">
        <ele>1916.81</ele>
      </trkpt>
      <trkpt lat="47.21304992213845" lon="11.00227595306933">
        <ele>1916.78</ele>
      </trkpt>
      <trkpt lat="47.21302594989538" lon="11.00234191864729">
        <ele>1916.74</ele>
      </trkpt>
      <trkpt lat="47.21300298348069" lon="11.002407968044281">
        <ele>1916.7</ele>
      </trkpt>
      <trkpt lat="47.21297993324697" lon="11.00247292779386">
        <ele>1916.64</ele>
      </trkpt>
      <trkpt lat="47.2129559610039" lon="11.002538977190852">
        <ele>1916.57</ele>
      </trkpt>
      <trkpt lat="47.21293391659856" lon="11.002607960253954">
        <ele>1916.48</ele>
      </trkpt>
      <trkpt lat="47.21291296184063" lon="11.002670992165804">
        <ele>1916.4</ele>
      </trkpt>
      <trkpt lat="47.21289091743529" lon="11.002734946087003">
        <ele>1916.29</ele>
      </trkpt>
      <trkpt lat="47.21286694519222" lon="11.002798983827233">
        <ele>1916.17</ele>
      </trkpt>
      <trkpt lat="47.21284297294915" lon="11.002862937748432">
        <ele>1916.05</ele>
      </trkpt>
      <trkpt lat="47.212819922715425" lon="11.002929992973804">
        <ele>1915.92</ele>
      </trkpt>
      <trkpt lat="47.212796956300735" lon="11.002999981865287">
        <ele>1915.78</ele>
      </trkpt>
      <trkpt lat="47.212773989886045" lon="11.003067959100008">
        <ele>1915.64</ele>
      </trkpt>
      <trkpt lat="47.2127469163388" lon="11.00313694216311">
        <ele>1915.49</ele>
      </trkpt>
      <trkpt lat="47.21271892078221" lon="11.003203997388482">
        <ele>1915.33</ele>
      </trkpt>
      <trkpt lat="47.21269595436752" lon="11.003273986279964">
        <ele>1915.15</ele>
      </trkpt>
      <trkpt lat="47.21267499960959" lon="11.003343975171447">
        <ele>1914.95</ele>
      </trkpt>
      <trkpt lat="47.21265094354749" lon="11.003411952406168">
        <ele>1914.74</ele>
      </trkpt>
      <trkpt lat="47.212625965476036" lon="11.00347992964089">
        <ele>1914.53</ele>
      </trkpt>
      <trkpt lat="47.212598975747824" lon="11.003545979037881">
        <ele>1914.29</ele>
      </trkpt>
      <trkpt lat="47.21257491968572" lon="11.003616973757744">
        <ele>1914.04</ele>
      </trkpt>
      <trkpt lat="47.21255195327103" lon="11.003685956820846">
        <ele>1913.81</ele>
      </trkpt>
      <trkpt lat="47.21252697519958" lon="11.003753934055567">
        <ele>1913.58</ele>
      </trkpt>
      <trkpt lat="47.21249998547137" lon="11.00382392294705">
        <ele>1913.34</ele>
      </trkpt>
      <trkpt lat="47.212470984086394" lon="11.003890978172421">
        <ele>1913.1</ele>
      </trkpt>
      <trkpt lat="47.21243997104466" lon="11.003957949578762">
        <ele>1912.86</ele>
      </trkpt>
      <trkpt lat="47.21240392886102" lon="11.004020981490612">
        <ele>1912.61</ele>
      </trkpt>
      <trkpt lat="47.212366964668036" lon="11.00408493541181">
        <ele>1912.36</ele>
      </trkpt>
      <trkpt lat="47.21232899464667" lon="11.0041459556669">
        <ele>1912.12</ele>
      </trkpt>
      <trkpt lat="47.21228792332113" lon="11.004201946780086">
        <ele>1911.87</ele>
      </trkpt>
      <trkpt lat="47.21224098466337" lon="11.004245951771736">
        <ele>1911.64</ele>
      </trkpt>
      <trkpt lat="47.21219094470143" lon="11.004282999783754">
        <ele>1911.4</ele>
      </trkpt>
      <trkpt lat="47.21213998273015" lon="11.00431996397674">
        <ele>1911.16</ele>
      </trkpt>
      <trkpt lat="47.212087931111455" lon="11.004355922341347">
        <ele>1910.93</ele>
      </trkpt>
      <trkpt lat="47.21203596331179" lon="11.004386935383081">
        <ele>1910.71</ele>
      </trkpt>
      <trkpt lat="47.21198298968375" lon="11.004416942596436">
        <ele>1910.49</ele>
      </trkpt>
      <trkpt lat="47.21192993223667" lon="11.004443932324648">
        <ele>1910.29</ele>
      </trkpt>
      <trkpt lat="47.21187695860863" lon="11.00446899421513">
        <ele>1910.09</ele>
      </trkpt>
      <trkpt lat="47.21182398498058" lon="11.004492966458201">
        <ele>1909.92</ele>
      </trkpt>
      <trkpt lat="47.21177193336189" lon="11.004515932872891">
        <ele>1909.76</ele>
      </trkpt>
      <trkpt lat="47.21171795390546" lon="11.004536971449852">
        <ele>1909.62</ele>
      </trkpt>
      <trkpt lat="47.21166196279228" lon="11.004558932036161">
        <ele>1909.49</ele>
      </trkpt>
      <trkpt lat="47.21160798333585" lon="11.004580976441503">
        <ele>1909.37</ele>
      </trkpt>
      <trkpt lat="47.211550986394286" lon="11.00459991954267">
        <ele>1909.27</ele>
      </trkpt>
      <trkpt lat="47.21149591729045" lon="11.00461995229125">
        <ele>1909.19</ele>
      </trkpt>
      <trkpt lat="47.211442943662405" lon="11.00464392453432">
        <ele>1909.12</ele>
      </trkpt>
      <trkpt lat="47.21139097586274" lon="11.004664963111281">
        <ele>1909.06</ele>
      </trkpt>
      <trkpt lat="47.211338924244046" lon="11.004689941182733">
        <ele>1909.03</ele>
      </trkpt>
      <trkpt lat="47.211285950616" lon="11.004711985588074">
        <ele>1909.02</ele>
      </trkpt>
      <trkpt lat="47.21123691648245" lon="11.004730928689241">
        <ele>1909.02</ele>
      </trkpt>
      <trkpt lat="47.21119098365307" lon="11.00474995560944">
        <ele>1909.03</ele>
      </trkpt>
      <trkpt lat="47.2111479844898" lon="11.00476797670126">
        <ele>1909.04</ele>
      </trkpt>
      <trkpt lat="47.21110599115491" lon="11.004781974479556">
        <ele>1909.07</ele>
      </trkpt>
      <trkpt lat="47.21106693148613" lon="11.004795972257853">
        <ele>1909.12</ele>
      </trkpt>
      <trkpt lat="47.211030973121524" lon="11.0048159211874">
        <ele>1909.17</ele>
      </trkpt>
      <trkpt lat="47.21099593676627" lon="11.004830924794078">
        <ele>1909.23</ele>
      </trkpt>
      <trkpt lat="47.21096492372453" lon="11.004845928400755">
        <ele>1909.3</ele>
      </trkpt>
      <trkpt lat="47.21093399450183" lon="11.004862943664193">
        <ele>1909.37</ele>
      </trkpt>
      <trkpt lat="47.21090993843973" lon="11.004880964756012">
        <ele>1909.47</ele>
      </trkpt>
      <trkpt lat="47.210881942883134" lon="11.00490191951394">
        <ele>1909.57</ele>
      </trkpt>
      <trkpt lat="47.210858976468444" lon="11.004923963919282">
        <ele>1909.69</ele>
      </trkpt>
      <trkpt lat="47.21083592623472" lon="11.004948941990733">
        <ele>1909.81</ele>
      </trkpt>
      <trkpt lat="47.210815977305174" lon="11.004978949204087">
        <ele>1909.96</ele>
      </trkpt>
      <trkpt lat="47.21079099923372" lon="11.005004933103919">
        <ele>1910.11</ele>
      </trkpt>
      <trkpt lat="47.21076493151486" lon="11.00502697750926">
        <ele>1910.28</ele>
      </trkpt>
      <trkpt lat="47.21074095927179" lon="11.00505094975233">
        <ele>1910.44</ele>
      </trkpt>
      <trkpt lat="47.21071899868548" lon="11.005079951137304">
        <ele>1910.61</ele>
      </trkpt>
      <trkpt lat="47.2106989659369" lon="11.005110964179039">
        <ele>1910.79</ele>
      </trkpt>
      <trkpt lat="47.21067893318832" lon="11.005140971392393">
        <ele>1910.98</ele>
      </trkpt>
      <trkpt lat="47.21065999008715" lon="11.005172990262508">
        <ele>1911.17</ele>
      </trkpt>
      <trkpt lat="47.21064297482371" lon="11.005204925313592">
        <ele>1911.37</ele>
      </trkpt>
      <trkpt lat="47.210627971217036" lon="11.005236944183707">
        <ele>1911.57</ele>
      </trkpt>
      <trkpt lat="47.21061196178198" lon="11.005268963053823">
        <ele>1911.78</ele>
      </trkpt>
      <trkpt lat="47.21059997566044" lon="11.005300981923938">
        <ele>1911.99</ele>
      </trkpt>
      <trkpt lat="47.21058798953891" lon="11.005334928631783">
        <ele>1912.22</ele>
      </trkpt>
      <trkpt lat="47.21057591959834" lon="11.005361918359995">
        <ele>1912.44</ele>
      </trkpt>
      <trkpt lat="47.21056695096195" lon="11.00539393723011">
        <ele>1912.67</ele>
      </trkpt>
      <trkpt lat="47.210558988153934" lon="11.005422938615084">
        <ele>1912.9</ele>
      </trkpt>
      <trkpt lat="47.21055295318365" lon="11.005450934171677">
        <ele>1913.13</ele>
      </trkpt>
      <trkpt lat="47.21054599620402" lon="11.005474990233779">
        <ele>1913.35</ele>
      </trkpt>
      <trkpt lat="47.210538955405354" lon="11.005497956648469">
        <ele>1913.58</ele>
      </trkpt>
      <trkpt lat="47.21053593792021" lon="11.0055239405483">
        <ele>1913.81</ele>
      </trkpt>
      <trkpt lat="47.21053099259734" lon="11.005551936104894">
        <ele>1914.04</ele>
      </trkpt>
      <trkpt lat="47.210518922656775" lon="11.005578925833106">
        <ele>1914.27</ele>
      </trkpt>
      <trkpt lat="47.21050995402038" lon="11.00560599938035">
        <ele>1914.5</ele>
      </trkpt>
      <trkpt lat="47.21050098538399" lon="11.005631983280182">
        <ele>1914.72</ele>
      </trkpt>
      <trkpt lat="47.210494950413704" lon="11.005657967180014">
        <ele>1914.95</ele>
      </trkpt>
      <trkpt lat="47.21048598177731" lon="11.005679927766323">
        <ele>1915.17</ele>
      </trkpt>
      <trkpt lat="47.210477935150266" lon="11.005704989656806">
        <ele>1915.4</ele>
      </trkpt>
      <trkpt lat="47.210472989827394" lon="11.005725944414735">
        <ele>1915.61</ele>
      </trkpt>
      <trkpt lat="47.21046896651387" lon="11.005751928314567">
        <ele>1915.82</ele>
      </trkpt>
      <trkpt lat="47.21046293154359" lon="11.005773972719908">
        <ele>1916.04</ele>
      </trkpt>
      <trkpt lat="47.21045798622072" lon="11.00580096244812">
        <ele>1916.25</ele>
      </trkpt>
      <trkpt lat="47.21045698039234" lon="11.005826946347952">
        <ele>1916.46</ele>
      </trkpt>
      <trkpt lat="47.210454968735576" lon="11.005849996581674">
        <ele>1916.66</ele>
      </trkpt>
      <trkpt lat="47.21044993959367" lon="11.005873968824744">
        <ele>1916.87</ele>
      </trkpt>
      <trkpt lat="47.21044398844242" lon="11.005896935239434">
        <ele>1917.07</ele>
      </trkpt>
      <trkpt lat="47.21044298261404" lon="11.005920991301537">
        <ele>1917.28</ele>
      </trkpt>
      <trkpt lat="47.21044197678566" lon="11.005944963544607">
        <ele>1917.48</ele>
      </trkpt>
      <trkpt lat="47.2104399651289" lon="11.00597195327282">
        <ele>1917.69</ele>
      </trkpt>
      <trkpt lat="47.21043694764376" lon="11.00599693134427">
        <ele>1917.9</ele>
      </trkpt>
      <trkpt lat="47.210433930158615" lon="11.006020987406373">
        <ele>1918.1</ele>
      </trkpt>
      <trkpt lat="47.210430996492505" lon="11.006043953821063">
        <ele>1918.31</ele>
      </trkpt>
      <trkpt lat="47.21042697317898" lon="11.006064992398024">
        <ele>1918.51</ele>
      </trkpt>
      <trkpt lat="47.2104209382087" lon="11.006087958812714">
        <ele>1918.72</ele>
      </trkpt>
      <trkpt lat="47.21041792072356" lon="11.006113942712545">
        <ele>1918.93</ele>
      </trkpt>
      <trkpt lat="47.21041398122907" lon="11.006140932440758">
        <ele>1919.14</ele>
      </trkpt>
      <trkpt lat="47.21040593460202" lon="11.006170939654112">
        <ele>1919.35</ele>
      </trkpt>
      <trkpt lat="47.21039998345077" lon="11.006198935210705">
        <ele>1919.57</ele>
      </trkpt>
      <trkpt lat="47.21039696596563" lon="11.00622994825244">
        <ele>1919.8</ele>
      </trkpt>
      <trkpt lat="47.21039696596563" lon="11.00625492632389">
        <ele>1920.03</ele>
      </trkpt>
      <trkpt lat="47.21039696596563" lon="11.006276970729232">
        <ele>1920.26</ele>
      </trkpt>
      <trkpt lat="47.21039998345077" lon="11.006295997649431">
        <ele>1920.49</ele>
      </trkpt>
      <trkpt lat="47.21040492877364" lon="11.00631795823574">
        <ele>1920.73</ele>
      </trkpt>
      <trkpt lat="47.2104069404304" lon="11.006341930478811">
        <ele>1920.97</ele>
      </trkpt>
      <trkpt lat="47.21040392294526" lon="11.006364980712533">
        <ele>1921.21</ele>
      </trkpt>
      <trkpt lat="47.21039998345077" lon="11.006388952955604">
        <ele>1921.47</ele>
      </trkpt>
      <trkpt lat="47.21039696596563" lon="11.006412925198674">
        <ele>1921.72</ele>
      </trkpt>
      <trkpt lat="47.21039394848049" lon="11.006437987089157">
        <ele>1921.99</ele>
      </trkpt>
      <trkpt lat="47.210391936823726" lon="11.00646698847413">
        <ele>1922.26</ele>
      </trkpt>
      <trkpt lat="47.210392942652106" lon="11.006491966545582">
        <ele>1922.54</ele>
      </trkpt>
      <trkpt lat="47.210391936823726" lon="11.006513927131891">
        <ele>1922.82</ele>
      </trkpt>
      <trkpt lat="47.210389925166965" lon="11.006534965708852">
        <ele>1923.11</ele>
      </trkpt>
      <trkpt lat="47.210387997329235" lon="11.006559943780303">
        <ele>1923.42</ele>
      </trkpt>
      <trkpt lat="47.21038497984409" lon="11.006586933508515">
        <ele>1923.72</ele>
      </trkpt>
      <trkpt lat="47.21037995070219" lon="11.006615934893489">
        <ele>1924.04</ele>
      </trkpt>
      <trkpt lat="47.21037299372256" lon="11.006642924621701">
        <ele>1924.36</ele>
      </trkpt>
      <trkpt lat="47.21037198789418" lon="11.006663963198662">
        <ele>1924.69</ele>
      </trkpt>
      <trkpt lat="47.210368970409036" lon="11.006685923784971">
        <ele>1925.02</ele>
      </trkpt>
      <trkpt lat="47.210367964580655" lon="11.006707968190312">
        <ele>1925.36</ele>
      </trkpt>
      <trkpt lat="47.21036494709551" lon="11.006732946261764">
        <ele>1925.71</ele>
      </trkpt>
      <trkpt lat="47.21036394126713" lon="11.006757924333215">
        <ele>1926.06</ele>
      </trkpt>
      <trkpt lat="47.21036092378199" lon="11.006783992052078">
        <ele>1926.42</ele>
      </trkpt>
      <trkpt lat="47.21035799011588" lon="11.00680997595191">
        <ele>1926.79</ele>
      </trkpt>
      <trkpt lat="47.2103569842875" lon="11.0068329423666">
        <ele>1927.16</ele>
      </trkpt>
      <trkpt lat="47.21035597845912" lon="11.006856998428702">
        <ele>1927.54</ele>
      </trkpt>
      <trkpt lat="47.2103569842875" lon="11.00687493570149">
        <ele>1927.93</ele>
      </trkpt>
      <trkpt lat="47.21035396680236" lon="11.006897985935211">
        <ele>1928.32</ele>
      </trkpt>
      <trkpt lat="47.21035094931722" lon="11.006922964006662">
        <ele>1928.72</ele>
      </trkpt>
      <trkpt lat="47.210347931832075" lon="11.006947942078114">
        <ele>1929.12</ele>
      </trkpt>
      <trkpt lat="47.210343992337584" lon="11.006971998140216">
        <ele>1929.54</ele>
      </trkpt>
      <trkpt lat="47.210342986509204" lon="11.006998987868428">
        <ele>1929.96</ele>
      </trkpt>
      <trkpt lat="47.21033896319568" lon="11.007021954283118">
        <ele>1930.38</ele>
      </trkpt>
      <trkpt lat="47.21033393405378" lon="11.00704399868846">
        <ele>1930.8</ele>
      </trkpt>
      <trkpt lat="47.2103329282254" lon="11.00706797093153">
        <ele>1931.24</ele>
      </trkpt>
      <trkpt lat="47.21033091656864" lon="11.007092949002981">
        <ele>1931.67</ele>
      </trkpt>
      <trkpt lat="47.21033091656864" lon="11.007116921246052">
        <ele>1932.11</ele>
      </trkpt>
      <trkpt lat="47.21032898873091" lon="11.007142988964915">
        <ele>1932.56</ele>
      </trkpt>
      <trkpt lat="47.210325971245766" lon="11.007168972864747">
        <ele>1933.0</ele>
      </trkpt>
      <trkpt lat="47.210322953760624" lon="11.007194956764579">
        <ele>1933.45</ele>
      </trkpt>
      <trkpt lat="47.21031993627548" lon="11.00721892900765">
        <ele>1933.9</ele>
      </trkpt>
      <trkpt lat="47.2103189304471" lon="11.00723996758461">
        <ele>1934.35</ele>
      </trkpt>
      <trkpt lat="47.21031599678099" lon="11.00726192817092">
        <ele>1934.8</ele>
      </trkpt>
      <trkpt lat="47.21031691879034" lon="11.00728296674788">
        <ele>1935.25</ele>
      </trkpt>
      <trkpt lat="47.21031792461872" lon="11.00730299949646">
        <ele>1935.7</ele>
      </trkpt>
      <trkpt lat="47.21031599678099" lon="11.00732496008277">
        <ele>1936.15</ele>
      </trkpt>
      <trkpt lat="47.21031499095261" lon="11.007350943982601">
        <ele>1936.61</ele>
      </trkpt>
      <trkpt lat="47.21031197346747" lon="11.007377933710814">
        <ele>1937.06</ele>
      </trkpt>
      <trkpt lat="47.21030795015395" lon="11.007406935095787">
        <ele>1937.51</ele>
      </trkpt>
      <trkpt lat="47.210303926840425" lon="11.007437948137522">
        <ele>1937.96</ele>
      </trkpt>
      <trkpt lat="47.210303926840425" lon="11.007462926208973">
        <ele>1938.41</ele>
      </trkpt>
      <trkpt lat="47.210301999002695" lon="11.007487988099456">
        <ele>1938.85</ele>
      </trkpt>
      <trkpt lat="47.21029797568917" lon="11.007512966170907">
        <ele>1939.29</ele>
      </trkpt>
      <trkpt lat="47.21029495820403" lon="11.007538950070739">
        <ele>1939.73</ele>
      </trkpt>
      <trkpt lat="47.21029294654727" lon="11.007561916485429">
        <ele>1940.17</ele>
      </trkpt>
      <trkpt lat="47.21029294654727" lon="11.007586978375912">
        <ele>1940.59</ele>
      </trkpt>
      <trkpt lat="47.21029495820403" lon="11.007609944790602">
        <ele>1941.02</ele>
      </trkpt>
      <trkpt lat="47.21029696986079" lon="11.007634922862053">
        <ele>1941.44</ele>
      </trkpt>
      <trkpt lat="47.210299987345934" lon="11.007661996409297">
        <ele>1941.86</ele>
      </trkpt>
      <trkpt lat="47.210303926840425" lon="11.007685968652368">
        <ele>1942.27</ele>
      </trkpt>
      <trkpt lat="47.21030895598233" lon="11.007709940895438">
        <ele>1942.67</ele>
      </trkpt>
      <trkpt lat="47.21031398512423" lon="11.00773399695754">
        <ele>1943.07</ele>
      </trkpt>
      <trkpt lat="47.2103189304471" lon="11.00775595754385">
        <ele>1943.47</ele>
      </trkpt>
      <trkpt lat="47.210324965417385" lon="11.00777892395854">
        <ele>1943.85</ele>
      </trkpt>
      <trkpt lat="47.21032898873091" lon="11.007804991677403">
        <ele>1944.23</ele>
      </trkpt>
      <trkpt lat="47.21033594571054" lon="11.007827958092093">
        <ele>1944.6</ele>
      </trkpt>
      <trkpt lat="47.210345920175314" lon="11.007854947820306">
        <ele>1944.97</ele>
      </trkpt>
      <trkpt lat="47.21035497263074" lon="11.007875986397266">
        <ele>1945.33</ele>
      </trkpt>
      <trkpt lat="47.21036494709551" lon="11.007893923670053">
        <ele>1945.67</ele>
      </trkpt>
      <trkpt lat="47.21037693321705" lon="11.007912950590253">
        <ele>1946.01</ele>
      </trkpt>
      <trkpt lat="47.210388919338584" lon="11.007931977510452">
        <ele>1946.34</ele>
      </trkpt>
      <trkpt lat="47.21040291711688" lon="11.00795092061162">
        <ele>1946.67</ele>
      </trkpt>
      <trkpt lat="47.21041699871421" lon="11.007966930046678">
        <ele>1946.98</ele>
      </trkpt>
      <trkpt lat="47.210428984835744" lon="11.007983945310116">
        <ele>1947.29</ele>
      </trkpt>
      <trkpt lat="47.21044197678566" lon="11.008000960573554">
        <ele>1947.59</ele>
      </trkpt>
      <trkpt lat="47.210452957078815" lon="11.008017975836992">
        <ele>1947.88</ele>
      </trkpt>
      <trkpt lat="47.21046695485711" lon="11.00803499110043">
        <ele>1948.16</ele>
      </trkpt>
      <trkpt lat="47.21048296429217" lon="11.008046977221966">
        <ele>1948.43</ele>
      </trkpt>
      <trkpt lat="47.21049997955561" lon="11.008058963343501">
        <ele>1948.69</ele>
      </trkpt>
      <trkpt lat="47.210517916828394" lon="11.008067931979895">
        <ele>1948.94</ele>
      </trkpt>
      <trkpt lat="47.21053593792021" lon="11.008081929758191">
        <ele>1949.19</ele>
      </trkpt>
      <trkpt lat="47.21055597066879" lon="11.008096933364868">
        <ele>1949.43</ele>
      </trkpt>
      <trkpt lat="47.21057692542672" lon="11.008104979991913">
        <ele>1949.65</ele>
      </trkpt>
      <trkpt lat="47.21059796400368" lon="11.008112942799926">
        <ele>1949.87</ele>
      </trkpt>
      <trkpt lat="47.2106159850955" lon="11.008121995255351">
        <ele>1950.07</ele>
      </trkpt>
      <trkpt lat="47.21063593402505" lon="11.008130963891745">
        <ele>1950.26</ele>
      </trkpt>
      <trkpt lat="47.21065496094525" lon="11.008139932528138">
        <ele>1950.45</ele>
      </trkpt>
      <trkpt lat="47.21067398786545" lon="11.008144961670041">
        <ele>1950.62</ele>
      </trkpt>
      <trkpt lat="47.210692930966616" lon="11.008151918649673">
        <ele>1950.78</ele>
      </trkpt>
      <trkpt lat="47.210712963715196" lon="11.008158959448338">
        <ele>1950.93</ele>
      </trkpt>
      <trkpt lat="47.210733918473125" lon="11.008167928084731">
        <ele>1951.07</ele>
      </trkpt>
      <trkpt lat="47.210752945393324" lon="11.008171951398253">
        <ele>1951.2</ele>
      </trkpt>
      <trkpt lat="47.210772978141904" lon="11.008169939741492">
        <ele>1951.31</ele>
      </trkpt>
      <trkpt lat="47.21079493872821" lon="11.008178992196918">
        <ele>1951.42</ele>
      </trkpt>
      <trkpt lat="47.210819916799664" lon="11.00818594917655">
        <ele>1951.52</ele>
      </trkpt>
      <trkpt lat="47.210840955376625" lon="11.008192989975214">
        <ele>1951.61</ele>
      </trkpt>
      <trkpt lat="47.210862999781966" lon="11.008196929469705">
        <ele>1951.68</ele>
      </trkpt>
      <trkpt lat="47.210883954539895" lon="11.008199946954846">
        <ele>1951.74</ele>
      </trkpt>
      <trkpt lat="47.210902981460094" lon="11.00820497609675">
        <ele>1951.79</ele>
      </trkpt>
      <trkpt lat="47.21092393621802" lon="11.008210927248001">
        <ele>1951.84</ele>
      </trkpt>
      <trkpt lat="47.210947992280126" lon="11.008219979703426">
        <ele>1951.87</ele>
      </trkpt>
      <trkpt lat="47.210968947038054" lon="11.00822794251144">
        <ele>1951.89</ele>
      </trkpt>
      <trkpt lat="47.210989985615015" lon="11.008236994966865">
        <ele>1951.9</ele>
      </trkpt>
      <trkpt lat="47.211011946201324" lon="11.008237916976213">
        <ele>1951.9</ele>
      </trkpt>
      <trkpt lat="47.211036924272776" lon="11.008233977481723">
        <ele>1951.88</ele>
      </trkpt>
      <trkpt lat="47.21106098033488" lon="11.008220985531807">
        <ele>1951.85</ele>
      </trkpt>
      <trkpt lat="47.211077995598316" lon="11.008193995803595">
        <ele>1951.81</ele>
      </trkpt>
      <trkpt lat="47.21108897589147" lon="11.008160971105099">
        <ele>1951.75</ele>
      </trkpt>
      <trkpt lat="47.21109492704272" lon="11.008125934749842">
        <ele>1951.68</ele>
      </trkpt>
      <trkpt lat="47.21110196784139" lon="11.008090982213616">
        <ele>1951.61</ele>
      </trkpt>
      <trkpt lat="47.21111596561968" lon="11.00805594585836">
        <ele>1951.52</ele>
      </trkpt>
      <trkpt lat="47.21113599836826" lon="11.008020993322134">
        <ele>1951.43</ele>
      </trkpt>
      <trkpt lat="47.211159970611334" lon="11.007992997765541">
        <ele>1951.34</ele>
      </trkpt>
      <trkpt lat="47.211186960339546" lon="11.007984951138496">
        <ele>1951.25</ele>
      </trkpt>
      <trkpt lat="47.211211938411" lon="11.00799492560327">
        <ele>1951.16</ele>
      </trkpt>
      <trkpt lat="47.21123398281634" lon="11.00801294669509">
        <ele>1951.06</ele>
      </trkpt>
      <trkpt lat="47.211247980594635" lon="11.008042953908443">
        <ele>1950.96</ele>
      </trkpt>
      <trkpt lat="47.21125393174589" lon="11.00807597860694">
        <ele>1950.85</ele>
      </trkpt>
      <trkpt lat="47.21125996671617" lon="11.008110931143165">
        <ele>1950.74</ele>
      </trkpt>
      <trkpt lat="47.2112669236958" lon="11.008144961670041">
        <ele>1950.62</ele>
      </trkpt>
      <trkpt lat="47.21127899363637" lon="11.008172957226634">
        <ele>1950.5</ele>
      </trkpt>
      <trkpt lat="47.211289973929524" lon="11.008200952783227">
        <ele>1950.37</ele>
      </trkpt>
      <trkpt lat="47.2113049775362" lon="11.00822794251144">
        <ele>1950.22</ele>
      </trkpt>
      <trkpt lat="47.21132593229413" lon="11.00824797526002">
        <ele>1950.07</ele>
      </trkpt>
      <trkpt lat="47.21134898252785" lon="11.008261973038316">
        <ele>1949.9</ele>
      </trkpt>
      <trkpt lat="47.21137295477092" lon="11.008267924189568">
        <ele>1949.73</ele>
      </trkpt>
      <trkpt lat="47.211397932842374" lon="11.008281921967864">
        <ele>1949.56</ele>
      </trkpt>
      <trkpt lat="47.211419977247715" lon="11.008302960544825">
        <ele>1949.39</ele>
      </trkpt>
      <trkpt lat="47.21143598668277" lon="11.00833397358656">
        <ele>1949.21</ele>
      </trkpt>
      <trkpt lat="47.21144897863269" lon="11.008366998285055">
        <ele>1949.04</ele>
      </trkpt>
      <trkpt lat="47.211461970582604" lon="11.0084009449929">
        <ele>1948.86</ele>
      </trkpt>
      <trkpt lat="47.211470939219" lon="11.008436987176538">
        <ele>1948.68</ele>
      </trkpt>
      <trkpt lat="47.2114759683609" lon="11.008477974683046">
        <ele>1948.51</ele>
      </trkpt>
      <trkpt lat="47.21147999167442" lon="11.008516950532794">
        <ele>1948.32</ele>
      </trkpt>
      <trkpt lat="47.21147798001766" lon="11.008556932210922">
        <ele>1948.14</ele>
      </trkpt>
      <trkpt lat="47.21147295087576" lon="11.008600937202573">
        <ele>1947.96</ele>
      </trkpt>
      <trkpt lat="47.21146993339062" lon="11.008651982992887">
        <ele>1947.78</ele>
      </trkpt>
      <trkpt lat="47.211464988067746" lon="11.00870093330741">
        <ele>1947.61</ele>
      </trkpt>
      <trkpt lat="47.211461970582604" lon="11.008758936077356">
        <ele>1947.43</ele>
      </trkpt>
      <trkpt lat="47.2114569414407" lon="11.008819956332445">
        <ele>1947.26</ele>
      </trkpt>
      <trkpt lat="47.21144998446107" lon="11.008883994072676">
        <ele>1947.1</ele>
      </trkpt>
      <trkpt lat="47.211443949490786" lon="11.008949959650636">
        <ele>1946.94</ele>
      </trkpt>
      <trkpt lat="47.21143598668277" lon="11.009020954370499">
        <ele>1946.78</ele>
      </trkpt>
      <trkpt lat="47.21142995171249" lon="11.009097984060645">
        <ele>1946.63</ele>
      </trkpt>
      <trkpt lat="47.211421988904476" lon="11.009178953245282">
        <ele>1946.47</ele>
      </trkpt>
      <trkpt lat="47.21141494810581" lon="11.009264951571822">
        <ele>1946.31</ele>
      </trkpt>
      <trkpt lat="47.21140597946942" lon="11.009349944069982">
        <ele>1946.16</ele>
      </trkpt>
      <trkpt lat="47.2113929875195" lon="11.009440971538424">
        <ele>1946.01</ele>
      </trkpt>
      <trkpt lat="47.211378989741206" lon="11.009536944329739">
        <ele>1945.86</ele>
      </trkpt>
      <trkpt lat="47.21136691980064" lon="11.009635934606194">
        <ele>1945.72</ele>
      </trkpt>
      <trkpt lat="47.211354933679104" lon="11.009737942367792">
        <ele>1945.6</ele>
      </trkpt>
      <trkpt lat="47.21134797669947" lon="11.00984095595777">
        <ele>1945.5</ele>
      </trkpt>
      <trkpt lat="47.21133993007243" lon="11.00994497537613">
        <ele>1945.42</ele>
      </trkpt>
      <trkpt lat="47.21133096143603" lon="11.010052934288979">
        <ele>1945.36</ele>
      </trkpt>
      <trkpt lat="47.21132098697126" lon="11.01015997119248">
        <ele>1945.32</ele>
      </trkpt>
      <trkpt lat="47.211315957829356" lon="11.010266924276948">
        <ele>1945.27</ele>
      </trkpt>
      <trkpt lat="47.211314952000976" lon="11.01037697866559">
        <ele>1945.24</ele>
      </trkpt>
      <trkpt lat="47.2113189753145" lon="11.01048594340682">
        <ele>1945.24</ele>
      </trkpt>
      <trkpt lat="47.21132693812251" lon="11.01059197448194">
        <ele>1945.25</ele>
      </trkpt>
      <trkpt lat="47.211338924244046" lon="11.010689958930016">
        <ele>1945.29</ele>
      </trkpt>
      <trkpt lat="47.211355939507484" lon="11.010780986398458">
        <ele>1945.33</ele>
      </trkpt>
      <trkpt lat="47.211376978084445" lon="11.010866984724998">
        <ele>1945.38</ele>
      </trkpt>
      <trkpt lat="47.21139692701399" lon="11.010949965566397">
        <ele>1945.45</ele>
      </trkpt>
      <trkpt lat="47.211418971419334" lon="11.011026995256543">
        <ele>1945.54</ele>
      </trkpt>
      <trkpt lat="47.211440932005644" lon="11.011098995804787">
        <ele>1945.66</ele>
      </trkpt>
      <trkpt lat="47.21146599389613" lon="11.011165967211127">
        <ele>1945.77</ele>
      </trkpt>
      <trkpt lat="47.211485942825675" lon="11.011228999122977">
        <ele>1945.9</ele>
      </trkpt>
      <trkpt lat="47.211503963917494" lon="11.011289935559034">
        <ele>1946.04</ele>
      </trkpt>
      <trkpt lat="47.21151997335255" lon="11.011339975520968">
        <ele>1946.21</ele>
      </trkpt>
      <trkpt lat="47.21153397113085" lon="11.011381968855858">
        <ele>1946.37</ele>
      </trkpt>
      <trkpt lat="47.211548974737525" lon="11.011426979675889">
        <ele>1946.56</ele>
      </trkpt>
      <trkpt lat="47.21156297251582" lon="11.011468973010778">
        <ele>1946.75</ele>
      </trkpt>
      <trkpt lat="47.21157495863736" lon="11.01151691749692">
        <ele>1946.95</ele>
      </trkpt>
      <trkpt lat="47.211592979729176" lon="11.011566957458854">
        <ele>1947.16</ele>
      </trkpt>
      <trkpt lat="47.21161091700196" lon="11.011614985764027">
        <ele>1947.38</ele>
      </trkpt>
      <trkpt lat="47.21162893809378" lon="11.01166594773531">
        <ele>1947.6</ele>
      </trkpt>
      <trkpt lat="47.21164595335722" lon="11.011714981868863">
        <ele>1947.84</ele>
      </trkpt>
      <trkpt lat="47.21166498027742" lon="11.011763932183385">
        <ele>1948.08</ele>
      </trkpt>
      <trkpt lat="47.211682917550206" lon="11.011808943003416">
        <ele>1948.32</ele>
      </trkpt>
      <trkpt lat="47.211698926985264" lon="11.011854959651828">
        <ele>1948.57</ele>
      </trkpt>
      <trkpt lat="47.21171292476356" lon="11.011903993785381">
        <ele>1948.82</ele>
      </trkpt>
      <trkpt lat="47.21172893419862" lon="11.01194598712027">
        <ele>1949.08</ele>
      </trkpt>
      <trkpt lat="47.211744943633676" lon="11.01198697462678">
        <ele>1949.34</ele>
      </trkpt>
      <trkpt lat="47.21175894141197" lon="11.012026956304908">
        <ele>1949.6</ele>
      </trkpt>
      <trkpt lat="47.21177394501865" lon="11.012064926326275">
        <ele>1949.87</ele>
      </trkpt>
      <trkpt lat="47.211786936968565" lon="11.012105997651815">
        <ele>1950.14</ele>
      </trkpt>
      <trkpt lat="47.21179992891848" lon="11.012146985158324">
        <ele>1950.42</ele>
      </trkpt>
      <trkpt lat="47.21181493252516" lon="11.01218394935131">
        <ele>1950.69</ele>
      </trkpt>
      <trkpt lat="47.211831947788596" lon="11.012220997363329">
        <ele>1950.97</ele>
      </trkpt>
      <trkpt lat="47.21184493973851" lon="11.012256955727935">
        <ele>1951.25</ele>
      </trkpt>
      <trkpt lat="47.21185592003167" lon="11.012295931577682">
        <ele>1951.53</ele>
      </trkpt>
      <trkpt lat="47.211867989972234" lon="11.012328956276178">
        <ele>1951.81</ele>
      </trkpt>
      <trkpt lat="47.21187796443701" lon="11.012363992631435">
        <ele>1952.09</ele>
      </trkpt>
      <trkpt lat="47.21188894473016" lon="11.01239793933928">
        <ele>1952.38</ele>
      </trkpt>
      <trkpt lat="47.21190294250846" lon="11.012428952381015">
        <ele>1952.66</ele>
      </trkpt>
      <trkpt lat="47.211916940286756" lon="11.01246097125113">
        <ele>1952.95</ele>
      </trkpt>
      <trkpt lat="47.21193194389343" lon="11.012493995949626">
        <ele>1953.23</ele>
      </trkpt>
      <trkpt lat="47.21194493584335" lon="11.01252593100071">
        <ele>1953.51</ele>
      </trkpt>
      <trkpt lat="47.21195298247039" lon="11.012556944042444">
        <ele>1953.79</ele>
      </trkpt>
      <trkpt lat="47.21196396276355" lon="11.012586951255798">
        <ele>1954.08</ele>
      </trkpt>
      <trkpt lat="47.21197293139994" lon="11.012615952640772">
        <ele>1954.35</ele>
      </trkpt>
      <trkpt lat="47.21198399551213" lon="11.012643948197365">
        <ele>1954.63</ele>
      </trkpt>
      <trkpt lat="47.21199497580528" lon="11.0126749612391">
        <ele>1954.91</ele>
      </trkpt>
      <trkpt lat="47.2120079677552" lon="11.012706980109215">
        <ele>1955.19</ele>
      </trkpt>
      <trkpt lat="47.21201894804835" lon="11.01274193264544">
        <ele>1955.47</ele>
      </trkpt>
      <trkpt lat="47.21203093416989" lon="11.012772945687175">
        <ele>1955.74</ele>
      </trkpt>
      <trkpt lat="47.212044931948185" lon="11.01280395872891">
        <ele>1956.02</ele>
      </trkpt>
      <trkpt lat="47.21205499023199" lon="11.012833965942264">
        <ele>1956.29</ele>
      </trkpt>
      <trkpt lat="47.212064964696765" lon="11.012865984812379">
        <ele>1956.55</ele>
      </trkpt>
      <trkpt lat="47.21207393333316" lon="11.012895992025733">
        <ele>1956.82</ele>
      </trkpt>
      <trkpt lat="47.212087931111455" lon="11.012926921248436">
        <ele>1957.08</ele>
      </trkpt>
      <trkpt lat="47.21210092306137" lon="11.01295793429017">
        <ele>1957.34</ele>
      </trkpt>
      <trkpt lat="47.21211198717356" lon="11.012988947331905">
        <ele>1957.59</ele>
      </trkpt>
      <trkpt lat="47.21212497912347" lon="11.013015937060118">
        <ele>1957.84</ele>
      </trkpt>
      <trkpt lat="47.21214199438691" lon="11.01304292678833">
        <ele>1958.1</ele>
      </trkpt>
      <trkpt lat="47.21215699799359" lon="11.013072934001684">
        <ele>1958.35</ele>
      </trkpt>
      <trkpt lat="47.212168984115124" lon="11.01310696452856">
        <ele>1958.59</ele>
      </trkpt>
      <trkpt lat="47.21217996440828" lon="11.013134960085154">
        <ele>1958.83</ele>
      </trkpt>
      <trkpt lat="47.21218792721629" lon="11.013163961470127">
        <ele>1959.07</ele>
      </trkpt>
      <trkpt lat="47.212194968014956" lon="11.013195980340242">
        <ele>1959.3</ele>
      </trkpt>
      <trkpt lat="47.21220695413649" lon="11.013227999210358">
        <ele>1959.53</ele>
      </trkpt>
      <trkpt lat="47.21222095191479" lon="11.01325892843306">
        <ele>1959.76</ele>
      </trkpt>
      <trkpt lat="47.21223193220794" lon="11.013289941474795">
        <ele>1959.99</ele>
      </trkpt>
      <trkpt lat="47.212238973006606" lon="11.013322966173291">
        <ele>1960.21</ele>
      </trkpt>
      <trkpt lat="47.21224693581462" lon="11.013357918709517">
        <ele>1960.43</ele>
      </trkpt>
      <trkpt lat="47.212257999926805" lon="11.013390943408012">
        <ele>1960.65</ele>
      </trkpt>
      <trkpt lat="47.21226898021996" lon="11.013421956449747">
        <ele>1960.87</ele>
      </trkpt>
      <trkpt lat="47.212279960513115" lon="11.013454981148243">
        <ele>1961.08</ele>
      </trkpt>
      <trkpt lat="47.21228993497789" lon="11.013486916199327">
        <ele>1961.29</ele>
      </trkpt>
      <trkpt lat="47.212297981604934" lon="11.013521952554584">
        <ele>1961.49</ele>
      </trkpt>
      <trkpt lat="47.21230695024133" lon="11.01355598308146">
        <ele>1961.68</ele>
      </trkpt>
      <trkpt lat="47.21231399103999" lon="11.013591941446066">
        <ele>1961.88</ele>
      </trkpt>
      <trkpt lat="47.212321953848004" lon="11.013626977801323">
        <ele>1962.07</ele>
      </trkpt>
      <trkpt lat="47.21232899464667" lon="11.013661930337548">
        <ele>1962.26</ele>
      </trkpt>
      <trkpt lat="47.21233293414116" lon="11.013699984177947">
        <ele>1962.45</ele>
      </trkpt>
      <trkpt lat="47.21233896911144" lon="11.013735942542553">
        <ele>1962.63</ele>
      </trkpt>
      <trkpt lat="47.212341986596584" lon="11.01377097889781">
        <ele>1962.81</ele>
      </trkpt>
      <trkpt lat="47.21234894357622" lon="11.013809954747558">
        <ele>1962.99</ele>
      </trkpt>
      <trkpt lat="47.21235598437488" lon="11.013847924768925">
        <ele>1963.17</ele>
      </trkpt>
      <trkpt lat="47.21235992386937" lon="11.013884972780943">
        <ele>1963.35</ele>
      </trkpt>
      <trkpt lat="47.21236193552613" lon="11.01392294280231">
        <ele>1963.52</ele>
      </trkpt>
      <trkpt lat="47.21235891804099" lon="11.013960996642709">
        <ele>1963.69</ele>
      </trkpt>
      <trkpt lat="47.21235196106136" lon="11.013997960835695">
        <ele>1963.86</ele>
      </trkpt>
      <trkpt lat="47.212345926091075" lon="11.014037942513824">
        <ele>1964.03</ele>
      </trkpt>
      <trkpt lat="47.212345926091075" lon="11.014079935848713">
        <ele>1964.2</ele>
      </trkpt>
      <trkpt lat="47.2123499494046" lon="11.014122935011983">
        <ele>1964.37</ele>
      </trkpt>
      <trkpt lat="47.21235095523298" lon="11.014165934175253">
        <ele>1964.54</ele>
      </trkpt>
      <trkpt lat="47.21235095523298" lon="11.014206921681762">
        <ele>1964.71</ele>
      </trkpt>
      <trkpt lat="47.21235196106136" lon="11.014246987178922">
        <ele>1964.88</ele>
      </trkpt>
      <trkpt lat="47.2123499494046" lon="11.01428797468543">
        <ele>1965.05</ele>
      </trkpt>
      <trkpt lat="47.21234894357622" lon="11.01432996802032">
        <ele>1965.23</ele>
      </trkpt>
      <trkpt lat="47.212347937747836" lon="11.01437296718359">
        <ele>1965.41</ele>
      </trkpt>
      <trkpt lat="47.212346931919456" lon="11.014413954690099">
        <ele>1965.59</ele>
      </trkpt>
      <trkpt lat="47.212346931919456" lon="11.014456953853369">
        <ele>1965.78</ele>
      </trkpt>
      <trkpt lat="47.212342992424965" lon="11.014498947188258">
        <ele>1965.96</ele>
      </trkpt>
      <trkpt lat="47.21233896911144" lon="11.014541946351528">
        <ele>1966.14</ele>
      </trkpt>
      <trkpt lat="47.21233393996954" lon="11.014580922201276">
        <ele>1966.32</ele>
      </trkpt>
      <trkpt lat="47.2123309224844" lon="11.014622999355197">
        <ele>1966.5</ele>
      </trkpt>
      <trkpt lat="47.21232798881829" lon="11.014669938012958">
        <ele>1966.68</ele>
      </trkpt>
      <trkpt lat="47.21232597716153" lon="11.014713943004608">
        <ele>1966.86</ele>
      </trkpt>
      <trkpt lat="47.212323965504766" lon="11.01475895382464">
        <ele>1967.04</ele>
      </trkpt>
      <trkpt lat="47.212320948019624" lon="11.01480396464467">
        <ele>1967.22</ele>
      </trkpt>
      <trkpt lat="47.21231793053448" lon="11.014849981293082">
        <ele>1967.39</ele>
      </trkpt>
      <trkpt lat="47.21231591887772" lon="11.014894992113113">
        <ele>1967.57</ele>
      </trkpt>
      <trkpt lat="47.21231197938323" lon="11.014942936599255">
        <ele>1967.75</ele>
      </trkpt>
      <trkpt lat="47.21230695024133" lon="11.014990964904428">
        <ele>1967.93</ele>
      </trkpt>
      <trkpt lat="47.212302926927805" lon="11.015035975724459">
        <ele>1968.11</ele>
      </trkpt>
      <trkpt lat="47.212300999090075" lon="11.015076963230968">
        <ele>1968.28</ele>
      </trkpt>
      <trkpt lat="47.212300999090075" lon="11.015119962394238">
        <ele>1968.46</ele>
      </trkpt>
      <trkpt lat="47.212299993261695" lon="11.01516799069941">
        <ele>1968.64</ele>
      </trkpt>
      <trkpt lat="47.212299993261695" lon="11.01521392352879">
        <ele>1968.81</ele>
      </trkpt>
      <trkpt lat="47.212299993261695" lon="11.015258934348822">
        <ele>1968.99</ele>
      </trkpt>
      <trkpt lat="47.212299993261695" lon="11.015297994017601">
        <ele>1969.16</ele>
      </trkpt>
      <trkpt lat="47.212298987433314" lon="11.015334958210588">
        <ele>1969.33</ele>
      </trkpt>
      <trkpt lat="47.212298987433314" lon="11.015375945717096">
        <ele>1969.51</ele>
      </trkpt>
      <trkpt lat="47.212297981604934" lon="11.015417939051986">
        <ele>1969.68</ele>
      </trkpt>
      <trkpt lat="47.212297981604934" lon="11.015454987064004">
        <ele>1969.86</ele>
      </trkpt>
      <trkpt lat="47.212298987433314" lon="11.01549195125699">
        <ele>1970.03</ele>
      </trkpt>
      <trkpt lat="47.212300999090075" lon="11.015527993440628">
        <ele>1970.2</ele>
      </trkpt>
      <trkpt lat="47.21230594441295" lon="11.015563951805234">
        <ele>1970.38</ele>
      </trkpt>
      <trkpt lat="47.21230695024133" lon="11.01559798233211">
        <ele>1970.55</ele>
      </trkpt>
      <trkpt lat="47.21230795606971" lon="11.015634946525097">
        <ele>1970.73</ele>
      </trkpt>
      <trkpt lat="47.21231197938323" lon="11.015674928203225">
        <ele>1970.9</ele>
      </trkpt>
      <trkpt lat="47.21231298521161" lon="11.015712982043624">
        <ele>1971.08</ele>
      </trkpt>
      <trkpt lat="47.21231097355485" lon="11.015744917094707">
        <ele>1971.26</ele>
      </trkpt>
      <trkpt lat="47.21230896189809" lon="11.015777941793203">
        <ele>1971.43</ele>
      </trkpt>
      <trkpt lat="47.21230795606971" lon="11.015805937349796">
        <ele>1971.6</ele>
      </trkpt>
      <trkpt lat="47.21230594441295" lon="11.015836950391531">
        <ele>1971.78</ele>
      </trkpt>
      <trkpt lat="47.21230594441295" lon="11.015866957604885">
        <ele>1971.95</ele>
      </trkpt>
      <trkpt lat="47.21230795606971" lon="11.015895958989859">
        <ele>1972.12</ele>
      </trkpt>
      <trkpt lat="47.21230795606971" lon="11.015930995345116">
        <ele>1972.3</ele>
      </trkpt>
      <trkpt lat="47.21230594441295" lon="11.01596494205296">
        <ele>1972.47</ele>
      </trkpt>
      <trkpt lat="47.212301921099424" lon="11.015996960923076">
        <ele>1972.64</ele>
      </trkpt>
      <trkpt lat="47.212303932756186" lon="11.01602696813643">
        <ele>1972.81</ele>
      </trkpt>
      <trkpt lat="47.21230996772647" lon="11.016054963693023">
        <ele>1972.98</ele>
      </trkpt>
      <trkpt lat="47.21231197938323" lon="11.016080947592854">
        <ele>1973.15</ele>
      </trkpt>
      <trkpt lat="47.21231591887772" lon="11.01611296646297">
        <ele>1973.33</ele>
      </trkpt>
      <trkpt lat="47.21231994219124" lon="11.016138950362802">
        <ele>1973.5</ele>
      </trkpt>
      <trkpt lat="47.212324971333146" lon="11.016169963404536">
        <ele>1973.68</ele>
      </trkpt>
      <trkpt lat="47.21232899464667" lon="11.01619896478951">
        <ele>1973.87</ele>
      </trkpt>
      <trkpt lat="47.2123309224844" lon="11.016229977831244">
        <ele>1974.05</ele>
      </trkpt>
      <trkpt lat="47.21233293414116" lon="11.016259985044599">
        <ele>1974.23</ele>
      </trkpt>
      <trkpt lat="47.21233695745468" lon="11.016289992257953">
        <ele>1974.41</ele>
      </trkpt>
      <trkpt lat="47.212340980768204" lon="11.016316981986165">
        <ele>1974.59</ele>
      </trkpt>
      <trkpt lat="47.212346931919456" lon="11.01634698919952">
        <ele>1974.78</ele>
      </trkpt>
      <trkpt lat="47.21235296688974" lon="11.016373978927732">
        <ele>1974.96</ele>
      </trkpt>
      <trkpt lat="47.21235699020326" lon="11.016399962827563">
        <ele>1975.15</ele>
      </trkpt>
      <trkpt lat="47.21235992386937" lon="11.016425946727395">
        <ele>1975.34</ele>
      </trkpt>
      <trkpt lat="47.21236193552613" lon="11.016452936455607">
        <ele>1975.53</ele>
      </trkpt>
      <trkpt lat="47.212365958839655" lon="11.01647892035544">
        <ele>1975.72</ele>
      </trkpt>
      <trkpt lat="47.2123689763248" lon="11.016503982245922">
        <ele>1975.91</ele>
      </trkpt>
      <trkpt lat="47.21237492747605" lon="11.016527954488993">
        <ele>1976.11</ele>
      </trkpt>
      <trkpt lat="47.212385991588235" lon="11.016552932560444">
        <ele>1976.31</ele>
      </trkpt>
      <trkpt lat="47.21239294856787" lon="11.016576988622546">
        <ele>1976.51</ele>
      </trkpt>
      <trkpt lat="47.21239697188139" lon="11.016598949208856">
        <ele>1976.71</ele>
      </trkpt>
      <trkpt lat="47.21240191720426" lon="11.016624933108687">
        <ele>1976.91</ele>
      </trkpt>
      <trkpt lat="47.212406946346164" lon="11.01664898917079">
        <ele>1977.12</ele>
      </trkpt>
      <trkpt lat="47.212406946346164" lon="11.01667195558548">
        <ele>1977.32</ele>
      </trkpt>
      <trkpt lat="47.212406946346164" lon="11.01669592782855">
        <ele>1977.51</ele>
      </trkpt>
      <trkpt lat="47.212410969659686" lon="11.016718978062272">
        <ele>1977.71</ele>
      </trkpt>
      <trkpt lat="47.2124189324677" lon="11.016741944476962">
        <ele>1977.91</ele>
      </trkpt>
      <trkpt lat="47.2124239616096" lon="11.016765916720033">
        <ele>1978.11</ele>
      </trkpt>
      <trkpt lat="47.21242597326636" lon="11.016790978610516">
        <ele>1978.31</ele>
      </trkpt>
      <trkpt lat="47.21242597326636" lon="11.016816962510347">
        <ele>1978.5</ele>
      </trkpt>
      <trkpt lat="47.212429996579885" lon="11.01684294641018">
        <ele>1978.7</ele>
      </trkpt>
      <trkpt lat="47.21243695355952" lon="11.01686792448163">
        <ele>1978.89</ele>
      </trkpt>
      <trkpt lat="47.2124379593879" lon="11.016891980543733">
        <ele>1979.07</ele>
      </trkpt>
      <trkpt lat="47.21243695355952" lon="11.016917964443564">
        <ele>1979.25</ele>
      </trkpt>
      <trkpt lat="47.21243997104466" lon="11.016939925029874">
        <ele>1979.43</ele>
      </trkpt>
      <trkpt lat="47.21244592219591" lon="11.016963981091976">
        <ele>1979.61</ele>
      </trkpt>
      <trkpt lat="47.21244793385267" lon="11.016991976648569">
        <ele>1979.77</ele>
      </trkpt>
      <trkpt lat="47.212452962994576" lon="11.01701494306326">
        <ele>1979.94</ele>
      </trkpt>
      <trkpt lat="47.21246193163097" lon="11.0170369874686">
        <ele>1980.1</ele>
      </trkpt>
      <trkpt lat="47.212474923580885" lon="11.01705894805491">
        <ele>1980.25</ele>
      </trkpt>
      <trkpt lat="47.21248196437955" lon="11.01707898080349">
        <ele>1980.4</ele>
      </trkpt>
      <trkpt lat="47.21248196437955" lon="11.017098929733038">
        <ele>1980.53</ele>
      </trkpt>
      <trkpt lat="47.21248297020793" lon="11.017119968309999">
        <ele>1980.65</ele>
      </trkpt>
      <trkpt lat="47.21248297020793" lon="11.01714595220983">
        <ele>1980.77</ele>
      </trkpt>
      <trkpt lat="47.21247794106603" lon="11.0171699244529">
        <ele>1980.88</ele>
      </trkpt>
      <trkpt lat="47.21246494911611" lon="11.017190963029861">
        <ele>1980.97</ele>
      </trkpt>
      <trkpt lat="47.21244893968105" lon="11.017210995778441">
        <ele>1981.05</ele>
      </trkpt>
      <trkpt lat="47.212431924417615" lon="11.017229938879609">
        <ele>1981.12</ele>
      </trkpt>
      <trkpt lat="47.2124189324677" lon="11.017248965799809">
        <ele>1981.19</ele>
      </trkpt>
      <trkpt lat="47.21240594051778" lon="11.017265981063247">
        <ele>1981.25</ele>
      </trkpt>
      <trkpt lat="47.212390936911106" lon="11.017283918336034">
        <ele>1981.29</ele>
      </trkpt>
      <trkpt lat="47.21237492747605" lon="11.017301939427853">
        <ele>1981.33</ele>
      </trkpt>
      <trkpt lat="47.21236092969775" lon="11.017323983833194">
        <ele>1981.37</ele>
      </trkpt>
      <trkpt lat="47.212345926091075" lon="11.017347956076264">
        <ele>1981.4</ele>
      </trkpt>
      <trkpt lat="47.21233192831278" lon="11.017370922490954">
        <ele>1981.42</ele>
      </trkpt>
      <trkpt lat="47.212320948019624" lon="11.017398918047547">
        <ele>1981.44</ele>
      </trkpt>
      <trkpt lat="47.2123169247061" lon="11.01742791943252">
        <ele>1981.45</ele>
      </trkpt>
      <trkpt lat="47.21231298521161" lon="11.017459938302636">
        <ele>1981.46</ele>
      </trkpt>
      <trkpt lat="47.21230896189809" lon="11.01748893968761">
        <ele>1981.46</ele>
      </trkpt>
      <trkpt lat="47.212299993261695" lon="11.017515929415822">
        <ele>1981.45</ele>
      </trkpt>
      <trkpt lat="47.21229295246303" lon="11.017545936629176">
        <ele>1981.44</ele>
      </trkpt>
      <trkpt lat="47.21228892914951" lon="11.017577955499291">
        <ele>1981.42</ele>
      </trkpt>
      <trkpt lat="47.212281972169876" lon="11.017616931349039">
        <ele>1981.39</ele>
      </trkpt>
      <trkpt lat="47.212279960513115" lon="11.017657918855548">
        <ele>1981.36</ele>
      </trkpt>
      <trkpt lat="47.21227694302797" lon="11.017701923847198">
        <ele>1981.32</ele>
      </trkpt>
      <trkpt lat="47.21227694302797" lon="11.01774693466723">
        <ele>1981.28</ele>
      </trkpt>
      <trkpt lat="47.212277948856354" lon="11.017794962972403">
        <ele>1981.24</ele>
      </trkpt>
      <trkpt lat="47.212281972169876" lon="11.017843997105956">
        <ele>1981.2</ele>
      </trkpt>
      <trkpt lat="47.2122859954834" lon="11.017892947420478">
        <ele>1981.15</ele>
      </trkpt>
      <trkpt lat="47.21228398382664" lon="11.017943993210793">
        <ele>1981.09</ele>
      </trkpt>
      <trkpt lat="47.21227694302797" lon="11.018000990152359">
        <ele>1981.03</ele>
      </trkpt>
      <trkpt lat="47.21226495690644" lon="11.018061926588416">
        <ele>1980.95</ele>
      </trkpt>
      <trkpt lat="47.21225095912814" lon="11.018127975985408">
        <ele>1980.87</ele>
      </trkpt>
      <trkpt lat="47.21223293803632" lon="11.018195953220129">
        <ele>1980.78</ele>
      </trkpt>
      <trkpt lat="47.21221097745001" lon="11.01826292462647">
        <ele>1980.68</ele>
      </trkpt>
      <trkpt lat="47.21218692138791" lon="11.018330985680223">
        <ele>1980.59</ele>
      </trkpt>
      <trkpt lat="47.21216093748808" lon="11.018397957086563">
        <ele>1980.5</ele>
      </trkpt>
      <trkpt lat="47.21213394775987" lon="11.018467945978045">
        <ele>1980.4</ele>
      </trkpt>
      <trkpt lat="47.21210192888975" lon="11.018538940697908">
        <ele>1980.3</ele>
      </trkpt>
      <trkpt lat="47.212063958868384" lon="11.01860792376101">
        <ele>1980.2</ele>
      </trkpt>
      <trkpt lat="47.212023977190256" lon="11.018674978986382">
        <ele>1980.09</ele>
      </trkpt>
      <trkpt lat="47.211976954713464" lon="11.018735999241471">
        <ele>1979.97</ele>
      </trkpt>
      <trkpt lat="47.21192699857056" lon="11.018789978697896">
        <ele>1979.83</ele>
      </trkpt>
      <trkpt lat="47.21187595278025" lon="11.018838929012418">
        <ele>1979.7</ele>
      </trkpt>
      <trkpt lat="47.211827924475074" lon="11.018876982852817">
        <ele>1979.58</ele>
      </trkpt>
      <trkpt lat="47.211781991645694" lon="11.0189089179039">
        <ele>1979.45</ele>
      </trkpt>
      <trkpt lat="47.2117349691689" lon="11.018937919288874">
        <ele>1979.34</ele>
      </trkpt>
      <trkpt lat="47.21168694086373" lon="11.018961975350976">
        <ele>1979.23</ele>
      </trkpt>
      <trkpt lat="47.211636984720826" lon="11.018981924280524">
        <ele>1979.12</ele>
      </trkpt>
      <trkpt lat="47.21158493310213" lon="11.019000951200724">
        <ele>1979.01</ele>
      </trkpt>
      <trkpt lat="47.21153296530247" lon="11.019010925665498">
        <ele>1978.92</ele>
      </trkpt>
      <trkpt lat="47.21148191951215" lon="11.019021989777684">
        <ele>1978.85</ele>
      </trkpt>
      <trkpt lat="47.21143397502601" lon="11.0190349817276">
        <ele>1978.77</ele>
      </trkpt>
      <trkpt lat="47.21138997003436" lon="11.019042944535613">
        <ele>1978.7</ele>
      </trkpt>
      <trkpt lat="47.21134495921433" lon="11.019047973677516">
        <ele>1978.64</ele>
      </trkpt>
      <trkpt lat="47.21130397170782" lon="11.019052919000387">
        <ele>1978.58</ele>
      </trkpt>
      <trkpt lat="47.21126399002969" lon="11.01905794814229">
        <ele>1978.52</ele>
      </trkpt>
      <trkpt lat="47.21122493036091" lon="11.019066916778684">
        <ele>1978.47</ele>
      </trkpt>
      <trkpt lat="47.211184948682785" lon="11.019072951748967">
        <ele>1978.42</ele>
      </trkpt>
      <trkpt lat="47.21114496700466" lon="11.01907697506249">
        <ele>1978.38</ele>
      </trkpt>
      <trkpt lat="47.21110498532653" lon="11.019086949527264">
        <ele>1978.34</ele>
      </trkpt>
      <trkpt lat="47.21106793731451" lon="11.019097929820418">
        <ele>1978.31</ele>
      </trkpt>
      <trkpt lat="47.21102996729314" lon="11.019108993932605">
        <ele>1978.29</ele>
      </trkpt>
      <trkpt lat="47.210993925109506" lon="11.019113939255476">
        <ele>1978.27</ele>
      </trkpt>
      <trkpt lat="47.21095696091652" lon="11.019107988104224">
        <ele>1978.26</ele>
      </trkpt>
      <trkpt lat="47.21091999672353" lon="11.019097929820418">
        <ele>1978.24</ele>
      </trkpt>
      <trkpt lat="47.210885966196656" lon="11.019098935648799">
        <ele>1978.24</ele>
      </trkpt>
      <trkpt lat="47.21085294149816" lon="11.019104970619082">
        <ele>1978.25</ele>
      </trkpt>
      <trkpt lat="47.210821928456426" lon="11.019109999760985">
        <ele>1978.26</ele>
      </trkpt>
      <trkpt lat="47.21079099923372" lon="11.019116956740618">
        <ele>1978.28</ele>
      </trkpt>
      <trkpt lat="47.21076199784875" lon="11.019122991710901">
        <ele>1978.3</ele>
      </trkpt>
      <trkpt lat="47.210732996463776" lon="11.019125925377011">
        <ele>1978.33</ele>
      </trkpt>
      <trkpt lat="47.21070793457329" lon="11.019129948690534">
        <ele>1978.37</ele>
      </trkpt>
      <trkpt lat="47.21068396233022" lon="11.019136989489198">
        <ele>1978.42</ele>
      </trkpt>
      <trkpt lat="47.21066099591553" lon="11.019147969782352">
        <ele>1978.47</ele>
      </trkpt>
      <trkpt lat="47.21063492819667" lon="11.019156938418746">
        <ele>1978.53</ele>
      </trkpt>
      <trkpt lat="47.21060995012522" lon="11.01916397921741">
        <ele>1978.6</ele>
      </trkpt>
      <trkpt lat="47.210582960397005" lon="11.019176971167326">
        <ele>1978.67</ele>
      </trkpt>
      <trkpt lat="47.21055597066879" lon="11.019190968945622">
        <ele>1978.74</ele>
      </trkpt>
      <trkpt lat="47.21053099259734" lon="11.019204966723919">
        <ele>1978.82</ele>
      </trkpt>
      <trkpt lat="47.21050794236362" lon="11.019218964502215">
        <ele>1978.9</ele>
      </trkpt>
      <trkpt lat="47.21048296429217" lon="11.019231956452131">
        <ele>1978.99</ele>
      </trkpt>
      <trkpt lat="47.21045798622072" lon="11.019245954230428">
        <ele>1979.08</ele>
      </trkpt>
      <trkpt lat="47.210434935986996" lon="11.019259952008724">
        <ele>1979.17</ele>
      </trkpt>
      <trkpt lat="47.210410963743925" lon="11.01927394978702">
        <ele>1979.27</ele>
      </trkpt>
      <trkpt lat="47.21038497984409" lon="11.019284930080175">
        <ele>1979.37</ele>
      </trkpt>
      <trkpt lat="47.21035497263074" lon="11.019283924251795">
        <ele>1979.48</ele>
      </trkpt>
      <trkpt lat="47.21032798290253" lon="11.019281996414065">
        <ele>1979.59</ele>
      </trkpt>
      <trkpt lat="47.210304932668805" lon="11.019287947565317">
        <ele>1979.7</ele>
      </trkpt>
      <trkpt lat="47.21028598956764" lon="11.019305968657136">
        <ele>1979.82</ele>
      </trkpt>
      <trkpt lat="47.21026495099068" lon="11.019321978092194">
        <ele>1979.95</ele>
      </trkpt>
      <trkpt lat="47.21024198457599" lon="11.01933698169887">
        <ele>1980.08</ele>
      </trkpt>
      <trkpt lat="47.210216922685504" lon="11.019353996962309">
        <ele>1980.21</ele>
      </trkpt>
      <trkpt lat="47.210195967927575" lon="11.019371934235096">
        <ele>1980.35</ele>
      </trkpt>
      <trkpt lat="47.21017895266414" lon="11.019392972812057">
        <ele>1980.49</ele>
      </trkpt>
      <trkpt lat="47.21015992574394" lon="11.019412921741605">
        <ele>1980.64</ele>
      </trkpt>
      <trkpt lat="47.21014198847115" lon="11.019431948661804">
        <ele>1980.79</ele>
      </trkpt>
      <trkpt lat="47.21012296155095" lon="11.019449969753623">
        <ele>1980.94</ele>
      </trkpt>
      <trkpt lat="47.210107957944274" lon="11.019467990845442">
        <ele>1981.1</ele>
      </trkpt>
      <trkpt lat="47.210088931024075" lon="11.019485928118229">
        <ele>1981.27</ele>
      </trkpt>
      <trkpt lat="47.210067976266146" lon="11.019504955038428">
        <ele>1981.43</ele>
      </trkpt>
      <trkpt lat="47.210045931860805" lon="11.019520964473486">
        <ele>1981.61</ele>
      </trkpt>
      <trkpt lat="47.210023971274495" lon="11.019532950595021">
        <ele>1981.78</ele>
      </trkpt>
      <trkpt lat="47.210003938525915" lon="11.019546948373318">
        <ele>1981.96</ele>
      </trkpt>
      <trkpt lat="47.20998499542475" lon="11.019562957808375">
        <ele>1982.14</ele>
      </trkpt>
      <trkpt lat="47.20996898598969" lon="11.019582990556955">
        <ele>1982.33</ele>
      </trkpt>
      <trkpt lat="47.20995297655463" lon="11.019598999992013">
        <ele>1982.52</ele>
      </trkpt>
      <trkpt lat="47.209935961291194" lon="11.01961299777031">
        <ele>1982.71</ele>
      </trkpt>
      <trkpt lat="47.209918946027756" lon="11.019627917557955">
        <ele>1982.9</ele>
      </trkpt>
      <trkpt lat="47.20990092493594" lon="11.019646944478154">
        <ele>1983.1</ele>
      </trkpt>
      <trkpt lat="47.20988298766315" lon="11.019662953913212">
        <ele>1983.31</ele>
      </trkpt>
      <trkpt lat="47.20986396074295" lon="11.019677957519889">
        <ele>1983.52</ele>
      </trkpt>
      <trkpt lat="47.20984493382275" lon="11.019688937813044">
        <ele>1983.73</ele>
      </trkpt>
      <trkpt lat="47.20982892438769" lon="11.019705953076482">
        <ele>1983.94</ele>
      </trkpt>
      <trkpt lat="47.20981299877167" lon="11.019724979996681">
        <ele>1984.15</ele>
      </trkpt>
      <trkpt lat="47.20979598350823" lon="11.019733948633075">
        <ele>1984.37</ele>
      </trkpt>
      <trkpt lat="47.20977997407317" lon="11.01974694058299">
        <ele>1984.59</ele>
      </trkpt>
      <trkpt lat="47.20975792966783" lon="11.019758926704526">
        <ele>1984.82</ele>
      </trkpt>
      <trkpt lat="47.20974292606115" lon="11.019778959453106">
        <ele>1985.05</ele>
      </trkpt>
      <trkpt lat="47.20973093993962" lon="11.019803937524557">
        <ele>1985.28</ele>
      </trkpt>
      <trkpt lat="47.20971895381808" lon="11.01983293890953">
        <ele>1985.51</ele>
      </trkpt>
      <trkpt lat="47.209700932726264" lon="11.019846936687827">
        <ele>1985.75</ele>
      </trkpt>
      <trkpt lat="47.209678972139955" lon="11.019848948344588">
        <ele>1985.98</ele>
      </trkpt>
      <trkpt lat="47.209660951048136" lon="11.019849954172969">
        <ele>1986.21</ele>
      </trkpt>
      <trkpt lat="47.20964997075498" lon="11.019868981093168">
        <ele>1986.45</ele>
      </trkpt>
      <trkpt lat="47.209638990461826" lon="11.01989395916462">
        <ele>1986.69</ele>
      </trkpt>
      <trkpt lat="47.20962398685515" lon="11.019915919750929">
        <ele>1986.92</ele>
      </trkpt>
      <trkpt lat="47.20960495993495" lon="11.019922960549593">
        <ele>1987.16</ele>
      </trkpt>
      <trkpt lat="47.20958593301475" lon="11.019925978034735">
        <ele>1987.39</ele>
      </trkpt>
      <trkpt lat="47.20957092940807" lon="11.01993695832789">
        <ele>1987.63</ele>
      </trkpt>
      <trkpt lat="47.20955994911492" lon="11.019958918914199">
        <ele>1987.87</ele>
      </trkpt>
      <trkpt lat="47.20954796299338" lon="11.01998196914792">
        <ele>1988.11</ele>
      </trkpt>
      <trkpt lat="47.20953597687185" lon="11.02000392973423">
        <ele>1988.35</ele>
      </trkpt>
      <trkpt lat="47.20951594412327" lon="11.020018933340907">
        <ele>1988.58</ele>
      </trkpt>
      <trkpt lat="47.20949691720307" lon="11.020027985796332">
        <ele>1988.82</ele>
      </trkpt>
      <trkpt lat="47.20947897993028" lon="11.020033936947584">
        <ele>1989.05</ele>
      </trkpt>
      <trkpt lat="47.209462970495224" lon="11.020044917240739">
        <ele>1989.28</ele>
      </trkpt>
      <trkpt lat="47.209443943575025" lon="11.020054975524545">
        <ele>1989.51</ele>
      </trkpt>
      <trkpt lat="47.20942793413997" lon="11.02006696164608">
        <ele>1989.74</ele>
      </trkpt>
      <trkpt lat="47.20941192470491" lon="11.020077941939235">
        <ele>1989.97</ele>
      </trkpt>
      <trkpt lat="47.20939599908888" lon="11.02008892223239">
        <ele>1990.2</ele>
      </trkpt>
      <trkpt lat="47.209381917491555" lon="11.020102920010686">
        <ele>1990.43</ele>
      </trkpt>
      <trkpt lat="47.20936791971326" lon="11.020115995779634">
        <ele>1990.65</ele>
      </trkpt>
      <trkpt lat="47.20935492776334" lon="11.02013099938631">
        <ele>1990.88</ele>
      </trkpt>
      <trkpt lat="47.209340929985046" lon="11.020147930830717">
        <ele>1991.11</ele>
      </trkpt>
      <trkpt lat="47.20932793803513" lon="11.020164946094155">
        <ele>1991.34</ele>
      </trkpt>
      <trkpt lat="47.209315951913595" lon="11.020180955529213">
        <ele>1991.57</ele>
      </trkpt>
      <trkpt lat="47.2093019541353" lon="11.020191935822368">
        <ele>1991.8</ele>
      </trkpt>
      <trkpt lat="47.20928695052862" lon="11.020200988277793">
        <ele>1992.03</ele>
      </trkpt>
      <trkpt lat="47.209270941093564" lon="11.020207945257425">
        <ele>1992.25</ele>
      </trkpt>
      <trkpt lat="47.209254931658506" lon="11.020212974399328">
        <ele>1992.47</ele>
      </trkpt>
      <trkpt lat="47.20924294553697" lon="11.020223954692483">
        <ele>1992.68</ele>
      </trkpt>
      <trkpt lat="47.209231965243816" lon="11.020235940814018">
        <ele>1992.9</ele>
      </trkpt>
      <trkpt lat="47.20922098495066" lon="11.020251950249076">
        <ele>1993.11</ele>
      </trkpt>
      <trkpt lat="47.209208998829126" lon="11.020263936370611">
        <ele>1993.32</ele>
      </trkpt>
      <trkpt lat="47.20919399522245" lon="11.020274916663766">
        <ele>1993.52</ele>
      </trkpt>
      <trkpt lat="47.2091809194535" lon="11.020285980775952">
        <ele>1993.72</ele>
      </trkpt>
      <trkpt lat="47.209167927503586" lon="11.020293943583965">
        <ele>1993.92</ele>
      </trkpt>
      <trkpt lat="47.20915493555367" lon="11.020309953019023">
        <ele>1994.11</ele>
      </trkpt>
      <trkpt lat="47.209141943603754" lon="11.02032596245408">
        <ele>1994.3</ele>
      </trkpt>
      <trkpt lat="47.20912693999708" lon="11.020341971889138">
        <ele>1994.49</ele>
      </trkpt>
      <trkpt lat="47.20911394804716" lon="11.020353958010674">
        <ele>1994.67</ele>
      </trkpt>
      <trkpt lat="47.209099950268865" lon="11.020359992980957">
        <ele>1994.85</ele>
      </trkpt>
      <trkpt lat="47.20908997580409" lon="11.02036896161735">
        <ele>1995.03</ele>
      </trkpt>
      <trkpt lat="47.209076983854175" lon="11.020373990759254">
        <ele>1995.21</ele>
      </trkpt>
      <trkpt lat="47.20906298607588" lon="11.02038798853755">
        <ele>1995.39</ele>
      </trkpt>
      <trkpt lat="47.20905192196369" lon="11.020402992144227">
        <ele>1995.56</ele>
      </trkpt>
      <trkpt lat="47.209038930013776" lon="11.020418917760253">
        <ele>1995.74</ele>
      </trkpt>
      <trkpt lat="47.20902794972062" lon="11.02042998187244">
        <ele>1995.91</ele>
      </trkpt>
      <trkpt lat="47.209014957770705" lon="11.020441967993975">
        <ele>1996.07</ele>
      </trkpt>
      <trkpt lat="47.20900297164917" lon="11.020451942458749">
        <ele>1996.24</ele>
      </trkpt>
      <trkpt lat="47.208990985527635" lon="11.020462922751904">
        <ele>1996.4</ele>
      </trkpt>
      <trkpt lat="47.208973970264196" lon="11.02047298103571">
        <ele>1996.57</ele>
      </trkpt>
      <trkpt lat="47.20895695500076" lon="11.020482955500484">
        <ele>1996.73</ele>
      </trkpt>
      <trkpt lat="47.2089459747076" lon="11.02049695327878">
        <ele>1996.89</ele>
      </trkpt>
      <trkpt lat="47.20893398858607" lon="11.020507933571935">
        <ele>1997.05</ele>
      </trkpt>
      <trkpt lat="47.20892099663615" lon="11.02052092552185">
        <ele>1997.21</ele>
      </trkpt>
      <trkpt lat="47.208908926695585" lon="11.020534923300147">
        <ele>1997.36</ele>
      </trkpt>
      <trkpt lat="47.20889593474567" lon="11.020545987412333">
        <ele>1997.51</ele>
      </trkpt>
      <trkpt lat="47.20888294279575" lon="11.020553950220346">
        <ele>1997.66</ele>
      </trkpt>
      <trkpt lat="47.20887095667422" lon="11.020567947998643">
        <ele>1997.81</ele>
      </trkpt>
      <trkpt lat="47.2088579647243" lon="11.020578928291798">
        <ele>1997.95</ele>
      </trkpt>
      <trkpt lat="47.20884698443115" lon="11.020587980747223">
        <ele>1998.1</ele>
      </trkpt>
      <trkpt lat="47.20883592031896" lon="11.020599966868758">
        <ele>1998.25</ele>
      </trkpt>
      <trkpt lat="47.208821922540665" lon="11.020611952990294">
        <ele>1998.4</ele>
      </trkpt>
      <trkpt lat="47.20880792476237" lon="11.02062494494021">
        <ele>1998.55</ele>
      </trkpt>
      <trkpt lat="47.20879493281245" lon="11.020635925233364">
        <ele>1998.7</ele>
      </trkpt>
      <trkpt lat="47.208780935034156" lon="11.02064992301166">
        <ele>1998.85</ele>
      </trkpt>
      <trkpt lat="47.20876894891262" lon="11.020663920789957">
        <ele>1999.0</ele>
      </trkpt>
      <trkpt lat="47.20876098610461" lon="11.020679930225015">
        <ele>1999.16</ele>
      </trkpt>
      <trkpt lat="47.20874799415469" lon="11.02068998850882">
        <ele>1999.31</ele>
      </trkpt>
      <trkpt lat="47.208734918385744" lon="11.020698957145214">
        <ele>1999.47</ele>
      </trkpt>
      <trkpt lat="47.20872192643583" lon="11.020713960751891">
        <ele>1999.63</ele>
      </trkpt>
      <trkpt lat="47.20870994031429" lon="11.020727958530188">
        <ele>1999.79</ele>
      </trkpt>
      <trkpt lat="47.20869896002114" lon="11.020742962136865">
        <ele>1999.96</ele>
      </trkpt>
      <trkpt lat="47.20868797972798" lon="11.020757965743542">
        <ele>2000.12</ele>
      </trkpt>
      <trkpt lat="47.20867699943483" lon="11.020769951865077">
        <ele>2000.29</ele>
      </trkpt>
      <trkpt lat="47.20866593532264" lon="11.020782943814993">
        <ele>2000.46</ele>
      </trkpt>
      <trkpt lat="47.20865797251463" lon="11.020801970735192">
        <ele>2000.63</ele>
      </trkpt>
      <trkpt lat="47.20864397473633" lon="11.02081798017025">
        <ele>2000.8</ele>
      </trkpt>
      <trkpt lat="47.208627965301275" lon="11.020825942978263">
        <ele>2000.98</ele>
      </trkpt>
      <trkpt lat="47.20861095003784" lon="11.020833989605308">
        <ele>2001.17</ele>
      </trkpt>
      <trkpt lat="47.20859292894602" lon="11.020838934928179">
        <ele>2001.35</ele>
      </trkpt>
      <trkpt lat="47.20857792533934" lon="11.020844969898462">
        <ele>2001.54</ele>
      </trkpt>
      <trkpt lat="47.208566945046186" lon="11.020850921049714">
        <ele>2001.72</ele>
      </trkpt>
      <trkpt lat="47.20855495892465" lon="11.020862990990281">
        <ele>2001.91</ele>
      </trkpt>
      <trkpt lat="47.20854498445988" lon="11.020874977111816">
        <ele>2002.1</ele>
      </trkpt>
      <trkpt lat="47.20853199250996" lon="11.020885957404971">
        <ele>2002.3</ele>
      </trkpt>
      <trkpt lat="47.208516988903284" lon="11.020894926041365">
        <ele>2002.5</ele>
      </trkpt>
      <trkpt lat="47.20850299112499" lon="11.02090397849679">
        <ele>2002.7</ele>
      </trkpt>
      <trkpt lat="47.20848999917507" lon="11.020913952961564">
        <ele>2002.91</ele>
      </trkpt>
      <trkpt lat="47.208474995568395" lon="11.020923927426338">
        <ele>2003.12</ele>
      </trkpt>
      <trkpt lat="47.20846292562783" lon="11.020931974053383">
        <ele>2003.33</ele>
      </trkpt>
      <trkpt lat="47.20845093950629" lon="11.020943960174918">
        <ele>2003.53</ele>
      </trkpt>
      <trkpt lat="47.20844096504152" lon="11.020958963781595">
        <ele>2003.74</ele>
      </trkpt>
      <trkpt lat="47.20842696726322" lon="11.020971955731511">
        <ele>2003.95</ele>
      </trkpt>
      <trkpt lat="47.208412969484925" lon="11.020985953509808">
        <ele>2004.16</ele>
      </trkpt>
      <trkpt lat="47.20839796587825" lon="11.020991988480091">
        <ele>2004.38</ele>
      </trkpt>
      <trkpt lat="47.20838396809995" lon="11.021001962944865">
        <ele>2004.6</ele>
      </trkpt>
      <trkpt lat="47.208370976150036" lon="11.021014954894781">
        <ele>2004.81</ele>
      </trkpt>
      <trkpt lat="47.20835999585688" lon="11.02103398181498">
        <ele>2005.03</ele>
      </trkpt>
      <trkpt lat="47.208347925916314" lon="11.021047979593277">
        <ele>2005.25</ele>
      </trkpt>
      <trkpt lat="47.20833593979478" lon="11.021058959886432">
        <ele>2005.47</ele>
      </trkpt>
      <trkpt lat="47.20832194201648" lon="11.021067928522825">
        <ele>2005.69</ele>
      </trkpt>
      <trkpt lat="47.208306938409805" lon="11.021077986806631">
        <ele>2005.91</ele>
      </trkpt>
      <trkpt lat="47.20829294063151" lon="11.021087961271405">
        <ele>2006.13</ele>
      </trkpt>
      <trkpt lat="47.20827793702483" lon="11.02109994739294">
        <ele>2006.35</ele>
      </trkpt>
      <trkpt lat="47.208262933418155" lon="11.021110927686095">
        <ele>2006.57</ele>
      </trkpt>
      <trkpt lat="47.20824994146824" lon="11.021123919636011">
        <ele>2006.79</ele>
      </trkpt>
      <trkpt lat="47.20823594368994" lon="11.021136995404959">
        <ele>2007.01</ele>
      </trkpt>
      <trkpt lat="47.20822395756841" lon="11.021147975698113">
        <ele>2007.23</ele>
      </trkpt>
      <trkpt lat="47.20821197144687" lon="11.02116096764803">
        <ele>2007.45</ele>
      </trkpt>
      <trkpt lat="47.208198979496956" lon="11.021173959597945">
        <ele>2007.68</ele>
      </trkpt>
      <trkpt lat="47.20818598754704" lon="11.021186951547861">
        <ele>2007.9</ele>
      </trkpt>
      <trkpt lat="47.20817098394036" lon="11.021198937669396">
        <ele>2008.12</ele>
      </trkpt>
      <trkpt lat="47.20815698616207" lon="11.021209917962551">
        <ele>2008.35</ele>
      </trkpt>
      <trkpt lat="47.20814198255539" lon="11.021220982074738">
        <ele>2008.57</ele>
      </trkpt>
      <trkpt lat="47.20812899060547" lon="11.021231962367892">
        <ele>2008.79</ele>
      </trkpt>
      <trkpt lat="47.20811692066491" lon="11.021243948489428">
        <ele>2009.02</ele>
      </trkpt>
      <trkpt lat="47.20810292288661" lon="11.021256940439343">
        <ele>2009.24</ele>
      </trkpt>
      <trkpt lat="47.208089930936694" lon="11.02126699872315">
        <ele>2009.47</ele>
      </trkpt>
      <trkpt lat="47.2080759331584" lon="11.021276973187923">
        <ele>2009.69</ele>
      </trkpt>
      <trkpt lat="47.20806294120848" lon="11.02128996513784">
        <ele>2009.92</ele>
      </trkpt>
      <trkpt lat="47.208048943430185" lon="11.021300945430994">
        <ele>2010.15</ele>
      </trkpt>
      <trkpt lat="47.20803695730865" lon="11.021311925724149">
        <ele>2010.38</ele>
      </trkpt>
      <trkpt lat="47.208024971187115" lon="11.021323995664716">
        <ele>2010.61</ele>
      </trkpt>
      <trkpt lat="47.20801591873169" lon="11.021339921280742">
        <ele>2010.84</ele>
      </trkpt>
      <trkpt lat="47.208002926781774" lon="11.021350985392928">
        <ele>2011.07</ele>
      </trkpt>
      <trkpt lat="47.20798993483186" lon="11.021362971514463">
        <ele>2011.31</ele>
      </trkpt>
      <trkpt lat="47.20797291956842" lon="11.02137596346438">
        <ele>2011.55</ele>
      </trkpt>
      <trkpt lat="47.207960933446884" lon="11.021386943757534">
        <ele>2011.78</ele>
      </trkpt>
      <trkpt lat="47.20794693566859" lon="11.021396918222308">
        <ele>2012.03</ele>
      </trkpt>
      <trkpt lat="47.20793293789029" lon="11.021407982334495">
        <ele>2012.27</ele>
      </trkpt>
      <trkpt lat="47.207919945940375" lon="11.02141896262765">
        <ele>2012.51</ele>
      </trkpt>
      <trkpt lat="47.20790695399046" lon="11.021430948749185">
        <ele>2012.76</ele>
      </trkpt>
      <trkpt lat="47.207894967868924" lon="11.02144293487072">
        <ele>2013.01</ele>
      </trkpt>
      <trkpt lat="47.20788097009063" lon="11.021455926820636">
        <ele>2013.25</ele>
      </trkpt>
      <trkpt lat="47.20786496065557" lon="11.021464979276061">
        <ele>2013.5</ele>
      </trkpt>
      <trkpt lat="47.207851968705654" lon="11.021476965397596">
        <ele>2013.75</ele>
      </trkpt>
      <trkpt lat="47.20783696509898" lon="11.021488951519132">
        <ele>2014.01</ele>
      </trkpt>
      <trkpt lat="47.20782497897744" lon="11.021500937640667">
        <ele>2014.26</ele>
      </trkpt>
      <trkpt lat="47.20781299285591" lon="11.021514935418963">
        <ele>2014.51</ele>
      </trkpt>
      <trkpt lat="47.20780092291534" lon="11.02152893319726">
        <ele>2014.77</ele>
      </trkpt>
      <trkpt lat="47.20778692513704" lon="11.021538991481066">
        <ele>2015.03</ele>
      </trkpt>
      <trkpt lat="47.20777493901551" lon="11.021550977602601">
        <ele>2015.29</ele>
      </trkpt>
      <trkpt lat="47.20776295289397" lon="11.021560952067375">
        <ele>2015.56</ele>
      </trkpt>
      <trkpt lat="47.207746943458915" lon="11.021573944017291">
        <ele>2015.82</ele>
      </trkpt>
      <trkpt lat="47.20773294568062" lon="11.021587941795588">
        <ele>2016.09</ele>
      </trkpt>
      <trkpt lat="47.20772095955908" lon="11.021602945402265">
        <ele>2016.36</ele>
      </trkpt>
      <trkpt lat="47.20771098509431" lon="11.02161392569542">
        <ele>2016.63</ele>
      </trkpt>
      <trkpt lat="47.20769992098212" lon="11.021622978150845">
        <ele>2016.91</ele>
      </trkpt>
      <trkpt lat="47.207685923203826" lon="11.021633958444">
        <ele>2017.18</ele>
      </trkpt>
      <trkpt lat="47.20767293125391" lon="11.021646950393915">
        <ele>2017.46</ele>
      </trkpt>
      <trkpt lat="47.207659939303994" lon="11.021662959828973">
        <ele>2017.74</ele>
      </trkpt>
      <trkpt lat="47.20764795318246" lon="11.021673940122128">
        <ele>2018.01</ele>
      </trkpt>
      <trkpt lat="47.2076319437474" lon="11.021683998405933">
        <ele>2018.3</ele>
      </trkpt>
      <trkpt lat="47.207616940140724" lon="11.021695984527469">
        <ele>2018.57</ele>
      </trkpt>
      <trkpt lat="47.20760294236243" lon="11.021704953163862">
        <ele>2018.85</ele>
      </trkpt>
      <trkpt lat="47.207592967897654" lon="11.021718950942159">
        <ele>2019.13</ele>
      </trkpt>
      <trkpt lat="47.20757897011936" lon="11.021729931235313">
        <ele>2019.41</ele>
      </trkpt>
      <trkpt lat="47.20756597816944" lon="11.02174392901361">
        <ele>2019.69</ele>
      </trkpt>
      <trkpt lat="47.207549968734384" lon="11.021749963983893">
        <ele>2019.96</ele>
      </trkpt>
      <trkpt lat="47.20753597095609" lon="11.021756920963526">
        <ele>2020.24</ele>
      </trkpt>
      <trkpt lat="47.20752499066293" lon="11.021773936226964">
        <ele>2020.51</ele>
      </trkpt>
      <trkpt lat="47.20751493237913" lon="11.021795980632305">
        <ele>2020.77</ele>
      </trkpt>
      <trkpt lat="47.20750294625759" lon="11.021818947046995">
        <ele>2021.03</ele>
      </trkpt>
      <trkpt lat="47.207490960136056" lon="11.021836968138814">
        <ele>2021.29</ele>
      </trkpt>
      <trkpt lat="47.20748199149966" lon="11.021853983402252">
        <ele>2021.54</ele>
      </trkpt>
      <trkpt lat="47.207469921559095" lon="11.021866975352168">
        <ele>2021.79</ele>
      </trkpt>
      <trkpt lat="47.2074559237808" lon="11.021879967302084">
        <ele>2022.03</ele>
      </trkpt>
      <trkpt lat="47.20744092017412" lon="11.02189195342362">
        <ele>2022.27</ele>
      </trkpt>
      <trkpt lat="47.20743094570935" lon="11.021904945373535">
        <ele>2022.5</ele>
      </trkpt>
      <trkpt lat="47.20741694793105" lon="11.02191592566669">
        <ele>2022.73</ele>
      </trkpt>
      <trkpt lat="47.20739993266761" lon="11.021923972293735">
        <ele>2022.95</ele>
      </trkpt>
      <trkpt lat="47.207383923232555" lon="11.021930929273367">
        <ele>2023.17</ele>
      </trkpt>
      <trkpt lat="47.20736799761653" lon="11.02193696424365">
        <ele>2023.38</ele>
      </trkpt>
      <trkpt lat="47.20735098235309" lon="11.021943921223283">
        <ele>2023.58</ele>
      </trkpt>
      <trkpt lat="47.207335978746414" lon="11.02195498533547">
        <ele>2023.77</ele>
      </trkpt>
      <trkpt lat="47.20732692629099" lon="11.021972922608256">
        <ele>2023.95</ele>
      </trkpt>
      <trkpt lat="47.207314940169454" lon="11.021985998377204">
        <ele>2024.13</ele>
      </trkpt>
      <trkpt lat="47.20730295404792" lon="11.02199798449874">
        <ele>2024.3</ele>
      </trkpt>
      <trkpt lat="47.20728795044124" lon="11.022007958963513">
        <ele>2024.47</ele>
      </trkpt>
      <trkpt lat="47.207273952662945" lon="11.022014999762177">
        <ele>2024.62</ele>
      </trkpt>
      <trkpt lat="47.20726297236979" lon="11.022026985883713">
        <ele>2024.77</ele>
      </trkpt>
      <trkpt lat="47.207248974591494" lon="11.022038972005248">
        <ele>2024.91</ele>
      </trkpt>
      <trkpt lat="47.20723598264158" lon="11.022051963955164">
        <ele>2025.04</ele>
      </trkpt>
      <trkpt lat="47.20722198486328" lon="11.0220639500767">
        <ele>2025.16</ele>
      </trkpt>
      <trkpt lat="47.207210920751095" lon="11.022072918713093">
        <ele>2025.28</ele>
      </trkpt>
      <trkpt lat="47.20719994045794" lon="11.02208599448204">
        <ele>2025.38</ele>
      </trkpt>
      <trkpt lat="47.207186948508024" lon="11.022098986431956">
        <ele>2025.48</ele>
      </trkpt>
      <trkpt lat="47.207167921587825" lon="11.02210795506835">
        <ele>2025.58</ele>
      </trkpt>
      <trkpt lat="47.20715291798115" lon="11.022118935361505">
        <ele>2025.66</ele>
      </trkpt>
      <trkpt lat="47.20713892020285" lon="11.02212798781693">
        <ele>2025.73</ele>
      </trkpt>
      <trkpt lat="47.207125928252935" lon="11.022139973938465">
        <ele>2025.8</ele>
      </trkpt>
      <trkpt lat="47.20711494795978" lon="11.022153971716762">
        <ele>2025.85</ele>
      </trkpt>
      <trkpt lat="47.207100950181484" lon="11.022167969495058">
        <ele>2025.9</ele>
      </trkpt>
      <trkpt lat="47.20708695240319" lon="11.022182973101735">
        <ele>2025.94</ele>
      </trkpt>
      <trkpt lat="47.20707094296813" lon="11.022198982536793">
        <ele>2025.98</ele>
      </trkpt>
      <trkpt lat="47.20705593936145" lon="11.022211974486709">
        <ele>2026.02</ele>
      </trkpt>
      <trkpt lat="47.207040935754776" lon="11.022224966436625">
        <ele>2026.05</ele>
      </trkpt>
      <trkpt lat="47.20702693797648" lon="11.02223695255816">
        <ele>2026.07</ele>
      </trkpt>
      <trkpt lat="47.20701294019818" lon="11.022250950336456">
        <ele>2026.09</ele>
      </trkpt>
      <trkpt lat="47.20699894241989" lon="11.022265953943133">
        <ele>2026.11</ele>
      </trkpt>
      <trkpt lat="47.20698494464159" lon="11.022281963378191">
        <ele>2026.13</ele>
      </trkpt>
      <trkpt lat="47.20696994103491" lon="11.022294955328107">
        <ele>2026.14</ele>
      </trkpt>
      <trkpt lat="47.206954937428236" lon="11.022307947278023">
        <ele>2026.16</ele>
      </trkpt>
      <trkpt lat="47.2069429513067" lon="11.0223229508847">
        <ele>2026.17</ele>
      </trkpt>
      <trkpt lat="47.20692694187164" lon="11.022335942834616">
        <ele>2026.18</ele>
      </trkpt>
      <trkpt lat="47.206911938264966" lon="11.022350946441293">
        <ele>2026.19</ele>
      </trkpt>
      <trkpt lat="47.20689894631505" lon="11.02236494421959">
        <ele>2026.2</ele>
      </trkpt>
      <trkpt lat="47.206886960193515" lon="11.022378941997886">
        <ele>2026.21</ele>
      </trkpt>
      <trkpt lat="47.20687195658684" lon="11.022390928119421">
        <ele>2026.22</ele>
      </trkpt>
      <trkpt lat="47.20685795880854" lon="11.022403920069337">
        <ele>2026.23</ele>
      </trkpt>
      <trkpt lat="47.206844966858625" lon="11.022415990009904">
        <ele>2026.24</ele>
      </trkpt>
      <trkpt lat="47.20683398656547" lon="11.022431999444962">
        <ele>2026.26</ele>
      </trkpt>
      <trkpt lat="47.206821916624904" lon="11.022447925060987">
        <ele>2026.27</ele>
      </trkpt>
      <trkpt lat="47.20680791884661" lon="11.022462928667665">
        <ele>2026.29</ele>
      </trkpt>
      <trkpt lat="47.20679199323058" lon="11.022477932274342">
        <ele>2026.31</ele>
      </trkpt>
      <trkpt lat="47.206781934946775" lon="11.022492935881019">
        <ele>2026.33</ele>
      </trkpt>
      <trkpt lat="47.20676793716848" lon="11.022503999993205">
        <ele>2026.36</ele>
      </trkpt>
      <trkpt lat="47.2067529335618" lon="11.022510956972837">
        <ele>2026.4</ele>
      </trkpt>
      <trkpt lat="47.206738935783505" lon="11.02251891978085">
        <ele>2026.44</ele>
      </trkpt>
      <trkpt lat="47.20672192052007" lon="11.022527972236276">
        <ele>2026.49</ele>
      </trkpt>
      <trkpt lat="47.20670892857015" lon="11.022541970014572">
        <ele>2026.54</ele>
      </trkpt>
      <trkpt lat="47.206696942448616" lon="11.022552950307727">
        <ele>2026.6</ele>
      </trkpt>
      <trkpt lat="47.20668294467032" lon="11.02256191894412">
        <ele>2026.66</ele>
      </trkpt>
      <trkpt lat="47.20666794106364" lon="11.022570971399546">
        <ele>2026.73</ele>
      </trkpt>
      <trkpt lat="47.20665595494211" lon="11.022585975006223">
        <ele>2026.8</ele>
      </trkpt>
      <trkpt lat="47.20664598047733" lon="11.02260198444128">
        <ele>2026.87</ele>
      </trkpt>
      <trkpt lat="47.2066339943558" lon="11.022620927542448">
        <ele>2026.96</ele>
      </trkpt>
      <trkpt lat="47.20661899074912" lon="11.022634925320745">
        <ele>2027.04</ele>
      </trkpt>
      <trkpt lat="47.20660197548568" lon="11.02264498360455">
        <ele>2027.14</ele>
      </trkpt>
      <trkpt lat="47.206586971879005" lon="11.022655963897705">
        <ele>2027.23</ele>
      </trkpt>
      <trkpt lat="47.20657397992909" lon="11.022674990817904">
        <ele>2027.33</ele>
      </trkpt>
      <trkpt lat="47.206563921645284" lon="11.022695945575833">
        <ele>2027.42</ele>
      </trkpt>
      <trkpt lat="47.20654891803861" lon="11.02270893752575">
        <ele>2027.53</ele>
      </trkpt>
      <trkpt lat="47.2065319865942" lon="11.022711955010891">
        <ele>2027.64</ele>
      </trkpt>
      <trkpt lat="47.20651396550238" lon="11.022714972496033">
        <ele>2027.76</ele>
      </trkpt>
      <trkpt lat="47.20649695023894" lon="11.022719917818904">
        <ele>2027.87</ele>
      </trkpt>
      <trkpt lat="47.206479934975505" lon="11.022723941132426">
        <ele>2028.0</ele>
      </trkpt>
      <trkpt lat="47.20646291971207" lon="11.02272897027433">
        <ele>2028.13</ele>
      </trkpt>
      <trkpt lat="47.20645395107567" lon="11.022748919203877">
        <ele>2028.25</ele>
      </trkpt>
      <trkpt lat="47.20644598826766" lon="11.022768951952457">
        <ele>2028.38</ele>
      </trkpt>
      <trkpt lat="47.20643098466098" lon="11.022783955559134">
        <ele>2028.52</ele>
      </trkpt>
      <trkpt lat="47.20641698688269" lon="11.022799964994192">
        <ele>2028.67</ele>
      </trkpt>
      <trkpt lat="47.20640198327601" lon="11.02281496860087">
        <ele>2028.82</ele>
      </trkpt>
      <trkpt lat="47.20638396218419" lon="11.022825948894024">
        <ele>2028.97</ele>
      </trkpt>
      <trkpt lat="47.206370970234275" lon="11.022820919752121">
        <ele>2029.13</ele>
      </trkpt>
      <trkpt lat="47.206351943314075" lon="11.022813962772489">
        <ele>2029.29</ele>
      </trkpt>
      <trkpt lat="47.20633098855615" lon="11.022807927802205">
        <ele>2029.45</ele>
      </trkpt>
      <trkpt lat="47.20631095580757" lon="11.022803988307714">
        <ele>2029.62</ele>
      </trkpt>
      <trkpt lat="47.20629494637251" lon="11.02279493585229">
        <ele>2029.79</ele>
      </trkpt>
      <trkpt lat="47.20627692528069" lon="11.02279493585229">
        <ele>2029.96</ele>
      </trkpt>
      <trkpt lat="47.206263933330774" lon="11.022805999964476">
        <ele>2030.13</ele>
      </trkpt>
      <trkpt lat="47.20624993555248" lon="11.022817986086011">
        <ele>2030.31</ele>
      </trkpt>
      <trkpt lat="47.20623392611742" lon="11.022824943065643">
        <ele>2030.48</ele>
      </trkpt>
      <trkpt lat="47.20621791668236" lon="11.022825948894024">
        <ele>2030.67</ele>
      </trkpt>
      <trkpt lat="47.206203918904066" lon="11.02281597442925">
        <ele>2030.85</ele>
      </trkpt>
      <trkpt lat="47.20618598163128" lon="11.022807927802205">
        <ele>2031.04</ele>
      </trkpt>
      <trkpt lat="47.2061659488827" lon="11.022807927802205">
        <ele>2031.23</ele>
      </trkpt>
      <trkpt lat="47.20614792779088" lon="11.022807927802205">
        <ele>2031.42</ele>
      </trkpt>
      <trkpt lat="47.206130996346474" lon="11.022801976650953">
        <ele>2031.61</ele>
      </trkpt>
      <trkpt lat="47.206111969426274" lon="11.02279493585229">
        <ele>2031.81</ele>
      </trkpt>
      <trkpt lat="47.206094954162836" lon="11.022787978872657">
        <ele>2032.01</ele>
      </trkpt>
      <trkpt lat="47.2060779388994" lon="11.022781943902373">
        <ele>2032.22</ele>
      </trkpt>
      <trkpt lat="47.20605991780758" lon="11.022778926417232">
        <ele>2032.42</ele>
      </trkpt>
      <trkpt lat="47.20604399219155" lon="11.022777920588851">
        <ele>2032.63</ele>
      </trkpt>
      <trkpt lat="47.20602999441326" lon="11.022778926417232">
        <ele>2032.84</ele>
      </trkpt>
      <trkpt lat="47.20601599663496" lon="11.022777920588851">
        <ele>2033.06</ele>
      </trkpt>
      <trkpt lat="47.20600099302828" lon="11.022774986922741">
        <ele>2033.28</ele>
      </trkpt>
      <trkpt lat="47.205985989421606" lon="11.022769957780838">
        <ele>2033.5</ele>
      </trkpt>
      <trkpt lat="47.2059759311378" lon="11.022756965830922">
        <ele>2033.72</ele>
      </trkpt>
      <trkpt lat="47.20596796832979" lon="11.022736933082342">
        <ele>2033.95</ele>
      </trkpt>
      <trkpt lat="47.20595296472311" lon="11.022718995809555">
        <ele>2034.18</ele>
      </trkpt>
      <trkpt lat="47.205941984429955" lon="11.022696951404214">
        <ele>2034.42</ele>
      </trkpt>
      <trkpt lat="47.20592798665166" lon="11.022677924484015">
        <ele>2034.66</ele>
      </trkpt>
      <trkpt lat="47.2059119772166" lon="11.022664932534099">
        <ele>2034.9</ele>
      </trkpt>
      <trkpt lat="47.205898985266685" lon="11.022651940584183">
        <ele>2035.15</ele>
      </trkpt>
      <trkpt lat="47.20588699914515" lon="11.022631991654634">
        <ele>2035.4</ele>
      </trkpt>
      <trkpt lat="47.20587291754782" lon="11.022619921714067">
        <ele>2035.65</ele>
      </trkpt>
      <trkpt lat="47.20586596056819" lon="11.022602990269661">
        <ele>2035.9</ele>
      </trkpt>
      <trkpt lat="47.205856991931796" lon="11.0225819516927">
        <ele>2036.16</ele>
      </trkpt>
      <trkpt lat="47.20584098249674" lon="11.022570971399546">
        <ele>2036.43</ele>
      </trkpt>
      <trkpt lat="47.20582296140492" lon="11.02255797944963">
        <ele>2036.69</ele>
      </trkpt>
      <trkpt lat="47.20581499859691" lon="11.02253895252943">
        <ele>2036.96</ele>
      </trkpt>
      <trkpt lat="47.205811981111765" lon="11.02251891978085">
        <ele>2037.23</ele>
      </trkpt>
      <trkpt lat="47.20580896362662" lon="11.022492935881019">
        <ele>2037.5</ele>
      </trkpt>
      <trkpt lat="47.20580594614148" lon="11.022468963637948">
        <ele>2037.78</ele>
      </trkpt>
      <trkpt lat="47.20579798333347" lon="11.022448930889368">
        <ele>2038.06</ele>
      </trkpt>
      <trkpt lat="47.20578792504966" lon="11.02243292145431">
        <ele>2038.34</ele>
      </trkpt>
      <trkpt lat="47.20577795058489" lon="11.022419929504395">
        <ele>2038.62</ele>
      </trkpt>
      <trkpt lat="47.20576596446335" lon="11.022402998059988">
        <ele>2038.91</ele>
      </trkpt>
      <trkpt lat="47.2057549841702" lon="11.02238598279655">
        <ele>2039.2</ele>
      </trkpt>
      <trkpt lat="47.20575196668506" lon="11.022367961704731">
        <ele>2039.48</ele>
      </trkpt>
      <trkpt lat="47.2057549841702" lon="11.02234398946166">
        <ele>2039.78</ele>
      </trkpt>
      <trkpt lat="47.2057549841702" lon="11.02232395671308">
        <ele>2040.07</ele>
      </trkpt>
      <trkpt lat="47.2057549841702" lon="11.022296966984868">
        <ele>2040.37</ele>
      </trkpt>
      <trkpt lat="47.205749955028296" lon="11.022270983085036">
        <ele>2040.67</ele>
      </trkpt>
      <trkpt lat="47.20574299804866" lon="11.022245921194553">
        <ele>2040.97</ele>
      </trkpt>
      <trkpt lat="47.205730928108096" lon="11.022227983921766">
        <ele>2041.27</ele>
      </trkpt>
      <trkpt lat="47.20571793615818" lon="11.022209962829947">
        <ele>2041.57</ele>
      </trkpt>
      <trkpt lat="47.20570997335017" lon="11.022190935909748">
        <ele>2041.88</ele>
      </trkpt>
      <trkpt lat="47.205705950036645" lon="11.022163946181536">
        <ele>2042.18</ele>
      </trkpt>
      <trkpt lat="47.20569999888539" lon="11.022136956453323">
        <ele>2042.48</ele>
      </trkpt>
      <trkpt lat="47.20569999888539" lon="11.022111978381872">
        <ele>2042.78</ele>
      </trkpt>
      <trkpt lat="47.20569798722863" lon="11.02208792231977">
        <ele>2043.08</ele>
      </trkpt>
      <trkpt lat="47.20569396391511" lon="11.022062944248319">
        <ele>2043.38</ele>
      </trkpt>
      <trkpt lat="47.20569698140025" lon="11.022035954520106">
        <ele>2043.67</ele>
      </trkpt>
      <trkpt lat="47.20569798722863" lon="11.022008964791894">
        <ele>2043.96</ele>
      </trkpt>
      <trkpt lat="47.20569798722863" lon="11.021981975063682">
        <ele>2044.25</ele>
      </trkpt>
      <trkpt lat="47.20568893477321" lon="11.02195699699223">
        <ele>2044.54</ele>
      </trkpt>
      <trkpt lat="47.20567996613681" lon="11.02193595841527">
        <ele>2044.83</ele>
      </trkpt>
      <trkpt lat="47.20567996613681" lon="11.021908968687057">
        <ele>2045.11</ele>
      </trkpt>
      <trkpt lat="47.205681977793574" lon="11.021883990615606">
        <ele>2045.39</ele>
      </trkpt>
      <trkpt lat="47.205685917288065" lon="11.021855995059013">
        <ele>2045.67</ele>
      </trkpt>
      <trkpt lat="47.205684995278716" lon="11.02182799950242">
        <ele>2045.94</ele>
      </trkpt>
      <trkpt lat="47.205687928944826" lon="11.021802937611938">
        <ele>2046.21</ele>
      </trkpt>
      <trkpt lat="47.20569094642997" lon="11.021773936226964">
        <ele>2046.48</ele>
      </trkpt>
      <trkpt lat="47.20569295808673" lon="11.021745940670371">
        <ele>2046.75</ele>
      </trkpt>
      <trkpt lat="47.20569698140025" lon="11.021716939285398">
        <ele>2047.01</ele>
      </trkpt>
      <trkpt lat="47.20569396391511" lon="11.021692967042327">
        <ele>2047.27</ele>
      </trkpt>
      <trkpt lat="47.20569094642997" lon="11.021669916808605">
        <ele>2047.51</ele>
      </trkpt>
      <trkpt lat="47.205687928944826" lon="11.021643932908773">
        <ele>2047.76</ele>
      </trkpt>
      <trkpt lat="47.20568893477321" lon="11.0216149315238">
        <ele>2048.0</ele>
      </trkpt>
      <trkpt lat="47.20569396391511" lon="11.021586935967207">
        <ele>2048.23</ele>
      </trkpt>
      <trkpt lat="47.20570192672312" lon="11.021560952067375">
        <ele>2048.46</ele>
      </trkpt>
      <trkpt lat="47.20571299083531" lon="11.021535973995924">
        <ele>2048.67</ele>
      </trkpt>
      <trkpt lat="47.205724976956844" lon="11.021509990096092">
        <ele>2048.88</ele>
      </trkpt>
      <trkpt lat="47.20573595725" lon="11.021488951519132">
        <ele>2049.08</ele>
      </trkpt>
      <trkpt lat="47.205749955028296" lon="11.021470930427313">
        <ele>2049.27</ele>
      </trkpt>
      <trkpt lat="47.205767976120114" lon="11.021452993154526">
        <ele>2049.45</ele>
      </trkpt>
      <trkpt lat="47.20577996224165" lon="11.021428937092423">
        <ele>2049.63</ele>
      </trkpt>
      <trkpt lat="47.205789936706424" lon="11.021402953192592">
        <ele>2049.81</ele>
      </trkpt>
      <trkpt lat="47.20579798333347" lon="11.02137797512114">
        <ele>2049.97</ele>
      </trkpt>
      <trkpt lat="47.205809969455004" lon="11.02135299704969">
        <ele>2050.13</ele>
      </trkpt>
      <trkpt lat="47.20582497306168" lon="11.021329946815968">
        <ele>2050.28</ele>
      </trkpt>
      <trkpt lat="47.20584399998188" lon="11.02130999788642">
        <ele>2050.43</ele>
      </trkpt>
      <trkpt lat="47.20586394891143" lon="11.021292982622981">
        <ele>2050.57</ele>
      </trkpt>
      <trkpt lat="47.205879958346486" lon="11.021278984844685">
        <ele>2050.7</ele>
      </trkpt>
      <trkpt lat="47.205898985266685" lon="11.02126993238926">
        <ele>2050.82</ele>
      </trkpt>
      <trkpt lat="47.205920945852995" lon="11.021263981238008">
        <ele>2050.93</ele>
      </trkpt>
      <trkpt lat="47.205939972773194" lon="11.021249983459711">
        <ele>2051.04</ele>
      </trkpt>
      <trkpt lat="47.20595497637987" lon="11.021224921569228">
        <ele>2051.15</ele>
      </trkpt>
      <trkpt lat="47.20596897415817" lon="11.021206984296441">
        <ele>2051.25</ele>
      </trkpt>
      <trkpt lat="47.205987917259336" lon="11.021191980689764">
        <ele>2051.33</ele>
      </trkpt>
      <trkpt lat="47.206005938351154" lon="11.021178988739848">
        <ele>2051.41</ele>
      </trkpt>
      <trkpt lat="47.20602295361459" lon="11.021182928234339">
        <ele>2051.47</ele>
      </trkpt>
      <trkpt lat="47.206044998019934" lon="11.02118393406272">
        <ele>2051.52</ele>
      </trkpt>
      <trkpt lat="47.206067964434624" lon="11.021176977083087">
        <ele>2051.56</ele>
      </trkpt>
      <trkpt lat="47.20608891919255" lon="11.021167924627662">
        <ele>2051.6</ele>
      </trkpt>
      <trkpt lat="47.20610794611275" lon="11.021170942112803">
        <ele>2051.64</ele>
      </trkpt>
      <trkpt lat="47.20612999051809" lon="11.021167924627662">
        <ele>2051.67</ele>
      </trkpt>
      <trkpt lat="47.2061469219625" lon="11.021151999011636">
        <ele>2051.71</ele>
      </trkpt>
      <trkpt lat="47.20615899190307" lon="11.021129954606295">
        <ele>2051.76</ele>
      </trkpt>
      <trkpt lat="47.2061709780246" lon="11.021102964878082">
        <ele>2051.8</ele>
      </trkpt>
      <trkpt lat="47.20618698745966" lon="11.021080920472741">
        <ele>2051.85</ele>
      </trkpt>
      <trkpt lat="47.20620492473245" lon="11.02107597514987">
        <ele>2051.89</ele>
      </trkpt>
      <trkpt lat="47.20622495748103" lon="11.021079998463392">
        <ele>2051.91</ele>
      </trkpt>
      <trkpt lat="47.20624792389572" lon="11.021073963493109">
        <ele>2051.95</ele>
      </trkpt>
      <trkpt lat="47.20626996830106" lon="11.021060971543193">
        <ele>2051.99</ele>
      </trkpt>
      <trkpt lat="47.20629092305899" lon="11.021044962108135">
        <ele>2052.04</ele>
      </trkpt>
      <trkpt lat="47.206308944150805" lon="11.021027946844697">
        <ele>2052.09</ele>
      </trkpt>
      <trkpt lat="47.20632394775748" lon="11.021002968773246">
        <ele>2052.15</ele>
      </trkpt>
      <trkpt lat="47.20633794553578" lon="11.020981930196285">
        <ele>2052.21</ele>
      </trkpt>
      <trkpt lat="47.206351943314075" lon="11.020963992923498">
        <ele>2052.26</ele>
      </trkpt>
      <trkpt lat="47.20636594109237" lon="11.020939936861396">
        <ele>2052.32</ele>
      </trkpt>
      <trkpt lat="47.2063749935478" lon="11.020913952961564">
        <ele>2052.39</ele>
      </trkpt>
      <trkpt lat="47.20638094469905" lon="11.02088293991983">
        <ele>2052.46</ele>
      </trkpt>
      <trkpt lat="47.20638798549771" lon="11.020853938534856">
        <ele>2052.54</ele>
      </trkpt>
      <trkpt lat="47.206393936648965" lon="11.020824937149882">
        <ele>2052.63</ele>
      </trkpt>
      <trkpt lat="47.20639695413411" lon="11.020800964906812">
        <ele>2052.72</ele>
      </trkpt>
      <trkpt lat="47.20639896579087" lon="11.020771963521838">
        <ele>2052.81</ele>
      </trkpt>
      <trkpt lat="47.20639795996249" lon="11.020743967965245">
        <ele>2052.91</ele>
      </trkpt>
      <trkpt lat="47.206394942477345" lon="11.020718989893794">
        <ele>2053.02</ele>
      </trkpt>
      <trkpt lat="47.206394942477345" lon="11.02068797685206">
        <ele>2053.13</ele>
      </trkpt>
      <trkpt lat="47.206395948305726" lon="11.020654952153563">
        <ele>2053.26</ele>
      </trkpt>
      <trkpt lat="47.20639091916382" lon="11.02062595076859">
        <ele>2053.4</ele>
      </trkpt>
      <trkpt lat="47.206392930820584" lon="11.020596949383616">
        <ele>2053.54</ele>
      </trkpt>
      <trkpt lat="47.20640399493277" lon="11.020568953827024">
        <ele>2053.68</ele>
      </trkpt>
      <trkpt lat="47.20641799271107" lon="11.020544981583953">
        <ele>2053.82</ele>
      </trkpt>
      <trkpt lat="47.20642897300422" lon="11.02051799185574">
        <ele>2053.97</ele>
      </trkpt>
      <trkpt lat="47.206434924155474" lon="11.020490918308496">
        <ele>2054.12</ele>
      </trkpt>
      <trkpt lat="47.206435929983854" lon="11.020461916923523">
        <ele>2054.29</ele>
      </trkpt>
      <trkpt lat="47.20642897300422" lon="11.020436938852072">
        <ele>2054.47</ele>
      </trkpt>
      <trkpt lat="47.2064249496907" lon="11.020405925810337">
        <ele>2054.65</ele>
      </trkpt>
      <trkpt lat="47.20642193220556" lon="11.020378936082125">
        <ele>2054.83</ele>
      </trkpt>
      <trkpt lat="47.20642293803394" lon="11.02034892886877">
        <ele>2055.02</ele>
      </trkpt>
      <trkpt lat="47.206434924155474" lon="11.020322944968939">
        <ele>2055.2</ele>
      </trkpt>
      <trkpt lat="47.20644498243928" lon="11.020295955240726">
        <ele>2055.39</ele>
      </trkpt>
      <trkpt lat="47.20644992776215" lon="11.020267959684134">
        <ele>2055.58</ele>
      </trkpt>
      <trkpt lat="47.20645093359053" lon="11.020240969955921">
        <ele>2055.79</ele>
      </trkpt>
      <trkpt lat="47.20644992776215" lon="11.02021699771285">
        <ele>2056.0</ele>
      </trkpt>
      <trkpt lat="47.20644297078252" lon="11.020193947479129">
        <ele>2056.22</ele>
      </trkpt>
      <trkpt lat="47.206435929983854" lon="11.020166957750916">
        <ele>2056.44</ele>
      </trkpt>
      <trkpt lat="47.20642897300422" lon="11.020139968022704">
        <ele>2056.67</ele>
      </trkpt>
      <trkpt lat="47.20642293803394" lon="11.020114989951253">
        <ele>2056.9</ele>
      </trkpt>
      <trkpt lat="47.206413969397545" lon="11.02009093388915">
        <ele>2057.13</ele>
      </trkpt>
      <trkpt lat="47.20640491694212" lon="11.02006796747446">
        <ele>2057.36</ele>
      </trkpt>
      <trkpt lat="47.20639795996249" lon="11.020040977746248">
        <ele>2057.6</ele>
      </trkpt>
      <trkpt lat="47.20638798549771" lon="11.020011976361275">
        <ele>2057.84</ele>
      </trkpt>
      <trkpt lat="47.2063749935478" lon="11.019989931955934">
        <ele>2058.07</ele>
      </trkpt>
      <trkpt lat="47.2063559666276" lon="11.019973922520876">
        <ele>2058.32</ele>
      </trkpt>
      <trkpt lat="47.20633593387902" lon="11.019970988854766">
        <ele>2058.56</ele>
      </trkpt>
      <trkpt lat="47.20631992444396" lon="11.01998196914792">
        <ele>2058.79</ele>
      </trkpt>
      <trkpt lat="47.20630198717117" lon="11.019989931955934">
        <ele>2059.03</ele>
      </trkpt>
      <trkpt lat="47.206283966079354" lon="11.019994961097836">
        <ele>2059.26</ele>
      </trkpt>
      <trkpt lat="47.206266950815916" lon="11.020008958876133">
        <ele>2059.48</ele>
      </trkpt>
      <trkpt lat="47.206246918067336" lon="11.020018933340907">
        <ele>2059.71</ele>
      </trkpt>
      <trkpt lat="47.20622998662293" lon="11.020027985796332">
        <ele>2059.93</ele>
      </trkpt>
      <trkpt lat="47.20621095970273" lon="11.020026979967952">
        <ele>2060.16</ele>
      </trkpt>
      <trkpt lat="47.20619092695415" lon="11.020020944997668">
        <ele>2060.38</ele>
      </trkpt>
      <trkpt lat="47.20617491751909" lon="11.020025974139571">
        <ele>2060.6</ele>
      </trkpt>
      <trkpt lat="47.20616494305432" lon="11.02004298940301">
        <ele>2060.8</ele>
      </trkpt>
      <trkpt lat="47.2061519511044" lon="11.020059920847416">
        <ele>2061.01</ele>
      </trkpt>
      <trkpt lat="47.20613996498287" lon="11.020080959424376">
        <ele>2061.2</ele>
      </trkpt>
      <trkpt lat="47.2061329241842" lon="11.020104931667447">
        <ele>2061.39</ele>
      </trkpt>
      <trkpt lat="47.20612496137619" lon="11.020127981901169">
        <ele>2061.59</ele>
      </trkpt>
      <trkpt lat="47.206117920577526" lon="11.02015195414424">
        <ele>2061.78</ele>
      </trkpt>
      <trkpt lat="47.20610593445599" lon="11.020168969407678">
        <ele>2061.98</ele>
      </trkpt>
      <trkpt lat="47.206092942506075" lon="11.02017399854958">
        <ele>2062.17</ele>
      </trkpt>
      <trkpt lat="47.206074921414256" lon="11.020182967185974">
        <ele>2062.38</ele>
      </trkpt>
      <trkpt lat="47.20605899579823" lon="11.020193947479129">
        <ele>2062.57</ele>
      </trkpt>
      <trkpt lat="47.206050949171185" lon="11.02021993137896">
        <ele>2062.77</ele>
      </trkpt>
      <trkpt lat="47.206047931686044" lon="11.020245999097824">
        <ele>2062.96</ele>
      </trkpt>
      <trkpt lat="47.20604097470641" lon="11.020271982997656">
        <ele>2063.15</ele>
      </trkpt>
      <trkpt lat="47.206025971099734" lon="11.020292937755585">
        <ele>2063.35</ele>
      </trkpt>
      <trkpt lat="47.206007950007915" lon="11.020297966897488">
        <ele>2063.55</ele>
      </trkpt>
      <trkpt lat="47.205987917259336" lon="11.020298972725868">
        <ele>2063.76</ele>
      </trkpt>
      <trkpt lat="47.20597199164331" lon="11.020298972725868">
        <ele>2063.97</ele>
      </trkpt>
      <trkpt lat="47.20595397055149" lon="11.02030391804874">
        <ele>2064.18</ele>
      </trkpt>
      <trkpt lat="47.205942990258336" lon="11.020319927483797">
        <ele>2064.39</ele>
      </trkpt>
      <trkpt lat="47.20592999830842" lon="11.020339960232377">
        <ele>2064.6</ele>
      </trkpt>
      <trkpt lat="47.20591591671109" lon="11.020358987152576">
        <ele>2064.82</ele>
      </trkpt>
      <trkpt lat="47.205898985266685" lon="11.020371979102492">
        <ele>2065.04</ele>
      </trkpt>
      <trkpt lat="47.20588197000325" lon="11.020370973274112">
        <ele>2065.27</ele>
      </trkpt>
      <trkpt lat="47.20586394891143" lon="11.020363932475448">
        <ele>2065.5</ele>
      </trkpt>
      <trkpt lat="47.20584793947637" lon="11.020352952182293">
        <ele>2065.74</ele>
      </trkpt>
      <trkpt lat="47.205834947526455" lon="11.020336942747235">
        <ele>2065.98</ele>
      </trkpt>
      <trkpt lat="47.20581994391978" lon="11.02032395079732">
        <ele>2066.22</ele>
      </trkpt>
      <trkpt lat="47.20580192282796" lon="11.020311964675784">
        <ele>2066.47</ele>
      </trkpt>
      <trkpt lat="47.20578398555517" lon="11.02030299603939">
        <ele>2066.72</ele>
      </trkpt>
      <trkpt lat="47.20576395280659" lon="11.020296961069107">
        <ele>2066.98</ele>
      </trkpt>
      <trkpt lat="47.205747943371534" lon="11.020291931927204">
        <ele>2067.24</ele>
      </trkpt>
      <trkpt lat="47.205727994441986" lon="11.020285980775952">
        <ele>2067.51</ele>
      </trkpt>
      <trkpt lat="47.205707961693406" lon="11.02028195746243">
        <ele>2067.78</ele>
      </trkpt>
      <trkpt lat="47.20569195225835" lon="11.020275922492146">
        <ele>2068.05</ele>
      </trkpt>
      <trkpt lat="47.20567594282329" lon="11.020267959684134">
        <ele>2068.32</ele>
      </trkpt>
      <trkpt lat="47.20565993338823" lon="11.02025999687612">
        <ele>2068.6</ele>
      </trkpt>
      <trkpt lat="47.205643923953176" lon="11.020247926935554">
        <ele>2068.89</ele>
      </trkpt>
      <trkpt lat="47.20562598668039" lon="11.02023996412754">
        <ele>2069.18</ele>
      </trkpt>
      <trkpt lat="47.20560897141695" lon="11.020231917500496">
        <ele>2069.47</ele>
      </trkpt>
      <trkpt lat="47.20559396781027" lon="11.020222948864102">
        <ele>2069.77</ele>
      </trkpt>
      <trkpt lat="47.205578964203596" lon="11.02021599188447">
        <ele>2070.06</ele>
      </trkpt>
      <trkpt lat="47.20556194894016" lon="11.020206939429045">
        <ele>2070.36</ele>
      </trkpt>
      <trkpt lat="47.20554493367672" lon="11.020199982449412">
        <ele>2070.67</ele>
      </trkpt>
      <trkpt lat="47.205532947555184" lon="11.020189924165606">
        <ele>2070.97</ele>
      </trkpt>
      <trkpt lat="47.205515932291746" lon="11.020180955529213">
        <ele>2071.28</ele>
      </trkpt>
      <trkpt lat="47.20549698919058" lon="11.02017592638731">
        <ele>2071.6</ele>
      </trkpt>
      <trkpt lat="47.205476956442" lon="11.02017399854958">
        <ele>2071.91</ele>
      </trkpt>
      <trkpt lat="47.20546195283532" lon="11.020170981064439">
        <ele>2072.23</ele>
      </trkpt>
      <trkpt lat="47.205446949228644" lon="11.020166957750916">
        <ele>2072.54</ele>
      </trkpt>
      <trkpt lat="47.20543496310711" lon="11.020156983286142">
        <ele>2072.86</ele>
      </trkpt>
      <trkpt lat="47.205425994470716" lon="11.020140973851085">
        <ele>2073.18</ele>
      </trkpt>
      <trkpt lat="47.20541291870177" lon="11.020127981901169">
        <ele>2073.5</ele>
      </trkpt>
      <trkpt lat="47.20539598725736" lon="11.020117923617363">
        <ele>2073.83</ele>
      </trkpt>
      <trkpt lat="47.20537595450878" lon="11.020112978294492">
        <ele>2074.15</ele>
      </trkpt>
      <trkpt lat="47.20535893924534" lon="11.02011096663773">
        <ele>2074.48</ele>
      </trkpt>
      <trkpt lat="47.205342929810286" lon="11.020111972466111">
        <ele>2074.8</ele>
      </trkpt>
      <trkpt lat="47.20532599836588" lon="11.02010895498097">
        <ele>2075.12</ele>
      </trkpt>
      <trkpt lat="47.20531392842531" lon="11.020098980516195">
        <ele>2075.44</ele>
      </trkpt>
      <trkpt lat="47.20530194230378" lon="11.02008598856628">
        <ele>2075.76</ele>
      </trkpt>
      <trkpt lat="47.20528995618224" lon="11.020069979131222">
        <ele>2076.08</ele>
      </trkpt>
      <trkpt lat="47.205275958403945" lon="11.020053969696164">
        <ele>2076.4</ele>
      </trkpt>
      <trkpt lat="47.205257937312126" lon="11.020041983574629">
        <ele>2076.72</ele>
      </trkpt>
      <trkpt lat="47.20523991622031" lon="11.020036954432726">
        <ele>2077.04</ele>
      </trkpt>
      <trkpt lat="47.20522197894752" lon="11.020035948604345">
        <ele>2077.35</ele>
      </trkpt>
      <trkpt lat="47.20520496368408" lon="11.020035948604345">
        <ele>2077.65</ele>
      </trkpt>
      <trkpt lat="47.205188954249024" lon="11.020035948604345">
        <ele>2077.95</ele>
      </trkpt>
      <trkpt lat="47.205170933157206" lon="11.020033936947584">
        <ele>2078.25</ele>
      </trkpt>
      <trkpt lat="47.20515492372215" lon="11.020030919462442">
        <ele>2078.55</ele>
      </trkpt>
      <trkpt lat="47.20513799227774" lon="11.020029997453094">
        <ele>2078.84</ele>
      </trkpt>
      <trkpt lat="47.20511896535754" lon="11.020026979967952">
        <ele>2079.12</ele>
      </trkpt>
      <trkpt lat="47.20509792678058" lon="11.02002396248281">
        <ele>2079.41</ele>
      </trkpt>
      <trkpt lat="47.20507797785103" lon="11.020019939169288">
        <ele>2079.69</ele>
      </trkpt>
      <trkpt lat="47.205061968415976" lon="11.020015999674797">
        <ele>2079.96</ele>
      </trkpt>
      <trkpt lat="47.20504394732416" lon="11.020011976361275">
        <ele>2080.23</ele>
      </trkpt>
      <trkpt lat="47.20502492040396" lon="11.020007953047752">
        <ele>2080.49</ele>
      </trkpt>
      <trkpt lat="47.20500991679728" lon="11.020001918077469">
        <ele>2080.75</ele>
      </trkpt>
      <trkpt lat="47.204995919018984" lon="11.019995966926217">
        <ele>2081.0</ele>
      </trkpt>
      <trkpt lat="47.20498493872583" lon="11.019983980804682">
        <ele>2081.25</ele>
      </trkpt>
      <trkpt lat="47.20497194677591" lon="11.019964953884482">
        <ele>2081.49</ele>
      </trkpt>
      <trkpt lat="47.204954931512475" lon="11.019953973591328">
        <ele>2081.73</ele>
      </trkpt>
      <trkpt lat="47.20493791624904" lon="11.019954979419708">
        <ele>2081.95</ele>
      </trkpt>
      <trkpt lat="47.20492492429912" lon="11.019963948056102">
        <ele>2082.16</ele>
      </trkpt>
      <trkpt lat="47.204911932349205" lon="11.019973922520876">
        <ele>2082.37</ele>
      </trkpt>
      <trkpt lat="47.20489793457091" lon="11.019982974976301">
        <ele>2082.57</ele>
      </trkpt>
      <trkpt lat="47.20488393679261" lon="11.019990937784314">
        <ele>2082.76</ele>
      </trkpt>
      <trkpt lat="47.20487396232784" lon="11.019984986633062">
        <ele>2082.95</ele>
      </trkpt>
      <trkpt lat="47.20485996454954" lon="11.019977945834398">
        <ele>2083.14</ele>
      </trkpt>
      <trkpt lat="47.204844960942864" lon="11.019969983026385">
        <ele>2083.32</ele>
      </trkpt>
      <trkpt lat="47.20483196899295" lon="11.019965959712863">
        <ele>2083.5</ele>
      </trkpt>
      <trkpt lat="47.20481897704303" lon="11.019962942227721">
        <ele>2083.66</ele>
      </trkpt>
      <trkpt lat="47.2048069909215" lon="11.01996093057096">
        <ele>2083.82</ele>
      </trkpt>
      <trkpt lat="47.20479693263769" lon="11.019969983026385">
        <ele>2083.98</ele>
      </trkpt>
      <trkpt lat="47.20478896982968" lon="11.01997995749116">
        <ele>2084.12</ele>
      </trkpt>
      <trkpt lat="47.204777989536524" lon="11.019989931955934">
        <ele>2084.26</ele>
      </trkpt>
      <trkpt lat="47.20476793125272" lon="11.019998984411359">
        <ele>2084.4</ele>
      </trkpt>
      <trkpt lat="47.20475594513118" lon="11.019998984411359">
        <ele>2084.54</ele>
      </trkpt>
      <trkpt lat="47.20474395900965" lon="11.019991943612695">
        <ele>2084.68</ele>
      </trkpt>
      <trkpt lat="47.20473096705973" lon="11.019983980804682">
        <ele>2084.81</ele>
      </trkpt>
      <trkpt lat="47.20471395179629" lon="11.01997995749116">
        <ele>2084.94</ele>
      </trkpt>
      <trkpt lat="47.20470397733152" lon="11.019989931955934">
        <ele>2085.06</ele>
      </trkpt>
      <trkpt lat="47.20469391904771" lon="11.02000099606812">
        <ele>2085.18</ele>
      </trkpt>
      <trkpt lat="47.20468193292618" lon="11.020008958876133">
        <ele>2085.3</ele>
      </trkpt>
      <trkpt lat="47.20466592349112" lon="11.020009964704514">
        <ele>2085.41</ele>
      </trkpt>
      <trkpt lat="47.204649997875094" lon="11.02000292390585">
        <ele>2085.53</ele>
      </trkpt>
      <trkpt lat="47.20463499426842" lon="11.02000292390585">
        <ele>2085.64</ele>
      </trkpt>
      <trkpt lat="47.20462393015623" lon="11.020009964704514">
        <ele>2085.75</ele>
      </trkpt>
      <trkpt lat="47.20461395569146" lon="11.02002396248281">
        <ele>2085.85</ele>
      </trkpt>
      <trkpt lat="47.204605992883444" lon="11.020035948604345">
        <ele>2085.95</ele>
      </trkpt>
      <trkpt lat="47.20459492877126" lon="11.020049946382642">
        <ele>2086.05</ele>
      </trkpt>
      <trkpt lat="47.20458193682134" lon="11.020059920847416">
        <ele>2086.14</ele>
      </trkpt>
      <trkpt lat="47.204569950699806" lon="11.0200659558177">
        <ele>2086.24</ele>
      </trkpt>
      <trkpt lat="47.20455997623503" lon="11.020063944160938">
        <ele>2086.34</ele>
      </trkpt>
      <trkpt lat="47.2045479901135" lon="11.020055981352925">
        <ele>2086.43</ele>
      </trkpt>
      <trkpt lat="47.20453298650682" lon="11.020057993009686">
        <ele>2086.53</ele>
      </trkpt>
      <trkpt lat="47.20452192239463" lon="11.02006696164608">
        <ele>2086.61</ele>
      </trkpt>
      <trkpt lat="47.20451395958662" lon="11.020082971081138">
        <ele>2086.69</ele>
      </trkpt>
      <trkpt lat="47.204502979293466" lon="11.020098980516195">
        <ele>2086.78</ele>
      </trkpt>
      <trkpt lat="47.20449292100966" lon="11.020113984122872">
        <ele>2086.86</ele>
      </trkpt>
      <trkpt lat="47.204482946544886" lon="11.02012999355793">
        <ele>2086.94</ele>
      </trkpt>
      <trkpt lat="47.20447196625173" lon="11.020142985507846">
        <ele>2087.03</ele>
      </trkpt>
      <trkpt lat="47.204458974301815" lon="11.02015195414424">
        <ele>2087.11</ele>
      </trkpt>
      <trkpt lat="47.20444497652352" lon="11.02015195414424">
        <ele>2087.21</ele>
      </trkpt>
      <trkpt lat="47.20442997291684" lon="11.020150948315859">
        <ele>2087.3</ele>
      </trkpt>
      <trkpt lat="47.204416980966926" lon="11.02015295997262">
        <ele>2087.39</ele>
      </trkpt>
      <trkpt lat="47.2044079285115" lon="11.020166957750916">
        <ele>2087.48</ele>
      </trkpt>
      <trkpt lat="47.20440398901701" lon="11.020187996327877">
        <ele>2087.56</ele>
      </trkpt>
      <trkpt lat="47.204393930733204" lon="11.020206939429045">
        <ele>2087.66</ele>
      </trkpt>
      <trkpt lat="47.20437993295491" lon="11.02021699771285">
        <ele>2087.76</ele>
      </trkpt>
      <trkpt lat="47.20436492934823" lon="11.02021993137896">
        <ele>2087.86</ele>
      </trkpt>
      <trkpt lat="47.20434992574155" lon="11.02021993137896">
        <ele>2087.97</ele>
      </trkpt>
      <trkpt lat="47.204333916306496" lon="11.020222948864102">
        <ele>2088.08</ele>
      </trkpt>
      <trkpt lat="47.20432092435658" lon="11.02023795247078">
        <ele>2088.18</ele>
      </trkpt>
      <trkpt lat="47.20431497320533" lon="11.020255973562598">
        <ele>2088.29</ele>
      </trkpt>
      <trkpt lat="47.204309944063425" lon="11.020277934148908">
        <ele>2088.39</ele>
      </trkpt>
      <trkpt lat="47.204304998740554" lon="11.020298972725868">
        <ele>2088.5</ele>
      </trkpt>
      <trkpt lat="47.20429494045675" lon="11.020315987989306">
        <ele>2088.61</ele>
      </trkpt>
      <trkpt lat="47.20428194850683" lon="11.020326968282461">
        <ele>2088.73</ele>
      </trkpt>
      <trkpt lat="47.20427197404206" lon="11.020341971889138">
        <ele>2088.85</ele>
      </trkpt>
      <trkpt lat="47.20425898209214" lon="11.020353958010674">
        <ele>2088.97</ele>
      </trkpt>
      <trkpt lat="47.204244984313846" lon="11.020359992980957">
        <ele>2089.09</ele>
      </trkpt>
      <trkpt lat="47.20422998070717" lon="11.020361920818686">
        <ele>2089.22</ele>
      </trkpt>
      <trkpt lat="47.20421397127211" lon="11.020358987152576">
        <ele>2089.36</ele>
      </trkpt>
      <trkpt lat="47.20419796183705" lon="11.020358987152576">
        <ele>2089.49</ele>
      </trkpt>
      <trkpt lat="47.204182958230376" lon="11.020361920818686">
        <ele>2089.63</ele>
      </trkpt>
      <trkpt lat="47.2041729837656" lon="11.020376924425364">
        <ele>2089.76</ele>
      </trkpt>
      <trkpt lat="47.204161919653416" lon="11.020392933860421">
        <ele>2089.9</ele>
      </trkpt>
      <trkpt lat="47.20415194518864" lon="11.020405925810337">
        <ele>2090.03</ele>
      </trkpt>
      <trkpt lat="47.20414197072387" lon="11.020419923588634">
        <ele>2090.17</ele>
      </trkpt>
      <trkpt lat="47.20412998460233" lon="11.02043492719531">
        <ele>2090.31</ele>
      </trkpt>
      <trkpt lat="47.204118920490146" lon="11.02045294828713">
        <ele>2090.45</ele>
      </trkpt>
      <trkpt lat="47.20410592854023" lon="11.020471975207329">
        <ele>2090.59</ele>
      </trkpt>
      <trkpt lat="47.20409193076193" lon="11.020485972985625">
        <ele>2090.73</ele>
      </trkpt>
      <trkpt lat="47.2040799446404" lon="11.020502988249063">
        <ele>2090.87</ele>
      </trkpt>
      <trkpt lat="47.20406695269048" lon="11.02051698602736">
        <ele>2091.02</ele>
      </trkpt>
      <trkpt lat="47.204052954912186" lon="11.020529977977276">
        <ele>2091.17</ele>
      </trkpt>
      <trkpt lat="47.20403996296227" lon="11.020545987412333">
        <ele>2091.31</ele>
      </trkpt>
      <trkpt lat="47.20402495935559" lon="11.020553950220346">
        <ele>2091.47</ele>
      </trkpt>
      <trkpt lat="47.204010961577296" lon="11.02055998519063">
        <ele>2091.62</ele>
      </trkpt>
      <trkpt lat="47.20399998128414" lon="11.020574988797307">
        <ele>2091.77</ele>
      </trkpt>
      <trkpt lat="47.203988917171955" lon="11.020584963262081">
        <ele>2091.93</ele>
      </trkpt>
      <trkpt lat="47.20397592522204" lon="11.020598961040378">
        <ele>2092.08</ele>
      </trkpt>
      <trkpt lat="47.20396192744374" lon="11.020614970475435">
        <ele>2092.25</ele>
      </trkpt>
      <trkpt lat="47.20394994132221" lon="11.020629974082112">
        <ele>2092.41</ele>
      </trkpt>
      <trkpt lat="47.20393694937229" lon="11.020640954375267">
        <ele>2092.57</ele>
      </trkpt>
      <trkpt lat="47.203924963250756" lon="11.020652940496802">
        <ele>2092.74</ele>
      </trkpt>
      <trkpt lat="47.20391599461436" lon="11.020672973245382">
        <ele>2092.9</ele>
      </trkpt>
      <trkpt lat="47.2039089538157" lon="11.020690994337201">
        <ele>2093.06</ele>
      </trkpt>
      <trkpt lat="47.20389696769416" lon="11.020707925781608">
        <ele>2093.23</ele>
      </trkpt>
      <trkpt lat="47.20388598740101" lon="11.020723935216665">
        <ele>2093.39</ele>
      </trkpt>
      <trkpt lat="47.20387299545109" lon="11.020739944651723">
        <ele>2093.55</ele>
      </trkpt>
      <trkpt lat="47.203858997672796" lon="11.020747991278768">
        <ele>2093.72</ele>
      </trkpt>
      <trkpt lat="47.20384298823774" lon="11.020759977400303">
        <ele>2093.88</ele>
      </trkpt>
      <trkpt lat="47.20382396131754" lon="11.020768946036696">
        <ele>2094.06</ele>
      </trkpt>
      <trkpt lat="47.2038069460541" lon="11.02077598683536">
        <ele>2094.22</ele>
      </trkpt>
      <trkpt lat="47.20378599129617" lon="11.020780932158232">
        <ele>2094.39</ele>
      </trkpt>
      <trkpt lat="47.203769981861115" lon="11.02077892050147">
        <ele>2094.55</ele>
      </trkpt>
      <trkpt lat="47.20375497825444" lon="11.020768946036696">
        <ele>2094.71</ele>
      </trkpt>
      <trkpt lat="47.203737962991" lon="11.020759977400303">
        <ele>2094.87</ele>
      </trkpt>
      <trkpt lat="47.20372195355594" lon="11.020745979622006">
        <ele>2095.03</ele>
      </trkpt>
      <trkpt lat="47.203709967434406" lon="11.020726952701807">
        <ele>2095.18</ele>
      </trkpt>
      <trkpt lat="47.20369898714125" lon="11.020703986287117">
        <ele>2095.32</ele>
      </trkpt>
      <trkpt lat="47.20369094051421" lon="11.020679930225015">
        <ele>2095.46</ele>
      </trkpt>
      <trkpt lat="47.20368096604943" lon="11.020661992952228">
        <ele>2095.59</ele>
      </trkpt>
      <trkpt lat="47.20367392525077" lon="11.020641960203648">
        <ele>2095.71</ele>
      </trkpt>
      <trkpt lat="47.20367099158466" lon="11.020617987960577">
        <ele>2095.83</ele>
      </trkpt>
      <trkpt lat="47.20367392525077" lon="11.020589992403984">
        <ele>2095.94</ele>
      </trkpt>
      <trkpt lat="47.203683983534575" lon="11.02056291885674">
        <ele>2096.04</ele>
      </trkpt>
      <trkpt lat="47.20369295217097" lon="11.02053995244205">
        <ele>2096.14</ele>
      </trkpt>
      <trkpt lat="47.203705944120884" lon="11.020521931350231">
        <ele>2096.23</ele>
      </trkpt>
      <trkpt lat="47.20372094772756" lon="11.020501982420683">
        <ele>2096.32</ele>
      </trkpt>
      <trkpt lat="47.20373595133424" lon="11.020482955500484">
        <ele>2096.4</ele>
      </trkpt>
      <trkpt lat="47.2037429921329" lon="11.020461916923523">
        <ele>2096.48</ele>
      </trkpt>
      <trkpt lat="47.203748943284154" lon="11.020441967993975">
        <ele>2096.55</ele>
      </trkpt>
      <trkpt lat="47.20375891774893" lon="11.020422941073775">
        <ele>2096.62</ele>
      </trkpt>
      <trkpt lat="47.20376696437597" lon="11.020400980487466">
        <ele>2096.69</ele>
      </trkpt>
      <trkpt lat="47.20377995632589" lon="11.020380947738886">
        <ele>2096.75</ele>
      </trkpt>
      <trkpt lat="47.203794959932566" lon="11.020362926647067">
        <ele>2096.8</ele>
      </trkpt>
      <trkpt lat="47.20380996353924" lon="11.020349934697151">
        <ele>2096.85</ele>
      </trkpt>
      <trkpt lat="47.20382396131754" lon="11.020337948575616">
        <ele>2096.89</ele>
      </trkpt>
      <trkpt lat="47.203834941610694" lon="11.020319927483797">
        <ele>2096.93</ele>
      </trkpt>
      <trkpt lat="47.20384893938899" lon="11.02030492387712">
        <ele>2096.96</ele>
      </trkpt>
      <trkpt lat="47.203859919682145" lon="11.020284974947572">
        <ele>2097.0</ele>
      </trkpt>
      <trkpt lat="47.20386494882405" lon="11.020263936370611">
        <ele>2097.03</ele>
      </trkpt>
      <trkpt lat="47.20387098379433" lon="11.020244993269444">
        <ele>2097.06</ele>
      </trkpt>
      <trkpt lat="47.20387391746044" lon="11.020225966349244">
        <ele>2097.09</ele>
      </trkpt>
      <trkpt lat="47.20387198962271" lon="11.020206939429045">
        <ele>2097.11</ele>
      </trkpt>
      <trkpt lat="47.20387098379433" lon="11.020185984671116">
        <ele>2097.13</ele>
      </trkpt>
      <trkpt lat="47.20387492328882" lon="11.020164946094155">
        <ele>2097.15</ele>
      </trkpt>
      <trkpt lat="47.203881964087486" lon="11.020143991336226">
        <ele>2097.16</ele>
      </trkpt>
      <trkpt lat="47.20388699322939" lon="11.020120941102505">
        <ele>2097.17</ele>
      </trkpt>
      <trkpt lat="47.20389696769416" lon="11.020107949152589">
        <ele>2097.17</ele>
      </trkpt>
      <trkpt lat="47.20391197130084" lon="11.020105937495828">
        <ele>2097.17</ele>
      </trkpt>
      <trkpt lat="47.20392898656428" lon="11.020099986344576">
        <ele>2097.17</ele>
      </trkpt>
      <trkpt lat="47.20393996685743" lon="11.020082971081138">
        <ele>2097.17</ele>
      </trkpt>
      <trkpt lat="47.203946923837066" lon="11.020061932504177">
        <ele>2097.18</ele>
      </trkpt>
      <trkpt lat="47.20395597629249" lon="11.020038966089487">
        <ele>2097.19</ele>
      </trkpt>
      <trkpt lat="47.203963939100504" lon="11.020021950826049">
        <ele>2097.2</ele>
      </trkpt>
      <trkpt lat="47.20397097989917" lon="11.02000099606812">
        <ele>2097.21</ele>
      </trkpt>
      <trkpt lat="47.20397693105042" lon="11.019983980804682">
        <ele>2097.23</ele>
      </trkpt>
      <trkpt lat="47.20398196019232" lon="11.019962942227721">
        <ele>2097.24</ele>
      </trkpt>
      <trkpt lat="47.20399394631386" lon="11.019944921135902">
        <ele>2097.26</ele>
      </trkpt>
      <trkpt lat="47.2040019929409" lon="11.019924972206354">
        <ele>2097.29</ele>
      </trkpt>
      <trkpt lat="47.204010961577296" lon="11.019905945286155">
        <ele>2097.32</ele>
      </trkpt>
      <trkpt lat="47.20401397906244" lon="11.019889935851097">
        <ele>2097.36</ele>
      </trkpt>
      <trkpt lat="47.20401297323406" lon="11.019869986921549">
        <ele>2097.4</ele>
      </trkpt>
      <trkpt lat="47.20401196740568" lon="11.019846936687827">
        <ele>2097.46</ele>
      </trkpt>
      <trkpt lat="47.20401498489082" lon="11.019821958616376">
        <ele>2097.53</ele>
      </trkpt>
      <trkpt lat="47.20402395352721" lon="11.019801925867796">
        <ele>2097.6</ele>
      </trkpt>
      <trkpt lat="47.20403694547713" lon="11.01978499442339">
        <ele>2097.66</ele>
      </trkpt>
      <trkpt lat="47.204052954912186" lon="11.019775941967964">
        <ele>2097.73</ele>
      </trkpt>
      <trkpt lat="47.20406494103372" lon="11.019762950018048">
        <ele>2097.8</ele>
      </trkpt>
      <trkpt lat="47.20407793298364" lon="11.01974593475461">
        <ele>2097.89</ele>
      </trkpt>
      <trkpt lat="47.20408799126744" lon="11.019724979996681">
        <ele>2097.99</ele>
      </trkpt>
      <trkpt lat="47.204093942418694" lon="11.019705953076482">
        <ele>2098.1</ele>
      </trkpt>
      <trkpt lat="47.20408991910517" lon="11.019687931984663">
        <ele>2098.22</ele>
      </trkpt>
      <trkpt lat="47.20408698543906" lon="11.019666977226734">
        <ele>2098.35</ele>
      </trkpt>
      <trkpt lat="47.20408698543906" lon="11.019643926993012">
        <ele>2098.49</ele>
      </trkpt>
      <trkpt lat="47.204095954075456" lon="11.019625989720225">
        <ele>2098.64</ele>
      </trkpt>
      <trkpt lat="47.204112969338894" lon="11.019613919779658">
        <ele>2098.78</ele>
      </trkpt>
      <trkpt lat="47.20412797294557" lon="11.019605956971645">
        <ele>2098.93</ele>
      </trkpt>
      <trkpt lat="47.204138953238726" lon="11.019587935879827">
        <ele>2099.1</ele>
      </trkpt>
      <trkpt lat="47.20414599403739" lon="11.019566981121898">
        <ele>2099.28</ele>
      </trkpt>
      <trkpt lat="47.2041489277035" lon="11.019543930888176">
        <ele>2099.48</ele>
      </trkpt>
      <trkpt lat="47.204156974330544" lon="11.019524987787008">
        <ele>2099.67</ele>
      </trkpt>
      <trkpt lat="47.20416393131018" lon="11.01950797252357">
        <ele>2099.88</ele>
      </trkpt>
      <trkpt lat="47.20416996628046" lon="11.01948793977499">
        <ele>2100.1</ele>
      </trkpt>
      <trkpt lat="47.20417692326009" lon="11.01946597918868">
        <ele>2100.33</ele>
      </trkpt>
      <trkpt lat="47.204182958230376" lon="11.019448963925242">
        <ele>2100.56</ele>
      </trkpt>
      <trkpt lat="47.20418999902904" lon="11.019428931176662">
        <ele>2100.81</ele>
      </trkpt>
      <trkpt lat="47.204198967665434" lon="11.019410993903875">
        <ele>2101.06</ele>
      </trkpt>
      <trkpt lat="47.204201985150576" lon="11.019390961155295">
        <ele>2101.33</ele>
      </trkpt>
      <trkpt lat="47.204201985150576" lon="11.019370928406715">
        <ele>2101.61</ele>
      </trkpt>
      <trkpt lat="47.204199973493814" lon="11.019349973648787">
        <ele>2101.89</ele>
      </trkpt>
      <trkpt lat="47.20419695600867" lon="11.019324995577335">
        <ele>2102.19</ele>
      </trkpt>
      <trkpt lat="47.20419293269515" lon="11.019303957000375">
        <ele>2102.49</ele>
      </trkpt>
      <trkpt lat="47.20419393852353" lon="11.019280990585685">
        <ele>2102.79</ele>
      </trkpt>
      <trkpt lat="47.204201985150576" lon="11.019263975322247">
        <ele>2103.09</ele>
      </trkpt>
      <trkpt lat="47.20421397127211" lon="11.019247965887189">
        <ele>2103.4</ele>
      </trkpt>
      <trkpt lat="47.204224951565266" lon="11.019231956452131">
        <ele>2103.71</ele>
      </trkpt>
      <trkpt lat="47.20423199236393" lon="11.01921091787517">
        <ele>2104.03</ele>
      </trkpt>
      <trkpt lat="47.20422897487879" lon="11.019193986430764">
        <ele>2104.35</ele>
      </trkpt>
      <trkpt lat="47.204223945736885" lon="11.019177976995707">
        <ele>2104.68</ele>
      </trkpt>
      <trkpt lat="47.204221934080124" lon="11.019159955903888">
        <ele>2105.01</ele>
      </trkpt>
      <trkpt lat="47.20421799458563" lon="11.019137995317578">
        <ele>2105.34</ele>
      </trkpt>
      <trkpt lat="47.20421698875725" lon="11.019115950912237">
        <ele>2105.67</ele>
      </trkpt>
      <trkpt lat="47.20422092825174" lon="11.019093990325928">
        <ele>2106.01</ele>
      </trkpt>
      <trkpt lat="47.20422897487879" lon="11.019071945920587">
        <ele>2106.33</ele>
      </trkpt>
      <trkpt lat="47.20423794351518" lon="11.019051996991038">
        <ele>2106.66</ele>
      </trkpt>
      <trkpt lat="47.204243978485465" lon="11.01903397589922">
        <ele>2106.99</ele>
      </trkpt>
      <trkpt lat="47.2042509354651" lon="11.019011931493878">
        <ele>2107.31</ele>
      </trkpt>
      <trkpt lat="47.20425395295024" lon="11.018989970907569">
        <ele>2107.63</ele>
      </trkpt>
      <trkpt lat="47.20425495877862" lon="11.018969938158989">
        <ele>2107.96</ele>
      </trkpt>
      <trkpt lat="47.20425294712186" lon="11.01895191706717">
        <ele>2108.27</ele>
      </trkpt>
      <trkpt lat="47.20424699597061" lon="11.018935991451144">
        <ele>2108.59</ele>
      </trkpt>
      <trkpt lat="47.20424096100032" lon="11.018913947045803">
        <ele>2108.9</ele>
      </trkpt>
      <trkpt lat="47.20423995517194" lon="11.018890980631113">
        <ele>2109.2</ele>
      </trkpt>
      <trkpt lat="47.204244984313846" lon="11.018867930397391">
        <ele>2109.5</ele>
      </trkpt>
      <trkpt lat="47.20425797626376" lon="11.018845969811082">
        <ele>2109.78</ele>
      </trkpt>
      <trkpt lat="47.2042699623853" lon="11.018826942890882">
        <ele>2110.06</ele>
      </trkpt>
      <trkpt lat="47.20428194850683" lon="11.018808921799064">
        <ele>2110.33</ele>
      </trkpt>
      <trkpt lat="47.204288989305496" lon="11.018789978697896">
        <ele>2110.59</ele>
      </trkpt>
      <trkpt lat="47.20429594628513" lon="11.018767934292555">
        <ele>2110.85</ele>
      </trkpt>
      <trkpt lat="47.20429795794189" lon="11.018746979534626">
        <ele>2111.12</ele>
      </trkpt>
      <trkpt lat="47.20429494045675" lon="11.018728958442807">
        <ele>2111.37</ele>
      </trkpt>
      <trkpt lat="47.204291922971606" lon="11.018709931522608">
        <ele>2111.63</ele>
      </trkpt>
      <trkpt lat="47.204288989305496" lon="11.01868998259306">
        <ele>2111.87</ele>
      </trkpt>
      <trkpt lat="47.204291922971606" lon="11.018667938187718">
        <ele>2112.1</ele>
      </trkpt>
      <trkpt lat="47.20429393462837" lon="11.018645977601409">
        <ele>2112.33</ele>
      </trkpt>
      <trkpt lat="47.20430399291217" lon="11.018624939024448">
        <ele>2112.53</ele>
      </trkpt>
      <trkpt lat="47.20431899651885" lon="11.01860691793263">
        <ele>2112.73</ele>
      </trkpt>
      <trkpt lat="47.204331988468766" lon="11.018591998144984">
        <ele>2112.92</ele>
      </trkpt>
      <trkpt lat="47.20433693379164" lon="11.018571965396404">
        <ele>2113.11</ele>
      </trkpt>
      <trkpt lat="47.2043439745903" lon="11.018555955961347">
        <ele>2113.29</ele>
      </trkpt>
      <trkpt lat="47.20435596071184" lon="11.018538940697908">
        <ele>2113.47</ele>
      </trkpt>
      <trkpt lat="47.20436291769147" lon="11.01851798593998">
        <ele>2113.64</ele>
      </trkpt>
      <trkpt lat="47.20435998402536" lon="11.01849996484816">
        <ele>2113.82</ele>
      </trkpt>
      <trkpt lat="47.20435696654022" lon="11.018481943756342">
        <ele>2114.0</ele>
      </trkpt>
      <trkpt lat="47.20435897819698" lon="11.018459983170033">
        <ele>2114.17</ele>
      </trkpt>
      <trkpt lat="47.20436995849013" lon="11.0184339992702">
        <ele>2114.34</ele>
      </trkpt>
      <trkpt lat="47.20438496209681" lon="11.01841396652162">
        <ele>2114.51</ele>
      </trkpt>
      <trkpt lat="47.204397954046726" lon="11.018395945429802">
        <ele>2114.67</ele>
      </trkpt>
      <trkpt lat="47.20441094599664" lon="11.018381947651505">
        <ele>2114.82</ele>
      </trkpt>
      <trkpt lat="47.2044219262898" lon="11.018365938216448">
        <ele>2114.98</ele>
      </trkpt>
      <trkpt lat="47.204433996230364" lon="11.018347917124629">
        <ele>2115.12</ele>
      </trkpt>
      <trkpt lat="47.204439947381616" lon="11.018323944881558">
        <ele>2115.27</ele>
      </trkpt>
      <trkpt lat="47.204438941553235" lon="11.018299972638488">
        <ele>2115.42</ele>
      </trkpt>
      <trkpt lat="47.20443491823971" lon="11.018277928233147">
        <ele>2115.56</ele>
      </trkpt>
      <trkpt lat="47.204436929896474" lon="11.018253955990076">
        <ele>2115.69</ele>
      </trkpt>
      <trkpt lat="47.20444497652352" lon="11.018232917413116">
        <ele>2115.8</ele>
      </trkpt>
      <trkpt lat="47.204457968473434" lon="11.018213974311948">
        <ele>2115.92</ele>
      </trkpt>
      <trkpt lat="47.20447196625173" lon="11.018201988190413">
        <ele>2116.03</ele>
      </trkpt>
      <trkpt lat="47.20448596403003" lon="11.018190924078226">
        <ele>2116.14</ele>
      </trkpt>
      <trkpt lat="47.204500967636704" lon="11.01817793212831">
        <ele>2116.25</ele>
      </trkpt>
      <trkpt lat="47.20451295375824" lon="11.018159994855523">
        <ele>2116.36</ele>
      </trkpt>
      <trkpt lat="47.204514965415" lon="11.018137950450182">
        <ele>2116.48</ele>
      </trkpt>
      <trkpt lat="47.20451094210148" lon="11.018115989863873">
        <ele>2116.6</ele>
      </trkpt>
      <trkpt lat="47.20451395958662" lon="11.018088916316628">
        <ele>2116.71</ele>
      </trkpt>
      <trkpt lat="47.20451697707176" lon="11.018064944073558">
        <ele>2116.82</ele>
      </trkpt>
      <trkpt lat="47.20453198067844" lon="11.01804994046688">
        <ele>2116.91</ele>
      </trkpt>
      <trkpt lat="47.20455092377961" lon="11.018042983487248">
        <ele>2117.0</ele>
      </trkpt>
      <trkpt lat="47.204565927386284" lon="11.018030997365713">
        <ele>2117.09</ele>
      </trkpt>
      <trkpt lat="47.20458093099296" lon="11.018014987930655">
        <ele>2117.18</ele>
      </trkpt>
      <trkpt lat="47.20458294264972" lon="11.017995961010456">
        <ele>2117.29</ele>
      </trkpt>
      <trkpt lat="47.20457992516458" lon="11.017973916605115">
        <ele>2117.4</ele>
      </trkpt>
      <trkpt lat="47.20458294264972" lon="11.017949944362044">
        <ele>2117.51</ele>
      </trkpt>
      <trkpt lat="47.20459098927677" lon="11.017930917441845">
        <ele>2117.62</ele>
      </trkpt>
      <trkpt lat="47.204608926549554" lon="11.01791993714869">
        <ele>2117.72</ele>
      </trkpt>
      <trkpt lat="47.204629965126514" lon="11.017912980169058">
        <ele>2117.82</ele>
      </trkpt>
      <trkpt lat="47.20464698038995" lon="11.017898982390761">
        <ele>2117.93</ele>
      </trkpt>
      <trkpt lat="47.20465896651149" lon="11.01787299849093">
        <ele>2118.06</ele>
      </trkpt>
      <trkpt lat="47.20466097816825" lon="11.017846930772066">
        <ele>2118.2</ele>
      </trkpt>
      <trkpt lat="47.20466097816825" lon="11.017819941043854">
        <ele>2118.35</ele>
      </trkpt>
      <trkpt lat="47.20466298982501" lon="11.01779194548726">
        <ele>2118.5</ele>
      </trkpt>
      <trkpt lat="47.204672964289784" lon="11.017769984900951">
        <ele>2118.65</ele>
      </trkpt>
      <trkpt lat="47.20468897372484" lon="11.017752969637513">
        <ele>2118.8</ele>
      </trkpt>
      <trkpt lat="47.20470297150314" lon="11.017733942717314">
        <ele>2118.95</ele>
      </trkpt>
      <trkpt lat="47.204716969281435" lon="11.017712987959385">
        <ele>2119.12</ele>
      </trkpt>
      <trkpt lat="47.20472694374621" lon="11.017687926068902">
        <ele>2119.29</ele>
      </trkpt>
      <trkpt lat="47.20472895540297" lon="11.01766294799745">
        <ele>2119.47</ele>
      </trkpt>
      <trkpt lat="47.20472392626107" lon="11.01763897575438">
        <ele>2119.66</ele>
      </trkpt>
      <trkpt lat="47.204717975109816" lon="11.017615925520658">
        <ele>2119.85</ele>
      </trkpt>
      <trkpt lat="47.20471194013953" lon="11.017591953277588">
        <ele>2120.05</ele>
      </trkpt>
      <trkpt lat="47.204716969281435" lon="11.017566975206137">
        <ele>2120.25</ele>
      </trkpt>
      <trkpt lat="47.20472996123135" lon="11.017548954114318">
        <ele>2120.45</ele>
      </trkpt>
      <trkpt lat="47.204738929867744" lon="11.017528921365738">
        <ele>2120.66</ele>
      </trkpt>
      <trkpt lat="47.20474395900965" lon="11.017504949122667">
        <ele>2120.87</ele>
      </trkpt>
      <trkpt lat="47.20474898815155" lon="11.017482988536358">
        <ele>2121.09</ele>
      </trkpt>
      <trkpt lat="47.20475099980831" lon="11.017458932474256">
        <ele>2121.32</ele>
      </trkpt>
      <trkpt lat="47.20474496483803" lon="11.017430936917663">
        <ele>2121.55</ele>
      </trkpt>
      <trkpt lat="47.20473398454487" lon="11.017410987988114">
        <ele>2121.78</ele>
      </trkpt>
      <trkpt lat="47.20472292043269" lon="11.017393972724676">
        <ele>2122.02</ele>
      </trkpt>
      <trkpt lat="47.20470892265439" lon="11.017372934147716">
        <ele>2122.26</ele>
      </trkpt>
      <trkpt lat="47.204699954018" lon="11.017348961904645">
        <ele>2122.5</ele>
      </trkpt>
      <trkpt lat="47.204694924876094" lon="11.017324989661574">
        <ele>2122.74</ele>
      </trkpt>
      <trkpt lat="47.20468897372484" lon="11.017299927771091">
        <ele>2122.99</ele>
      </trkpt>
      <trkpt lat="47.2046809270978" lon="11.01727494969964">
        <ele>2123.23</ele>
      </trkpt>
      <trkpt lat="47.204675981774926" lon="11.01725198328495">
        <ele>2123.48</ele>
      </trkpt>
      <trkpt lat="47.204671958461404" lon="11.01723094470799">
        <ele>2123.72</ele>
      </trkpt>
      <trkpt lat="47.20467095263302" lon="11.017204960808158">
        <ele>2123.97</ele>
      </trkpt>
      <trkpt lat="47.20467698760331" lon="11.017175959423184">
        <ele>2124.21</ele>
      </trkpt>
      <trkpt lat="47.20467698760331" lon="11.017147963866591">
        <ele>2124.46</ele>
      </trkpt>
      <trkpt lat="47.204673970118165" lon="11.017124997451901">
        <ele>2124.7</ele>
      </trkpt>
      <trkpt lat="47.204672964289784" lon="11.017106976360083">
        <ele>2124.94</ele>
      </trkpt>
      <trkpt lat="47.20466198399663" lon="11.017086943611503">
        <ele>2125.19</ele>
      </trkpt>
      <trkpt lat="47.204652931541204" lon="11.017071940004826">
        <ele>2125.44</ele>
      </trkpt>
      <trkpt lat="47.20464496873319" lon="11.017052996903658">
        <ele>2125.69</ele>
      </trkpt>
      <trkpt lat="47.20463499426842" lon="11.0170369874686">
        <ele>2125.93</ele>
      </trkpt>
      <trkpt lat="47.20462393015623" lon="11.017019972205162">
        <ele>2126.18</ele>
      </trkpt>
      <trkpt lat="47.2046169731766" lon="11.016998933628201">
        <ele>2126.43</ele>
      </trkpt>
      <trkpt lat="47.20461596734822" lon="11.01697194389999">
        <ele>2126.66</ele>
      </trkpt>
      <trkpt lat="47.20462099649012" lon="11.016946965828538">
        <ele>2126.9</ele>
      </trkpt>
      <trkpt lat="47.20462594181299" lon="11.016920981928706">
        <ele>2127.13</ele>
      </trkpt>
      <trkpt lat="47.20462191849947" lon="11.016897931694984">
        <ele>2127.36</ele>
      </trkpt>
      <trkpt lat="47.20461496151984" lon="11.016877982765436">
        <ele>2127.59</ele>
      </trkpt>
      <trkpt lat="47.20460498705506" lon="11.016860967501998">
        <ele>2127.83</ele>
      </trkpt>
      <trkpt lat="47.204592917114496" lon="11.01684395223856">
        <ele>2128.06</ele>
      </trkpt>
      <trkpt lat="47.204585960134864" lon="11.01682492531836">
        <ele>2128.29</ele>
      </trkpt>
      <trkpt lat="47.20457598567009" lon="11.016805982217193">
        <ele>2128.52</ele>
      </trkpt>
      <trkpt lat="47.204567939043045" lon="11.016786955296993">
        <ele>2128.74</ele>
      </trkpt>
      <trkpt lat="47.20456098206341" lon="11.016762983053923">
        <ele>2128.95</ele>
      </trkpt>
      <trkpt lat="47.204565927386284" lon="11.01673892699182">
        <ele>2129.15</ele>
      </trkpt>
      <trkpt lat="47.20457296818495" lon="11.016712943091989">
        <ele>2129.35</ele>
      </trkpt>
      <trkpt lat="47.20457296818495" lon="11.016680924221873">
        <ele>2129.56</ele>
      </trkpt>
      <trkpt lat="47.204565927386284" lon="11.016657957807183">
        <ele>2129.76</ele>
      </trkpt>
      <trkpt lat="47.20455695874989" lon="11.016637925058603">
        <ele>2129.97</ele>
      </trkpt>
      <trkpt lat="47.204544972628355" lon="11.016618981957436">
        <ele>2130.18</ele>
      </trkpt>
      <trkpt lat="47.20453692600131" lon="11.016595931723714">
        <ele>2130.38</ele>
      </trkpt>
      <trkpt lat="47.20453592017293" lon="11.016576988622546">
        <ele>2130.58</ele>
      </trkpt>
      <trkpt lat="47.20453097485006" lon="11.016556955873966">
        <ele>2130.78</ele>
      </trkpt>
      <trkpt lat="47.2045289631933" lon="11.016535917297006">
        <ele>2130.97</ele>
      </trkpt>
      <trkpt lat="47.20452996902168" lon="11.016513956710696">
        <ele>2131.16</ele>
      </trkpt>
      <trkpt lat="47.20453097485006" lon="11.016487972810864">
        <ele>2131.35</ele>
      </trkpt>
      <trkpt lat="47.20453793182969" lon="11.016463916748762">
        <ele>2131.54</ele>
      </trkpt>
      <trkpt lat="47.20454899594188" lon="11.016441956162453">
        <ele>2131.72</ele>
      </trkpt>
      <trkpt lat="47.20455796457827" lon="11.016421923413873">
        <ele>2131.9</ele>
      </trkpt>
      <trkpt lat="47.20455997623503" lon="11.01639493368566">
        <ele>2132.09</ele>
      </trkpt>
      <trkpt lat="47.20456198789179" lon="11.01636995561421">
        <ele>2132.28</ele>
      </trkpt>
      <trkpt lat="47.20456098206341" lon="11.016343971714377">
        <ele>2132.48</ele>
      </trkpt>
      <trkpt lat="47.20456098206341" lon="11.016320921480656">
        <ele>2132.67</ele>
      </trkpt>
      <trkpt lat="47.20456098206341" lon="11.016298960894346">
        <ele>2132.87</ele>
      </trkpt>
      <trkpt lat="47.20456198789179" lon="11.016274988651276">
        <ele>2133.06</ele>
      </trkpt>
      <trkpt lat="47.20455897040665" lon="11.016250932589173">
        <ele>2133.26</ele>
      </trkpt>
      <trkpt lat="47.20455796457827" lon="11.016223942860961">
        <ele>2133.47</ele>
      </trkpt>
      <trkpt lat="47.20455293543637" lon="11.016196953132749">
        <ele>2133.68</ele>
      </trkpt>
      <trkpt lat="47.204546984285116" lon="11.016172980889678">
        <ele>2133.89</ele>
      </trkpt>
      <trkpt lat="47.20454195514321" lon="11.016144985333085">
        <ele>2134.1</ele>
      </trkpt>
      <trkpt lat="47.20453692600131" lon="11.016116989776492">
        <ele>2134.32</ele>
      </trkpt>
      <trkpt lat="47.20452996902168" lon="11.0160889942199">
        <ele>2134.54</ele>
      </trkpt>
      <trkpt lat="47.204522928223014" lon="11.016062926501036">
        <ele>2134.75</ele>
      </trkpt>
      <trkpt lat="47.20451395958662" lon="11.016038954257965">
        <ele>2134.97</ele>
      </trkpt>
      <trkpt lat="47.204502979293466" lon="11.016014982014894">
        <ele>2135.19</ele>
      </trkpt>
      <trkpt lat="47.20449099317193" lon="11.015992937609553">
        <ele>2135.4</ele>
      </trkpt>
      <trkpt lat="47.20447791740298" lon="11.015972988680005">
        <ele>2135.61</ele>
      </trkpt>
      <trkpt lat="47.204463919624686" lon="11.015950944274664">
        <ele>2135.82</ele>
      </trkpt>
      <trkpt lat="47.20444899983704" lon="11.015930995345116">
        <ele>2136.02</ele>
      </trkpt>
      <trkpt lat="47.204433996230364" lon="11.015909956768155">
        <ele>2136.23</ele>
      </trkpt>
      <trkpt lat="47.20442393794656" lon="11.015886990353465">
        <ele>2136.42</ele>
      </trkpt>
      <trkpt lat="47.2044079285115" lon="11.015871986746788">
        <ele>2136.62</ele>
      </trkpt>
      <trkpt lat="47.204393930733204" lon="11.015856983140111">
        <ele>2136.8</ele>
      </trkpt>
      <trkpt lat="47.204374987632036" lon="11.015846924856305">
        <ele>2136.99</ele>
      </trkpt>
      <trkpt lat="47.204353949055076" lon="11.015842985361814">
        <ele>2137.17</ele>
      </trkpt>
      <trkpt lat="47.204331988468766" lon="11.015846924856305">
        <ele>2137.34</ele>
      </trkpt>
      <trkpt lat="47.204311955720186" lon="11.015848936513066">
        <ele>2137.51</ele>
      </trkpt>
      <trkpt lat="47.20429494045675" lon="11.015857988968492">
        <ele>2137.67</ele>
      </trkpt>
      <trkpt lat="47.20427691936493" lon="11.015869975090027">
        <ele>2137.82</ele>
      </trkpt>
      <trkpt lat="47.20426292158663" lon="11.015890929847956">
        <ele>2137.97</ele>
      </trkpt>
      <trkpt lat="47.20425294712186" lon="11.015915991738439">
        <ele>2138.12</ele>
      </trkpt>
      <trkpt lat="47.20424699597061" lon="11.01594197563827">
        <ele>2138.26</ele>
      </trkpt>
      <trkpt lat="47.20423794351518" lon="11.015968965366483">
        <ele>2138.39</ele>
      </trkpt>
      <trkpt lat="47.20423098653555" lon="11.015996960923076">
        <ele>2138.52</ele>
      </trkpt>
      <trkpt lat="47.20422696322203" lon="11.016024956479669">
        <ele>2138.64</ele>
      </trkpt>
      <trkpt lat="47.204222939908504" lon="11.016055969521403">
        <ele>2138.75</ele>
      </trkpt>
      <trkpt lat="47.20422092825174" lon="11.016085976734757">
        <ele>2138.86</ele>
      </trkpt>
      <trkpt lat="47.204224951565266" lon="11.016119923442602">
        <ele>2138.96</ele>
      </trkpt>
      <trkpt lat="47.20422696322203" lon="11.016144985333085">
        <ele>2139.07</ele>
      </trkpt>
      <trkpt lat="47.20423299819231" lon="11.016173986718059">
        <ele>2139.17</ele>
      </trkpt>
      <trkpt lat="47.20423593185842" lon="11.016203993931413">
        <ele>2139.27</ele>
      </trkpt>
      <trkpt lat="47.20423894934356" lon="11.016230983659625">
        <ele>2139.37</ele>
      </trkpt>
      <trkpt lat="47.204242972657084" lon="11.01626099087298">
        <ele>2139.48</ele>
      </trkpt>
      <trkpt lat="47.20424699597061" lon="11.016290998086333">
        <ele>2139.58</ele>
      </trkpt>
      <trkpt lat="47.20425194129348" lon="11.016322933137417">
        <ele>2139.68</ele>
      </trkpt>
      <trkpt lat="47.20425697043538" lon="11.01635193452239">
        <ele>2139.78</ele>
      </trkpt>
      <trkpt lat="47.20426392741501" lon="11.016382947564125">
        <ele>2139.88</ele>
      </trkpt>
      <trkpt lat="47.204267950728536" lon="11.01641396060586">
        <ele>2139.98</ele>
      </trkpt>
      <trkpt lat="47.2042699623853" lon="11.016448996961117">
        <ele>2140.09</ele>
      </trkpt>
      <trkpt lat="47.20427599735558" lon="11.016487972810864">
        <ele>2140.2</ele>
      </trkpt>
      <trkpt lat="47.20428094267845" lon="11.016524937003851">
        <ele>2140.31</ele>
      </trkpt>
      <trkpt lat="47.204286977648735" lon="11.01656299084425">
        <ele>2140.43</ele>
      </trkpt>
      <trkpt lat="47.20428999513388" lon="11.016597943380475">
        <ele>2140.55</ele>
      </trkpt>
      <trkpt lat="47.204284965991974" lon="11.016631973907351">
        <ele>2140.68</ele>
      </trkpt>
      <trkpt lat="47.20427599735558" lon="11.016661981120706">
        <ele>2140.82</ele>
      </trkpt>
      <trkpt lat="47.204265939071774" lon="11.01669492200017">
        <ele>2140.97</ele>
      </trkpt>
      <trkpt lat="47.20425697043538" lon="11.016725935041904">
        <ele>2141.12</ele>
      </trkpt>
      <trkpt lat="47.204247917979956" lon="11.016753930598497">
        <ele>2141.27</ele>
      </trkpt>
      <trkpt lat="47.20423794351518" lon="11.01677999831736">
        <ele>2141.43</ele>
      </trkpt>
      <trkpt lat="47.20422696322203" lon="11.016805982217193">
        <ele>2141.6</ele>
      </trkpt>
      <trkpt lat="47.20421598292887" lon="11.016832971945405">
        <ele>2141.76</ele>
      </trkpt>
      <trkpt lat="47.20420994795859" lon="11.016856944188476">
        <ele>2141.93</ele>
      </trkpt>
      <trkpt lat="47.204204918816686" lon="11.016880916431546">
        <ele>2142.1</ele>
      </trkpt>
      <trkpt lat="47.20419695600867" lon="11.01690597832203">
        <ele>2142.27</ele>
      </trkpt>
      <trkpt lat="47.20418597571552" lon="11.016923999413848">
        <ele>2142.46</ele>
      </trkpt>
      <trkpt lat="47.2041729837656" lon="11.016940930858254">
        <ele>2142.65</ele>
      </trkpt>
      <trkpt lat="47.204162925481796" lon="11.016960963606834">
        <ele>2142.85</ele>
      </trkpt>
      <trkpt lat="47.204155968502164" lon="11.016980996355414">
        <ele>2143.04</ele>
      </trkpt>
      <trkpt lat="47.20414599403739" lon="11.016999939456582">
        <ele>2143.24</ele>
      </trkpt>
      <trkpt lat="47.2041349299252" lon="11.017019972205162">
        <ele>2143.44</ele>
      </trkpt>
      <trkpt lat="47.20412294380367" lon="11.01703799329698">
        <ele>2143.64</ele>
      </trkpt>
      <trkpt lat="47.204112969338894" lon="11.017053918913007">
        <ele>2143.85</ele>
      </trkpt>
      <trkpt lat="47.20410492271185" lon="11.017069928348064">
        <ele>2144.05</ele>
      </trkpt>
      <trkpt lat="47.20409796573222" lon="11.017086943611503">
        <ele>2144.25</ele>
      </trkpt>
      <trkpt lat="47.20408899709582" lon="11.01710295304656">
        <ele>2144.44</ele>
      </trkpt>
      <trkpt lat="47.20408195629716" lon="11.017118962481618">
        <ele>2144.63</ele>
      </trkpt>
      <trkpt lat="47.204075921326876" lon="11.017137989401817">
        <ele>2144.83</ele>
      </trkpt>
      <trkpt lat="47.2040659468621" lon="11.017154920846224">
        <ele>2145.02</ele>
      </trkpt>
      <trkpt lat="47.204051949083805" lon="11.01716891862452">
        <ele>2145.22</ele>
      </trkpt>
      <trkpt lat="47.20403593964875" lon="11.017182916402817">
        <ele>2145.42</ele>
      </trkpt>
      <trkpt lat="47.20402395352721" lon="11.017198925837874">
        <ele>2145.61</ele>
      </trkpt>
      <trkpt lat="47.2040159907192" lon="11.017216946929693">
        <ele>2145.79</ele>
      </trkpt>
      <trkpt lat="47.204006938263774" lon="11.01723195053637">
        <ele>2145.96</ele>
      </trkpt>
      <trkpt lat="47.20399595797062" lon="11.017243936657906">
        <ele>2146.14</ele>
      </trkpt>
      <trkpt lat="47.203984977677464" lon="11.017256928607821">
        <ele>2146.3</ele>
      </trkpt>
      <trkpt lat="47.20397592522204" lon="11.017270926386118">
        <ele>2146.46</ele>
      </trkpt>
      <trkpt lat="47.20396896824241" lon="11.017287941649556">
        <ele>2146.6</ele>
      </trkpt>
      <trkpt lat="47.20396192744374" lon="11.017305962741375">
        <ele>2146.74</ele>
      </trkpt>
      <trkpt lat="47.20395396463573" lon="11.017321972176433">
        <ele>2146.87</ele>
      </trkpt>
      <trkpt lat="47.203942984342575" lon="11.01733798161149">
        <ele>2146.99</ele>
      </trkpt>
      <trkpt lat="47.20393192023039" lon="11.017354996874928">
        <ele>2147.1</ele>
      </trkpt>
      <trkpt lat="47.203924963250756" lon="11.017371928319335">
        <ele>2147.21</ele>
      </trkpt>
      <trkpt lat="47.20391792245209" lon="11.017389949411154">
        <ele>2147.3</ele>
      </trkpt>
      <trkpt lat="47.20390995964408" lon="11.01740294136107">
        <ele>2147.39</ele>
      </trkpt>
      <trkpt lat="47.203900991007686" lon="11.017417944967747">
        <ele>2147.47</ele>
      </trkpt>
      <trkpt lat="47.203897973522544" lon="11.017433954402804">
        <ele>2147.53</ele>
      </trkpt>
      <trkpt lat="47.20389696769416" lon="11.01744694635272">
        <ele>2147.58</ele>
      </trkpt>
      <trkpt lat="47.20389294438064" lon="11.017462955787778">
        <ele>2147.63</ele>
      </trkpt>
      <trkpt lat="47.20388892106712" lon="11.017481982707977">
        <ele>2147.66</ele>
      </trkpt>
      <trkpt lat="47.20388598740101" lon="11.017504949122667">
        <ele>2147.69</ele>
      </trkpt>
      <trkpt lat="47.20388397574425" lon="11.017523976042867">
        <ele>2147.7</ele>
      </trkpt>
      <trkpt lat="47.20387693494558" lon="11.017542919144034">
        <ele>2147.72</ele>
      </trkpt>
      <trkpt lat="47.20387492328882" lon="11.017562951892614">
        <ele>2147.72</ele>
      </trkpt>
      <trkpt lat="47.20386796630919" lon="11.017580972984433">
        <ele>2147.72</ele>
      </trkpt>
      <trkpt lat="47.203859919682145" lon="11.017593964934349">
        <ele>2147.73</ele>
      </trkpt>
      <trkpt lat="47.20385396853089" lon="11.017612991854548">
        <ele>2147.72</ele>
      </trkpt>
      <trkpt lat="47.20384994521737" lon="11.017634952440858">
        <ele>2147.7</ele>
      </trkpt>
      <trkpt lat="47.20384592190385" lon="11.017653979361057">
        <ele>2147.69</ele>
      </trkpt>
      <trkpt lat="47.2038449998945" lon="11.017673928290606">
        <ele>2147.66</ele>
      </trkpt>
      <trkpt lat="47.20384592190385" lon="11.017693961039186">
        <ele>2147.62</ele>
      </trkpt>
      <trkpt lat="47.2038449998945" lon="11.017713993787766">
        <ele>2147.58</ele>
      </trkpt>
      <trkpt lat="47.20384198240936" lon="11.017734948545694">
        <ele>2147.55</ele>
      </trkpt>
      <trkpt lat="47.203837959095836" lon="11.017753975465894">
        <ele>2147.51</ele>
      </trkpt>
      <trkpt lat="47.20382798463106" lon="11.017771996557713">
        <ele>2147.49</ele>
      </trkpt>
      <trkpt lat="47.20382194966078" lon="11.017798986285925">
        <ele>2147.45</ele>
      </trkpt>
      <trkpt lat="47.203818932175636" lon="11.017819941043854">
        <ele>2147.42</ele>
      </trkpt>
      <trkpt lat="47.203815998509526" lon="11.017841985449195">
        <ele>2147.39</ele>
      </trkpt>
      <trkpt lat="47.20381096936762" lon="11.017861934378743">
        <ele>2147.37</ele>
      </trkpt>
      <trkpt lat="47.20380493439734" lon="11.017880961298943">
        <ele>2147.37</ele>
      </trkpt>
      <trkpt lat="47.203795965760946" lon="11.01789797656238">
        <ele>2147.38</ele>
      </trkpt>
      <trkpt lat="47.20378993079066" lon="11.017914991825819">
        <ele>2147.39</ele>
      </trkpt>
      <trkpt lat="47.20378397963941" lon="11.017937958240509">
        <ele>2147.4</ele>
      </trkpt>
      <trkpt lat="47.20378096215427" lon="11.017960924655199">
        <ele>2147.43</ele>
      </trkpt>
      <trkpt lat="47.203774927183986" lon="11.01798196323216">
        <ele>2147.47</ele>
      </trkpt>
      <trkpt lat="47.203768976032734" lon="11.018003923818469">
        <ele>2147.51</ele>
      </trkpt>
      <trkpt lat="47.20376193523407" lon="11.01802596822381">
        <ele>2147.57</ele>
      </trkpt>
      <trkpt lat="47.20375497825444" lon="11.0180489346385">
        <ele>2147.64</ele>
      </trkpt>
      <trkpt lat="47.203749949112535" lon="11.018070979043841">
        <ele>2147.72</ele>
      </trkpt>
      <trkpt lat="47.20374491997063" lon="11.018088916316628">
        <ele>2147.8</ele>
      </trkpt>
      <trkpt lat="47.20373695716262" lon="11.018106937408447">
        <ele>2147.91</ele>
      </trkpt>
      <trkpt lat="47.203727988526225" lon="11.018123952671885">
        <ele>2148.02</ele>
      </trkpt>
      <trkpt lat="47.20371793024242" lon="11.018139962106943">
        <ele>2148.13</ele>
      </trkpt>
      <trkpt lat="47.20370292663574" lon="11.01815496571362">
        <ele>2148.26</ele>
      </trkpt>
      <trkpt lat="47.203687923029065" lon="11.018167957663536">
        <ele>2148.4</ele>
      </trkpt>
      <trkpt lat="47.20367291942239" lon="11.018179943785071">
        <ele>2148.55</ele>
      </trkpt>
      <trkpt lat="47.20366093330085" lon="11.018193941563368">
        <ele>2148.71</ele>
      </trkpt>
      <trkpt lat="47.20364894717932" lon="11.018207939341664">
        <ele>2148.88</ele>
      </trkpt>
      <trkpt lat="47.20363696105778" lon="11.01822093129158">
        <ele>2149.06</ele>
      </trkpt>
      <trkpt lat="47.20362497493625" lon="11.018235934898257">
        <ele>2149.25</ele>
      </trkpt>
      <trkpt lat="47.20361298881471" lon="11.018248926848173">
        <ele>2149.45</ele>
      </trkpt>
      <trkpt lat="47.203596979379654" lon="11.018258985131979">
        <ele>2149.66</ele>
      </trkpt>
      <trkpt lat="47.203580969944596" lon="11.018267953768373">
        <ele>2149.87</ele>
      </trkpt>
      <trkpt lat="47.2035669721663" lon="11.018277928233147">
        <ele>2150.09</ele>
      </trkpt>
      <trkpt lat="47.203553980216384" lon="11.01828295737505">
        <ele>2150.31</ele>
      </trkpt>
      <trkpt lat="47.20354199409485" lon="11.018289998173714">
        <ele>2150.54</ele>
      </trkpt>
      <trkpt lat="47.20353193581104" lon="11.018296955153346">
        <ele>2150.76</ele>
      </trkpt>
      <trkpt lat="47.20351994968951" lon="11.018304917961359">
        <ele>2151.0</ele>
      </trkpt>
      <trkpt lat="47.20350695773959" lon="11.018316987901926">
        <ele>2151.24</ele>
      </trkpt>
      <trkpt lat="47.203491954132915" lon="11.01832595653832">
        <ele>2151.49</ele>
      </trkpt>
      <trkpt lat="47.203474938869476" lon="11.018332997336984">
        <ele>2151.74</ele>
      </trkpt>
      <trkpt lat="47.20345792360604" lon="11.018338948488235">
        <ele>2152.0</ele>
      </trkpt>
      <trkpt lat="47.20344392582774" lon="11.01834699511528">
        <ele>2152.25</ele>
      </trkpt>
      <trkpt lat="47.203428922221065" lon="11.018358981236815">
        <ele>2152.5</ele>
      </trkpt>
      <trkpt lat="47.20341794192791" lon="11.01837096735835">
        <ele>2152.75</ele>
      </trkpt>
      <trkpt lat="47.20340293832123" lon="11.018377924337983">
        <ele>2153.0</ele>
      </trkpt>
      <trkpt lat="47.203386928886175" lon="11.018382953479886">
        <ele>2153.26</ele>
      </trkpt>
      <trkpt lat="47.20337293110788" lon="11.01838898845017">
        <ele>2153.51</ele>
      </trkpt>
      <trkpt lat="47.20336094498634" lon="11.018403992056847">
        <ele>2153.75</ele>
      </trkpt>
      <trkpt lat="47.20334996469319" lon="11.018414972350001">
        <ele>2153.99</ele>
      </trkpt>
      <trkpt lat="47.20333697274327" lon="11.018427964299917">
        <ele>2154.22</ele>
      </trkpt>
      <trkpt lat="47.20332398079336" lon="11.018442967906594">
        <ele>2154.45</ele>
      </trkpt>
      <trkpt lat="47.20331291668117" lon="11.018459983170033">
        <ele>2154.68</ele>
      </trkpt>
      <trkpt lat="47.20330394804478" lon="11.018471969291568">
        <ele>2154.9</ele>
      </trkpt>
      <trkpt lat="47.20329497940838" lon="11.018485967069864">
        <ele>2155.11</ele>
      </trkpt>
      <trkpt lat="47.20328592695296" lon="11.018500970676541">
        <ele>2155.33</ele>
      </trkpt>
      <trkpt lat="47.203276958316565" lon="11.018512956798077">
        <ele>2155.54</ele>
      </trkpt>
      <trkpt lat="47.20326798968017" lon="11.018528966233134">
        <ele>2155.75</ele>
      </trkpt>
      <trkpt lat="47.203257931396365" lon="11.018543969839811">
        <ele>2155.96</ele>
      </trkpt>
      <trkpt lat="47.20324594527483" lon="11.01856098510325">
        <ele>2156.16</ele>
      </trkpt>
      <trkpt lat="47.203236976638436" lon="11.018578922376037">
        <ele>2156.35</ele>
      </trkpt>
      <trkpt lat="47.20322691835463" lon="11.018598955124617">
        <ele>2156.54</ele>
      </trkpt>
      <trkpt lat="47.20321794971824" lon="11.018617982044816">
        <ele>2156.73</ele>
      </trkpt>
      <trkpt lat="47.20320696942508" lon="11.018635919317603">
        <ele>2156.92</ele>
      </trkpt>
      <trkpt lat="47.20319892279804" lon="11.018653940409422">
        <ele>2157.1</ele>
      </trkpt>
      <trkpt lat="47.203190959990025" lon="11.01866994984448">
        <ele>2157.28</ele>
      </trkpt>
      <trkpt lat="47.20318199135363" lon="11.018685959279537">
        <ele>2157.46</ele>
      </trkpt>
      <trkpt lat="47.203172938898206" lon="11.018698951229453">
        <ele>2157.64</ele>
      </trkpt>
      <trkpt lat="47.20316397026181" lon="11.018715966492891">
        <ele>2157.83</ele>
      </trkpt>
      <trkpt lat="47.20315692946315" lon="11.018735999241471">
        <ele>2158.0</ele>
      </trkpt>
      <trkpt lat="47.20314594916999" lon="11.018753936514258">
        <ele>2158.19</ele>
      </trkpt>
      <trkpt lat="47.20313396304846" lon="11.018770951777697">
        <ele>2158.37</ele>
      </trkpt>
      <trkpt lat="47.203123988583684" lon="11.018787967041135">
        <ele>2158.54</ele>
      </trkpt>
      <trkpt lat="47.2031129244715" lon="11.018802970647812">
        <ele>2158.73</ele>
      </trkpt>
      <trkpt lat="47.20310093834996" lon="11.018815962597728">
        <ele>2158.92</ele>
      </trkpt>
      <trkpt lat="47.20308895222843" lon="11.018824931234121">
        <ele>2159.12</ele>
      </trkpt>
      <trkpt lat="47.20307696610689" lon="11.018835995346308">
        <ele>2159.32</ele>
      </trkpt>
      <trkpt lat="47.203063974156976" lon="11.018847981467843">
        <ele>2159.51</ele>
      </trkpt>
      <trkpt lat="47.20304997637868" lon="11.018855944275856">
        <ele>2159.73</ele>
      </trkpt>
      <trkpt lat="47.20303296111524" lon="11.018864996731281">
        <ele>2159.95</ele>
      </trkpt>
      <trkpt lat="47.20301695168018" lon="11.018873965367675">
        <ele>2160.17</ele>
      </trkpt>
      <trkpt lat="47.20300395973027" lon="11.01888494566083">
        <ele>2160.39</ele>
      </trkpt>
      <trkpt lat="47.20298795029521" lon="11.018891986459494">
        <ele>2160.62</ele>
      </trkpt>
      <trkpt lat="47.20297395251691" lon="11.018900955095887">
        <ele>2160.85</ele>
      </trkpt>
      <trkpt lat="47.20295995473862" lon="11.018913947045803">
        <ele>2161.08</ele>
      </trkpt>
      <trkpt lat="47.20294796861708" lon="11.018920987844467">
        <ele>2161.31</ele>
      </trkpt>
      <trkpt lat="47.20293095335364" lon="11.018920987844467">
        <ele>2161.56</ele>
      </trkpt>
      <trkpt lat="47.20291695557535" lon="11.018917970359325">
        <ele>2161.81</ele>
      </trkpt>
      <trkpt lat="47.20290396362543" lon="11.018914952874184">
        <ele>2162.06</ele>
      </trkpt>
      <trkpt lat="47.20288795419037" lon="11.018916964530945">
        <ele>2162.31</ele>
      </trkpt>
      <trkpt lat="47.20287496224046" lon="11.018922999501228">
        <ele>2162.57</ele>
      </trkpt>
      <trkpt lat="47.20286197029054" lon="11.01892995648086">
        <ele>2162.83</ele>
      </trkpt>
      <trkpt lat="47.202849984169006" lon="11.018931968137622">
        <ele>2163.09</ele>
      </trkpt>
      <trkpt lat="47.20283799804747" lon="11.018933979794383">
        <ele>2163.35</ele>
      </trkpt>
      <trkpt lat="47.20281997695565" lon="11.018932973966002">
        <ele>2163.63</ele>
      </trkpt>
      <trkpt lat="47.202802961692214" lon="11.018937919288874">
        <ele>2163.9</ele>
      </trkpt>
      <trkpt lat="47.20279097557068" lon="11.018943954259157">
        <ele>2164.18</ele>
      </trkpt>
      <trkpt lat="47.202779995277524" lon="11.01895292289555">
        <ele>2164.45</ele>
      </trkpt>
      <trkpt lat="47.202766919508576" lon="11.018954934552312">
        <ele>2164.74</ele>
      </trkpt>
      <trkpt lat="47.20275099389255" lon="11.018953928723931">
        <ele>2165.04</ele>
      </trkpt>
      <trkpt lat="47.202736996114254" lon="11.018955940380692">
        <ele>2165.34</ele>
      </trkpt>
      <trkpt lat="47.20272693783045" lon="11.018955940380692">
        <ele>2165.63</ele>
      </trkpt>
      <trkpt lat="47.20271495170891" lon="11.018961975350976">
        <ele>2165.93</ele>
      </trkpt>
      <trkpt lat="47.20270497724414" lon="11.018966920673847">
        <ele>2166.23</ele>
      </trkpt>
      <trkpt lat="47.20269198529422" lon="11.01897295564413">
        <ele>2166.54</ele>
      </trkpt>
      <trkpt lat="47.20267999917269" lon="11.018976978957653">
        <ele>2166.85</ele>
      </trkpt>
      <trkpt lat="47.20266591757536" lon="11.018977984786034">
        <ele>2167.17</ele>
      </trkpt>
      <trkpt lat="47.202650997787714" lon="11.018975973129272">
        <ele>2167.49</ele>
      </trkpt>
      <trkpt lat="47.20263599418104" lon="11.018984941765666">
        <ele>2167.81</ele>
      </trkpt>
      <trkpt lat="47.20262291841209" lon="11.018987959250808">
        <ele>2168.14</ele>
      </trkpt>
      <trkpt lat="47.20260992646217" lon="11.018987959250808">
        <ele>2168.47</ele>
      </trkpt>
      <trkpt lat="47.20259592868388" lon="11.018984941765666">
        <ele>2168.81</ele>
      </trkpt>
      <trkpt lat="47.20257899723947" lon="11.018974967300892">
        <ele>2169.15</ele>
      </trkpt>
      <trkpt lat="47.20256198197603" lon="11.01897194981575">
        <ele>2169.5</ele>
      </trkpt>
      <trkpt lat="47.202547984197736" lon="11.018975973129272">
        <ele>2169.83</ele>
      </trkpt>
      <trkpt lat="47.20253893174231" lon="11.018985947594047">
        <ele>2170.16</ele>
      </trkpt>
      <trkpt lat="47.202528957277536" lon="11.018997933715582">
        <ele>2170.48</ele>
      </trkpt>
      <trkpt lat="47.202516971156" lon="11.019004974514246">
        <ele>2170.82</ele>
      </trkpt>
      <trkpt lat="47.202502973377705" lon="11.019005980342627">
        <ele>2171.15</ele>
      </trkpt>
      <trkpt lat="47.20249098725617" lon="11.018997933715582">
        <ele>2171.49</ele>
      </trkpt>
      <trkpt lat="47.2024789173156" lon="11.018986953422427">
        <ele>2171.83</ele>
      </trkpt>
      <trkpt lat="47.202462991699576" lon="11.018974967300892">
        <ele>2172.18</ele>
      </trkpt>
      <trkpt lat="47.20244597643614" lon="11.01897295564413">
        <ele>2172.51</ele>
      </trkpt>
      <trkpt lat="47.20243499614298" lon="11.018980918452144">
        <ele>2172.83</ele>
      </trkpt>
      <trkpt lat="47.2024239320308" lon="11.018984941765666">
        <ele>2173.15</ele>
      </trkpt>
      <trkpt lat="47.20241295173764" lon="11.018986953422427">
        <ele>2173.47</ele>
      </trkpt>
      <trkpt lat="47.202398953959346" lon="11.01899298839271">
        <ele>2173.78</ele>
      </trkpt>
      <trkpt lat="47.20238294452429" lon="11.018999945372343">
        <ele>2174.08</ele>
      </trkpt>
      <trkpt lat="47.20236894674599" lon="11.019007991999388">
        <ele>2174.38</ele>
      </trkpt>
      <trkpt lat="47.202354948967695" lon="11.019012937322259">
        <ele>2174.67</ele>
      </trkpt>
      <trkpt lat="47.20234296284616" lon="11.019007991999388">
        <ele>2174.97</ele>
      </trkpt>
      <trkpt lat="47.202331982553005" lon="11.01899592205882">
        <ele>2175.26</ele>
      </trkpt>
      <trkpt lat="47.2023219242692" lon="11.018981924280524">
        <ele>2175.55</ele>
      </trkpt>
      <trkpt lat="47.20230893231928" lon="11.018966920673847">
        <ele>2175.83</ele>
      </trkpt>
      <trkpt lat="47.202292922884226" lon="11.018958957865834">
        <ele>2176.1</ele>
      </trkpt>
      <trkpt lat="47.20228294841945" lon="11.018954934552312">
        <ele>2176.36</ele>
      </trkpt>
      <trkpt lat="47.202270962297916" lon="11.01894797757268">
        <ele>2176.61</ele>
      </trkpt>
      <trkpt lat="47.202257970348" lon="11.018939930945635">
        <ele>2176.86</ele>
      </trkpt>
      <trkpt lat="47.20223994925618" lon="11.018933979794383">
        <ele>2177.1</ele>
      </trkpt>
      <trkpt lat="47.20222896896303" lon="11.018939930945635">
        <ele>2177.32</ele>
      </trkpt>
      <trkpt lat="47.20221698284149" lon="11.018941942602396">
        <ele>2177.54</ele>
      </trkpt>
      <trkpt lat="47.202205918729305" lon="11.018946971744299">
        <ele>2177.74</ele>
      </trkpt>
      <trkpt lat="47.20219695009291" lon="11.018942948430777">
        <ele>2177.94</ele>
      </trkpt>
      <trkpt lat="47.20217993482947" lon="11.018934985622764">
        <ele>2178.14</ele>
      </trkpt>
      <trkpt lat="47.202163925394416" lon="11.018932973966002">
        <ele>2178.32</ele>
      </trkpt>
      <trkpt lat="47.2021509334445" lon="11.018935991451144">
        <ele>2178.49</ele>
      </trkpt>
      <trkpt lat="47.202138947322965" lon="11.018940936774015">
        <ele>2178.65</ele>
      </trkpt>
      <trkpt lat="47.20212796702981" lon="11.01894797757268">
        <ele>2178.79</ele>
      </trkpt>
      <trkpt lat="47.202115980908275" lon="11.018954934552312">
        <ele>2178.93</ele>
      </trkpt>
      <trkpt lat="47.2021009773016" lon="11.018956946209073">
        <ele>2179.06</ele>
      </trkpt>
      <trkpt lat="47.2020869795233" lon="11.01894998922944">
        <ele>2179.19</ele>
      </trkpt>
      <trkpt lat="47.202074993401766" lon="11.018943954259157">
        <ele>2179.31</ele>
      </trkpt>
      <trkpt lat="47.20205998979509" lon="11.018937919288874">
        <ele>2179.42</ele>
      </trkpt>
      <trkpt lat="47.20204398036003" lon="11.018943954259157">
        <ele>2179.51</ele>
      </trkpt>
      <trkpt lat="47.202030988410115" lon="11.01895292289555">
        <ele>2179.58</ele>
      </trkpt>
      <trkpt lat="47.20202093012631" lon="11.018956946209073">
        <ele>2179.65</ele>
      </trkpt>
      <trkpt lat="47.20200592651963" lon="11.018954934552312">
        <ele>2179.72</ele>
      </trkpt>
      <trkpt lat="47.201990922912955" lon="11.018958957865834">
        <ele>2179.77</ele>
      </trkpt>
      <trkpt lat="47.20197591930628" lon="11.018964992836118">
        <ele>2179.81</ele>
      </trkpt>
      <trkpt lat="47.201966950669885" lon="11.01897194981575">
        <ele>2179.84</ele>
      </trkpt>
      <trkpt lat="47.20195697620511" lon="11.018980918452144">
        <ele>2179.86</ele>
      </trkpt>
      <trkpt lat="47.201947923749685" lon="11.01899198256433">
        <ele>2179.88</ele>
      </trkpt>
      <trkpt lat="47.20193794928491" lon="11.019002962857485">
        <ele>2179.88</ele>
      </trkpt>
      <trkpt lat="47.20192797482014" lon="11.0190159548074">
        <ele>2179.87</ele>
      </trkpt>
      <trkpt lat="47.20192093402147" lon="11.019028946757317">
        <ele>2179.86</ele>
      </trkpt>
      <trkpt lat="47.20191397704184" lon="11.019039927050471">
        <ele>2179.84</ele>
      </trkpt>
      <trkpt lat="47.201904924586415" lon="11.019055936485529">
        <ele>2179.82</ele>
      </trkpt>
      <trkpt lat="47.2018969617784" lon="11.019069934263825">
        <ele>2179.79</ele>
      </trkpt>
      <trkpt lat="47.20188799314201" lon="11.019084937870502">
        <ele>2179.76</ele>
      </trkpt>
      <trkpt lat="47.201880952343345" lon="11.01910094730556">
        <ele>2179.72</ele>
      </trkpt>
      <trkpt lat="47.20187491737306" lon="11.019117962568998">
        <ele>2179.68</ele>
      </trkpt>
      <trkpt lat="47.20186997205019" lon="11.019135983660817">
        <ele>2179.64</ele>
      </trkpt>
      <trkpt lat="47.20186393707991" lon="11.019156938418746">
        <ele>2179.6</ele>
      </trkpt>
      <trkpt lat="47.201858991757035" lon="11.019172947853804">
        <ele>2179.56</ele>
      </trkpt>
      <trkpt lat="47.20185195095837" lon="11.019189963117242">
        <ele>2179.52</ele>
      </trkpt>
      <trkpt lat="47.20184398815036" lon="11.019212929531932">
        <ele>2179.48</ele>
      </trkpt>
      <trkpt lat="47.201839964836836" lon="11.01922893896699">
        <ele>2179.44</ele>
      </trkpt>
      <trkpt lat="47.20183594152331" lon="11.019243942573667">
        <ele>2179.41</ele>
      </trkpt>
      <trkpt lat="47.20182999037206" lon="11.019262969493866">
        <ele>2179.38</ele>
      </trkpt>
      <trkpt lat="47.201819932088256" lon="11.019269926473498">
        <ele>2179.37</ele>
      </trkpt>
      <trkpt lat="47.20180995762348" lon="11.019278978928924">
        <ele>2179.37</ele>
      </trkpt>
      <trkpt lat="47.20180199481547" lon="11.01929297670722">
        <ele>2179.36</ele>
      </trkpt>
      <trkpt lat="47.201796965673566" lon="11.019306974485517">
        <ele>2179.36</ele>
      </trkpt>
      <trkpt lat="47.20179897733033" lon="11.019321978092194">
        <ele>2179.36</ele>
      </trkpt>
      <trkpt lat="47.20179797150195" lon="11.01933597587049">
        <ele>2179.37</ele>
      </trkpt>
      <trkpt lat="47.201793948188424" lon="11.019350979477167">
        <ele>2179.39</ele>
      </trkpt>
      <trkpt lat="47.2017899248749" lon="11.019367994740605">
        <ele>2179.41</ele>
      </trkpt>
      <trkpt lat="47.20178196206689" lon="11.019381992518902">
        <ele>2179.45</ele>
      </trkpt>
      <trkpt lat="47.201773999258876" lon="11.019392972812057">
        <ele>2179.5</ele>
      </trkpt>
      <trkpt lat="47.20176394097507" lon="11.019406970590353">
        <ele>2179.57</ele>
      </trkpt>
      <trkpt lat="47.201753966510296" lon="11.01942298002541">
        <ele>2179.64</ele>
      </trkpt>
      <trkpt lat="47.20174893736839" lon="11.019440917298198">
        <ele>2179.71</ele>
      </trkpt>
      <trkpt lat="47.20174591988325" lon="11.019455920904875">
        <ele>2179.79</ele>
      </trkpt>
      <trkpt lat="47.20173896290362" lon="11.019468996673822">
        <ele>2179.89</ele>
      </trkpt>
      <trkpt lat="47.201730916276574" lon="11.01948693394661">
        <ele>2180.0</ele>
      </trkpt>
      <trkpt lat="47.20172395929694" lon="11.019500931724906">
        <ele>2180.13</ele>
      </trkpt>
      <trkpt lat="47.20171499066055" lon="11.019514929503202">
        <ele>2180.27</ele>
      </trkpt>
      <trkpt lat="47.201708955690265" lon="11.019532950595021">
        <ele>2180.41</ele>
      </trkpt>
      <trkpt lat="47.20170292071998" lon="11.01954996585846">
        <ele>2180.57</ele>
      </trkpt>
      <trkpt lat="47.20169898122549" lon="11.019563963636756">
        <ele>2180.73</ele>
      </trkpt>
      <trkpt lat="47.20169596374035" lon="11.019579973071814">
        <ele>2180.9</ele>
      </trkpt>
      <trkpt lat="47.201690934598446" lon="11.01959397085011">
        <ele>2181.07</ele>
      </trkpt>
      <trkpt lat="47.20168196596205" lon="11.019600927829742">
        <ele>2181.26</ele>
      </trkpt>
      <trkpt lat="47.20167199149728" lon="11.019610986113548">
        <ele>2181.45</ele>
      </trkpt>
      <trkpt lat="47.201666962355375" lon="11.019624983891845">
        <ele>2181.65</ele>
      </trkpt>
      <trkpt lat="47.20165899954736" lon="11.01963697001338">
        <ele>2181.85</ele>
      </trkpt>
      <trkpt lat="47.20164994709194" lon="11.019652979448438">
        <ele>2182.07</ele>
      </trkpt>
      <trkpt lat="47.20163997262716" lon="11.019665971398354">
        <ele>2182.3</ele>
      </trkpt>
      <trkpt lat="47.20162999816239" lon="11.019676951691508">
        <ele>2182.54</ele>
      </trkpt>
      <trkpt lat="47.2016189340502" lon="11.019687931984663">
        <ele>2182.79</ele>
      </trkpt>
      <trkpt lat="47.20161197707057" lon="11.01970192976296">
        <ele>2183.04</ele>
      </trkpt>
      <trkpt lat="47.20160594210029" lon="11.019715927541256">
        <ele>2183.28</ele>
      </trkpt>
      <trkpt lat="47.201600996777415" lon="11.019730931147933">
        <ele>2183.54</ele>
      </trkpt>
      <trkpt lat="47.201599990949035" lon="11.01974593475461">
        <ele>2183.79</ele>
      </trkpt>
      <trkpt lat="47.20159496180713" lon="11.019757920876145">
        <ele>2184.05</ele>
      </trkpt>
      <trkpt lat="47.20158792100847" lon="11.019768984988332">
        <ele>2184.33</ele>
      </trkpt>
      <trkpt lat="47.20157694071531" lon="11.019779965281487">
        <ele>2184.62</ele>
      </trkpt>
      <trkpt lat="47.20156596042216" lon="11.019791951403022">
        <ele>2184.92</ele>
      </trkpt>
      <trkpt lat="47.201558919623494" lon="11.019805949181318">
        <ele>2185.2</ele>
      </trkpt>
      <trkpt lat="47.20155397430062" lon="11.019824976101518">
        <ele>2185.48</ele>
      </trkpt>
      <trkpt lat="47.20154793933034" lon="11.019837968051434">
        <ele>2185.77</ele>
      </trkpt>
      <trkpt lat="47.20154399983585" lon="11.019854983314872">
        <ele>2186.07</ele>
      </trkpt>
      <trkpt lat="47.20153997652233" lon="11.019868981093168">
        <ele>2186.38</ele>
      </trkpt>
      <trkpt lat="47.20153394155204" lon="11.019883984699845">
        <ele>2186.67</ele>
      </trkpt>
      <trkpt lat="47.20152799040079" lon="11.019896976649761">
        <ele>2186.97</ele>
      </trkpt>
      <trkpt lat="47.20152094960213" lon="11.019908962771297">
        <ele>2187.26</ele>
      </trkpt>
      <trkpt lat="47.201514998450875" lon="11.019920948892832">
        <ele>2187.56</ele>
      </trkpt>
      <trkpt lat="47.201512986794114" lon="11.01993695832789">
        <ele>2187.85</ele>
      </trkpt>
      <trkpt lat="47.20151097513735" lon="11.019954979419708">
        <ele>2188.12</ele>
      </trkpt>
      <trkpt lat="47.20150594599545" lon="11.019971994683146">
        <ele>2188.4</ele>
      </trkpt>
      <trkpt lat="47.20149898901582" lon="11.019983980804682">
        <ele>2188.69</ele>
      </trkpt>
      <trkpt lat="47.20149094238877" lon="11.019997978582978">
        <ele>2188.98</ele>
      </trkpt>
      <trkpt lat="47.20148197375238" lon="11.020015999674797">
        <ele>2189.28</ele>
      </trkpt>
      <trkpt lat="47.20147895626724" lon="11.020032931119204">
        <ele>2189.54</ele>
      </trkpt>
      <trkpt lat="47.201474932953715" lon="11.020055981352925">
        <ele>2189.81</ele>
      </trkpt>
      <trkpt lat="47.20146596431732" lon="11.020073918625712">
        <ele>2190.08</ele>
      </trkpt>
      <trkpt lat="47.20146093517542" lon="11.02008992806077">
        <ele>2190.33</ele>
      </trkpt>
      <trkpt lat="47.20145699568093" lon="11.020104931667447">
        <ele>2190.59</ele>
      </trkpt>
      <trkpt lat="47.201452972367406" lon="11.020119935274124">
        <ele>2190.83</ele>
      </trkpt>
      <trkpt lat="47.20144593156874" lon="11.020134938880801">
        <ele>2191.08</ele>
      </trkpt>
      <trkpt lat="47.20144098624587" lon="11.020148936659098">
        <ele>2191.32</ele>
      </trkpt>
      <trkpt lat="47.20143595710397" lon="11.020165951922536">
        <ele>2191.56</ele>
      </trkpt>
      <trkpt lat="47.201430927962065" lon="11.020181961357594">
        <ele>2191.79</ele>
      </trkpt>
      <trkpt lat="47.20142598263919" lon="11.020197970792651">
        <ele>2192.0</ele>
      </trkpt>
      <trkpt lat="47.20141793601215" lon="11.020209956914186">
        <ele>2192.22</ele>
      </trkpt>
      <trkpt lat="47.201407961547375" lon="11.020221943035722">
        <ele>2192.45</ele>
      </trkpt>
      <trkpt lat="47.20140092074871" lon="11.020236946642399">
        <ele>2192.66</ele>
      </trkpt>
      <trkpt lat="47.20139496959746" lon="11.020249938592315">
        <ele>2192.84</ele>
      </trkpt>
      <trkpt lat="47.201386922970414" lon="11.02026091888547">
        <ele>2193.01</ele>
      </trkpt>
      <trkpt lat="47.2013789601624" lon="11.020272988826036">
        <ele>2193.17</ele>
      </trkpt>
      <trkpt lat="47.20137694850564" lon="11.020287992432714">
        <ele>2193.3</ele>
      </trkpt>
      <trkpt lat="47.20137694850564" lon="11.0203059297055">
        <ele>2193.43</ele>
      </trkpt>
      <trkpt lat="47.20137191936374" lon="11.020322944968939">
        <ele>2193.56</ele>
      </trkpt>
      <trkpt lat="47.201363956555724" lon="11.020337948575616">
        <ele>2193.7</ele>
      </trkpt>
      <trkpt lat="47.20135792158544" lon="11.020353958010674">
        <ele>2193.82</ele>
      </trkpt>
      <trkpt lat="47.20135297626257" lon="11.020370973274112">
        <ele>2193.94</ele>
      </trkpt>
      <trkpt lat="47.20134995877743" lon="11.02038798853755">
        <ele>2194.05</ele>
      </trkpt>
      <trkpt lat="47.201344929635525" lon="11.020405925810337">
        <ele>2194.17</ele>
      </trkpt>
      <trkpt lat="47.20133696682751" lon="11.020421935245395">
        <ele>2194.29</ele>
      </trkpt>
      <trkpt lat="47.20133294351399" lon="11.020436938852072">
        <ele>2194.42</ele>
      </trkpt>
      <trkpt lat="47.20132598653436" lon="11.020449930801988">
        <ele>2194.55</ele>
      </trkpt>
      <trkpt lat="47.20131894573569" lon="11.020462922751904">
        <ele>2194.67</ele>
      </trkpt>
      <trkpt lat="47.20131198875606" lon="11.02047499269247">
        <ele>2194.8</ele>
      </trkpt>
      <trkpt lat="47.20130695961416" lon="11.020490918308496">
        <ele>2194.92</ele>
      </trkpt>
      <trkpt lat="47.201300924643874" lon="11.020508939400315">
        <ele>2195.05</ele>
      </trkpt>
      <trkpt lat="47.20129296183586" lon="11.020521931350231">
        <ele>2195.19</ele>
      </trkpt>
      <trkpt lat="47.20128793269396" lon="11.020536934956908">
        <ele>2195.34</ele>
      </trkpt>
      <trkpt lat="47.201280975714326" lon="11.020554956048727">
        <ele>2195.48</ele>
      </trkpt>
      <trkpt lat="47.20127594657242" lon="11.020566942170262">
        <ele>2195.64</ele>
      </trkpt>
      <trkpt lat="47.20126597210765" lon="11.020577922463417">
        <ele>2195.81</ele>
      </trkpt>
      <trkpt lat="47.201256919652224" lon="11.020593931898475">
        <ele>2195.99</ele>
      </trkpt>
      <trkpt lat="47.20124895684421" lon="11.020608935505152">
        <ele>2196.17</ele>
      </trkpt>
      <trkpt lat="47.20123898237944" lon="11.020618993788958">
        <ele>2196.36</ele>
      </trkpt>
      <trkpt lat="47.20122992992401" lon="11.020631985738873">
        <ele>2196.56</ele>
      </trkpt>
      <trkpt lat="47.20121995545924" lon="11.020642966032028">
        <ele>2196.76</ele>
      </trkpt>
      <trkpt lat="47.20120897516608" lon="11.020652940496802">
        <ele>2196.98</ele>
      </trkpt>
      <trkpt lat="47.20119992271066" lon="11.020663920789957">
        <ele>2197.21</ele>
      </trkpt>
      <trkpt lat="47.20118994824588" lon="11.020675990730524">
        <ele>2197.43</ele>
      </trkpt>
      <trkpt lat="47.20117997378111" lon="11.020683953538537">
        <ele>2197.68</ele>
      </trkpt>
      <trkpt lat="47.20116597600281" lon="11.02069292217493">
        <ele>2197.94</ele>
      </trkpt>
      <trkpt lat="47.20115499570966" lon="11.020703986287117">
        <ele>2198.2</ele>
      </trkpt>
      <trkpt lat="47.20114694908261" lon="11.02071295492351">
        <ele>2198.48</ele>
      </trkpt>
      <trkpt lat="47.20113697461784" lon="11.020722929388285">
        <ele>2198.76</ele>
      </trkpt>
      <trkpt lat="47.201124988496304" lon="11.02073298767209">
        <ele>2199.06</ele>
      </trkpt>
      <trkpt lat="47.20110998488963" lon="11.020739944651723">
        <ele>2199.37</ele>
      </trkpt>
      <trkpt lat="47.20109598711133" lon="11.020749919116497">
        <ele>2199.69</ele>
      </trkpt>
      <trkpt lat="47.201085928827524" lon="11.020760983228683">
        <ele>2200.01</ele>
      </trkpt>
      <trkpt lat="47.20107696019113" lon="11.02077498100698">
        <ele>2200.33</ele>
      </trkpt>
      <trkpt lat="47.201065979897976" lon="11.020785961300135">
        <ele>2200.65</ele>
      </trkpt>
      <trkpt lat="47.20105399377644" lon="11.020795935764909">
        <ele>2200.99</ele>
      </trkpt>
      <trkpt lat="47.201042929664254" lon="11.020801970735192">
        <ele>2201.34</ele>
      </trkpt>
      <trkpt lat="47.2010319493711" lon="11.020807921886444">
        <ele>2201.69</ele>
      </trkpt>
      <trkpt lat="47.201021974906325" lon="11.02082191966474">
        <ele>2202.04</ele>
      </trkpt>
      <trkpt lat="47.20100998878479" lon="11.020834995433688">
        <ele>2202.39</ele>
      </trkpt>
      <trkpt lat="47.20099397934973" lon="11.020843964070082">
        <ele>2202.77</ele>
      </trkpt>
      <trkpt lat="47.200978975743055" lon="11.020843964070082">
        <ele>2203.15</ele>
      </trkpt>
      <trkpt lat="47.200962966308" lon="11.020838934928179">
        <ele>2203.54</ele>
      </trkpt>
      <trkpt lat="47.20094595104456" lon="11.020835917443037">
        <ele>2203.94</ele>
      </trkpt>
      <trkpt lat="47.2009299416095" lon="11.020833989605308">
        <ele>2204.34</ele>
      </trkpt>
      <trkpt lat="47.200913932174444" lon="11.020835917443037">
        <ele>2204.75</ele>
      </trkpt>
      <trkpt lat="47.20089792273939" lon="11.020836923271418">
        <ele>2205.16</ele>
      </trkpt>
      <trkpt lat="47.20088392496109" lon="11.020843964070082">
        <ele>2205.57</ele>
      </trkpt>
      <trkpt lat="47.20086892135441" lon="11.020847987383604">
        <ele>2205.99</ele>
      </trkpt>
      <trkpt lat="47.20085693523288" lon="11.020848993211985">
        <ele>2206.42</ele>
      </trkpt>
      <trkpt lat="47.20084595493972" lon="11.020857961848378">
        <ele>2206.84</ele>
      </trkpt>
      <trkpt lat="47.20083296298981" lon="11.020869947969913">
        <ele>2207.27</ele>
      </trkpt>
      <trkpt lat="47.200827933847904" lon="11.02088394574821">
        <ele>2207.68</ele>
      </trkpt>
      <trkpt lat="47.20082592219114" lon="11.020901966840029">
        <ele>2208.1</ele>
      </trkpt>
      <trkpt lat="47.20082298852503" lon="11.020919987931848">
        <ele>2208.51</ele>
      </trkpt>
      <trkpt lat="47.20081795938313" lon="11.020935997366905">
        <ele>2208.94</ele>
      </trkpt>
      <trkpt lat="47.20081393606961" lon="11.020958963781595">
        <ele>2209.36</ele>
      </trkpt>
      <trkpt lat="47.200805973261595" lon="11.020978996530175">
        <ele>2209.79</ele>
      </trkpt>
      <trkpt lat="47.20079499296844" lon="11.020992994308472">
        <ele>2210.22</ele>
      </trkpt>
      <trkpt lat="47.20078191719949" lon="11.021003974601626">
        <ele>2210.66</ele>
      </trkpt>
      <trkpt lat="47.20076892524958" lon="11.0210139490664">
        <ele>2211.12</ele>
      </trkpt>
      <trkpt lat="47.20075492747128" lon="11.021020989865065">
        <ele>2211.57</ele>
      </trkpt>
      <trkpt lat="47.200743947178125" lon="11.021030964329839">
        <ele>2212.03</ele>
      </trkpt>
      <trkpt lat="47.200737996026874" lon="11.021046973764896">
        <ele>2212.47</ele>
      </trkpt>
      <trkpt lat="47.2007399238646" lon="11.021068934351206">
        <ele>2212.9</ele>
      </trkpt>
      <trkpt lat="47.200741935521364" lon="11.021086955443025">
        <ele>2213.34</ele>
      </trkpt>
      <trkpt lat="47.200741935521364" lon="11.021105982363224">
        <ele>2213.77</ele>
      </trkpt>
      <trkpt lat="47.200742941349745" lon="11.021129954606295">
        <ele>2214.2</ele>
      </trkpt>
      <trkpt lat="47.200741935521364" lon="11.021149987354875">
        <ele>2214.65</ele>
      </trkpt>
      <trkpt lat="47.200737996026874" lon="11.021169936284423">
        <ele>2215.1</ele>
      </trkpt>
      <trkpt lat="47.20072994939983" lon="11.021187957376242">
        <ele>2215.55</ele>
      </trkpt>
      <trkpt lat="47.200718969106674" lon="11.021194998174906">
        <ele>2216.01</ele>
      </trkpt>
      <trkpt lat="47.2007089946419" lon="11.021206984296441">
        <ele>2216.47</ele>
      </trkpt>
      <trkpt lat="47.200701953843236" lon="11.021218970417976">
        <ele>2216.93</ele>
      </trkpt>
      <trkpt lat="47.200697930529714" lon="11.021241936832666">
        <ele>2217.4</ele>
      </trkpt>
      <trkpt lat="47.200698936358094" lon="11.021262975409627">
        <ele>2217.85</ele>
      </trkpt>
      <trkpt lat="47.200700948014855" lon="11.021282924339175">
        <ele>2218.28</ele>
      </trkpt>
      <trkpt lat="47.20070497132838" lon="11.021300945430994">
        <ele>2218.72</ele>
      </trkpt>
      <trkpt lat="47.20070295967162" lon="11.021317960694432">
        <ele>2219.17</ele>
      </trkpt>
      <trkpt lat="47.200697930529714" lon="11.02133497595787">
        <ele>2219.63</ele>
      </trkpt>
      <trkpt lat="47.2006899677217" lon="11.021346962079406">
        <ele>2220.1</ele>
      </trkpt>
      <trkpt lat="47.200677981600165" lon="11.021360959857702">
        <ele>2220.58</ele>
      </trkpt>
      <trkpt lat="47.20066498965025" lon="11.021373951807618">
        <ele>2221.08</ele>
      </trkpt>
      <trkpt lat="47.20065392553806" lon="11.021388955414295">
        <ele>2221.57</ele>
      </trkpt>
      <trkpt lat="47.20064696855843" lon="11.021410999819636">
        <ele>2222.05</ele>
      </trkpt>
      <trkpt lat="47.20064193941653" lon="11.021431954577565">
        <ele>2222.53</ele>
      </trkpt>
      <trkpt lat="47.20063699409366" lon="11.021448969841003">
        <ele>2223.05</ele>
      </trkpt>
      <trkpt lat="47.200631964951754" lon="11.021466990932822">
        <ele>2223.58</ele>
      </trkpt>
      <trkpt lat="47.20062693580985" lon="11.02148593403399">
        <ele>2224.1</ele>
      </trkpt>
      <trkpt lat="47.20062894746661" lon="11.02150697261095">
        <ele>2224.6</ele>
      </trkpt>
      <trkpt lat="47.20063095912337" lon="11.02152499370277">
        <ele>2225.12</ele>
      </trkpt>
      <trkpt lat="47.200633976608515" lon="11.021543936803937">
        <ele>2225.61</ele>
      </trkpt>
      <trkpt lat="47.200635988265276" lon="11.021562963724136">
        <ele>2226.1</ele>
      </trkpt>
      <trkpt lat="47.20063799992204" lon="11.021581990644336">
        <ele>2226.59</ele>
      </trkpt>
      <trkpt lat="47.200632970780134" lon="11.021599927917123">
        <ele>2227.11</ele>
      </trkpt>
      <trkpt lat="47.20062199048698" lon="11.02161099202931">
        <ele>2227.65</ele>
      </trkpt>
      <trkpt lat="47.20060992054641" lon="11.021620966494083">
        <ele>2228.19</ele>
      </trkpt>
      <trkpt lat="47.200594916939735" lon="11.021632952615619">
        <ele>2228.74</ele>
      </trkpt>
      <trkpt lat="47.20058494247496" lon="11.021648962050676">
        <ele>2229.28</ele>
      </trkpt>
      <trkpt lat="47.20058393664658" lon="11.021668994799256">
        <ele>2229.78</ele>
      </trkpt>
      <trkpt lat="47.20058695413172" lon="11.021690955385566">
        <ele>2230.27</ele>
      </trkpt>
      <trkpt lat="47.200588965788484" lon="11.021714927628636">
        <ele>2230.76</ele>
      </trkpt>
      <trkpt lat="47.200590977445245" lon="11.021735966205597">
        <ele>2231.23</ele>
      </trkpt>
      <trkpt lat="47.200591983273625" lon="11.021753987297416">
        <ele>2231.72</ele>
      </trkpt>
      <trkpt lat="47.200591983273625" lon="11.021777959540486">
        <ele>2232.2</ele>
      </trkpt>
      <trkpt lat="47.2005829308182" lon="11.021793968975544">
        <ele>2232.69</ele>
      </trkpt>
      <trkpt lat="47.200571950525045" lon="11.021809978410602">
        <ele>2233.2</ele>
      </trkpt>
      <trkpt lat="47.20056197606027" lon="11.021821964532137">
        <ele>2233.7</ele>
      </trkpt>
      <trkpt lat="47.200551917776465" lon="11.021838979795575">
        <ele>2234.21</ele>
      </trkpt>
      <trkpt lat="47.20054093748331" lon="11.021855995059013">
        <ele>2234.68</ele>
      </trkpt>
      <trkpt lat="47.20053398050368" lon="11.021876949816942">
        <ele>2235.15</ele>
      </trkpt>
      <trkpt lat="47.200529957190156" lon="11.021895976737142">
        <ele>2235.57</ele>
      </trkpt>
      <trkpt lat="47.20053096301854" lon="11.02191299200058">
        <ele>2235.96</ele>
      </trkpt>
      <trkpt lat="47.20053196884692" lon="11.021932940930128">
        <ele>2236.34</ele>
      </trkpt>
      <trkpt lat="47.20053599216044" lon="11.021952973678708">
        <ele>2236.69</ele>
      </trkpt>
      <trkpt lat="47.20053699798882" lon="11.021973928436637">
        <ele>2237.03</ele>
      </trkpt>
      <trkpt lat="47.20053599216044" lon="11.021995972841978">
        <ele>2237.37</ele>
      </trkpt>
      <trkpt lat="47.20053498633206" lon="11.022015921771526">
        <ele>2237.69</ele>
      </trkpt>
      <trkpt lat="47.20053196884692" lon="11.022036960348487">
        <ele>2238.0</ele>
      </trkpt>
      <trkpt lat="47.20052492804825" lon="11.022055987268686">
        <ele>2238.3</ele>
      </trkpt>
      <trkpt lat="47.2005139477551" lon="11.02206596173346">
        <ele>2238.58</ele>
      </trkpt>
      <trkpt lat="47.20050196163356" lon="11.022078953683376">
        <ele>2238.87</ele>
      </trkpt>
      <trkpt lat="47.20049592666328" lon="11.022093957290053">
        <ele>2239.11</ele>
      </trkpt>
      <trkpt lat="47.20048796385527" lon="11.022112984210253">
        <ele>2239.34</ele>
      </trkpt>
      <trkpt lat="47.200483940541744" lon="11.022132933139801">
        <ele>2239.54</ele>
      </trkpt>
      <trkpt lat="47.20047798939049" lon="11.02215196006">
        <ele>2239.73</ele>
      </trkpt>
      <trkpt lat="47.20047396607697" lon="11.0221709869802">
        <ele>2239.89</ele>
      </trkpt>
      <trkpt lat="47.20047396607697" lon="11.022187918424606">
        <ele>2240.01</ele>
      </trkpt>
      <trkpt lat="47.20047497190535" lon="11.022209962829947">
        <ele>2240.12</ele>
      </trkpt>
      <trkpt lat="47.20047698356211" lon="11.022231923416257">
        <ele>2240.2</ele>
      </trkpt>
      <trkpt lat="47.20047798939049" lon="11.022252961993217">
        <ele>2240.27</ele>
      </trkpt>
      <trkpt lat="47.20047497190535" lon="11.022271988913417">
        <ele>2240.32</ele>
      </trkpt>
      <trkpt lat="47.20047396607697" lon="11.022292943671346">
        <ele>2240.35</ele>
      </trkpt>
      <trkpt lat="47.20047396607697" lon="11.022314988076687">
        <ele>2240.36</ele>
      </trkpt>
      <trkpt lat="47.20047296024859" lon="11.022336948662996">
        <ele>2240.34</ele>
      </trkpt>
      <trkpt lat="47.200465919449925" lon="11.022358993068337">
        <ele>2240.33</ele>
      </trkpt>
      <trkpt lat="47.20045493915677" lon="11.022375924512744">
        <ele>2240.28</ele>
      </trkpt>
      <trkpt lat="47.200441947206855" lon="11.02238891646266">
        <ele>2240.22</ele>
      </trkpt>
      <trkpt lat="47.20042895525694" lon="11.022403920069337">
        <ele>2240.14</ele>
      </trkpt>
      <trkpt lat="47.200419986620545" lon="11.022419929504395">
        <ele>2240.03</ele>
      </trkpt>
      <trkpt lat="47.200419986620545" lon="11.022442979738116">
        <ele>2239.89</ele>
      </trkpt>
      <trkpt lat="47.20042493194342" lon="11.022464940324426">
        <ele>2239.72</ele>
      </trkpt>
      <trkpt lat="47.20042895525694" lon="11.022485978901386">
        <ele>2239.54</ele>
      </trkpt>
      <trkpt lat="47.20043398439884" lon="11.022506933659315">
        <ele>2239.34</ele>
      </trkpt>
      <trkpt lat="47.2004309669137" lon="11.022526966407895">
        <ele>2239.15</ele>
      </trkpt>
      <trkpt lat="47.20042493194342" lon="11.022544987499714">
        <ele>2238.95</ele>
      </trkpt>
      <trkpt lat="47.200416969135404" lon="11.02256191894412">
        <ele>2238.74</ele>
      </trkpt>
      <trkpt lat="47.20040498301387" lon="11.02257994003594">
        <ele>2238.54</ele>
      </trkpt>
      <trkpt lat="47.20039492473006" lon="11.022597961127758">
        <ele>2238.34</ele>
      </trkpt>
      <trkpt lat="47.20038796775043" lon="11.022618999704719">
        <ele>2238.11</ele>
      </trkpt>
      <trkpt lat="47.20039199106395" lon="11.022636936977506">
        <ele>2237.86</ele>
      </trkpt>
      <trkpt lat="47.200397942215204" lon="11.022657975554466">
        <ele>2237.61</ele>
      </trkpt>
      <trkpt lat="47.200400959700346" lon="11.022672979161143">
        <ele>2237.36</ele>
      </trkpt>
      <trkpt lat="47.200397942215204" lon="11.022693933919072">
        <ele>2237.11</ele>
      </trkpt>
      <trkpt lat="47.20039098523557" lon="11.022712960839272">
        <ele>2236.88</ele>
      </trkpt>
      <trkpt lat="47.200379921123385" lon="11.022726958617568">
        <ele>2236.65</ele>
      </trkpt>
      <trkpt lat="47.20036994665861" lon="11.022744979709387">
        <ele>2236.41</ele>
      </trkpt>
      <trkpt lat="47.20036399550736" lon="11.022766940295696">
        <ele>2236.17</ele>
      </trkpt>
      <trkpt lat="47.20036491751671" lon="11.022786973044276">
        <ele>2235.91</ele>
      </trkpt>
      <trkpt lat="47.20036491751671" lon="11.022805999964476">
        <ele>2235.66</ele>
      </trkpt>
      <trkpt lat="47.20036894083023" lon="11.022825948894024">
        <ele>2235.39</ele>
      </trkpt>
      <trkpt lat="47.20037195831537" lon="11.022845981642604">
        <ele>2235.12</ele>
      </trkpt>
      <trkpt lat="47.20036592334509" lon="11.022864924743772">
        <ele>2234.86</ele>
      </trkpt>
      <trkpt lat="47.20035896636546" lon="11.022886969149113">
        <ele>2234.62</ele>
      </trkpt>
      <trkpt lat="47.20035091973841" lon="11.022903984412551">
        <ele>2234.38</ele>
      </trkpt>
      <trkpt lat="47.20034094527364" lon="11.02292099967599">
        <ele>2234.16</ele>
      </trkpt>
      <trkpt lat="47.200334994122386" lon="11.022939942777157">
        <ele>2233.96</ele>
      </trkpt>
      <trkpt lat="47.200332982465625" lon="11.022960981354117">
        <ele>2233.76</ele>
      </trkpt>
      <trkpt lat="47.20032996498048" lon="11.022983947768807">
        <ele>2233.58</ele>
      </trkpt>
      <trkpt lat="47.200332982465625" lon="11.023001968860626">
        <ele>2233.39</ele>
      </trkpt>
      <trkpt lat="47.20034195110202" lon="11.023015966638923">
        <ele>2233.21</ele>
      </trkpt>
      <trkpt lat="47.20034999772906" lon="11.02303197607398">
        <ele>2233.04</ele>
      </trkpt>
      <trkpt lat="47.200355948880315" lon="11.023047985509038">
        <ele>2232.9</ele>
      </trkpt>
      <trkpt lat="47.20035896636546" lon="11.023065922781825">
        <ele>2232.77</ele>
      </trkpt>
      <trkpt lat="47.20035997219384" lon="11.023081932216883">
        <ele>2232.66</ele>
      </trkpt>
      <trkpt lat="47.200355948880315" lon="11.02309794165194">
        <ele>2232.56</ele>
      </trkpt>
      <trkpt lat="47.20034698024392" lon="11.02311696857214">
        <ele>2232.49</ele>
      </trkpt>
      <trkpt lat="47.200337927788496" lon="11.023130966350436">
        <ele>2232.43</ele>
      </trkpt>
      <trkpt lat="47.200331976637244" lon="11.023148987442255">
        <ele>2232.39</ele>
      </trkpt>
      <trkpt lat="47.20032795332372" lon="11.023171953856945">
        <ele>2232.36</ele>
      </trkpt>
      <trkpt lat="47.2003289591521" lon="11.023188969120383">
        <ele>2232.35</ele>
      </trkpt>
      <trkpt lat="47.200332982465625" lon="11.02320397272706">
        <ele>2232.36</ele>
      </trkpt>
      <trkpt lat="47.20033993944526" lon="11.023220987990499">
        <ele>2232.4</ele>
      </trkpt>
      <trkpt lat="47.20034094527364" lon="11.023234985768795">
        <ele>2232.46</ele>
      </trkpt>
      <trkpt lat="47.20033599995077" lon="11.023251917213202">
        <ele>2232.55</ele>
      </trkpt>
      <trkpt lat="47.20032795332372" lon="11.02326499298215">
        <ele>2232.67</ele>
      </trkpt>
      <trkpt lat="47.20032292418182" lon="11.023282930254936">
        <ele>2232.8</ele>
      </trkpt>
      <trkpt lat="47.20032099634409" lon="11.023305980488658">
        <ele>2232.95</ele>
      </trkpt>
      <trkpt lat="47.2003239300102" lon="11.02333196438849">
        <ele>2233.12</ele>
      </trkpt>
      <trkpt lat="47.200331976637244" lon="11.02335593663156">
        <ele>2233.31</ele>
      </trkpt>
      <trkpt lat="47.20033893361688" lon="11.023372951894999">
        <ele>2233.51</ele>
      </trkpt>
      <trkpt lat="47.20034195110202" lon="11.023388961330056">
        <ele>2233.74</ele>
      </trkpt>
      <trkpt lat="47.20034899190068" lon="11.023405976593494">
        <ele>2233.98</ele>
      </trkpt>
      <trkpt lat="47.200353937223554" lon="11.02341695688665">
        <ele>2234.24</ele>
      </trkpt>
      <trkpt lat="47.20036097802222" lon="11.023434977978468">
        <ele>2234.53</ele>
      </trkpt>
      <trkpt lat="47.20036692917347" lon="11.023453921079636">
        <ele>2234.84</ele>
      </trkpt>
      <trkpt lat="47.20036491751671" lon="11.023471942171454">
        <ele>2235.17</ele>
      </trkpt>
      <trkpt lat="47.20036097802222" lon="11.023490969091654">
        <ele>2235.53</ele>
      </trkpt>
      <trkpt lat="47.20035293139517" lon="11.023509996011853">
        <ele>2235.92</ele>
      </trkpt>
      <trkpt lat="47.20034899190068" lon="11.02352399379015">
        <ele>2236.32</ele>
      </trkpt>
      <trkpt lat="47.20034496858716" lon="11.02354696020484">
        <ele>2236.75</ele>
      </trkpt>
      <trkpt lat="47.20034396275878" lon="11.02356892079115">
        <ele>2237.18</ele>
      </trkpt>
      <trkpt lat="47.20034698024392" lon="11.023596916347742">
        <ele>2237.64</ele>
      </trkpt>
      <trkpt lat="47.200353937223554" lon="11.023618960753083">
        <ele>2238.1</ele>
      </trkpt>
      <trkpt lat="47.20036399550736" lon="11.023638993501663">
        <ele>2238.57</ele>
      </trkpt>
      <trkpt lat="47.20037296414375" lon="11.02365693077445">
        <ele>2239.06</ele>
      </trkpt>
      <trkpt lat="47.20037899911404" lon="11.023673946037889">
        <ele>2239.56</ele>
      </trkpt>
      <trkpt lat="47.200376987457275" lon="11.023694984614849">
        <ele>2240.08</ele>
      </trkpt>
      <trkpt lat="47.20037296414375" lon="11.023709988221526">
        <ele>2240.6</ele>
      </trkpt>
      <trkpt lat="47.20036298967898" lon="11.023723985999823">
        <ele>2241.15</ele>
      </trkpt>
      <trkpt lat="47.200355948880315" lon="11.023736977949739">
        <ele>2241.7</ele>
      </trkpt>
      <trkpt lat="47.2003479860723" lon="11.023752987384796">
        <ele>2242.25</ele>
      </trkpt>
      <trkpt lat="47.20034195110202" lon="11.023775953799486">
        <ele>2242.83</ele>
      </trkpt>
      <trkpt lat="47.20034195110202" lon="11.023797998204827">
        <ele>2243.41</ele>
      </trkpt>
      <trkpt lat="47.20034396275878" lon="11.023820964619517">
        <ele>2243.99</ele>
      </trkpt>
      <trkpt lat="47.20035293139517" lon="11.023839991539717">
        <ele>2244.57</ele>
      </trkpt>
      <trkpt lat="47.20036399550736" lon="11.023855917155743">
        <ele>2245.14</ele>
      </trkpt>
      <trkpt lat="47.20037296414375" lon="11.02387092076242">
        <ele>2245.71</ele>
      </trkpt>
      <trkpt lat="47.20038595609367" lon="11.023883996531367">
        <ele>2246.28</ele>
      </trkpt>
      <trkpt lat="47.200396936386824" lon="11.023899922147393">
        <ele>2246.86</ele>
      </trkpt>
      <trkpt lat="47.20040196552873" lon="11.023917943239212">
        <ele>2247.44</ele>
      </trkpt>
      <trkpt lat="47.200399953871965" lon="11.023941999301314">
        <ele>2248.03</ele>
      </trkpt>
      <trkpt lat="47.20039098523557" lon="11.023959936574101">
        <ele>2248.61</ele>
      </trkpt>
      <trkpt lat="47.20038394443691" lon="11.023975946009159">
        <ele>2249.19</ele>
      </trkpt>
      <trkpt lat="47.200377993285656" lon="11.023990949615836">
        <ele>2249.75</ele>
      </trkpt>
      <trkpt lat="47.200374975800514" lon="11.024006959050894">
        <ele>2250.32</ele>
      </trkpt>
      <trkpt lat="47.200373969972134" lon="11.024024980142713">
        <ele>2250.87</ele>
      </trkpt>
      <trkpt lat="47.200376987457275" lon="11.02404492907226">
        <ele>2251.42</ele>
      </trkpt>
      <trkpt lat="47.20038293860853" lon="11.02406295016408">
        <ele>2251.95</ele>
      </trkpt>
      <trkpt lat="47.20039098523557" lon="11.024079965427518">
        <ele>2252.46</ele>
      </trkpt>
      <trkpt lat="47.20040196552873" lon="11.024093963205814">
        <ele>2252.97</ele>
      </trkpt>
      <trkpt lat="47.20040992833674" lon="11.024108966812491">
        <ele>2253.47</ele>
      </trkpt>
      <trkpt lat="47.200417974963784" lon="11.024124976247549">
        <ele>2253.97</ele>
      </trkpt>
      <trkpt lat="47.20042794942856" lon="11.024141991510987">
        <ele>2254.45</ele>
      </trkpt>
      <trkpt lat="47.20043197274208" lon="11.024159928783774">
        <ele>2254.93</ele>
      </trkpt>
      <trkpt lat="47.2004309669137" lon="11.024179961532354">
        <ele>2255.41</ele>
      </trkpt>
      <trkpt lat="47.20042794942856" lon="11.024196976795793">
        <ele>2255.88</ele>
      </trkpt>
      <trkpt lat="47.200423926115036" lon="11.02421198040247">
        <ele>2256.34</ele>
      </trkpt>
      <trkpt lat="47.20041495747864" lon="11.024225978180766">
        <ele>2256.79</ele>
      </trkpt>
      <trkpt lat="47.20040598884225" lon="11.024248944595456">
        <ele>2257.24</ele>
      </trkpt>
      <trkpt lat="47.20040297135711" lon="11.024275934323668">
        <ele>2257.69</ele>
      </trkpt>
      <trkpt lat="47.20040892250836" lon="11.024290937930346">
        <ele>2258.11</ele>
      </trkpt>
      <trkpt lat="47.200420992448926" lon="11.02430292405188">
        <ele>2258.51</ele>
      </trkpt>
      <trkpt lat="47.20043197274208" lon="11.024313988164067">
        <ele>2258.9</ele>
      </trkpt>
      <trkpt lat="47.200444964692" lon="11.02432295680046">
        <ele>2259.28</ele>
      </trkpt>
      <trkpt lat="47.20045493915677" lon="11.024333937093616">
        <ele>2259.65</ele>
      </trkpt>
      <trkpt lat="47.200462985783815" lon="11.024347934871912">
        <ele>2260.02</ele>
      </trkpt>
      <trkpt lat="47.200462985783815" lon="11.024361932650208">
        <ele>2260.39</ele>
      </trkpt>
      <trkpt lat="47.200466925278306" lon="11.024376936256886">
        <ele>2260.75</ele>
      </trkpt>
      <trkpt lat="47.20046793110669" lon="11.024394957348704">
        <ele>2261.11</ele>
      </trkpt>
      <trkpt lat="47.20046893693507" lon="11.024410966783762">
        <ele>2261.45</ele>
      </trkpt>
      <trkpt lat="47.20047195442021" lon="11.024430999532342">
        <ele>2261.78</ele>
      </trkpt>
      <trkpt lat="47.20047396607697" lon="11.024454971775413">
        <ele>2262.12</ele>
      </trkpt>
      <trkpt lat="47.20047497190535" lon="11.02447098121047">
        <ele>2262.44</ele>
      </trkpt>
      <trkpt lat="47.20047195442021" lon="11.024477938190103">
        <ele>2262.74</ele>
      </trkpt>
      <trkpt lat="47.20043691806495" lon="11.024532923474908">
        <ele>2263.11</ele>
      </trkpt>
      <trkpt lat="47.20042493194342" lon="11.024544993415475">
        <ele>2263.42</ele>
      </trkpt>
      <trkpt lat="47.200422920286655" lon="11.024558991193771">
        <ele>2263.7</ele>
      </trkpt>
      <trkpt lat="47.20042199827731" lon="11.024575922638178">
        <ele>2263.97</ele>
      </trkpt>
      <trkpt lat="47.200417974963784" lon="11.024590926244855">
        <ele>2264.23</ele>
      </trkpt>
      <trkpt lat="47.200417974963784" lon="11.024607941508293">
        <ele>2264.48</ele>
      </trkpt>
      <trkpt lat="47.2004119399935" lon="11.024627974256873">
        <ele>2264.71</ele>
      </trkpt>
      <trkpt lat="47.20040196552873" lon="11.024635937064886">
        <ele>2264.95</ele>
      </trkpt>
      <trkpt lat="47.20038796775043" lon="11.024638954550028">
        <ele>2265.18</ele>
      </trkpt>
      <trkpt lat="47.200377993285656" lon="11.02464197203517">
        <ele>2265.4</ele>
      </trkpt>
      <trkpt lat="47.20036592334509" lon="11.02464691735804">
        <ele>2265.61</ele>
      </trkpt>
      <trkpt lat="47.20035293139517" lon="11.024653958156705">
        <ele>2265.81</ele>
      </trkpt>
      <trkpt lat="47.20034195110202" lon="11.024659993126988">
        <ele>2266.0</ele>
      </trkpt>
      <trkpt lat="47.200330970808864" lon="11.024667955935001">
        <ele>2266.18</ele>
      </trkpt>
      <trkpt lat="47.20031999051571" lon="11.024673990905285">
        <ele>2266.36</ele>
      </trkpt>
      <trkpt lat="47.200313955545425" lon="11.024674996733665">
        <ele>2266.52</ele>
      </trkpt>
      <trkpt lat="47.200312949717045" lon="11.024676924571395">
        <ele>2266.68</ele>
      </trkpt>
      <trkpt lat="47.20030599273741" lon="11.024677930399776">
        <ele>2266.82</ele>
      </trkpt>
      <trkpt lat="47.200291994959116" lon="11.024690922349691">
        <ele>2266.97</ele>
      </trkpt>
      <trkpt lat="47.20026299357414" lon="11.024704920127988">
        <ele>2267.14</ele>
      </trkpt>
      <trkpt lat="47.20026399940252" lon="11.02470894344151">
        <ele>2267.26</ele>
      </trkpt>
      <trkpt lat="47.20026492141187" lon="11.024712966755033">
        <ele>2267.37</ele>
      </trkpt>
      <trkpt lat="47.20026592724025" lon="11.024716990068555">
        <ele>2267.47</ele>
      </trkpt>
      <trkpt lat="47.20026592724025" lon="11.024720929563046">
        <ele>2267.57</ele>
      </trkpt>
      <trkpt lat="47.20026693306863" lon="11.024724952876568">
        <ele>2267.66</ele>
      </trkpt>
      <trkpt lat="47.200267938897014" lon="11.02472897619009">
        <ele>2267.74</ele>
      </trkpt>
      <trkpt lat="47.200268944725394" lon="11.024731993675232">
        <ele>2267.82</ele>
      </trkpt>
      <trkpt lat="47.200269950553775" lon="11.024735933169723">
        <ele>2267.88</ele>
      </trkpt>
      <trkpt lat="47.200270956382155" lon="11.024739956483245">
        <ele>2267.94</ele>
      </trkpt>
      <trkpt lat="47.200271962210536" lon="11.024743979796767">
        <ele>2268.0</ele>
      </trkpt>
      <trkpt lat="47.20027296803892" lon="11.024747919291258">
        <ele>2268.04</ele>
      </trkpt>
      <trkpt lat="47.20027296803892" lon="11.02475194260478">
        <ele>2268.09</ele>
      </trkpt>
      <trkpt lat="47.2002739738673" lon="11.024755965918303">
        <ele>2268.12</ele>
      </trkpt>
      <trkpt lat="47.20027497969568" lon="11.024759989231825">
        <ele>2268.15</ele>
      </trkpt>
      <trkpt lat="47.20027598552406" lon="11.024763928726315">
        <ele>2268.18</ele>
      </trkpt>
      <trkpt lat="47.20027699135244" lon="11.024767952039838">
        <ele>2268.2</ele>
      </trkpt>
      <trkpt lat="47.20027799718082" lon="11.02477197535336">
        <ele>2268.21</ele>
      </trkpt>
      <trkpt lat="47.20027891919017" lon="11.024775998666883">
        <ele>2268.22</ele>
      </trkpt>
      <trkpt lat="47.20027992501855" lon="11.024779938161373">
        <ele>2268.23</ele>
      </trkpt>
      <trkpt lat="47.20027992501855" lon="11.024783961474895">
        <ele>2268.23</ele>
      </trkpt>
      <trkpt lat="47.20028093084693" lon="11.024786978960037">
        <ele>2268.23</ele>
      </trkpt>
      <trkpt lat="47.20028193667531" lon="11.024790918454528">
        <ele>2268.23</ele>
      </trkpt>
      <trkpt lat="47.20028294250369" lon="11.02479494176805">
        <ele>2268.22</ele>
      </trkpt>
      <trkpt lat="47.20028394833207" lon="11.024798965081573">
        <ele>2268.21</ele>
      </trkpt>
      <trkpt lat="47.20028495416045" lon="11.024802988395095">
        <ele>2268.2</ele>
      </trkpt>
      <trkpt lat="47.20028595998883" lon="11.024806927889585">
        <ele>2268.18</ele>
      </trkpt>
      <trkpt lat="47.20028696581721" lon="11.024810951203108">
        <ele>2268.16</ele>
      </trkpt>
      <trkpt lat="47.20028696581721" lon="11.02481497451663">
        <ele>2268.14</ele>
      </trkpt>
      <trkpt lat="47.200287971645594" lon="11.024818997830153">
        <ele>2268.12</ele>
      </trkpt>
      <trkpt lat="47.200288977473974" lon="11.024822937324643">
        <ele>2268.1</ele>
      </trkpt>
      <trkpt lat="47.200289983302355" lon="11.024826960638165">
        <ele>2268.07</ele>
      </trkpt>
      <trkpt lat="47.200290989130735" lon="11.024830983951688">
        <ele>2268.05</ele>
      </trkpt>
      <trkpt lat="47.200291994959116" lon="11.024834923446178">
        <ele>2268.02</ele>
      </trkpt>
      <trkpt lat="47.200292916968465" lon="11.02483794093132">
        <ele>2267.99</ele>
      </trkpt>
      <trkpt lat="47.200293922796845" lon="11.024841964244843">
        <ele>2267.96</ele>
      </trkpt>
      <trkpt lat="47.200293922796845" lon="11.024845987558365">
        <ele>2267.93</ele>
      </trkpt>
      <trkpt lat="47.200294928625226" lon="11.024849927052855">
        <ele>2267.91</ele>
      </trkpt>
      <trkpt lat="47.20029593445361" lon="11.024853950366378">
        <ele>2267.88</ele>
      </trkpt>
      <trkpt lat="47.20029694028199" lon="11.0248579736799">
        <ele>2267.84</ele>
      </trkpt>
      <trkpt lat="47.20029794611037" lon="11.024861996993423">
        <ele>2267.81</ele>
      </trkpt>
      <trkpt lat="47.20029895193875" lon="11.024865936487913">
        <ele>2267.78</ele>
      </trkpt>
      <trkpt lat="47.20029995776713" lon="11.024869959801435">
        <ele>2267.75</ele>
      </trkpt>
      <trkpt lat="47.20030096359551" lon="11.024873983114958">
        <ele>2267.72</ele>
      </trkpt>
      <trkpt lat="47.20030096359551" lon="11.024877922609448">
        <ele>2267.69</ele>
      </trkpt>
      <trkpt lat="47.20030196942389" lon="11.02488194592297">
        <ele>2267.67</ele>
      </trkpt>
      <trkpt lat="47.20030297525227" lon="11.024885969236493">
        <ele>2267.64</ele>
      </trkpt>
      <trkpt lat="47.20030398108065" lon="11.024888986721635">
        <ele>2267.61</ele>
      </trkpt>
      <trkpt lat="47.20030498690903" lon="11.024892926216125">
        <ele>2267.58</ele>
      </trkpt>
      <trkpt lat="47.20030599273741" lon="11.024896949529648">
        <ele>2267.56</ele>
      </trkpt>
      <trkpt lat="47.20030699856579" lon="11.02490097284317">
        <ele>2267.53</ele>
      </trkpt>
      <trkpt lat="47.20030792057514" lon="11.024904996156693">
        <ele>2267.51</ele>
      </trkpt>
      <trkpt lat="47.20030792057514" lon="11.024908935651183">
        <ele>2267.48</ele>
      </trkpt>
      <trkpt lat="47.20030892640352" lon="11.024912958964705">
        <ele>2267.46</ele>
      </trkpt>
      <trkpt lat="47.2003099322319" lon="11.024916982278228">
        <ele>2267.44</ele>
      </trkpt>
      <trkpt lat="47.200310938060284" lon="11.024920921772718">
        <ele>2267.43</ele>
      </trkpt>
      <trkpt lat="47.200311943888664" lon="11.02492494508624">
        <ele>2267.41</ele>
      </trkpt>
      <trkpt lat="47.200312949717045" lon="11.024928968399763">
        <ele>2267.39</ele>
      </trkpt>
      <trkpt lat="47.200313955545425" lon="11.024932991713285">
        <ele>2267.38</ele>
      </trkpt>
      <trkpt lat="47.200314961373806" lon="11.024936931207776">
        <ele>2267.37</ele>
      </trkpt>
      <trkpt lat="47.200314961373806" lon="11.024940954521298">
        <ele>2267.36</ele>
      </trkpt>
      <trkpt lat="47.20031596720219" lon="11.02494397200644">
        <ele>2267.35</ele>
      </trkpt>
      <trkpt lat="47.20031697303057" lon="11.024947995319963">
        <ele>2267.34</ele>
      </trkpt>
      <trkpt lat="47.20031797885895" lon="11.024951934814453">
        <ele>2267.34</ele>
      </trkpt>
      <trkpt lat="47.20031898468733" lon="11.024955958127975">
        <ele>2267.33</ele>
      </trkpt>
      <trkpt lat="47.20031999051571" lon="11.024959981441498">
        <ele>2267.33</ele>
      </trkpt>
      <trkpt lat="47.20032099634409" lon="11.024963920935988">
        <ele>2267.33</ele>
      </trkpt>
      <trkpt lat="47.20032191835344" lon="11.02496794424951">
        <ele>2267.34</ele>
      </trkpt>
      <trkpt lat="47.20032191835344" lon="11.024971967563033">
        <ele>2267.35</ele>
      </trkpt>
      <trkpt lat="47.20032292418182" lon="11.024975990876555">
        <ele>2267.35</ele>
      </trkpt>
      <trkpt lat="47.2003239300102" lon="11.024979930371046">
        <ele>2267.36</ele>
      </trkpt>
      <trkpt lat="47.20032493583858" lon="11.024983953684568">
        <ele>2267.38</ele>
      </trkpt>
      <trkpt lat="47.20032594166696" lon="11.02498797699809">
        <ele>2267.39</ele>
      </trkpt>
      <trkpt lat="47.20032694749534" lon="11.024991916492581">
        <ele>2267.41</ele>
      </trkpt>
      <trkpt lat="47.20032795332372" lon="11.024994933977723">
        <ele>2267.43</ele>
      </trkpt>
      <trkpt lat="47.2003289591521" lon="11.024998957291245">
        <ele>2267.46</ele>
      </trkpt>
      <trkpt lat="47.2003289591521" lon="11.025002980604768">
        <ele>2267.49</ele>
      </trkpt>
      <trkpt lat="47.20032996498048" lon="11.025006920099258">
        <ele>2267.52</ele>
      </trkpt>
      <trkpt lat="47.200330970808864" lon="11.02501094341278">
        <ele>2267.55</ele>
      </trkpt>
      <trkpt lat="47.200331976637244" lon="11.025014966726303">
        <ele>2267.59</ele>
      </trkpt>
      <trkpt lat="47.200332982465625" lon="11.025018990039825">
        <ele>2267.64</ele>
      </trkpt>
      <trkpt lat="47.200333988294005" lon="11.025022929534316">
        <ele>2267.68</ele>
      </trkpt>
      <trkpt lat="47.200334994122386" lon="11.025026952847838">
        <ele>2267.73</ele>
      </trkpt>
      <trkpt lat="47.20033599995077" lon="11.02503097616136">
        <ele>2267.78</ele>
      </trkpt>
      <trkpt lat="47.20033599995077" lon="11.025034999474883">
        <ele>2267.84</ele>
      </trkpt>
      <trkpt lat="47.200336921960115" lon="11.025038938969374">
        <ele>2267.9</ele>
      </trkpt>
      <trkpt lat="47.200337927788496" lon="11.025042962282896">
        <ele>2267.96</ele>
      </trkpt>
      <trkpt lat="47.20033893361688" lon="11.025045979768038">
        <ele>2268.02</ele>
      </trkpt>
      <trkpt lat="47.20033993944526" lon="11.025049919262528">
        <ele>2268.1</ele>
      </trkpt>
      <trkpt lat="47.20034094527364" lon="11.02505394257605">
        <ele>2268.17</ele>
      </trkpt>
      <trkpt lat="47.20034195110202" lon="11.025057965889573">
        <ele>2268.25</ele>
      </trkpt>
      <trkpt lat="47.2003429569304" lon="11.025061989203095">
        <ele>2268.33</ele>
      </trkpt>
      <trkpt lat="47.2003429569304" lon="11.025065928697586">
        <ele>2268.42</ele>
      </trkpt>
      <trkpt lat="47.20034396275878" lon="11.025069952011108">
        <ele>2268.51</ele>
      </trkpt>
      <trkpt lat="47.20034496858716" lon="11.02507397532463">
        <ele>2268.6</ele>
      </trkpt>
      <trkpt lat="47.20034597441554" lon="11.025077998638153">
        <ele>2268.7</ele>
      </trkpt>
      <trkpt lat="47.20034698024392" lon="11.025081938132644">
        <ele>2268.8</ele>
      </trkpt>
      <trkpt lat="47.2003479860723" lon="11.025085961446166">
        <ele>2268.91</ele>
      </trkpt>
      <trkpt lat="47.20034899190068" lon="11.025089984759688">
        <ele>2269.02</ele>
      </trkpt>
      <trkpt lat="47.20034999772906" lon="11.025093924254179">
        <ele>2269.13</ele>
      </trkpt>
      <trkpt lat="47.20034999772906" lon="11.025097947567701">
        <ele>2269.25</ele>
      </trkpt>
      <trkpt lat="47.20035091973841" lon="11.025100965052843">
        <ele>2269.38</ele>
      </trkpt>
      <trkpt lat="47.20035192556679" lon="11.025104988366365">
        <ele>2269.51</ele>
      </trkpt>
      <trkpt lat="47.20035293139517" lon="11.025108927860856">
        <ele>2269.64</ele>
      </trkpt>
      <trkpt lat="47.200353937223554" lon="11.025112951174378">
        <ele>2269.77</ele>
      </trkpt>
      <trkpt lat="47.200354943051934" lon="11.0251169744879">
        <ele>2269.91</ele>
      </trkpt>
      <trkpt lat="47.200355948880315" lon="11.025120997801423">
        <ele>2270.06</ele>
      </trkpt>
      <trkpt lat="47.200356954708695" lon="11.025124937295914">
        <ele>2270.21</ele>
      </trkpt>
      <trkpt lat="47.2004499938339" lon="11.02554495446384">
        <ele>2270.69</ele>
      </trkpt>
      <trkpt lat="47.200441947206855" lon="11.025543948635459">
        <ele>2270.86</ele>
      </trkpt>
      <trkpt lat="47.20047597773373" lon="11.02552693337202">
        <ele>2270.92</ele>
      </trkpt>
      <trkpt lat="47.20047195442021" lon="11.02547898888588">
        <ele>2271.02</ele>
      </trkpt>
      <trkpt lat="47.20047698356211" lon="11.025472953915596">
        <ele>2271.16</ele>
      </trkpt>
      <trkpt lat="47.20047597773373" lon="11.025457950308919">
        <ele>2271.31</ele>
      </trkpt>
      <trkpt lat="47.20047296024859" lon="11.02543699555099">
        <ele>2271.46</ele>
      </trkpt>
      <trkpt lat="47.200466925278306" lon="11.025414951145649">
        <ele>2271.62</ele>
      </trkpt>
      <trkpt lat="47.200463991612196" lon="11.02539399638772">
        <ele>2271.79</ele>
      </trkpt>
      <trkpt lat="47.200459968298674" lon="11.025387961417437">
        <ele>2271.98</ele>
      </trkpt>
      <trkpt lat="47.20045594498515" lon="11.025371951982379">
        <ele>2272.16</ele>
      </trkpt>
      <trkpt lat="47.20044898800552" lon="11.025351919233799">
        <ele>2272.36</ele>
      </trkpt>
      <trkpt lat="47.20043892972171" lon="11.025338927283883">
        <ele>2272.57</ele>
      </trkpt>
      <trkpt lat="47.2004309669137" lon="11.02532995864749">
        <ele>2272.79</ele>
      </trkpt>
      <trkpt lat="47.200420992448926" lon="11.025319984182715">
        <ele>2273.03</ele>
      </trkpt>
      <trkpt lat="47.20041093416512" lon="11.025313949212432">
        <ele>2273.27</ele>
      </trkpt>
      <trkpt lat="47.200397942215204" lon="11.025304980576038">
        <ele>2273.53</ele>
      </trkpt>
      <trkpt lat="47.20038193278015" lon="11.025297939777374">
        <ele>2273.8</ele>
      </trkpt>
      <trkpt lat="47.20037296414375" lon="11.025289976969361">
        <ele>2274.07</ele>
      </trkpt>
      <trkpt lat="47.20036793500185" lon="11.025273967534304">
        <ele>2274.35</ele>
      </trkpt>
      <trkpt lat="47.20036399550736" lon="11.025253934785724">
        <ele>2274.62</ele>
      </trkpt>
      <trkpt lat="47.200357960537076" lon="11.025234991684556">
        <ele>2274.9</ele>
      </trkpt>
      <trkpt lat="47.20034999772906" lon="11.025209929794073">
        <ele>2275.2</ele>
      </trkpt>
      <trkpt lat="47.2003429569304" lon="11.025192998349667">
        <ele>2275.51</ele>
      </trkpt>
      <trkpt lat="47.20032996498048" lon="11.025178916752338">
        <ele>2275.85</ele>
      </trkpt>
      <trkpt lat="47.200313955545425" lon="11.025175983086228">
        <ele>2276.22</ele>
      </trkpt>
      <trkpt lat="47.20029995776713" lon="11.02517799474299">
        <ele>2276.6</ele>
      </trkpt>
      <trkpt lat="47.20028294250369" lon="11.025184951722622">
        <ele>2277.0</ele>
      </trkpt>
      <trkpt lat="47.200271962210536" lon="11.025185957551003">
        <ele>2277.39</ele>
      </trkpt>
      <trkpt lat="47.20025897026062" lon="11.025179922580719">
        <ele>2277.79</ele>
      </trkpt>
      <trkpt lat="47.20024296082556" lon="11.025169948115945">
        <ele>2278.21</ele>
      </trkpt>
      <trkpt lat="47.20022996887565" lon="11.02515896782279">
        <ele>2278.62</ele>
      </trkpt>
      <trkpt lat="47.20021697692573" lon="11.025152932852507">
        <ele>2279.05</ele>
      </trkpt>
      <trkpt lat="47.200205996632576" lon="11.025146981701255">
        <ele>2279.49</ele>
      </trkpt>
      <trkpt lat="47.20019493252039" lon="11.025131978094578">
        <ele>2279.93</ele>
      </trkpt>
      <trkpt lat="47.20017892308533" lon="11.025125943124294">
        <ele>2280.37</ele>
      </trkpt>
      <trkpt lat="47.200162997469306" lon="11.025130972266197">
        <ele>2280.84</ele>
      </trkpt>
      <trkpt lat="47.20015092752874" lon="11.02513994090259">
        <ele>2281.31</ele>
      </trkpt>
      <trkpt lat="47.200139947235584" lon="11.025150921195745">
        <ele>2281.8</ele>
      </trkpt>
      <trkpt lat="47.20012997277081" lon="11.025164918974042">
        <ele>2282.29</ele>
      </trkpt>
      <trkpt lat="47.200117986649275" lon="11.025175983086228">
        <ele>2282.78</ele>
      </trkpt>
      <trkpt lat="47.20010792836547" lon="11.025186963379383">
        <ele>2283.28</ele>
      </trkpt>
      <trkpt lat="47.20009292475879" lon="11.025192998349667">
        <ele>2283.78</ele>
      </trkpt>
      <trkpt lat="47.200078926980495" lon="11.025191992521286">
        <ele>2284.27</ele>
      </trkpt>
      <trkpt lat="47.20006794668734" lon="11.02518294006586">
        <ele>2284.75</ele>
      </trkpt>
      <trkpt lat="47.200054954737425" lon="11.025171959772706">
        <ele>2285.24</ele>
      </trkpt>
      <trkpt lat="47.20004095695913" lon="11.025165924802423">
        <ele>2285.73</ele>
      </trkpt>
      <trkpt lat="47.20002695918083" lon="11.025171959772706">
        <ele>2286.24</ele>
      </trkpt>
      <trkpt lat="47.20001799054444" lon="11.025184951722622">
        <ele>2286.74</ele>
      </trkpt>
      <trkpt lat="47.20000592060387" lon="11.025194926187396">
        <ele>2287.25</ele>
      </trkpt>
      <trkpt lat="47.1999959461391" lon="11.025207918137312">
        <ele>2287.76</ele>
      </trkpt>
      <trkpt lat="47.19998496584594" lon="11.025214958935976">
        <ele>2288.25</ele>
      </trkpt>
      <trkpt lat="47.199968956410885" lon="11.025215964764357">
        <ele>2288.75</ele>
      </trkpt>
      <trkpt lat="47.19995596446097" lon="11.025209929794073">
        <ele>2289.23</ele>
      </trkpt>
      <trkpt lat="47.19994297251105" lon="11.02520096115768">
        <ele>2289.7</ele>
      </trkpt>
      <trkpt lat="47.1999319922179" lon="11.025197943672538">
        <ele>2290.17</ele>
      </trkpt>
      <trkpt lat="47.19991891644895" lon="11.025197943672538">
        <ele>2290.64</ele>
      </trkpt>
      <trkpt lat="47.199904918670654" lon="11.025199955329299">
        <ele>2291.1</ele>
      </trkpt>
      <trkpt lat="47.19988899305463" lon="11.025198949500918">
        <ele>2291.55</ele>
      </trkpt>
      <trkpt lat="47.19987591728568" lon="11.025194926187396">
        <ele>2291.99</ele>
      </trkpt>
      <trkpt lat="47.199861919507384" lon="11.025195932015777">
        <ele>2292.43</ele>
      </trkpt>
      <trkpt lat="47.19985194504261" lon="11.025192998349667">
        <ele>2292.85</ele>
      </trkpt>
      <trkpt lat="47.199839958921075" lon="11.025194926187396">
        <ele>2293.27</ele>
      </trkpt>
      <trkpt lat="47.19982797279954" lon="11.025205990299582">
        <ele>2293.69</ele>
      </trkpt>
      <trkpt lat="47.199817998334765" lon="11.02522392757237">
        <ele>2294.11</ele>
      </trkpt>
      <trkpt lat="47.1998059283942" lon="11.025237925350666">
        <ele>2294.51</ele>
      </trkpt>
      <trkpt lat="47.19979293644428" lon="11.02524396032095">
        <ele>2294.9</ele>
      </trkpt>
      <trkpt lat="47.19977994449437" lon="11.025249995291233">
        <ele>2295.27</ele>
      </trkpt>
      <trkpt lat="47.19976393505931" lon="11.025253934785724">
        <ele>2295.63</ele>
      </trkpt>
      <trkpt lat="47.19974993728101" lon="11.025248989462852">
        <ele>2295.96</ele>
      </trkpt>
      <trkpt lat="47.199734933674335" lon="11.02524396032095">
        <ele>2296.28</ele>
      </trkpt>
      <trkpt lat="47.19971892423928" lon="11.025238931179047">
        <ele>2296.59</ele>
      </trkpt>
      <trkpt lat="47.19970299862325" lon="11.025242954492569">
        <ele>2296.89</ele>
      </trkpt>
      <trkpt lat="47.199688917025924" lon="11.025249995291233">
        <ele>2297.18</ele>
      </trkpt>
      <trkpt lat="47.19967693090439" lon="11.025258963927627">
        <ele>2297.45</ele>
      </trkpt>
      <trkpt lat="47.19966293312609" lon="11.025265920907259">
        <ele>2297.7</ele>
      </trkpt>
      <trkpt lat="47.199648935347795" lon="11.025271955877542">
        <ele>2297.94</ele>
      </trkpt>
      <trkpt lat="47.19963292591274" lon="11.025282936170697">
        <ele>2298.18</ele>
      </trkpt>
      <trkpt lat="47.19961792230606" lon="11.025294922292233">
        <ele>2298.4</ele>
      </trkpt>
      <trkpt lat="47.199606942012906" lon="11.025312943384051">
        <ele>2298.62</ele>
      </trkpt>
      <trkpt lat="47.199600990861654" lon="11.02533096447587">
        <ele>2298.81</ele>
      </trkpt>
      <trkpt lat="47.199600990861654" lon="11.02534999139607">
        <ele>2298.97</ele>
      </trkpt>
      <trkpt lat="47.199603924527764" lon="11.025370946153998">
        <ele>2299.11</ele>
      </trkpt>
      <trkpt lat="47.19960995949805" lon="11.025391984730959">
        <ele>2299.23</ele>
      </trkpt>
      <trkpt lat="47.19961691647768" lon="11.025414951145649">
        <ele>2299.33</ele>
      </trkpt>
      <trkpt lat="47.199624963104725" lon="11.025433978065848">
        <ele>2299.41</ele>
      </trkpt>
      <trkpt lat="47.19963896088302" lon="11.025444958359003">
        <ele>2299.47</ele>
      </trkpt>
      <trkpt lat="47.1996539644897" lon="11.025448981672525">
        <ele>2299.51</ele>
      </trkpt>
      <trkpt lat="47.19967399723828" lon="11.025453926995397">
        <ele>2299.53</ele>
      </trkpt>
      <trkpt lat="47.199691934511065" lon="11.0254589561373">
        <ele>2299.54</ele>
      </trkpt>
      <trkpt lat="47.199709955602884" lon="11.025468930602074">
        <ele>2299.54</ele>
      </trkpt>
      <trkpt lat="47.19972194172442" lon="11.02548393420875">
        <ele>2299.52</ele>
      </trkpt>
      <trkpt lat="47.19973795115948" lon="11.025486951693892">
        <ele>2299.48</ele>
      </trkpt>
      <trkpt lat="47.19974893145263" lon="11.025476977229118">
        <ele>2299.42</ele>
      </trkpt>
      <trkpt lat="47.19976091757417" lon="11.025464991107583">
        <ele>2299.34</ele>
      </trkpt>
      <trkpt lat="47.199771981686354" lon="11.025450993329287">
        <ele>2299.25</ele>
      </trkpt>
      <trkpt lat="47.19978296197951" lon="11.025437917560339">
        <ele>2299.14</ele>
      </trkpt>
      <trkpt lat="47.199794948101044" lon="11.025422997772694">
        <ele>2299.02</ele>
      </trkpt>
      <trkpt lat="47.19980794005096" lon="11.025410927832127">
        <ele>2298.9</ele>
      </trkpt>
      <trkpt lat="47.199820932000875" lon="11.025408999994397">
        <ele>2298.77</ele>
      </trkpt>
      <trkpt lat="47.19983291812241" lon="11.025420986115932">
        <ele>2298.65</ele>
      </trkpt>
      <trkpt lat="47.19984599389136" lon="11.025430960580707">
        <ele>2298.53</ele>
      </trkpt>
      <trkpt lat="47.199862925335765" lon="11.02544093504548">
        <ele>2298.39</ele>
      </trkpt>
      <trkpt lat="47.19987792894244" lon="11.025448981672525">
        <ele>2298.25</ele>
      </trkpt>
      <trkpt lat="47.19988899305463" lon="11.025443952530622">
        <ele>2298.1</ele>
      </trkpt>
      <trkpt lat="47.19989997334778" lon="11.025431966409087">
        <ele>2297.93</ele>
      </trkpt>
      <trkpt lat="47.1999129652977" lon="11.025419980287552">
        <ele>2297.77</ele>
      </trkpt>
      <trkpt lat="47.199926963075995" lon="11.025410927832127">
        <ele>2297.6</ele>
      </trkpt>
      <trkpt lat="47.19993894919753" lon="11.025409922003746">
        <ele>2297.44</ele>
      </trkpt>
      <trkpt lat="47.19995294697583" lon="11.02541696280241">
        <ele>2297.29</ele>
      </trkpt>
      <trkpt lat="47.19996593892574" lon="11.025423919782043">
        <ele>2297.15</ele>
      </trkpt>
      <trkpt lat="47.19997499138117" lon="11.02543699555099">
        <ele>2297.02</ele>
      </trkpt>
      <trkpt lat="47.199986977502704" lon="11.025447975844145">
        <ele>2296.89</ele>
      </trkpt>
      <trkpt lat="47.20000198110938" lon="11.025451999157667">
        <ele>2296.76</ele>
      </trkpt>
      <trkpt lat="47.200013967230916" lon="11.025442946702242">
        <ele>2296.62</ele>
      </trkpt>
      <trkpt lat="47.20002595335245" lon="11.025434983894229">
        <ele>2296.49</ele>
      </trkpt>
      <trkpt lat="47.20003894530237" lon="11.025430960580707">
        <ele>2296.38</ele>
      </trkpt>
      <trkpt lat="47.200053948909044" lon="11.02543598972261">
        <ele>2296.29</ele>
      </trkpt>
      <trkpt lat="47.20006694085896" lon="11.025446970015764">
        <ele>2296.22</ele>
      </trkpt>
      <trkpt lat="47.200075993314385" lon="11.025462979450822">
        <ele>2296.17</ele>
      </trkpt>
      <trkpt lat="47.20008295029402" lon="11.02548192255199">
        <ele>2296.14</ele>
      </trkpt>
      <trkpt lat="47.20009099692106" lon="11.025499943643808">
        <ele>2296.12</ele>
      </trkpt>
      <trkpt lat="47.20010197721422" lon="11.025505978614092">
        <ele>2296.1</ele>
      </trkpt>
      <trkpt lat="47.200115974992514" lon="11.025508996099234">
        <ele>2296.09</ele>
      </trkpt>
      <trkpt lat="47.20012896694243" lon="11.025511929765344">
        <ele>2296.1</ele>
      </trkpt>
      <trkpt lat="47.20014397054911" lon="11.025514947250485">
        <ele>2296.12</ele>
      </trkpt>
      <trkpt lat="47.2001579683274" lon="11.02552592754364">
        <ele>2296.17</ele>
      </trkpt>
      <trkpt lat="47.20016794279218" lon="11.025542942807078">
        <ele>2296.25</ele>
      </trkpt>
      <trkpt lat="47.20017096027732" lon="11.025560963898897">
        <ele>2296.34</ele>
      </trkpt>
      <trkpt lat="47.2001719661057" lon="11.025579990819097">
        <ele>2296.46</ele>
      </trkpt>
      <trkpt lat="47.20017397776246" lon="11.025601951405406">
        <ele>2296.6</ele>
      </trkpt>
      <trkpt lat="47.20017498359084" lon="11.025623995810747">
        <ele>2296.75</ele>
      </trkpt>
      <trkpt lat="47.200183952227235" lon="11.025643944740295">
        <ele>2296.92</ele>
      </trkpt>
      <trkpt lat="47.20019694417715" lon="11.025657942518592">
        <ele>2297.09</ele>
      </trkpt>
      <trkpt lat="47.200208930298686" lon="11.025664983317256">
        <ele>2297.26</ele>
      </trkpt>
      <trkpt lat="47.20022091642022" lon="11.02567596361041">
        <ele>2297.46</ele>
      </trkpt>
      <trkpt lat="47.20022292807698" lon="11.025689961388707">
        <ele>2297.69</ele>
      </trkpt>
      <trkpt lat="47.200224939733744" lon="11.025711921975017">
        <ele>2297.93</ele>
      </trkpt>
      <trkpt lat="47.200224939733744" lon="11.025731954723597">
        <ele>2298.2</ele>
      </trkpt>
      <trkpt lat="47.20022393390536" lon="11.025757938623428">
        <ele>2298.48</ele>
      </trkpt>
      <trkpt lat="47.20023097470403" lon="11.025776965543628">
        <ele>2298.77</ele>
      </trkpt>
      <trkpt lat="47.20024195499718" lon="11.025791969150305">
        <ele>2299.06</ele>
      </trkpt>
      <trkpt lat="47.20025293529034" lon="11.02580496110022">
        <ele>2299.36</ele>
      </trkpt>
      <trkpt lat="47.20025897026062" lon="11.025819964706898">
        <ele>2299.68</ele>
      </trkpt>
      <trkpt lat="47.20026399940252" lon="11.025835974141955">
        <ele>2300.02</ele>
      </trkpt>
      <trkpt lat="47.200268944725394" lon="11.025854917243123">
        <ele>2300.37</ele>
      </trkpt>
      <trkpt lat="47.200270956382155" lon="11.025874949991703">
        <ele>2300.74</ele>
      </trkpt>
      <trkpt lat="47.2002739738673" lon="11.025893976911902">
        <ele>2301.11</ele>
      </trkpt>
      <trkpt lat="47.20027891919017" lon="11.02591392584145">
        <ele>2301.5</ele>
      </trkpt>
      <trkpt lat="47.20028495416045" lon="11.025935970246792">
        <ele>2301.89</ele>
      </trkpt>
      <trkpt lat="47.200291994959116" lon="11.02595591917634">
        <ele>2302.29</ele>
      </trkpt>
      <trkpt lat="47.20029694028199" lon="11.025977963581681">
        <ele>2302.7</ele>
      </trkpt>
      <trkpt lat="47.20030599273741" lon="11.02599699050188">
        <ele>2303.12</ele>
      </trkpt>
      <trkpt lat="47.20031797885895" lon="11.026013921946287">
        <ele>2303.53</ele>
      </trkpt>
      <trkpt lat="47.200330970808864" lon="11.026023980230093">
        <ele>2303.93</ele>
      </trkpt>
      <trkpt lat="47.20034094527364" lon="11.02604191750288">
        <ele>2304.36</ele>
      </trkpt>
      <trkpt lat="47.2003479860723" lon="11.02606094442308">
        <ele>2304.8</ele>
      </trkpt>
      <trkpt lat="47.200354943051934" lon="11.026079971343279">
        <ele>2305.24</ele>
      </trkpt>
      <trkpt lat="47.20036097802222" lon="11.026101931929588">
        <ele>2305.69</ele>
      </trkpt>
      <trkpt lat="47.20036692917347" lon="11.02612498216331">
        <ele>2306.15</ele>
      </trkpt>
      <trkpt lat="47.20037195831537" lon="11.026144931092858">
        <ele>2306.6</ele>
      </trkpt>
      <trkpt lat="47.200374975800514" lon="11.0261669754982">
        <ele>2307.06</ele>
      </trkpt>
      <trkpt lat="47.20038394443691" lon="11.02619094774127">
        <ele>2307.51</ele>
      </trkpt>
      <trkpt lat="47.20038997940719" lon="11.026213997974992">
        <ele>2307.97</ele>
      </trkpt>
      <trkpt lat="47.200400959700346" lon="11.026235958561301">
        <ele>2308.41</ele>
      </trkpt>
      <trkpt lat="47.20040498301387" lon="11.0262549854815">
        <ele>2308.87</ele>
      </trkpt>
      <trkpt lat="47.20039593055844" lon="11.026267977431417">
        <ele>2309.32</ele>
      </trkpt>
      <trkpt lat="47.20039199106395" lon="11.026270994916558">
        <ele>2309.77</ele>
      </trkpt>
      <trkpt lat="47.20039299689233" lon="11.026270994916558">
        <ele>2310.2</ele>
      </trkpt>
      <trkpt lat="47.20034597441554" lon="11.026322962716222">
        <ele>2310.7</ele>
      </trkpt>
      <trkpt lat="47.20033893361688" lon="11.026341989636421">
        <ele>2311.14</ele>
      </trkpt>
      <trkpt lat="47.200330970808864" lon="11.026364956051111">
        <ele>2311.58</ele>
      </trkpt>
      <trkpt lat="47.20031697303057" lon="11.02638691663742">
        <ele>2312.02</ele>
      </trkpt>
      <trkpt lat="47.20029895193875" lon="11.026403931900859">
        <ele>2312.47</ele>
      </trkpt>
      <trkpt lat="47.20027992501855" lon="11.026406949386">
        <ele>2312.9</ele>
      </trkpt>
      <trkpt lat="47.20026198774576" lon="11.026407955214381">
        <ele>2313.32</ele>
      </trkpt>
      <trkpt lat="47.2002409491688" lon="11.026403931900859">
        <ele>2313.74</ele>
      </trkpt>
      <trkpt lat="47.20021697692573" lon="11.026392951607704">
        <ele>2314.15</ele>
      </trkpt>
      <trkpt lat="47.20019996166229" lon="11.026376942172647">
        <ele>2314.54</ele>
      </trkpt>
      <trkpt lat="47.20018093474209" lon="11.026352969929576">
        <ele>2314.91</ele>
      </trkpt>
      <trkpt lat="47.200160985812545" lon="11.026327991858125">
        <ele>2315.27</ele>
      </trkpt>
      <trkpt lat="47.200141958892345" lon="11.026306953281164">
        <ele>2315.63</ele>
      </trkpt>
      <trkpt lat="47.20013198442757" lon="11.026280969381332">
        <ele>2315.96</ele>
      </trkpt>
      <trkpt lat="47.200116980820894" lon="11.026259930804372">
        <ele>2316.3</ele>
      </trkpt>
      <trkpt lat="47.20010097138584" lon="11.026237970218062">
        <ele>2316.61</ele>
      </trkpt>
      <trkpt lat="47.20008596777916" lon="11.026217937469482">
        <ele>2316.92</ele>
      </trkpt>
      <trkpt lat="47.200072975829244" lon="11.026198994368315">
        <ele>2317.21</ele>
      </trkpt>
      <trkpt lat="47.20005897805095" lon="11.026179967448115">
        <ele>2317.5</ele>
      </trkpt>
      <trkpt lat="47.20004598610103" lon="11.02616798132658">
        <ele>2317.78</ele>
      </trkpt>
      <trkpt lat="47.200030982494354" lon="11.026149960234761">
        <ele>2318.05</ele>
      </trkpt>
      <trkpt lat="47.20001799054444" lon="11.026130933314562">
        <ele>2318.31</ele>
      </trkpt>
      <trkpt lat="47.20000198110938" lon="11.026112996041775">
        <ele>2318.57</ele>
      </trkpt>
      <trkpt lat="47.199987983331084" lon="11.026097992435098">
        <ele>2318.82</ele>
      </trkpt>
      <trkpt lat="47.19997197389603" lon="11.02608198300004">
        <ele>2319.07</ele>
      </trkpt>
      <trkpt lat="47.19995697028935" lon="11.026066979393363">
        <ele>2319.31</ele>
      </trkpt>
      <trkpt lat="47.19994096085429" lon="11.026053987443447">
        <ele>2319.55</ele>
      </trkpt>
      <trkpt lat="47.19992293976247" lon="11.02604292333126">
        <ele>2319.78</ele>
      </trkpt>
      <trkpt lat="47.199903996661305" lon="11.02604292333126">
        <ele>2320.01</ele>
      </trkpt>
      <trkpt lat="47.199884969741106" lon="11.026040995493531">
        <ele>2320.22</ele>
      </trkpt>
      <trkpt lat="47.19986996613443" lon="11.026047952473164">
        <ele>2320.45</ele>
      </trkpt>
      <trkpt lat="47.19985295087099" lon="11.026052981615067">
        <ele>2320.66</ele>
      </trkpt>
      <trkpt lat="47.19983593560755" lon="11.02606195025146">
        <ele>2320.87</ele>
      </trkpt>
      <trkpt lat="47.199817998334765" lon="11.026067985221744">
        <ele>2321.08</ele>
      </trkpt>
      <trkpt lat="47.19980198889971" lon="11.026072930544615">
        <ele>2321.29</ele>
      </trkpt>
      <trkpt lat="47.19978296197951" lon="11.026075948029757">
        <ele>2321.49</ele>
      </trkpt>
      <trkpt lat="47.19976695254445" lon="11.026083994656801">
        <ele>2321.69</ele>
      </trkpt>
      <trkpt lat="47.199755972251296" lon="11.026094974949956">
        <ele>2321.89</ele>
      </trkpt>
      <trkpt lat="47.19974691979587" lon="11.02610394358635">
        <ele>2322.09</ele>
      </trkpt>
      <trkpt lat="47.199734933674335" lon="11.026113918051124">
        <ele>2322.29</ele>
      </trkpt>
      <trkpt lat="47.19972093589604" lon="11.026117941364646">
        <ele>2322.48</ele>
      </trkpt>
      <trkpt lat="47.19970794394612" lon="11.026121964678168">
        <ele>2322.67</ele>
      </trkpt>
      <trkpt lat="47.19969595782459" lon="11.0261289216578">
        <ele>2322.85</ele>
      </trkpt>
      <trkpt lat="47.19968497753143" lon="11.026136968284845">
        <ele>2323.04</ele>
      </trkpt>
      <trkpt lat="47.19967592507601" lon="11.02614895440638">
        <ele>2323.23</ele>
      </trkpt>
      <trkpt lat="47.199668968096375" lon="11.026160940527916">
        <ele>2323.42</ele>
      </trkpt>
      <trkpt lat="47.1996589936316" lon="11.026175944134593">
        <ele>2323.6</ele>
      </trkpt>
      <trkpt lat="47.199646923691034" lon="11.026187930256128">
        <ele>2323.78</ele>
      </trkpt>
      <trkpt lat="47.19963192008436" lon="11.026192959398031">
        <ele>2323.96</ele>
      </trkpt>
      <trkpt lat="47.19961993396282" lon="11.026187930256128">
        <ele>2324.11</ele>
      </trkpt>
      <trkpt lat="47.199602918699384" lon="11.026185918599367">
        <ele>2324.27</ele>
      </trkpt>
      <trkpt lat="47.19959294423461" lon="11.026196982711554">
        <ele>2324.44</ele>
      </trkpt>
      <trkpt lat="47.19958598725498" lon="11.026212992146611">
        <ele>2324.61</ele>
      </trkpt>
      <trkpt lat="47.19957794062793" lon="11.02623294107616">
        <ele>2324.77</ele>
      </trkpt>
      <trkpt lat="47.199563942849636" lon="11.026244927197695">
        <ele>2324.92</ele>
      </trkpt>
      <trkpt lat="47.19954893924296" lon="11.02625297382474">
        <ele>2325.06</ele>
      </trkpt>
      <trkpt lat="47.19953393563628" lon="11.0262549854815">
        <ele>2325.2</ele>
      </trkpt>
      <trkpt lat="47.19952194951475" lon="11.026256997138262">
        <ele>2325.33</ele>
      </trkpt>
      <trkpt lat="47.19950795173645" lon="11.026259930804372">
        <ele>2325.47</ele>
      </trkpt>
      <trkpt lat="47.199495965614915" lon="11.026262948289514">
        <ele>2325.6</ele>
      </trkpt>
      <trkpt lat="47.19948699697852" lon="11.02627594023943">
        <ele>2325.74</ele>
      </trkpt>
      <trkpt lat="47.19948599115014" lon="11.026294967159629">
        <ele>2325.88</ele>
      </trkpt>
      <trkpt lat="47.199474927037954" lon="11.026311982423067">
        <ele>2326.01</ele>
      </trkpt>
      <trkpt lat="47.19946193508804" lon="11.026325980201364">
        <ele>2326.14</ele>
      </trkpt>
      <trkpt lat="47.19944793730974" lon="11.026325980201364">
        <ele>2326.26</ele>
      </trkpt>
      <trkpt lat="47.199433939531446" lon="11.026317933574319">
        <ele>2326.36</ele>
      </trkpt>
      <trkpt lat="47.19941893592477" lon="11.026315921917558">
        <ele>2326.47</ele>
      </trkpt>
      <trkpt lat="47.19940594397485" lon="11.02631994523108">
        <ele>2326.58</ele>
      </trkpt>
      <trkpt lat="47.199390940368176" lon="11.026325980201364">
        <ele>2326.69</ele>
      </trkpt>
      <trkpt lat="47.19937794841826" lon="11.026334948837757">
        <ele>2326.8</ele>
      </trkpt>
      <trkpt lat="47.199364956468344" lon="11.02634391747415">
        <ele>2326.91</ele>
      </trkpt>
      <trkpt lat="47.19934995286167" lon="11.026345929130912">
        <ele>2327.02</ele>
      </trkpt>
      <trkpt lat="47.19933595508337" lon="11.026349952444434">
        <ele>2327.13</ele>
      </trkpt>
      <trkpt lat="47.19932095147669" lon="11.026350958272815">
        <ele>2327.24</ele>
      </trkpt>
      <trkpt lat="47.19930896535516" lon="11.026351964101195">
        <ele>2327.34</ele>
      </trkpt>
      <trkpt lat="47.199297985062" lon="11.026356993243098">
        <ele>2327.45</ele>
      </trkpt>
      <trkpt lat="47.19928398728371" lon="11.026358921080828">
        <ele>2327.56</ele>
      </trkpt>
      <trkpt lat="47.19926898367703" lon="11.026352969929576">
        <ele>2327.65</ele>
      </trkpt>
      <trkpt lat="47.199258925393224" lon="11.026341989636421">
        <ele>2327.74</ele>
      </trkpt>
      <trkpt lat="47.19924693927169" lon="11.026324974372983">
        <ele>2327.83</ele>
      </trkpt>
      <trkpt lat="47.199237970635295" lon="11.026310976594687">
        <ele>2327.91</ele>
      </trkpt>
      <trkpt lat="47.19922699034214" lon="11.02629697881639">
        <ele>2328.0</ele>
      </trkpt>
      <trkpt lat="47.199218943715096" lon="11.026279963552952">
        <ele>2328.08</ele>
      </trkpt>
      <trkpt lat="47.19920595176518" lon="11.026270994916558">
        <ele>2328.18</ele>
      </trkpt>
      <trkpt lat="47.19918994233012" lon="11.026266971603036">
        <ele>2328.28</ele>
      </trkpt>
      <trkpt lat="47.199174938723445" lon="11.026265965774655">
        <ele>2328.38</ele>
      </trkpt>
      <trkpt lat="47.19915993511677" lon="11.026266971603036">
        <ele>2328.48</ele>
      </trkpt>
      <trkpt lat="47.19914593733847" lon="11.026271916925907">
        <ele>2328.59</ele>
      </trkpt>
      <trkpt lat="47.19913495704532" lon="11.026282981038094">
        <ele>2328.7</ele>
      </trkpt>
      <trkpt lat="47.199126994237304" lon="11.026293961331248">
        <ele>2328.81</ele>
      </trkpt>
      <trkpt lat="47.1991219650954" lon="11.026311982423067">
        <ele>2328.92</ele>
      </trkpt>
      <trkpt lat="47.19912498258054" lon="11.026332937180996">
        <ele>2329.03</ele>
      </trkpt>
      <trkpt lat="47.199133951216936" lon="11.026353975757957">
        <ele>2329.13</ele>
      </trkpt>
      <trkpt lat="47.19914694316685" lon="11.026376942172647">
        <ele>2329.24</ele>
      </trkpt>
      <trkpt lat="47.19916395843029" lon="11.026396974921227">
        <ele>2329.35</ele>
      </trkpt>
      <trkpt lat="47.19918197952211" lon="11.026417929679155">
        <ele>2329.46</ele>
      </trkpt>
      <trkpt lat="47.199196983128786" lon="11.026430921629071">
        <ele>2329.57</ele>
      </trkpt>
      <trkpt lat="47.19921198673546" lon="11.026444919407368">
        <ele>2329.68</ele>
      </trkpt>
      <trkpt lat="47.19922799617052" lon="11.026457995176315">
        <ele>2329.79</ele>
      </trkpt>
      <trkpt lat="47.19924693927169" lon="11.026464952155948">
        <ele>2329.89</ele>
      </trkpt>
      <trkpt lat="47.199261942878366" lon="11.026459923014045">
        <ele>2329.99</ele>
      </trkpt>
      <trkpt lat="47.19927594065666" lon="11.026455983519554">
        <ele>2330.1</ele>
      </trkpt>
      <trkpt lat="47.19928993843496" lon="11.026457995176315">
        <ele>2330.2</ele>
      </trkpt>
      <trkpt lat="47.199304942041636" lon="11.026460928842425">
        <ele>2330.3</ele>
      </trkpt>
      <trkpt lat="47.19931793399155" lon="11.02646897546947">
        <ele>2330.41</ele>
      </trkpt>
      <trkpt lat="47.19933293759823" lon="11.026472998782992">
        <ele>2330.51</ele>
      </trkpt>
      <trkpt lat="47.199344923719764" lon="11.026477944105864">
        <ele>2330.62</ele>
      </trkpt>
      <trkpt lat="47.19935892149806" lon="11.026475932449102">
        <ele>2330.72</ele>
      </trkpt>
      <trkpt lat="47.19937099143863" lon="11.026472998782992">
        <ele>2330.83</ele>
      </trkpt>
      <trkpt lat="47.19938297756016" lon="11.026472998782992">
        <ele>2330.95</ele>
      </trkpt>
      <trkpt lat="47.19939596951008" lon="11.02646998129785">
        <ele>2331.06</ele>
      </trkpt>
      <trkpt lat="47.199411978945136" lon="11.026470987126231">
        <ele>2331.19</ele>
      </trkpt>
      <trkpt lat="47.19942597672343" lon="11.026473920792341">
        <ele>2331.31</ele>
      </trkpt>
      <trkpt lat="47.19944098033011" lon="11.026471992954612">
        <ele>2331.43</ele>
      </trkpt>
      <trkpt lat="47.199451960623264" lon="11.026466963812709">
        <ele>2331.55</ele>
      </trkpt>
      <trkpt lat="47.1994639467448" lon="11.026456989347935">
        <ele>2331.67</ele>
      </trkpt>
      <trkpt lat="47.199472999200225" lon="11.026459923014045">
        <ele>2331.8</ele>
      </trkpt>
      <trkpt lat="47.19948498532176" lon="11.026460928842425">
        <ele>2331.93</ele>
      </trkpt>
      <trkpt lat="47.19949294812977" lon="11.026476938277483">
        <ele>2332.07</ele>
      </trkpt>
      <trkpt lat="47.19950694590807" lon="11.02649194188416">
        <ele>2332.22</ele>
      </trkpt>
      <trkpt lat="47.19951197504997" lon="11.026513986289501">
        <ele>2332.37</ele>
      </trkpt>
      <trkpt lat="47.199514992535114" lon="11.02653494104743">
        <ele>2332.52</ele>
      </trkpt>
      <trkpt lat="47.19950594007969" lon="11.02655396796763">
        <ele>2332.66</ele>
      </trkpt>
      <trkpt lat="47.19949294812977" lon="11.026565954089165">
        <ele>2332.8</ele>
      </trkpt>
      <trkpt lat="47.199474927037954" lon="11.026571989059448">
        <ele>2332.93</ele>
      </trkpt>
      <trkpt lat="47.19945799559355" lon="11.026573916897178">
        <ele>2333.07</ele>
      </trkpt>
      <trkpt lat="47.19943896867335" lon="11.0265779402107">
        <ele>2333.2</ele>
      </trkpt>
      <trkpt lat="47.19942295923829" lon="11.026584981009364">
        <ele>2333.34</ele>
      </trkpt>
      <trkpt lat="47.199407955631614" lon="11.026594955474138">
        <ele>2333.48</ele>
      </trkpt>
      <trkpt lat="47.1993949636817" lon="11.026603924110532">
        <ele>2333.62</ele>
      </trkpt>
      <trkpt lat="47.1993809659034" lon="11.026612976565957">
        <ele>2333.77</ele>
      </trkpt>
      <trkpt lat="47.199365962296724" lon="11.02661699987948">
        <ele>2333.91</ele>
      </trkpt>
      <trkpt lat="47.19935095869005" lon="11.026622951030731">
        <ele>2334.05</ele>
      </trkpt>
      <trkpt lat="47.19933796674013" lon="11.026630997657776">
        <ele>2334.19</ele>
      </trkpt>
      <trkpt lat="47.19932799227536" lon="11.02664097212255">
        <ele>2334.34</ele>
      </trkpt>
      <trkpt lat="47.19931793399155" lon="11.026651952415705">
        <ele>2334.48</ele>
      </trkpt>
      <trkpt lat="47.199304942041636" lon="11.026661926880479">
        <ele>2334.63</ele>
      </trkpt>
      <trkpt lat="47.19929195009172" lon="11.026671985164285">
        <ele>2334.77</ele>
      </trkpt>
      <trkpt lat="47.19927594065666" lon="11.026678942143917">
        <ele>2334.91</ele>
      </trkpt>
      <trkpt lat="47.199258925393224" lon="11.0266849771142">
        <ele>2335.05</ele>
      </trkpt>
      <trkpt lat="47.19924098812044" lon="11.026688916608691">
        <ele>2335.19</ele>
      </trkpt>
      <trkpt lat="47.19922497868538" lon="11.026690928265452">
        <ele>2335.32</ele>
      </trkpt>
      <trkpt lat="47.19920695759356" lon="11.026688916608691">
        <ele>2335.46</ele>
      </trkpt>
      <trkpt lat="47.199192959815264" lon="11.0266849771142">
        <ele>2335.59</ele>
      </trkpt>
      <trkpt lat="47.19917795620859" lon="11.026681959629059">
        <ele>2335.72</ele>
      </trkpt>
      <trkpt lat="47.19916496425867" lon="11.026672990992665">
        <ele>2335.84</ele>
      </trkpt>
      <trkpt lat="47.199151972308755" lon="11.026676930487156">
        <ele>2335.98</ele>
      </trkpt>
      <trkpt lat="47.19913998618722" lon="11.026676930487156">
        <ele>2336.12</ele>
      </trkpt>
      <trkpt lat="47.19912397675216" lon="11.026678942143917">
        <ele>2336.25</ele>
      </trkpt>
      <trkpt lat="47.199106961488724" lon="11.026678942143917">
        <ele>2336.39</ele>
      </trkpt>
      <trkpt lat="47.19909296371043" lon="11.026672990992665">
        <ele>2336.52</ele>
      </trkpt>
      <trkpt lat="47.19908198341727" lon="11.026661926880479">
        <ele>2336.65</ele>
      </trkpt>
      <trkpt lat="47.199070919305086" lon="11.026648934930563">
        <ele>2336.78</ele>
      </trkpt>
      <trkpt lat="47.19905993901193" lon="11.026636948809028">
        <ele>2336.92</ele>
      </trkpt>
      <trkpt lat="47.199045941233635" lon="11.026633931323886">
        <ele>2337.07</ele>
      </trkpt>
      <trkpt lat="47.1990339551121" lon="11.026638960465789">
        <ele>2337.22</ele>
      </trkpt>
      <trkpt lat="47.1990199573338" lon="11.02663996629417">
        <ele>2337.37</ele>
      </trkpt>
      <trkpt lat="47.19900595955551" lon="11.026638960465789">
        <ele>2337.53</ele>
      </trkpt>
      <trkpt lat="47.19899095594883" lon="11.026634937152267">
        <ele>2337.68</ele>
      </trkpt>
      <trkpt lat="47.198980981484056" lon="11.02662093937397">
        <ele>2337.82</ele>
      </trkpt>
      <trkpt lat="47.19897092320025" lon="11.026604929938912">
        <ele>2337.96</ele>
      </trkpt>
      <trkpt lat="47.198961954563856" lon="11.026591937988997">
        <ele>2338.1</ele>
      </trkpt>
      <trkpt lat="47.19894896261394" lon="11.026582969352603">
        <ele>2338.25</ele>
      </trkpt>
      <trkpt lat="47.198936976492405" lon="11.026573916897178">
        <ele>2338.4</ele>
      </trkpt>
      <trkpt lat="47.19892297871411" lon="11.026568971574306">
        <ele>2338.56</ele>
      </trkpt>
      <trkpt lat="47.19890898093581" lon="11.026562936604023">
        <ele>2338.71</ele>
      </trkpt>
      <trkpt lat="47.198894983157516" lon="11.026562936604023">
        <ele>2338.87</ele>
      </trkpt>
      <trkpt lat="47.1988819912076" lon="11.026562936604023">
        <ele>2339.03</ele>
      </trkpt>
      <trkpt lat="47.19887092709541" lon="11.026550950482488">
        <ele>2339.18</ele>
      </trkpt>
      <trkpt lat="47.19885994680226" lon="11.026543993502855">
        <ele>2339.33</ele>
      </trkpt>
      <trkpt lat="47.19884594902396" lon="11.026532929390669">
        <ele>2339.48</ele>
      </trkpt>
      <trkpt lat="47.198832957074046" lon="11.026523960754275">
        <ele>2339.63</ele>
      </trkpt>
      <trkpt lat="47.19882097095251" lon="11.02651197463274">
        <ele>2339.78</ele>
      </trkpt>
      <trkpt lat="47.198808984830976" lon="11.026503928005695">
        <ele>2339.92</ele>
      </trkpt>
      <trkpt lat="47.19879699870944" lon="11.026508957147598">
        <ele>2340.07</ele>
      </trkpt>
      <trkpt lat="47.19878291711211" lon="11.026507951319218">
        <ele>2340.22</ele>
      </trkpt>
      <trkpt lat="47.19876799732447" lon="11.026503928005695">
        <ele>2340.36</ele>
      </trkpt>
      <trkpt lat="47.19875693321228" lon="11.02649294771254">
        <ele>2340.49</ele>
      </trkpt>
      <trkpt lat="47.198743941262364" lon="11.026477944105864">
        <ele>2340.61</ele>
      </trkpt>
      <trkpt lat="47.19872893765569" lon="11.026463946327567">
        <ele>2340.73</ele>
      </trkpt>
      <trkpt lat="47.19871493987739" lon="11.026453971862793">
        <ele>2340.85</ele>
      </trkpt>
      <trkpt lat="47.198699936270714" lon="11.026441985741258">
        <ele>2340.96</ele>
      </trkpt>
      <trkpt lat="47.19868493266404" lon="11.026429999619722">
        <ele>2341.07</ele>
      </trkpt>
      <trkpt lat="47.19867093488574" lon="11.026417929679155">
        <ele>2341.16</ele>
      </trkpt>
      <trkpt lat="47.198658948764205" lon="11.02640594355762">
        <ele>2341.24</ele>
      </trkpt>
      <trkpt lat="47.19864696264267" lon="11.026393957436085">
        <ele>2341.32</ele>
      </trkpt>
      <trkpt lat="47.198637994006276" lon="11.02638297714293">
        <ele>2341.38</ele>
      </trkpt>
      <trkpt lat="47.19862894155085" lon="11.026376942172647">
        <ele>2341.44</ele>
      </trkpt>
      <trkpt lat="47.19862097874284" lon="11.026374930515885">
        <ele>2341.49</ele>
      </trkpt>
      <trkpt lat="47.19861092045903" lon="11.026366967707872">
        <ele>2341.52</ele>
      </trkpt>
      <trkpt lat="47.1985989343375" lon="11.026359926909208">
        <ele>2341.54</ele>
      </trkpt>
      <trkpt lat="47.19858895987272" lon="11.026347940787673">
        <ele>2341.55</ele>
      </trkpt>
      <trkpt lat="47.19858099706471" lon="11.026335954666138">
        <ele>2341.54</ele>
      </trkpt>
      <trkpt lat="47.198572950437665" lon="11.026325980201364">
        <ele>2341.52</ele>
      </trkpt>
      <trkpt lat="47.19856699928641" lon="11.026311982423067">
        <ele>2341.48</ele>
      </trkpt>
      <trkpt lat="47.19855995848775" lon="11.026294967159629">
        <ele>2341.43</ele>
      </trkpt>
      <trkpt lat="47.198554929345846" lon="11.026285998523235">
        <ele>2341.37</ele>
      </trkpt>
      <trkpt lat="47.19855694100261" lon="11.026281975209713">
        <ele>2341.29</ele>
      </trkpt>
      <trkpt lat="47.19863195903599" lon="11.026400998234749">
        <ele>2341.21</ele>
      </trkpt>
      <trkpt lat="47.19865199178457" lon="11.026414996013045">
        <ele>2341.09</ele>
      </trkpt>
      <trkpt lat="47.198683926835656" lon="11.026438968256116">
        <ele>2340.95</ele>
      </trkpt>
      <trkpt lat="47.1987249981612" lon="11.026472998782992">
        <ele>2340.8</ele>
      </trkpt>
      <trkpt lat="47.19877596013248" lon="11.026505939662457">
        <ele>2340.62</ele>
      </trkpt>
      <trkpt lat="47.198829939588904" lon="11.026537958532572">
        <ele>2340.43</ele>
      </trkpt>
      <trkpt lat="47.19888098537922" lon="11.026567965745926">
        <ele>2340.24</ele>
      </trkpt>
      <trkpt lat="47.1989319473505" lon="11.026594955474138">
        <ele>2340.02</ele>
      </trkpt>
      <trkpt lat="47.198978969827294" lon="11.026614988222718">
        <ele>2339.79</ele>
      </trkpt>
      <trkpt lat="47.1990289259702" lon="11.02664097212255">
        <ele>2339.54</ele>
      </trkpt>
      <trkpt lat="47.19908198341727" lon="11.02666494436562">
        <ele>2339.27</ele>
      </trkpt>
      <trkpt lat="47.19913696870208" lon="11.026677936315536">
        <ele>2339.01</ele>
      </trkpt>
      <trkpt lat="47.199195977300406" lon="11.026678942143917">
        <ele>2338.73</ele>
      </trkpt>
      <trkpt lat="47.19924895092845" lon="11.02666494436562">
        <ele>2338.41</ele>
      </trkpt>
      <trkpt lat="47.199299996718764" lon="11.02664197795093">
        <ele>2338.07</ele>
      </trkpt>
      <trkpt lat="47.199346935376525" lon="11.026614988222718">
        <ele>2337.71</ele>
      </trkpt>
      <trkpt lat="47.19940099865198" lon="11.026603924110532">
        <ele>2337.35</ele>
      </trkpt>
      <trkpt lat="47.199450954794884" lon="11.0265969671309">
        <ele>2336.98</ele>
      </trkpt>
      <trkpt lat="47.19948993064463" lon="11.026583975180984">
        <ele>2336.59</ele>
      </trkpt>
      <trkpt lat="47.19950996339321" lon="11.026543993502855">
        <ele>2336.17</ele>
      </trkpt>
      <trkpt lat="47.19950694590807" lon="11.026499988511205">
        <ele>2335.72</ele>
      </trkpt>
      <trkpt lat="47.19947995617986" lon="11.026463946327567">
        <ele>2335.24</ele>
      </trkpt>
      <trkpt lat="47.19943997450173" lon="11.02644994854927">
        <ele>2334.77</ele>
      </trkpt>
      <trkpt lat="47.199391946196556" lon="11.026459923014045">
        <ele>2334.3</ele>
      </trkpt>
      <trkpt lat="47.19933696091175" lon="11.02646796964109">
        <ele>2333.83</ele>
      </trkpt>
      <trkpt lat="47.19928398728371" lon="11.026462940499187">
        <ele>2333.35</ele>
      </trkpt>
      <trkpt lat="47.19923193566501" lon="11.026451960206032">
        <ele>2332.83</ele>
      </trkpt>
      <trkpt lat="47.19918793067336" lon="11.026431927457452">
        <ele>2332.29</ele>
      </trkpt>
      <trkpt lat="47.19915792346001" lon="11.026394963264465">
        <ele>2331.73</ele>
      </trkpt>
      <trkpt lat="47.19915599562228" lon="11.026345929130912">
        <ele>2331.15</ele>
      </trkpt>
      <trkpt lat="47.199176950380206" lon="11.026310976594687">
        <ele>2330.54</ele>
      </trkpt>
      <trkpt lat="47.19921492040157" lon="11.026303935796022">
        <ele>2329.93</ele>
      </trkpt>
      <trkpt lat="47.199262948706746" lon="11.026316927745938">
        <ele>2329.31</ele>
      </trkpt>
      <trkpt lat="47.19931491650641" lon="11.026328997686505">
        <ele>2328.68</ele>
      </trkpt>
      <trkpt lat="47.199368979781866" lon="11.026322962716222">
        <ele>2328.02</ele>
      </trkpt>
      <trkpt lat="47.19942195340991" lon="11.026304941624403">
        <ele>2327.37</ele>
      </trkpt>
      <trkpt lat="47.199475932866335" lon="11.026269989088178">
        <ele>2326.69</ele>
      </trkpt>
      <trkpt lat="47.19952697865665" lon="11.026231935247779">
        <ele>2326.0</ele>
      </trkpt>
      <trkpt lat="47.19957492314279" lon="11.026194971054792">
        <ele>2325.3</ele>
      </trkpt>
      <trkpt lat="47.199622951447964" lon="11.026156917214394">
        <ele>2324.55</ele>
      </trkpt>
      <trkpt lat="47.19967198558152" lon="11.026122970506549">
        <ele>2323.79</ele>
      </trkpt>
      <trkpt lat="47.1997229475528" lon="11.026100926101208">
        <ele>2323.03</ele>
      </trkpt>
      <trkpt lat="47.19976896420121" lon="11.026077959686518">
        <ele>2322.27</ele>
      </trkpt>
      <trkpt lat="47.19980693422258" lon="11.026058932766318">
        <ele>2321.5</ele>
      </trkpt>
      <trkpt lat="47.19983199611306" lon="11.026040995493531">
        <ele>2320.73</ele>
      </trkpt>
      <trkpt lat="47.19984792172909" lon="11.02601794525981">
        <ele>2319.95</ele>
      </trkpt>
      <trkpt lat="47.199859991669655" lon="11.02599497884512">
        <ele>2319.15</ele>
      </trkpt>
      <trkpt lat="47.19987298361957" lon="11.025977963581681">
        <ele>2318.35</ele>
      </trkpt>
      <trkpt lat="47.199883963912725" lon="11.025963965803385">
        <ele>2317.55</ele>
      </trkpt>
      <trkpt lat="47.19988698139787" lon="11.025963965803385">
        <ele>2316.75</ele>
      </trkpt>
      <trkpt lat="47.19988597556949" lon="11.025963965803385">
        <ele>2315.94</ele>
      </trkpt>
      <trkpt lat="47.19990894198418" lon="11.026022974401712">
        <ele>2315.17</ele>
      </trkpt>
      <trkpt lat="47.199927968904376" lon="11.02604292333126">
        <ele>2314.36</ele>
      </trkpt>
      <trkpt lat="47.19995294697583" lon="11.02606195025146">
        <ele>2313.52</ele>
      </trkpt>
      <trkpt lat="47.1999819483608" lon="11.026088939979672">
        <ele>2312.68</ele>
      </trkpt>
      <trkpt lat="47.2000149730593" lon="11.026121964678168">
        <ele>2311.83</ele>
      </trkpt>
      <trkpt lat="47.20005193725228" lon="11.026163958013058">
        <ele>2310.99</ele>
      </trkpt>
      <trkpt lat="47.20008797943592" lon="11.026205951347947">
        <ele>2310.14</ele>
      </trkpt>
      <trkpt lat="47.20012796111405" lon="11.02625397965312">
        <ele>2309.29</ele>
      </trkpt>
      <trkpt lat="47.200164925307035" lon="11.026304941624403">
        <ele>2308.42</ele>
      </trkpt>
      <trkpt lat="47.20020096749067" lon="11.026350958272815">
        <ele>2307.54</ele>
      </trkpt>
      <trkpt lat="47.200248995795846" lon="11.02638197131455">
        <ele>2306.63</ele>
      </trkpt>
      <trkpt lat="47.200294928625226" lon="11.026380965486169">
        <ele>2305.71</ele>
      </trkpt>
      <trkpt lat="47.20032795332372" lon="11.026359926909208">
        <ele>2304.8</ele>
      </trkpt>
      <trkpt lat="47.200356954708695" lon="11.026310976594687">
        <ele>2303.9</ele>
      </trkpt>
      <trkpt lat="47.20037095248699" lon="11.026255991309881">
        <ele>2303.03</ele>
      </trkpt>
      <trkpt lat="47.20036894083023" lon="11.02618994191289">
        <ele>2302.14</ele>
      </trkpt>
      <trkpt lat="47.200354943051934" lon="11.026119953021407">
        <ele>2301.27</ele>
      </trkpt>
      <trkpt lat="47.200330970808864" lon="11.026044934988022">
        <ele>2300.4</ele>
      </trkpt>
      <trkpt lat="47.20030498690903" lon="11.025964971631765">
        <ele>2299.55</ele>
      </trkpt>
      <trkpt lat="47.20027992501855" lon="11.025879979133606">
        <ele>2298.71</ele>
      </trkpt>
      <trkpt lat="47.200251929461956" lon="11.025790963321924">
        <ele>2297.88</ele>
      </trkpt>
      <trkpt lat="47.200225945562124" lon="11.025706976652145">
        <ele>2297.09</ele>
      </trkpt>
      <trkpt lat="47.20020096749067" lon="11.025623995810747">
        <ele>2296.31</ele>
      </trkpt>
      <trkpt lat="47.200162997469306" lon="11.02554596029222">
        <ele>2295.55</ele>
      </trkpt>
      <trkpt lat="47.20011396333575" lon="11.025486951693892">
        <ele>2294.85</ele>
      </trkpt>
      <trkpt lat="47.200056966394186" lon="11.025444958359003">
        <ele>2294.2</ele>
      </trkpt>
      <trkpt lat="47.19999494031072" lon="11.025430960580707">
        <ele>2293.62</ele>
      </trkpt>
      <trkpt lat="47.1999319922179" lon="11.025423919782043">
        <ele>2293.08</ele>
      </trkpt>
      <trkpt lat="47.199863931164145" lon="11.025418974459171">
        <ele>2292.54</ele>
      </trkpt>
      <trkpt lat="47.199797965586185" lon="11.025423919782043">
        <ele>2292.03</ele>
      </trkpt>
      <trkpt lat="47.19973795115948" lon="11.025433978065848">
        <ele>2291.57</ele>
      </trkpt>
      <trkpt lat="47.19968497753143" lon="11.025418974459171">
        <ele>2291.11</ele>
      </trkpt>
      <trkpt lat="47.199649941176176" lon="11.025379998609424">
        <ele>2290.67</ele>
      </trkpt>
      <trkpt lat="47.199648935347795" lon="11.025317972525954">
        <ele>2290.24</ele>
      </trkpt>
      <trkpt lat="47.19968095421791" lon="11.025275979191065">
        <ele>2289.86</ele>
      </trkpt>
      <trkpt lat="47.19972697086632" lon="11.025252928957343">
        <ele>2289.54</ele>
      </trkpt>
      <trkpt lat="47.199774999171495" lon="11.025238931179047">
        <ele>2289.25</ele>
      </trkpt>
      <trkpt lat="47.1998249553144" lon="11.025230968371034">
        <ele>2289.02</ele>
      </trkpt>
      <trkpt lat="47.199884969741106" lon="11.025216970592737">
        <ele>2288.81</ele>
      </trkpt>
      <trkpt lat="47.199945989996195" lon="11.025196937844157">
        <ele>2288.64</ele>
      </trkpt>
      <trkpt lat="47.200012961402535" lon="11.02518193423748">
        <ele>2288.5</ele>
      </trkpt>
      <trkpt lat="47.20008295029402" lon="11.025165924802423">
        <ele>2288.4</ele>
      </trkpt>
      <trkpt lat="47.20014598220587" lon="11.02513994090259">
        <ele>2288.34</ele>
      </trkpt>
      <trkpt lat="47.200203984975815" lon="11.025124937295914">
        <ele>2288.35</ele>
      </trkpt>
      <trkpt lat="47.20026492141187" lon="11.025143964216113">
        <ele>2288.39</ele>
      </trkpt>
      <trkpt lat="47.20032594166696" lon="11.025189980864525">
        <ele>2288.51</ele>
      </trkpt>
      <trkpt lat="47.20038595609367" lon="11.02524396032095">
        <ele>2288.69</ele>
      </trkpt>
      <trkpt lat="47.20043499022722" lon="11.025308920070529">
        <ele>2288.94</ele>
      </trkpt>
      <trkpt lat="47.200466925278306" lon="11.025386955589056">
        <ele>2289.29</ele>
      </trkpt>
      <trkpt lat="47.20047798939049" lon="11.025465996935964">
        <ele>2290.13</ele>
      </trkpt>
      <trkpt lat="47.20047698356211" lon="11.025536991655827">
        <ele>2290.68</ele>
      </trkpt>
      <trkpt lat="47.20046893693507" lon="11.025596922263503">
        <ele>2291.27</ele>
      </trkpt>
      <trkpt lat="47.20045594498515" lon="11.025641933083534">
        <ele>2291.87</ele>
      </trkpt>
      <trkpt lat="47.200444964692" lon="11.025678981095552">
        <ele>2292.48</ele>
      </trkpt>
      <trkpt lat="47.20043297857046" lon="11.025704964995384">
        <ele>2293.09</ele>
      </trkpt>
      <trkpt lat="47.200416969135404" lon="11.025731954723597">
        <ele>2293.71</ele>
      </trkpt>
      <trkpt lat="47.200396936386824" lon="11.025763973593712">
        <ele>2294.36</ele>
      </trkpt>
      <trkpt lat="47.200375981628895" lon="11.02578492835164">
        <ele>2295.01</ele>
      </trkpt>
      <trkpt lat="47.20034899190068" lon="11.02580496110022">
        <ele>2295.68</ele>
      </trkpt>
      <trkpt lat="47.20032996498048" lon="11.02582398802042">
        <ele>2296.34</ele>
      </trkpt>
      <trkpt lat="47.200312949717045" lon="11.025842931121588">
        <ele>2296.99</ele>
      </trkpt>
      <trkpt lat="47.20030096359551" lon="11.025864975526929">
        <ele>2297.64</ele>
      </trkpt>
      <trkpt lat="47.200290989130735" lon="11.02589095942676">
        <ele>2298.29</ele>
      </trkpt>
      <trkpt lat="47.20027891919017" lon="11.02590898051858">
        <ele>2298.91</ele>
      </trkpt>
      <trkpt lat="47.20027296803892" lon="11.025927923619747">
        <ele>2299.5</ele>
      </trkpt>
      <trkpt lat="47.20026693306863" lon="11.02595591917634">
        <ele>2300.08</ele>
      </trkpt>
      <trkpt lat="47.200259976089" lon="11.025992967188358">
        <ele>2300.65</ele>
      </trkpt>
      <trkpt lat="47.20025293529034" lon="11.026033954694867">
        <ele>2301.19</ele>
      </trkpt>
      <trkpt lat="47.20024296082556" lon="11.026055999100208">
        <ele>2301.68</ele>
      </trkpt>
      <trkpt lat="47.20023994334042" lon="11.026058932766318">
        <ele>2302.1</ele>
      </trkpt>
      <trkpt lat="47.20024195499718" lon="11.02603998966515">
        <ele>2302.46</ele>
      </trkpt>
      <trkpt lat="47.20024396665394" lon="11.026021968573332">
        <ele>2302.78</ele>
      </trkpt>
      <trkpt lat="47.200245978310704" lon="11.026002941653132">
        <ele>2303.05</ele>
      </trkpt>
      <trkpt lat="47.200247989967465" lon="11.025983998551965">
        <ele>2303.27</ele>
      </trkpt>
      <trkpt lat="47.200249917805195" lon="11.025964971631765">
        <ele>2303.45</ele>
      </trkpt>
      <trkpt lat="47.200251929461956" lon="11.025946950539947">
        <ele>2303.57</ele>
      </trkpt>
      <trkpt lat="47.20025394111872" lon="11.025927923619747">
        <ele>2303.65</ele>
      </trkpt>
      <trkpt lat="47.20025595277548" lon="11.02590898051858">
        <ele>2303.67</ele>
      </trkpt>
      <trkpt lat="47.20025796443224" lon="11.02588995359838">
        <ele>2303.64</ele>
      </trkpt>
      <trkpt lat="47.200259976089" lon="11.025871932506561">
        <ele>2303.55</ele>
      </trkpt>
      <trkpt lat="47.20026198774576" lon="11.025852989405394">
        <ele>2303.42</ele>
      </trkpt>
      <trkpt lat="47.20026399940252" lon="11.025833962485194">
        <ele>2303.22</ele>
      </trkpt>
      <trkpt lat="47.20026693306863" lon="11.025814935564995">
        <ele>2302.97</ele>
      </trkpt>
      <trkpt lat="47.200268944725394" lon="11.025796998292208">
        <ele>2302.67</ele>
      </trkpt>
      <trkpt lat="47.200270956382155" lon="11.025777971372008">
        <ele>2302.31</ele>
      </trkpt>
      <trkpt lat="47.20027296803892" lon="11.025758944451809">
        <ele>2301.91</ele>
      </trkpt>
      <trkpt lat="47.20027497969568" lon="11.02573991753161">
        <ele>2301.45</ele>
      </trkpt>
      <trkpt lat="47.20027699135244" lon="11.025721980258822">
        <ele>2300.93</ele>
      </trkpt>
      <trkpt lat="47.20027891919017" lon="11.025702953338623">
        <ele>2300.37</ele>
      </trkpt>
      <trkpt lat="47.20028093084693" lon="11.025683926418424">
        <ele>2299.75</ele>
      </trkpt>
      <trkpt lat="47.20028294250369" lon="11.025664983317256">
        <ele>2299.07</ele>
      </trkpt>
      <trkpt lat="47.20028495416045" lon="11.025645956397057">
        <ele>2298.35</ele>
      </trkpt>
      <trkpt lat="47.20028696581721" lon="11.025627935305238">
        <ele>2297.58</ele>
      </trkpt>
      <trkpt lat="47.200288977473974" lon="11.02560899220407">
        <ele>2296.76</ele>
      </trkpt>
      <trkpt lat="47.200290989130735" lon="11.02558996528387">
        <ele>2295.89</ele>
      </trkpt>
      <trkpt lat="47.200292916968465" lon="11.025570938363671">
        <ele>2294.98</ele>
      </trkpt>
      <trkpt lat="47.200294928625226" lon="11.025552917271852">
        <ele>2294.03</ele>
      </trkpt>
      <trkpt lat="47.20029694028199" lon="11.025533974170685">
        <ele>2293.03</ele>
      </trkpt>
      <trkpt lat="47.20029895193875" lon="11.025514947250485">
        <ele>2292.0</ele>
      </trkpt>
      <trkpt lat="47.20030096359551" lon="11.025495920330286">
        <ele>2290.91</ele>
      </trkpt>
      <trkpt lat="47.20030297525227" lon="11.025477983057499">
        <ele>2289.8</ele>
      </trkpt>
      <trkpt lat="47.20030498690903" lon="11.0254589561373">
        <ele>2288.65</ele>
      </trkpt>
      <trkpt lat="47.20030699856579" lon="11.0254399292171">
        <ele>2287.46</ele>
      </trkpt>
      <trkpt lat="47.20030892640352" lon="11.025420986115932">
        <ele>2286.25</ele>
      </trkpt>
      <trkpt lat="47.200310938060284" lon="11.025402965024114">
        <ele>2285.02</ele>
      </trkpt>
      <trkpt lat="47.200312949717045" lon="11.025383938103914">
        <ele>2283.76</ele>
      </trkpt>
      <trkpt lat="47.200314961373806" lon="11.025364995002747">
        <ele>2282.48</ele>
      </trkpt>
      <trkpt lat="47.20031697303057" lon="11.025345968082547">
        <ele>2281.18</ele>
      </trkpt>
      <trkpt lat="47.20031898468733" lon="11.025327946990728">
        <ele>2279.86</ele>
      </trkpt>
      <trkpt lat="47.20032099634409" lon="11.025308920070529">
        <ele>2278.52</ele>
      </trkpt>
      <trkpt lat="47.2003239300102" lon="11.025289976969361">
        <ele>2277.17</ele>
      </trkpt>
      <trkpt lat="47.200374556705356" lon="11.02487943135202">
        <ele>2275.44</ele>
      </trkpt>
      <trkpt lat="47.20042493194342" lon="11.02447098121047">
        <ele>2274.0</ele>
      </trkpt>
      <trkpt lat="47.200420992448926" lon="11.02446997538209">
        <ele>2272.66</ele>
      </trkpt>
      <trkpt lat="47.20042794942856" lon="11.024414990097284">
        <ele>2271.26</ele>
      </trkpt>
      <trkpt lat="47.2004359960556" lon="11.024358998984098">
        <ele>2269.87</ele>
      </trkpt>
      <trkpt lat="47.200439935550094" lon="11.024294961243868">
        <ele>2268.47</ele>
      </trkpt>
      <trkpt lat="47.20043691806495" lon="11.024242993444204">
        <ele>2267.1</ele>
      </trkpt>
      <trkpt lat="47.20043398439884" lon="11.024194965139031">
        <ele>2265.74</ele>
      </trkpt>
      <trkpt lat="47.2004309669137" lon="11.024151965975761">
        <ele>2264.39</ele>
      </trkpt>
      <trkpt lat="47.20042895525694" lon="11.024114917963743">
        <ele>2263.06</ele>
      </trkpt>
      <trkpt lat="47.200423926115036" lon="11.024074936285615">
        <ele>2261.73</ele>
      </trkpt>
      <trkpt lat="47.20042199827731" lon="11.02404392324388">
        <ele>2260.41</ele>
      </trkpt>
      <trkpt lat="47.200420992448926" lon="11.024014921858907">
        <ele>2259.09</ele>
      </trkpt>
      <trkpt lat="47.20041294582188" lon="11.023981980979443">
        <ele>2257.78</ele>
      </trkpt>
      <trkpt lat="47.20040992833674" lon="11.023952979594469">
        <ele>2256.47</ele>
      </trkpt>
      <trkpt lat="47.20040598884225" lon="11.023921966552734">
        <ele>2255.18</ele>
      </trkpt>
      <trkpt lat="47.20040297135711" lon="11.02389296516776">
        <ele>2253.9</ele>
      </trkpt>
      <trkpt lat="47.20040196552873" lon="11.023859940469265">
        <ele>2252.62</ele>
      </trkpt>
      <trkpt lat="47.200399953871965" lon="11.023817947134376">
        <ele>2251.34</ele>
      </trkpt>
      <trkpt lat="47.20039593055844" lon="11.02376396767795">
        <ele>2250.06</ele>
      </trkpt>
      <trkpt lat="47.20038595609367" lon="11.023702947422862">
        <ele>2248.82</ele>
      </trkpt>
      <trkpt lat="47.20037195831537" lon="11.023629941046238">
        <ele>2247.59</ele>
      </trkpt>
      <trkpt lat="47.2003619838506" lon="11.023553917184472">
        <ele>2246.35</ele>
      </trkpt>
      <trkpt lat="47.20035091973841" lon="11.023466996848583">
        <ele>2245.13</ele>
      </trkpt>
      <trkpt lat="47.20034195110202" lon="11.023383932188153">
        <ele>2243.97</ele>
      </trkpt>
      <trkpt lat="47.200332982465625" lon="11.0233089979738">
        <ele>2242.81</ele>
      </trkpt>
      <trkpt lat="47.20032594166696" lon="11.023240936920047">
        <ele>2241.65</ele>
      </trkpt>
      <trkpt lat="47.20032795332372" lon="11.023173965513706">
        <ele>2240.5</ele>
      </trkpt>
      <trkpt lat="47.200333988294005" lon="11.023111939430237">
        <ele>2239.39</ele>
      </trkpt>
      <trkpt lat="47.20035293139517" lon="11.023062989115715">
        <ele>2238.26</ele>
      </trkpt>
      <trkpt lat="47.20036894083023" lon="11.023015966638923">
        <ele>2237.11</ele>
      </trkpt>
      <trkpt lat="47.200376987457275" lon="11.022981936112046">
        <ele>2235.97</ele>
      </trkpt>
      <trkpt lat="47.200376987457275" lon="11.022956958040595">
        <ele>2234.83</ele>
      </trkpt>
      <trkpt lat="47.200379921123385" lon="11.022953940555453">
        <ele>2233.7</ele>
      </trkpt>
      <trkpt lat="47.20038193278015" lon="11.022951928898692">
        <ele>2232.55</ele>
      </trkpt>
      <trkpt lat="47.200354943051934" lon="11.022910941392183">
        <ele>2231.45</ele>
      </trkpt>
      <trkpt lat="47.200355948880315" lon="11.022860985249281">
        <ele>2230.34</ele>
      </trkpt>
      <trkpt lat="47.2003619838506" lon="11.022798959165812">
        <ele>2229.2</ele>
      </trkpt>
      <trkpt lat="47.200374975800514" lon="11.022722935304046">
        <ele>2228.0</ele>
      </trkpt>
      <trkpt lat="47.20039299689233" lon="11.022630985826254">
        <ele>2226.76</ele>
      </trkpt>
      <trkpt lat="47.20041395165026" lon="11.022525960579515">
        <ele>2225.57</ele>
      </trkpt>
      <trkpt lat="47.20043691806495" lon="11.02240794338286">
        <ele>2224.41</ele>
      </trkpt>
      <trkpt lat="47.200465919449925" lon="11.02228095754981">
        <ele>2223.14</ele>
      </trkpt>
      <trkpt lat="47.20049793832004" lon="11.022146930918097">
        <ele>2221.78</ele>
      </trkpt>
      <trkpt lat="47.200527945533395" lon="11.022009970620275">
        <ele>2220.4</ele>
      </trkpt>
      <trkpt lat="47.20055895857513" lon="11.021867981180549">
        <ele>2218.99</ele>
      </trkpt>
      <trkpt lat="47.200591983273625" lon="11.021723980084062">
        <ele>2217.46</ele>
      </trkpt>
      <trkpt lat="47.20062391832471" lon="11.021580984815955">
        <ele>2216.0</ele>
      </trkpt>
      <trkpt lat="47.200655937194824" lon="11.021445952355862">
        <ele>2214.43</ele>
      </trkpt>
      <trkpt lat="47.20068393275142" lon="11.021319972351193">
        <ele>2213.04</ele>
      </trkpt>
      <trkpt lat="47.2007089946419" lon="11.021202960982919">
        <ele>2211.58</ele>
      </trkpt>
      <trkpt lat="47.200743947178125" lon="11.021095924079418">
        <ele>2210.07</ele>
      </trkpt>
      <trkpt lat="47.2007919754833" lon="11.021002968773246">
        <ele>2208.5</ele>
      </trkpt>
      <trkpt lat="47.20085492357612" lon="11.020923927426338">
        <ele>2206.95</ele>
      </trkpt>
      <trkpt lat="47.2009299416095" lon="11.020867936313152">
        <ele>2205.37</ele>
      </trkpt>
      <trkpt lat="47.201002947986126" lon="11.02084094658494">
        <ele>2203.84</ele>
      </trkpt>
      <trkpt lat="47.20107494853437" lon="11.020812951028347">
        <ele>2202.28</ele>
      </trkpt>
      <trkpt lat="47.20114393159747" lon="11.020758971571922">
        <ele>2200.71</ele>
      </trkpt>
      <trkpt lat="47.20120897516608" lon="11.02069292217493">
        <ele>2199.13</ele>
      </trkpt>
      <trkpt lat="47.20126697793603" lon="11.020613964647055">
        <ele>2197.61</ele>
      </trkpt>
      <trkpt lat="47.201320957392454" lon="11.02051991969347">
        <ele>2196.1</ele>
      </trkpt>
      <trkpt lat="47.20136797986925" lon="11.020406931638718">
        <ele>2194.61</ele>
      </trkpt>
      <trkpt lat="47.20141299068928" lon="11.020283969119191">
        <ele>2193.19</ele>
      </trkpt>
      <trkpt lat="47.20146093517542" lon="11.020155977457762">
        <ele>2191.6</ele>
      </trkpt>
      <trkpt lat="47.20150594599545" lon="11.02002396248281">
        <ele>2190.04</ele>
      </trkpt>
      <trkpt lat="47.201555985957384" lon="11.019894964993">
        <ele>2188.51</ele>
      </trkpt>
      <trkpt lat="47.20161097124219" lon="11.019775941967964">
        <ele>2187.0</ele>
      </trkpt>
      <trkpt lat="47.20167199149728" lon="11.019665971398354">
        <ele>2185.53</ele>
      </trkpt>
      <trkpt lat="47.201729994267225" lon="11.019553989171982">
        <ele>2184.08</ele>
      </trkpt>
      <trkpt lat="47.201776932924986" lon="11.019432954490185">
        <ele>2182.62</ele>
      </trkpt>
      <trkpt lat="47.201814986765385" lon="11.019312925636768">
        <ele>2181.23</ele>
      </trkpt>
      <trkpt lat="47.20184692181647" lon="11.019199937582016">
        <ele>2179.89</ele>
      </trkpt>
      <trkpt lat="47.201883969828486" lon="11.01909994147718">
        <ele>2178.56</ele>
      </trkpt>
      <trkpt lat="47.20193593762815" lon="11.019025929272175">
        <ele>2177.24</ele>
      </trkpt>
      <trkpt lat="47.2020039986819" lon="11.018975973129272">
        <ele>2175.9</ele>
      </trkpt>
      <trkpt lat="47.20208496786654" lon="11.018953928723931">
        <ele>2174.56</ele>
      </trkpt>
      <trkpt lat="47.20217197202146" lon="11.018955940380692">
        <ele>2173.22</ele>
      </trkpt>
      <trkpt lat="47.20225897617638" lon="11.018958957865834">
        <ele>2171.91</ele>
      </trkpt>
      <trkpt lat="47.20234296284616" lon="11.018975973129272">
        <ele>2170.61</ele>
      </trkpt>
      <trkpt lat="47.20243298448622" lon="11.01899298839271">
        <ele>2169.32</ele>
      </trkpt>
      <trkpt lat="47.202524933964014" lon="11.01899198256433">
        <ele>2168.03</ele>
      </trkpt>
      <trkpt lat="47.20260992646217" lon="11.018977984786034">
        <ele>2166.77</ele>
      </trkpt>
      <trkpt lat="47.20268997363746" lon="11.018960969522595">
        <ele>2165.56</ele>
      </trkpt>
      <trkpt lat="47.202762980014086" lon="11.018946971744299">
        <ele>2164.38</ele>
      </trkpt>
      <trkpt lat="47.202827939763665" lon="11.018931968137622">
        <ele>2163.22</ele>
      </trkpt>
      <trkpt lat="47.20289792865515" lon="11.018921993672848">
        <ele>2162.07</ele>
      </trkpt>
      <trkpt lat="47.2029659897089" lon="11.018910929560661">
        <ele>2160.94</ele>
      </trkpt>
      <trkpt lat="47.20302893780172" lon="11.018872959539294">
        <ele>2159.82</ele>
      </trkpt>
      <trkpt lat="47.20308995805681" lon="11.018807999789715">
        <ele>2158.76</ele>
      </trkpt>
      <trkpt lat="47.20314494334161" lon="11.018729964271188">
        <ele>2157.75</ele>
      </trkpt>
      <trkpt lat="47.20319892279804" lon="11.018633991479874">
        <ele>2156.76</ele>
      </trkpt>
      <trkpt lat="47.203255919739604" lon="11.01854095235467">
        <ele>2155.79</ele>
      </trkpt>
      <trkpt lat="47.203319957479835" lon="11.018459983170033">
        <ele>2154.8</ele>
      </trkpt>
      <trkpt lat="47.20339899882674" lon="11.018399968743324">
        <ele>2153.8</ele>
      </trkpt>
      <trkpt lat="47.20347695052624" lon="11.018353952094913">
        <ele>2152.82</ele>
      </trkpt>
      <trkpt lat="47.20354895107448" lon="11.01830692961812">
        <ele>2151.87</ele>
      </trkpt>
      <trkpt lat="47.20361793413758" lon="11.018250938504934">
        <ele>2150.96</ele>
      </trkpt>
      <trkpt lat="47.20367794856429" lon="11.018183967098594">
        <ele>2150.06</ele>
      </trkpt>
      <trkpt lat="47.2037239652127" lon="11.018109954893589">
        <ele>2149.24</ele>
      </trkpt>
      <trkpt lat="47.20375598408282" lon="11.018014987930655">
        <ele>2148.4</ele>
      </trkpt>
      <trkpt lat="47.20378498546779" lon="11.017911974340677">
        <ele>2147.59</ele>
      </trkpt>
      <trkpt lat="47.20381096936762" lon="11.017796974629164">
        <ele>2146.86</ele>
      </trkpt>
      <trkpt lat="47.20384198240936" lon="11.017679963260889">
        <ele>2146.16</ele>
      </trkpt>
      <trkpt lat="47.20387299545109" lon="11.017564963549376">
        <ele>2145.41</ele>
      </trkpt>
      <trkpt lat="47.20390794798732" lon="11.017444934695959">
        <ele>2144.67</ele>
      </trkpt>
      <trkpt lat="47.20395497046411" lon="11.017323983833194">
        <ele>2143.91</ele>
      </trkpt>
      <trkpt lat="47.204010961577296" lon="11.01721191778779">
        <ele>2143.15</ele>
      </trkpt>
      <trkpt lat="47.204073993489146" lon="11.017114939168096">
        <ele>2142.37</ele>
      </trkpt>
      <trkpt lat="47.204136941581964" lon="11.017021983861923">
        <ele>2141.62</ele>
      </trkpt>
      <trkpt lat="47.20419092103839" lon="11.016926933079958">
        <ele>2140.87</ele>
      </trkpt>
      <trkpt lat="47.20423199236393" lon="11.01682492531836">
        <ele>2140.17</ele>
      </trkpt>
      <trkpt lat="47.204264933243394" lon="11.01671495474875">
        <ele>2139.46</ele>
      </trkpt>
      <trkpt lat="47.204287983477116" lon="11.016595931723714">
        <ele>2138.77</ele>
      </trkpt>
      <trkpt lat="47.204290917143226" lon="11.016472969204187">
        <ele>2138.09</ele>
      </trkpt>
      <trkpt lat="47.20427197404206" lon="11.016364926472306">
        <ele>2137.44</ele>
      </trkpt>
      <trkpt lat="47.204248923808336" lon="11.016268953680992">
        <ele>2136.78</ele>
      </trkpt>
      <trkpt lat="47.20423299819231" lon="11.016170969232917">
        <ele>2136.13</ele>
      </trkpt>
      <trkpt lat="47.20422696322203" lon="11.016076924279332">
        <ele>2135.47</ele>
      </trkpt>
      <trkpt lat="47.204243978485465" lon="11.015987992286682">
        <ele>2134.8</ele>
      </trkpt>
      <trkpt lat="47.20428396016359" lon="11.015912974253297">
        <ele>2134.09</ele>
      </trkpt>
      <trkpt lat="47.20434095710516" lon="11.015872992575169">
        <ele>2133.39</ele>
      </trkpt>
      <trkpt lat="47.20440097153187" lon="11.015898976475">
        <ele>2132.66</ele>
      </trkpt>
      <trkpt lat="47.20445595681667" lon="11.015950944274664">
        <ele>2131.91</ele>
      </trkpt>
      <trkpt lat="47.204502979293466" lon="11.01602596230805">
        <ele>2131.14</ele>
      </trkpt>
      <trkpt lat="47.2045289631933" lon="11.016124952584505">
        <ele>2130.37</ele>
      </trkpt>
      <trkpt lat="47.20453499816358" lon="11.016244981437922">
        <ele>2129.61</ele>
      </trkpt>
      <trkpt lat="47.20453793182969" lon="11.01637096144259">
        <ele>2128.88</ele>
      </trkpt>
      <trkpt lat="47.20453692600131" lon="11.016494929790497">
        <ele>2128.13</ele>
      </trkpt>
      <trkpt lat="47.204545978456736" lon="11.016619987785816">
        <ele>2127.37</ele>
      </trkpt>
      <trkpt lat="47.204569950699806" lon="11.016740938648582">
        <ele>2126.6</ele>
      </trkpt>
      <trkpt lat="47.20459098927677" lon="11.016856944188476">
        <ele>2125.8</ele>
      </trkpt>
      <trkpt lat="47.20462292432785" lon="11.01697294972837">
        <ele>2124.97</ele>
      </trkpt>
      <trkpt lat="47.20465796068311" lon="11.017085937783122">
        <ele>2124.13</ele>
      </trkpt>
      <trkpt lat="47.20468696206808" lon="11.017198925837874">
        <ele>2123.31</ele>
      </trkpt>
      <trkpt lat="47.204714957624674" lon="11.017306968569756">
        <ele>2122.46</ele>
      </trkpt>
      <trkpt lat="47.204735996201634" lon="11.017416939139366">
        <ele>2121.61</ele>
      </trkpt>
      <trkpt lat="47.204734990373254" lon="11.017537973821163">
        <ele>2120.73</ele>
      </trkpt>
      <trkpt lat="47.204715963453054" lon="11.01766093634069">
        <ele>2119.86</ele>
      </trkpt>
      <trkpt lat="47.20467899926007" lon="11.017781971022487">
        <ele>2118.99</ele>
      </trkpt>
      <trkpt lat="47.20462191849947" lon="11.017900994047523">
        <ele>2118.12</ele>
      </trkpt>
      <trkpt lat="47.20455595292151" lon="11.018010964617133">
        <ele>2117.3</ele>
      </trkpt>
      <trkpt lat="47.20449694432318" lon="11.018117917701602">
        <ele>2116.44</ele>
      </trkpt>
      <trkpt lat="47.2044459823519" lon="11.018232917413116">
        <ele>2115.54</ele>
      </trkpt>
      <trkpt lat="47.204397954046726" lon="11.018354957923293">
        <ele>2114.61</ele>
      </trkpt>
      <trkpt lat="47.20435696654022" lon="11.01847599260509">
        <ele>2113.67</ele>
      </trkpt>
      <trkpt lat="47.20431396737695" lon="11.018593925982714">
        <ele>2112.8</ele>
      </trkpt>
      <trkpt lat="47.20428295433521" lon="11.018716972321272">
        <ele>2111.91</ele>
      </trkpt>
      <trkpt lat="47.20425898209214" lon="11.018849993124604">
        <ele>2110.97</ele>
      </trkpt>
      <trkpt lat="47.204243978485465" lon="11.018979996442795">
        <ele>2110.02</ele>
      </trkpt>
      <trkpt lat="47.20423392020166" lon="11.019107988104224">
        <ele>2109.05</ele>
      </trkpt>
      <trkpt lat="47.20421698875725" lon="11.019244948402047">
        <ele>2108.07</ele>
      </trkpt>
      <trkpt lat="47.20418496988714" lon="11.019382998347282">
        <ele>2107.1</ele>
      </trkpt>
      <trkpt lat="47.204137947410345" lon="11.019514929503202">
        <ele>2106.16</ele>
      </trkpt>
      <trkpt lat="47.20408597961068" lon="11.019641999155283">
        <ele>2105.24</ele>
      </trkpt>
      <trkpt lat="47.204029988497496" lon="11.019768984988332">
        <ele>2104.34</ele>
      </trkpt>
      <trkpt lat="47.2039829660207" lon="11.019890941679478">
        <ele>2103.41</ele>
      </trkpt>
      <trkpt lat="47.20393393188715" lon="11.020016921684146">
        <ele>2102.51</ele>
      </trkpt>
      <trkpt lat="47.20388799905777" lon="11.020136950537562">
        <ele>2101.61</ele>
      </trkpt>
      <trkpt lat="47.20384298823774" lon="11.020245999097824">
        <ele>2100.7</ele>
      </trkpt>
      <trkpt lat="47.203792948275805" lon="11.020338954403996">
        <ele>2099.78</ele>
      </trkpt>
      <trkpt lat="47.20373997464776" lon="11.020421935245395">
        <ele>2098.87</ele>
      </trkpt>
      <trkpt lat="47.20369898714125" lon="11.020503994077444">
        <ele>2097.96</ele>
      </trkpt>
      <trkpt lat="47.20367895439267" lon="11.020578928291798">
        <ele>2097.05</ele>
      </trkpt>
      <trkpt lat="47.20368096604943" lon="11.020659981295466">
        <ele>2096.14</ele>
      </trkpt>
      <trkpt lat="47.20371197909117" lon="11.020720917731524">
        <ele>2095.21</ele>
      </trkpt>
      <trkpt lat="47.20375992357731" lon="11.020748997107148">
        <ele>2094.27</ele>
      </trkpt>
      <trkpt lat="47.203816920518875" lon="11.020749919116497">
        <ele>2093.31</ele>
      </trkpt>
      <trkpt lat="47.20387198962271" lon="11.020722929388285">
        <ele>2092.36</ele>
      </trkpt>
      <trkpt lat="47.203923957422376" lon="11.020672973245382">
        <ele>2091.43</ele>
      </trkpt>
      <trkpt lat="47.20398095436394" lon="11.020613964647055">
        <ele>2090.49</ele>
      </trkpt>
      <trkpt lat="47.20403694547713" lon="11.020547999069095">
        <ele>2089.56</ele>
      </trkpt>
      <trkpt lat="47.204092936590314" lon="11.020475998520851">
        <ele>2088.64</ele>
      </trkpt>
      <trkpt lat="47.204156974330544" lon="11.020406931638718">
        <ele>2087.7</ele>
      </trkpt>
      <trkpt lat="47.204224951565266" lon="11.020338954403996">
        <ele>2086.74</ele>
      </trkpt>
      <trkpt lat="47.204291922971606" lon="11.020268965512514">
        <ele>2085.77</ele>
      </trkpt>
      <trkpt lat="47.20435897819698" lon="11.020205933600664">
        <ele>2084.8</ele>
      </trkpt>
      <trkpt lat="47.20443299040198" lon="11.020153965801">
        <ele>2083.84</ele>
      </trkpt>
      <trkpt lat="47.20451295375824" lon="11.020104931667447">
        <ele>2082.88</ele>
      </trkpt>
      <trkpt lat="47.20459392294288" lon="11.020048940554261">
        <ele>2081.91</ele>
      </trkpt>
      <trkpt lat="47.20467698760331" lon="11.02000392973423">
        <ele>2080.92</ele>
      </trkpt>
      <trkpt lat="47.20476692542434" lon="11.019973922520876">
        <ele>2079.94</ele>
      </trkpt>
      <trkpt lat="47.20486298203468" lon="11.019958918914199">
        <ele>2078.97</ele>
      </trkpt>
      <trkpt lat="47.20496197231114" lon="11.019965959712863">
        <ele>2077.98</ele>
      </trkpt>
      <trkpt lat="47.205060962587595" lon="11.019985992461443">
        <ele>2076.98</ele>
      </trkpt>
      <trkpt lat="47.20516196452081" lon="11.020015999674797">
        <ele>2075.96</ele>
      </trkpt>
      <trkpt lat="47.20526196062565" lon="11.020056987181306">
        <ele>2074.95</ele>
      </trkpt>
      <trkpt lat="47.205360950902104" lon="11.020104931667447">
        <ele>2073.93</ele>
      </trkpt>
      <trkpt lat="47.20545591786504" lon="11.020155977457762">
        <ele>2072.92</ele>
      </trkpt>
      <trkpt lat="47.20554895699024" lon="11.020201994106174">
        <ele>2071.92</ele>
      </trkpt>
      <trkpt lat="47.20563495531678" lon="11.020247926935554">
        <ele>2070.92</ele>
      </trkpt>
      <trkpt lat="47.20571198500693" lon="11.020291931927204">
        <ele>2069.94</ele>
      </trkpt>
      <trkpt lat="47.20578297972679" lon="11.020329985767603">
        <ele>2068.96</ele>
      </trkpt>
      <trkpt lat="47.205852968618274" lon="11.020362926647067">
        <ele>2068.0</ele>
      </trkpt>
      <trkpt lat="47.20592798665166" lon="11.02036896161735">
        <ele>2067.04</ele>
      </trkpt>
      <trkpt lat="47.20599194057286" lon="11.0203249566257">
        <ele>2066.1</ele>
      </trkpt>
      <trkpt lat="47.206048937514424" lon="11.020253961905837">
        <ele>2065.18</ele>
      </trkpt>
      <trkpt lat="47.20610098913312" lon="11.020160922780633">
        <ele>2064.27</ele>
      </trkpt>
      <trkpt lat="47.206153962761164" lon="11.020068973302841">
        <ele>2063.39</ele>
      </trkpt>
      <trkpt lat="47.206216994673014" lon="11.02000292390585">
        <ele>2062.49</ele>
      </trkpt>
      <trkpt lat="47.20628798939288" lon="11.019975934177637">
        <ele>2061.57</ele>
      </trkpt>
      <trkpt lat="47.20635395497084" lon="11.02000292390585">
        <ele>2060.63</ele>
      </trkpt>
      <trkpt lat="47.206394942477345" lon="11.020073918625712">
        <ele>2059.71</ele>
      </trkpt>
      <trkpt lat="47.206412963569164" lon="11.020165951922536">
        <ele>2058.82</ele>
      </trkpt>
      <trkpt lat="47.20642092637718" lon="11.02028195746243">
        <ele>2057.93</ele>
      </trkpt>
      <trkpt lat="47.20642092637718" lon="11.020405925810337">
        <ele>2057.06</ele>
      </trkpt>
      <trkpt lat="47.206413969397545" lon="11.020528972148895">
        <ele>2056.2</ele>
      </trkpt>
      <trkpt lat="47.20640692859888" lon="11.02064698934555">
        <ele>2055.33</ele>
      </trkpt>
      <trkpt lat="47.206389997154474" lon="11.020761989057064">
        <ele>2054.49</ele>
      </trkpt>
      <trkpt lat="47.20636392943561" lon="11.020870953798294">
        <ele>2053.67</ele>
      </trkpt>
      <trkpt lat="47.206325959414244" lon="11.020967932417989">
        <ele>2052.85</ele>
      </trkpt>
      <trkpt lat="47.206263933330774" lon="11.021041944622993">
        <ele>2052.03</ele>
      </trkpt>
      <trkpt lat="47.20618799328804" lon="11.021092990413308">
        <ele>2051.23</ele>
      </trkpt>
      <trkpt lat="47.20610694028437" lon="11.021132972091436">
        <ele>2050.47</ele>
      </trkpt>
      <trkpt lat="47.206026976928115" lon="11.021171947941184">
        <ele>2049.71</ele>
      </trkpt>
      <trkpt lat="47.20594994723797" lon="11.021216958761215">
        <ele>2048.91</ele>
      </trkpt>
      <trkpt lat="47.20587291754782" lon="11.02127194404602">
        <ele>2048.1</ele>
      </trkpt>
      <trkpt lat="47.20580594614148" lon="11.021347967907786">
        <ele>2047.27</ele>
      </trkpt>
      <trkpt lat="47.205750960856676" lon="11.021436983719468">
        <ele>2046.48</ele>
      </trkpt>
      <trkpt lat="47.20571491867304" lon="11.021535973995924">
        <ele>2045.67</ele>
      </trkpt>
      <trkpt lat="47.20569396391511" lon="11.021647956222296">
        <ele>2044.86</ele>
      </trkpt>
      <trkpt lat="47.205686923116446" lon="11.021775947883725">
        <ele>2044.04</ele>
      </trkpt>
      <trkpt lat="47.20568994060159" lon="11.021907962858677">
        <ele>2043.23</ele>
      </trkpt>
      <trkpt lat="47.20570092089474" lon="11.022037966176867">
        <ele>2042.43</ele>
      </trkpt>
      <trkpt lat="47.20571994781494" lon="11.022161934524775">
        <ele>2041.63</ele>
      </trkpt>
      <trkpt lat="47.20574392005801" lon="11.022277940064669">
        <ele>2040.81</ele>
      </trkpt>
      <trkpt lat="47.205769987776875" lon="11.02238598279655">
        <ele>2040.01</ele>
      </trkpt>
      <trkpt lat="47.20579898916185" lon="11.022481955587864">
        <ele>2039.21</ele>
      </trkpt>
      <trkpt lat="47.20582497306168" lon="11.022564936429262">
        <ele>2038.43</ele>
      </trkpt>
      <trkpt lat="47.205853974446654" lon="11.022635931149125">
        <ele>2037.64</ele>
      </trkpt>
      <trkpt lat="47.2058929502964" lon="11.022689994424582">
        <ele>2036.86</ele>
      </trkpt>
      <trkpt lat="47.20594692975283" lon="11.022723941132426">
        <ele>2036.07</ele>
      </trkpt>
      <trkpt lat="47.20600392669439" lon="11.022763922810555">
        <ele>2035.29</ele>
      </trkpt>
      <trkpt lat="47.20606192946434" lon="11.022797953337431">
        <ele>2034.51</ele>
      </trkpt>
      <trkpt lat="47.20612596720457" lon="11.022813962772489">
        <ele>2033.73</ele>
      </trkpt>
      <trkpt lat="47.20618899911642" lon="11.02281496860087">
        <ele>2032.95</ele>
      </trkpt>
      <trkpt lat="47.20625496469438" lon="11.022808933630586">
        <ele>2032.16</ele>
      </trkpt>
      <trkpt lat="47.20632495358586" lon="11.022807927802205">
        <ele>2031.36</ele>
      </trkpt>
      <trkpt lat="47.20639997161925" lon="11.02279493585229">
        <ele>2030.55</ele>
      </trkpt>
      <trkpt lat="47.206475995481014" lon="11.022756965830922">
        <ele>2029.75</ele>
      </trkpt>
      <trkpt lat="47.20654891803861" lon="11.022698963060975">
        <ele>2028.95</ele>
      </trkpt>
      <trkpt lat="47.20662393607199" lon="11.022636936977506">
        <ele>2028.14</ele>
      </trkpt>
      <trkpt lat="47.206697948277" lon="11.022573988884687">
        <ele>2027.31</ele>
      </trkpt>
      <trkpt lat="47.206771960482" lon="11.022505927830935">
        <ele>2026.49</ele>
      </trkpt>
      <trkpt lat="47.206841949373484" lon="11.022431999444962">
        <ele>2025.7</ele>
      </trkpt>
      <trkpt lat="47.20691897906363" lon="11.022359998896718">
        <ele>2024.89</ele>
      </trkpt>
      <trkpt lat="47.206996930763125" lon="11.022290932014585">
        <ele>2024.08</ele>
      </trkpt>
      <trkpt lat="47.20706893131137" lon="11.022222954779863">
        <ele>2023.27</ele>
      </trkpt>
      <trkpt lat="47.2071379981935" lon="11.022160928696394">
        <ele>2022.45</ele>
      </trkpt>
      <trkpt lat="47.207207987084985" lon="11.022099992260337">
        <ele>2021.6</ele>
      </trkpt>
      <trkpt lat="47.207275964319706" lon="11.022034948691726">
        <ele>2020.73</ele>
      </trkpt>
      <trkpt lat="47.20734394155443" lon="11.021972922608256">
        <ele>2019.85</ele>
      </trkpt>
      <trkpt lat="47.20740898512304" lon="11.021910980343819">
        <ele>2018.97</ele>
      </trkpt>
      <trkpt lat="47.20747293904424" lon="11.021851971745491">
        <ele>2018.07</ele>
      </trkpt>
      <trkpt lat="47.207531947642565" lon="11.021792963147163">
        <ele>2017.15</ele>
      </trkpt>
      <trkpt lat="47.207592967897654" lon="11.021738983690739">
        <ele>2016.22</ele>
      </trkpt>
      <trkpt lat="47.20765692181885" lon="11.021686932072043">
        <ele>2015.29</ele>
      </trkpt>
      <trkpt lat="47.207722971215844" lon="11.021628929302096">
        <ele>2014.36</ele>
      </trkpt>
      <trkpt lat="47.20778692513704" lon="11.02157293818891">
        <ele>2013.43</ele>
      </trkpt>
      <trkpt lat="47.20784693956375" lon="11.021516947075725">
        <ele>2012.51</ele>
      </trkpt>
      <trkpt lat="47.207900919020176" lon="11.021469924598932">
        <ele>2011.58</ele>
      </trkpt>
      <trkpt lat="47.20794794149697" lon="11.021428937092423">
        <ele>2010.64</ele>
      </trkpt>
      <trkpt lat="47.20799194648862" lon="11.021389961242676">
        <ele>2009.7</ele>
      </trkpt>
      <trkpt lat="47.20803494565189" lon="11.021349979564548">
        <ele>2008.77</ele>
      </trkpt>
      <trkpt lat="47.208069982007146" lon="11.021310919895768">
        <ele>2007.83</ele>
      </trkpt>
      <trkpt lat="47.20809797756374" lon="11.02126699872315">
        <ele>2006.89</ele>
      </trkpt>
      <trkpt lat="47.20813795924187" lon="11.02122894488275">
        <ele>2005.95</ele>
      </trkpt>
      <trkpt lat="47.2081829700619" lon="11.021190974861383">
        <ele>2005.0</ele>
      </trkpt>
      <trkpt lat="47.20823393203318" lon="11.02114294655621">
        <ele>2004.04</ele>
      </trkpt>
      <trkpt lat="47.20828992314637" lon="11.021091984584928">
        <ele>2003.09</ele>
      </trkpt>
      <trkpt lat="47.208348931744695" lon="11.021041944622993">
        <ele>2002.13</ele>
      </trkpt>
      <trkpt lat="47.208410957828164" lon="11.020987965166569">
        <ele>2001.16</ele>
      </trkpt>
      <trkpt lat="47.208473989740014" lon="11.020930968225002">
        <ele>2000.2</ele>
      </trkpt>
      <trkpt lat="47.20853693783283" lon="11.020872965455055">
        <ele>1999.24</ele>
      </trkpt>
      <trkpt lat="47.20860198140144" lon="11.020820997655392">
        <ele>1998.3</ele>
      </trkpt>
      <trkpt lat="47.208669958636165" lon="11.020772969350219">
        <ele>1997.36</ele>
      </trkpt>
      <trkpt lat="47.20873994752765" lon="11.020714966580272">
        <ele>1996.43</ele>
      </trkpt>
      <trkpt lat="47.20880792476237" lon="11.02064698934555">
        <ele>1995.51</ele>
      </trkpt>
      <trkpt lat="47.20887397415936" lon="11.020579934120178">
        <ele>1994.62</ele>
      </trkpt>
      <trkpt lat="47.20894295722246" lon="11.02051799185574">
        <ele>1993.73</ele>
      </trkpt>
      <trkpt lat="47.20900892280042" lon="11.020464934408665">
        <ele>1992.83</ele>
      </trkpt>
      <trkpt lat="47.20907497219741" lon="11.020405925810337">
        <ele>1991.95</ele>
      </trkpt>
      <trkpt lat="47.209141943603754" lon="11.020340966060758">
        <ele>1991.1</ele>
      </trkpt>
      <trkpt lat="47.209210926666856" lon="11.020275922492146">
        <ele>1990.26</ele>
      </trkpt>
      <trkpt lat="47.20927597023547" lon="11.0202179197222">
        <ele>1989.41</ele>
      </trkpt>
      <trkpt lat="47.20934696495533" lon="11.020157989114523">
        <ele>1988.56</ele>
      </trkpt>
      <trkpt lat="47.209421982988715" lon="11.02008892223239">
        <ele>1987.77</ele>
      </trkpt>
      <trkpt lat="47.209506975486875" lon="11.020016921684146">
        <ele>1987.0</ele>
      </trkpt>
      <trkpt lat="47.20959699712694" lon="11.01993796415627">
        <ele>1986.23</ele>
      </trkpt>
      <trkpt lat="47.20968794077635" lon="11.019856994971633">
        <ele>1985.48</ele>
      </trkpt>
      <trkpt lat="47.20977393910289" lon="11.019781976938248">
        <ele>1984.75</ele>
      </trkpt>
      <trkpt lat="47.20985499210656" lon="11.01970394141972">
        <ele>1984.06</ele>
      </trkpt>
      <trkpt lat="47.20993193797767" lon="11.019634958356619">
        <ele>1983.4</ele>
      </trkpt>
      <trkpt lat="47.210005950182676" lon="11.01957293227315">
        <ele>1982.77</ele>
      </trkpt>
      <trkpt lat="47.21007099375129" lon="11.019512917846441">
        <ele>1982.17</ele>
      </trkpt>
      <trkpt lat="47.21012991853058" lon="11.019449969753623">
        <ele>1981.59</ele>
      </trkpt>
      <trkpt lat="47.21018892712891" lon="11.019391966983676">
        <ele>1981.04</ele>
      </trkpt>
      <trkpt lat="47.21025095321238" lon="11.019347961992025">
        <ele>1980.53</ele>
      </trkpt>
      <trkpt lat="47.210304932668805" lon="11.019317954778671">
        <ele>1980.04</ele>
      </trkpt>
      <trkpt lat="47.210348937660456" lon="11.01929197087884">
        <ele>1979.58</ele>
      </trkpt>
      <trkpt lat="47.210387997329235" lon="11.019270932301879">
        <ele>1979.15</ele>
      </trkpt>
      <trkpt lat="47.21042194403708" lon="11.019246960058808">
        <ele>1978.75</ele>
      </trkpt>
      <trkpt lat="47.21045999787748" lon="11.019218964502215">
        <ele>1978.37</ele>
      </trkpt>
      <trkpt lat="47.2105039190501" lon="11.019195998087525">
        <ele>1978.01</ele>
      </trkpt>
      <trkpt lat="47.21055697649717" lon="11.019176971167326">
        <ele>1977.68</ele>
      </trkpt>
      <trkpt lat="47.21061699092388" lon="11.019160961732268">
        <ele>1977.37</ele>
      </trkpt>
      <trkpt lat="47.2106799390167" lon="11.019140928983688">
        <ele>1977.08</ele>
      </trkpt>
      <trkpt lat="47.21074297092855" lon="11.019122991710901">
        <ele>1976.82</ele>
      </trkpt>
      <trkpt lat="47.21081295982003" lon="11.019105976447463">
        <ele>1976.6</ele>
      </trkpt>
      <trkpt lat="47.21088697202504" lon="11.019091978669167">
        <ele>1976.4</ele>
      </trkpt>
      <trkpt lat="47.21096592955291" lon="11.019087955355644">
        <ele>1976.22</ele>
      </trkpt>
      <trkpt lat="47.21104899421334" lon="11.019086949527264">
        <ele>1976.07</ele>
      </trkpt>
      <trkpt lat="47.21113096922636" lon="11.019079992547631">
        <ele>1975.94</ele>
      </trkpt>
      <trkpt lat="47.211211938411" lon="11.019072951748967">
        <ele>1975.83</ele>
      </trkpt>
      <trkpt lat="47.211294919252396" lon="11.019063983112574">
        <ele>1975.75</ele>
      </trkpt>
      <trkpt lat="47.211375972256064" lon="11.019051996991038">
        <ele>1975.67</ele>
      </trkpt>
      <trkpt lat="47.21145794726908" lon="11.019041938707232">
        <ele>1975.61</ele>
      </trkpt>
      <trkpt lat="47.21153891645372" lon="11.019025929272175">
        <ele>1975.57</ele>
      </trkpt>
      <trkpt lat="47.21160697750747" lon="11.019002962857485">
        <ele>1975.56</ele>
      </trkpt>
      <trkpt lat="47.21166296862066" lon="11.018981924280524">
        <ele>1975.58</ele>
      </trkpt>
      <trkpt lat="47.21171191893518" lon="11.018958957865834">
        <ele>1975.62</ele>
      </trkpt>
      <trkpt lat="47.2117539960891" lon="11.018941942602396">
        <ele>1975.67</ele>
      </trkpt>
      <trkpt lat="47.21179598942399" lon="11.018921993672848">
        <ele>1975.74</ele>
      </trkpt>
      <trkpt lat="47.21183496527374" lon="11.018899949267507">
        <ele>1975.82</ele>
      </trkpt>
      <trkpt lat="47.211874946951866" lon="11.018870947882533">
        <ele>1975.91</ele>
      </trkpt>
      <trkpt lat="47.211913922801614" lon="11.018835995346308">
        <ele>1976.01</ele>
      </trkpt>
      <trkpt lat="47.21194594167173" lon="11.018796935677528">
        <ele>1976.13</ele>
      </trkpt>
      <trkpt lat="47.2119749430567" lon="11.018754942342639">
        <ele>1976.25</ele>
      </trkpt>
      <trkpt lat="47.21200595609844" lon="11.01871496066451">
        <ele>1976.38</ele>
      </trkpt>
      <trkpt lat="47.21203294582665" lon="11.01867196150124">
        <ele>1976.51</ele>
      </trkpt>
      <trkpt lat="47.21205993555486" lon="11.018630973994732">
        <ele>1976.64</ele>
      </trkpt>
      <trkpt lat="47.212086925283074" lon="11.018590992316604">
        <ele>1976.77</ele>
      </trkpt>
      <trkpt lat="47.212108969688416" lon="11.018550926819444">
        <ele>1976.9</ele>
      </trkpt>
      <trkpt lat="47.21212095580995" lon="11.018508933484554">
        <ele>1977.03</ele>
      </trkpt>
      <trkpt lat="47.212127996608615" lon="11.018465934321284">
        <ele>1977.17</ele>
      </trkpt>
      <trkpt lat="47.21213998273015" lon="11.018428970128298">
        <ele>1977.3</ele>
      </trkpt>
      <trkpt lat="47.21215498633683" lon="11.01839192211628">
        <ele>1977.45</ele>
      </trkpt>
      <trkpt lat="47.212168984115124" lon="11.018354957923293">
        <ele>1977.59</ele>
      </trkpt>
      <trkpt lat="47.21218499355018" lon="11.018320927396417">
        <ele>1977.74</ele>
      </trkpt>
      <trkpt lat="47.21220494247973" lon="11.018295949324965">
        <ele>1977.9</ele>
      </trkpt>
      <trkpt lat="47.21222296357155" lon="11.018274994567037">
        <ele>1978.06</ele>
      </trkpt>
      <trkpt lat="47.212235955521464" lon="11.018268959596753">
        <ele>1978.22</ele>
      </trkpt>
      <trkpt lat="47.212234949693084" lon="11.018274994567037">
        <ele>1978.37</ele>
      </trkpt>
      <trkpt lat="47.2122339438647" lon="11.01815496571362">
        <ele>1978.5</ele>
      </trkpt>
      <trkpt lat="47.21223997883499" lon="11.01813493296504">
        <ele>1978.65</ele>
      </trkpt>
      <trkpt lat="47.21225196495652" lon="11.01811096072197">
        <ele>1978.81</ele>
      </trkpt>
      <trkpt lat="47.21226495690644" lon="11.018086988478899">
        <ele>1978.97</ele>
      </trkpt>
      <trkpt lat="47.21227493137121" lon="11.018054969608784">
        <ele>1979.12</ele>
      </trkpt>
      <trkpt lat="47.21227694302797" lon="11.018015993759036">
        <ele>1979.27</ele>
      </trkpt>
      <trkpt lat="47.21227694302797" lon="11.017977939918637">
        <ele>1979.41</ele>
      </trkpt>
      <trkpt lat="47.212280966341496" lon="11.017935946583748">
        <ele>1979.56</ele>
      </trkpt>
      <trkpt lat="47.21228297799826" lon="11.017900994047523">
        <ele>1979.7</ele>
      </trkpt>
      <trkpt lat="47.21228498965502" lon="11.017871992662549">
        <ele>1979.85</ele>
      </trkpt>
      <trkpt lat="47.21228498965502" lon="11.017839973792434">
        <ele>1980.0</ele>
      </trkpt>
      <trkpt lat="47.21228297799826" lon="11.017801919952035">
        <ele>1980.15</ele>
      </trkpt>
      <trkpt lat="47.21227593719959" lon="11.01776797324419">
        <ele>1980.3</ele>
      </trkpt>
      <trkpt lat="47.21227099187672" lon="11.017728997394443">
        <ele>1980.45</ele>
      </trkpt>
      <trkpt lat="47.21226495690644" lon="11.017689937725663">
        <ele>1980.61</ele>
      </trkpt>
      <trkpt lat="47.21226596273482" lon="11.017649956047535">
        <ele>1980.77</ele>
      </trkpt>
      <trkpt lat="47.21227099187672" lon="11.017608968541026">
        <ele>1980.94</ele>
      </trkpt>
      <trkpt lat="47.21227593719959" lon="11.017566975206137">
        <ele>1981.12</ele>
      </trkpt>
      <trkpt lat="47.21228498965502" lon="11.017525987699628">
        <ele>1981.3</ele>
      </trkpt>
      <trkpt lat="47.212298987433314" lon="11.017499919980764">
        <ele>1981.49</ele>
      </trkpt>
      <trkpt lat="47.21231399103999" lon="11.017480976879597">
        <ele>1981.68</ele>
      </trkpt>
      <trkpt lat="47.21233494579792" lon="11.017452981323004">
        <ele>1981.88</ele>
      </trkpt>
      <trkpt lat="47.21235699020326" lon="11.017426997423172">
        <ele>1982.09</ele>
      </trkpt>
      <trkpt lat="47.21237299963832" lon="11.017398918047547">
        <ele>1982.29</ele>
      </trkpt>
      <trkpt lat="47.212386997416615" lon="11.017362959682941">
        <ele>1982.5</ele>
      </trkpt>
      <trkpt lat="47.21240594051778" lon="11.017319960519671">
        <ele>1982.71</ele>
      </trkpt>
      <trkpt lat="47.212432930245996" lon="11.017292970791459">
        <ele>1982.93</ele>
      </trkpt>
      <trkpt lat="47.21246696077287" lon="11.017286935821176">
        <ele>1983.17</ele>
      </trkpt>
      <trkpt lat="47.212493950501084" lon="11.017306968569756">
        <ele>1983.42</ele>
      </trkpt>
      <trkpt lat="47.212519934400916" lon="11.01733898743987">
        <ele>1983.66</ele>
      </trkpt>
      <trkpt lat="47.212536949664354" lon="11.017366982996464">
        <ele>1983.91</ele>
      </trkpt>
      <trkpt lat="47.21254097297788" lon="11.017399923875928">
        <ele>1984.14</ele>
      </trkpt>
      <trkpt lat="47.212538961321115" lon="11.017428925260901">
        <ele>1984.37</ele>
      </trkpt>
      <trkpt lat="47.212539967149496" lon="11.017455998808146">
        <ele>1984.61</ele>
      </trkpt>
      <trkpt lat="47.212538961321115" lon="11.017479971051216">
        <ele>1984.85</ele>
      </trkpt>
      <trkpt lat="47.21254097297788" lon="11.017505954951048">
        <ele>1985.09</ele>
      </trkpt>
      <trkpt lat="47.212538961321115" lon="11.017530933022499">
        <ele>1985.33</ele>
      </trkpt>
      <trkpt lat="47.212536949664354" lon="11.017555994912982">
        <ele>1985.58</ele>
      </trkpt>
      <trkpt lat="47.21253493800759" lon="11.017580972984433">
        <ele>1985.82</ele>
      </trkpt>
      <trkpt lat="47.2125309985131" lon="11.017609974369407">
        <ele>1986.07</ele>
      </trkpt>
      <trkpt lat="47.21252898685634" lon="11.01763897575438">
        <ele>1986.32</ele>
      </trkpt>
      <trkpt lat="47.21253493800759" lon="11.01766194216907">
        <ele>1986.57</ele>
      </trkpt>
      <trkpt lat="47.21254197880626" lon="11.01768298074603">
        <ele>1986.83</ele>
      </trkpt>
      <trkpt lat="47.21254994161427" lon="11.017701923847198">
        <ele>1987.08</ele>
      </trkpt>
      <trkpt lat="47.212561927735806" lon="11.017718939110637">
        <ele>1987.34</ele>
      </trkpt>
      <trkpt lat="47.21257299184799" lon="11.017732936888933">
        <ele>1987.59</ele>
      </trkpt>
      <trkpt lat="47.21258799545467" lon="11.017745928838849">
        <ele>1987.85</ele>
      </trkpt>
      <trkpt lat="47.212601993232965" lon="11.017758920788765">
        <ele>1988.11</ele>
      </trkpt>
      <trkpt lat="47.2126139793545" lon="11.017775936052203">
        <ele>1988.36</ele>
      </trkpt>
      <trkpt lat="47.212622947990894" lon="11.01779194548726">
        <ele>1988.62</ele>
      </trkpt>
      <trkpt lat="47.21262998878956" lon="11.017812984064221">
        <ele>1988.87</ele>
      </trkpt>
      <trkpt lat="47.21263895742595" lon="11.017836956307292">
        <ele>1989.13</ele>
      </trkpt>
      <trkpt lat="47.21264096908271" lon="11.017863946035504">
        <ele>1989.38</ele>
      </trkpt>
      <trkpt lat="47.212641974911094" lon="11.017886996269226">
        <ele>1989.62</ele>
      </trkpt>
      <trkpt lat="47.212645998224616" lon="11.017909962683916">
        <ele>1989.87</ele>
      </trkpt>
      <trkpt lat="47.21265094354749" lon="11.017933934926987">
        <ele>1990.11</ele>
      </trkpt>
      <trkpt lat="47.21265798434615" lon="11.017953967675567">
        <ele>1990.36</ele>
      </trkpt>
      <trkpt lat="47.2126639354974" lon="11.017972994595766">
        <ele>1990.6</ele>
      </trkpt>
      <trkpt lat="47.212665947154164" lon="11.017993949353695">
        <ele>1990.84</ele>
      </trkpt>
      <trkpt lat="47.212667958810925" lon="11.018018927425146">
        <ele>1991.08</ele>
      </trkpt>
      <trkpt lat="47.21267298795283" lon="11.018041977658868">
        <ele>1991.32</ele>
      </trkpt>
      <trkpt lat="47.21267499960959" lon="11.018066955730319">
        <ele>1991.55</ele>
      </trkpt>
      <trkpt lat="47.21267592161894" lon="11.018088916316628">
        <ele>1991.78</ele>
      </trkpt>
      <trkpt lat="47.21267399378121" lon="11.018113978207111">
        <ele>1992.01</ele>
      </trkpt>
      <trkpt lat="47.21266997046769" lon="11.018139962106943">
        <ele>1992.23</ele>
      </trkpt>
      <trkpt lat="47.21267298795283" lon="11.018164940178394">
        <ele>1992.46</ele>
      </trkpt>
      <trkpt lat="47.21267893910408" lon="11.018184972926974">
        <ele>1992.68</ele>
      </trkpt>
      <trkpt lat="47.21268396824598" lon="11.018204921856523">
        <ele>1992.9</ele>
      </trkpt>
      <trkpt lat="47.212690925225616" lon="11.018225960433483">
        <ele>1993.11</ele>
      </trkpt>
      <trkpt lat="47.21269796602428" lon="11.018245993182063">
        <ele>1993.32</ele>
      </trkpt>
      <trkpt lat="47.21270391717553" lon="11.018266947939992">
        <ele>1993.53</ele>
      </trkpt>
      <trkpt lat="47.212707940489054" lon="11.018285974860191">
        <ele>1993.73</ele>
      </trkpt>
      <trkpt lat="47.2127159871161" lon="11.01830299012363">
        <ele>1993.94</ele>
      </trkpt>
      <trkpt lat="47.21272294409573" lon="11.018323944881558">
        <ele>1994.14</ele>
      </trkpt>
      <trkpt lat="47.21272696740925" lon="11.018344983458519">
        <ele>1994.33</ele>
      </trkpt>
      <trkpt lat="47.212728979066014" lon="11.018371973186731">
        <ele>1994.52</ele>
      </trkpt>
      <trkpt lat="47.212734930217266" lon="11.01839292794466">
        <ele>1994.71</ele>
      </trkpt>
      <trkpt lat="47.21274197101593" lon="11.018414972350001">
        <ele>1994.9</ele>
      </trkpt>
      <trkpt lat="47.212750939652324" lon="11.0184339992702">
        <ele>1995.08</ele>
      </trkpt>
      <trkpt lat="47.21275898627937" lon="11.018452942371368">
        <ele>1995.26</ele>
      </trkpt>
      <trkpt lat="47.21276996657252" lon="11.01847498677671">
        <ele>1995.44</ele>
      </trkpt>
      <trkpt lat="47.21277893520892" lon="11.018494935706258">
        <ele>1995.62</ele>
      </trkpt>
      <trkpt lat="47.21278698183596" lon="11.018511950969696">
        <ele>1995.79</ele>
      </trkpt>
      <trkpt lat="47.21278798766434" lon="11.018532989546657">
        <ele>1995.96</ele>
      </trkpt>
      <trkpt lat="47.21278798766434" lon="11.018556961789727">
        <ele>1996.12</ele>
      </trkpt>
      <trkpt lat="47.21278698183596" lon="11.018581939861178">
        <ele>1996.28</ele>
      </trkpt>
      <trkpt lat="47.2127899993211" lon="11.01860599592328">
        <ele>1996.44</ele>
      </trkpt>
      <trkpt lat="47.2127989679575" lon="11.018624939024448">
        <ele>1996.59</ele>
      </trkpt>
      <trkpt lat="47.21280198544264" lon="11.01864899508655">
        <ele>1996.75</ele>
      </trkpt>
      <trkpt lat="47.21279997378588" lon="11.01866994984448">
        <ele>1996.9</ele>
      </trkpt>
      <trkpt lat="47.21280299127102" lon="11.01869098842144">
        <ele>1997.04</ele>
      </trkpt>
      <trkpt lat="47.21281296573579" lon="11.01871496066451">
        <ele>1997.19</ele>
      </trkpt>
      <trkpt lat="47.21282394602895" lon="11.01873499341309">
        <ele>1997.34</ele>
      </trkpt>
      <trkpt lat="47.21282998099923" lon="11.01875594817102">
        <ele>1997.48</ele>
      </trkpt>
      <trkpt lat="47.2128349263221" lon="11.01877698674798">
        <ele>1997.62</ele>
      </trkpt>
      <trkpt lat="47.212837943807244" lon="11.01880095899105">
        <ele>1997.76</ele>
      </trkpt>
      <trkpt lat="47.2128349263221" lon="11.018821997568011">
        <ele>1997.9</ele>
      </trkpt>
      <trkpt lat="47.21283593215048" lon="11.018840940669179">
        <ele>1998.03</ele>
      </trkpt>
      <trkpt lat="47.212840961292386" lon="11.01886197924614">
        <ele>1998.16</ele>
      </trkpt>
      <trkpt lat="47.21285093575716" lon="11.018876982852817">
        <ele>1998.3</ele>
      </trkpt>
      <trkpt lat="47.21286199986935" lon="11.018892992287874">
        <ele>1998.43</ele>
      </trkpt>
      <trkpt lat="47.21286694519222" lon="11.01890992373228">
        <ele>1998.56</ele>
      </trkpt>
      <trkpt lat="47.2128729801625" lon="11.018931968137622">
        <ele>1998.69</ele>
      </trkpt>
      <trkpt lat="47.21287691965699" lon="11.018953928723931">
        <ele>1998.82</ele>
      </trkpt>
      <trkpt lat="47.21287691965699" lon="11.018974967300892">
        <ele>1998.94</ele>
      </trkpt>
      <trkpt lat="47.21287499181926" lon="11.018996927887201">
        <ele>1999.07</ele>
      </trkpt>
      <trkpt lat="47.21287398599088" lon="11.019020983949304">
        <ele>1999.19</ele>
      </trkpt>
      <trkpt lat="47.21287792548537" lon="11.01903892122209">
        <ele>1999.32</ele>
      </trkpt>
      <trkpt lat="47.212881948798895" lon="11.01905895397067">
        <ele>1999.44</ele>
      </trkpt>
      <trkpt lat="47.2128869779408" lon="11.019075969234109">
        <ele>1999.57</ele>
      </trkpt>
      <trkpt lat="47.21288898959756" lon="11.01909994147718">
        <ele>1999.7</ele>
      </trkpt>
      <trkpt lat="47.21289192326367" lon="11.01912198588252">
        <ele>1999.82</ele>
      </trkpt>
      <trkpt lat="47.21289494074881" lon="11.01914394646883">
        <ele>1999.95</ele>
      </trkpt>
      <trkpt lat="47.212900975719094" lon="11.01916498504579">
        <ele>2000.08</ele>
      </trkpt>
      <trkpt lat="47.21290793269873" lon="11.019183928146958">
        <ele>2000.21</ele>
      </trkpt>
      <trkpt lat="47.21291296184063" lon="11.019204966723919">
        <ele>2000.34</ele>
      </trkpt>
      <trkpt lat="47.21291296184063" lon="11.019226927310228">
        <ele>2000.47</ele>
      </trkpt>
      <trkpt lat="47.21291597932577" lon="11.019246960058808">
        <ele>2000.6</ele>
      </trkpt>
      <trkpt lat="47.21291991882026" lon="11.019265986979008">
        <ele>2000.73</ele>
      </trkpt>
      <trkpt lat="47.212925953790545" lon="11.019286941736937">
        <ele>2000.86</ele>
      </trkpt>
      <trkpt lat="47.21293198876083" lon="11.019307980313897">
        <ele>2001.0</ele>
      </trkpt>
      <trkpt lat="47.21293995156884" lon="11.019330946728587">
        <ele>2001.14</ele>
      </trkpt>
      <trkpt lat="47.212942969053984" lon="11.019352991133928">
        <ele>2001.28</ele>
      </trkpt>
      <trkpt lat="47.212946992367506" lon="11.019370928406715">
        <ele>2001.42</ele>
      </trkpt>
      <trkpt lat="47.212948920205235" lon="11.019390961155295">
        <ele>2001.57</ele>
      </trkpt>
      <trkpt lat="47.21295495517552" lon="11.019408982247114">
        <ele>2001.71</ele>
      </trkpt>
      <trkpt lat="47.21296291798353" lon="11.019426919519901">
        <ele>2001.86</ele>
      </trkpt>
      <trkpt lat="47.21297096461058" lon="11.019446952268481">
        <ele>2002.02</ele>
      </trkpt>
      <trkpt lat="47.21297892741859" lon="11.019469918683171">
        <ele>2002.17</ele>
      </trkpt>
      <trkpt lat="47.212986974045634" lon="11.019490957260132">
        <ele>2002.33</ele>
      </trkpt>
      <trkpt lat="47.212992925196886" lon="11.019511995837092">
        <ele>2002.49</ele>
      </trkpt>
      <trkpt lat="47.21299694851041" lon="11.01953093893826">
        <ele>2002.65</ele>
      </trkpt>
      <trkpt lat="47.21299996599555" lon="11.019546948373318">
        <ele>2002.82</ele>
      </trkpt>
      <trkpt lat="47.21300499513745" lon="11.019568992778659">
        <ele>2002.99</ele>
      </trkpt>
      <trkpt lat="47.21301396377385" lon="11.01959497667849">
        <ele>2003.16</ele>
      </trkpt>
      <trkpt lat="47.213024944067" lon="11.0196169372648">
        <ele>2003.33</ele>
      </trkpt>
      <trkpt lat="47.21303399652243" lon="11.019635964185">
        <ele>2003.51</ele>
      </trkpt>
      <trkpt lat="47.21303994767368" lon="11.01965599693358">
        <ele>2003.69</ele>
      </trkpt>
      <trkpt lat="47.21304698847234" lon="11.019674940034747">
        <ele>2003.87</ele>
      </trkpt>
      <trkpt lat="47.213052939623594" lon="11.019694972783327">
        <ele>2004.06</ele>
      </trkpt>
      <trkpt lat="47.21305696293712" lon="11.019714921712875">
        <ele>2004.25</ele>
      </trkpt>
      <trkpt lat="47.21306391991675" lon="11.019735960289836">
        <ele>2004.44</ele>
      </trkpt>
      <trkpt lat="47.21307096071541" lon="11.019758926704526">
        <ele>2004.64</ele>
      </trkpt>
      <trkpt lat="47.21308395266533" lon="11.019778959453106">
        <ele>2004.84</ele>
      </trkpt>
      <trkpt lat="47.2130939271301" lon="11.019797986373305">
        <ele>2005.05</ele>
      </trkpt>
      <trkpt lat="47.21310398541391" lon="11.019817935302854">
        <ele>2005.26</ele>
      </trkpt>
      <trkpt lat="47.2131129540503" lon="11.019837968051434">
        <ele>2005.47</ele>
      </trkpt>
      <trkpt lat="47.21312292851508" lon="11.019858922809362">
        <ele>2005.69</ele>
      </trkpt>
      <trkpt lat="47.21313298679888" lon="11.019884990528226">
        <ele>2005.91</ele>
      </trkpt>
      <trkpt lat="47.213139943778515" lon="11.019907956942916">
        <ele>2006.13</ele>
      </trkpt>
      <trkpt lat="47.21314899623394" lon="11.019931929185987">
        <ele>2006.36</ele>
      </trkpt>
      <trkpt lat="47.213159976527095" lon="11.01995992474258">
        <ele>2006.6</ele>
      </trkpt>
      <trkpt lat="47.21316995099187" lon="11.019987920299172">
        <ele>2006.83</ele>
      </trkpt>
      <trkpt lat="47.213181937113404" lon="11.020013988018036">
        <ele>2007.07</ele>
      </trkpt>
      <trkpt lat="47.21319694072008" lon="11.020040977746248">
        <ele>2007.32</ele>
      </trkpt>
      <trkpt lat="47.21321194432676" lon="11.020063944160938">
        <ele>2007.57</ele>
      </trkpt>
      <trkpt lat="47.21322996541858" lon="11.02008892223239">
        <ele>2007.82</ele>
      </trkpt>
      <trkpt lat="47.213244969025254" lon="11.020113984122872">
        <ele>2008.08</ele>
      </trkpt>
      <trkpt lat="47.21325594931841" lon="11.020141979679465">
        <ele>2008.33</ele>
      </trkpt>
      <trkpt lat="47.213263995945454" lon="11.02017399854958">
        <ele>2008.59</ele>
      </trkpt>
      <trkpt lat="47.21327397041023" lon="11.020200988277793">
        <ele>2008.84</ele>
      </trkpt>
      <trkpt lat="47.21328293904662" lon="11.020226972177625">
        <ele>2009.1</ele>
      </trkpt>
      <trkpt lat="47.213288974016905" lon="11.020255973562598">
        <ele>2009.36</ele>
      </trkpt>
      <trkpt lat="47.21329693682492" lon="11.020285980775952">
        <ele>2009.62</ele>
      </trkpt>
      <trkpt lat="47.21330791711807" lon="11.020312970504165">
        <ele>2009.88</ele>
      </trkpt>
      <trkpt lat="47.21332292072475" lon="11.020335936918855">
        <ele>2010.15</ele>
      </trkpt>
      <trkpt lat="47.21333993598819" lon="11.020361920818686">
        <ele>2010.42</ele>
      </trkpt>
      <trkpt lat="47.21335192210972" lon="11.02039092220366">
        <ele>2010.69</ele>
      </trkpt>
      <trkpt lat="47.21336198039353" lon="11.020418917760253">
        <ele>2010.96</ele>
      </trkpt>
      <trkpt lat="47.21337094902992" lon="11.020447919145226">
        <ele>2011.23</ele>
      </trkpt>
      <trkpt lat="47.21338394097984" lon="11.02047398686409">
        <ele>2011.51</ele>
      </trkpt>
      <trkpt lat="47.213396932929754" lon="11.0204959474504">
        <ele>2011.78</ele>
      </trkpt>
      <trkpt lat="47.21341193653643" lon="11.02051799185574">
        <ele>2012.06</ele>
      </trkpt>
      <trkpt lat="47.21342392265797" lon="11.020541964098811">
        <ele>2012.34</ele>
      </trkpt>
      <trkpt lat="47.213436998426914" lon="11.020571971312165">
        <ele>2012.62</ele>
      </trkpt>
      <trkpt lat="47.21345292404294" lon="11.020599966868758">
        <ele>2012.89</ele>
      </trkpt>
      <trkpt lat="47.21346993930638" lon="11.02062695659697">
        <ele>2013.17</ele>
      </trkpt>
      <trkpt lat="47.213482931256294" lon="11.020656963810325">
        <ele>2013.45</ele>
      </trkpt>
      <trkpt lat="47.21349399536848" lon="11.020685965195298">
        <ele>2013.73</ele>
      </trkpt>
      <trkpt lat="47.213504975661635" lon="11.02071094326675">
        <ele>2014.0</ele>
      </trkpt>
      <trkpt lat="47.21351293846965" lon="11.020736927166581">
        <ele>2014.28</ele>
      </trkpt>
      <trkpt lat="47.21351394429803" lon="11.020765928551555">
        <ele>2014.55</ele>
      </trkpt>
      <trkpt lat="47.21351796761155" lon="11.020792918279767">
        <ele>2014.81</ele>
      </trkpt>
      <trkpt lat="47.213527942076325" lon="11.020815968513489">
        <ele>2015.08</ele>
      </trkpt>
      <trkpt lat="47.21353397704661" lon="11.020847987383604">
        <ele>2015.35</ele>
      </trkpt>
      <trkpt lat="47.21354193985462" lon="11.020876988768578">
        <ele>2015.61</ele>
      </trkpt>
      <trkpt lat="47.21355392597616" lon="11.02090498432517">
        <ele>2015.87</ele>
      </trkpt>
      <trkpt lat="47.21356398425996" lon="11.020930968225002">
        <ele>2016.13</ele>
      </trkpt>
      <trkpt lat="47.213570941239595" lon="11.020960975438356">
        <ele>2016.38</ele>
      </trkpt>
      <trkpt lat="47.21357395872474" lon="11.02098997682333">
        <ele>2016.64</ele>
      </trkpt>
      <trkpt lat="47.21357496455312" lon="11.021017972379923">
        <ele>2016.88</ele>
      </trkpt>
      <trkpt lat="47.21357898786664" lon="11.021046973764896">
        <ele>2017.13</ele>
      </trkpt>
      <trkpt lat="47.21358192153275" lon="11.02107698097825">
        <ele>2017.36</ele>
      </trkpt>
      <trkpt lat="47.21358493901789" lon="11.021105982363224">
        <ele>2017.6</ele>
      </trkpt>
      <trkpt lat="47.213587956503034" lon="11.021133977919817">
        <ele>2017.83</ele>
      </trkpt>
      <trkpt lat="47.21359399147332" lon="11.021163985133171">
        <ele>2018.05</ele>
      </trkpt>
      <trkpt lat="47.21359793096781" lon="11.021193992346525">
        <ele>2018.28</ele>
      </trkpt>
      <trkpt lat="47.21359893679619" lon="11.021225927397609">
        <ele>2018.49</ele>
      </trkpt>
      <trkpt lat="47.21360597759485" lon="11.021259957924485">
        <ele>2018.71</ele>
      </trkpt>
      <trkpt lat="47.213611928746104" lon="11.021286947652698">
        <ele>2018.91</ele>
      </trkpt>
      <trkpt lat="47.213614946231246" lon="11.021315949037671">
        <ele>2019.11</ele>
      </trkpt>
      <trkpt lat="47.21360991708934" lon="11.021342938765883">
        <ele>2019.3</ele>
      </trkpt>
      <trkpt lat="47.213608995079994" lon="11.021371940150857">
        <ele>2019.49</ele>
      </trkpt>
      <trkpt lat="47.213607989251614" lon="11.021404964849353">
        <ele>2019.68</ele>
      </trkpt>
      <trkpt lat="47.21360396593809" lon="11.021439917385578">
        <ele>2019.86</ele>
      </trkpt>
      <trkpt lat="47.21360094845295" lon="11.021474953740835">
        <ele>2020.03</ele>
      </trkpt>
      <trkpt lat="47.21359591931105" lon="11.02150596678257">
        <ele>2020.2</ele>
      </trkpt>
      <trkpt lat="47.213590973988175" lon="11.021533962339163">
        <ele>2020.37</ele>
      </trkpt>
      <trkpt lat="47.213587956503034" lon="11.021560952067375">
        <ele>2020.53</ele>
      </trkpt>
      <trkpt lat="47.21358393318951" lon="11.02159297093749">
        <ele>2020.68</ele>
      </trkpt>
      <trkpt lat="47.21357798203826" lon="11.021624989807606">
        <ele>2020.83</ele>
      </trkpt>
      <trkpt lat="47.213567923754454" lon="11.021651979535818">
        <ele>2020.97</ele>
      </trkpt>
      <trkpt lat="47.21355895511806" lon="11.021683998405933">
        <ele>2021.11</ele>
      </trkpt>
      <trkpt lat="47.21355099231005" lon="11.021708976477385">
        <ele>2021.24</ele>
      </trkpt>
      <trkpt lat="47.213544957339764" lon="11.021738983690739">
        <ele>2021.38</ele>
      </trkpt>
      <trkpt lat="47.21353992819786" lon="11.021769996732473">
        <ele>2021.5</ele>
      </trkpt>
      <trkpt lat="47.21353498287499" lon="11.021799920126796">
        <ele>2021.63</ele>
      </trkpt>
      <trkpt lat="47.213527942076325" lon="11.021831938996911">
        <ele>2021.75</ele>
      </trkpt>
      <trkpt lat="47.213522996753454" lon="11.021862952038646">
        <ele>2021.87</ele>
      </trkpt>
      <trkpt lat="47.21352098509669" lon="11.02189195342362">
        <ele>2021.98</ele>
      </trkpt>
      <trkpt lat="47.21351897343993" lon="11.021925983950496">
        <ele>2022.1</ele>
      </trkpt>
      <trkpt lat="47.21351595595479" lon="11.021962948143482">
        <ele>2022.21</ele>
      </trkpt>
      <trkpt lat="47.21351495012641" lon="11.021995972841978">
        <ele>2022.32</ele>
      </trkpt>
      <trkpt lat="47.21351092681289" lon="11.022029919549823">
        <ele>2022.42</ele>
      </trkpt>
      <trkpt lat="47.21351092681289" lon="11.022061938419938">
        <ele>2022.53</ele>
      </trkpt>
      <trkpt lat="47.21350992098451" lon="11.022094963118434">
        <ele>2022.63</ele>
      </trkpt>
      <trkpt lat="47.21350992098451" lon="11.02212899364531">
        <ele>2022.73</ele>
      </trkpt>
      <trkpt lat="47.21351193264127" lon="11.022161934524775">
        <ele>2022.83</ele>
      </trkpt>
      <trkpt lat="47.21351193264127" lon="11.02219395339489">
        <ele>2022.93</ele>
      </trkpt>
      <trkpt lat="47.21351595595479" lon="11.022226978093386">
        <ele>2023.02</ele>
      </trkpt>
      <trkpt lat="47.21351696178317" lon="11.022262936457992">
        <ele>2023.12</ele>
      </trkpt>
      <trkpt lat="47.21351897343993" lon="11.022297972813249">
        <ele>2023.21</ele>
      </trkpt>
      <trkpt lat="47.21351997926831" lon="11.022332925349474">
        <ele>2023.31</ele>
      </trkpt>
      <trkpt lat="47.21351997926831" lon="11.02236494421959">
        <ele>2023.4</ele>
      </trkpt>
      <trkpt lat="47.21351796761155" lon="11.022400986403227">
        <ele>2023.49</ele>
      </trkpt>
      <trkpt lat="47.21351796761155" lon="11.022433927282691">
        <ele>2023.58</ele>
      </trkpt>
      <trkpt lat="47.21351997926831" lon="11.02247198112309">
        <ele>2023.67</ele>
      </trkpt>
      <trkpt lat="47.213521990925074" lon="11.022504922002554">
        <ele>2023.76</ele>
      </trkpt>
      <trkpt lat="47.213522996753454" lon="11.02253794670105">
        <ele>2023.84</ele>
      </trkpt>
      <trkpt lat="47.213525930419564" lon="11.022574994713068">
        <ele>2023.93</ele>
      </trkpt>
      <trkpt lat="47.213528947904706" lon="11.022612964734435">
        <ele>2024.02</ele>
      </trkpt>
      <trkpt lat="47.213526936247945" lon="11.022656969726086">
        <ele>2024.11</ele>
      </trkpt>
      <trkpt lat="47.213525930419564" lon="11.022701980546117">
        <ele>2024.21</ele>
      </trkpt>
      <trkpt lat="47.213525930419564" lon="11.022747997194529">
        <ele>2024.31</ele>
      </trkpt>
      <trkpt lat="47.213525930419564" lon="11.022791918367147">
        <ele>2024.4</ele>
      </trkpt>
      <trkpt lat="47.213524924591184" lon="11.022840952500701">
        <ele>2024.5</ele>
      </trkpt>
      <trkpt lat="47.213526936247945" lon="11.022889986634254">
        <ele>2024.6</ele>
      </trkpt>
      <trkpt lat="47.21352995373309" lon="11.022934997454286">
        <ele>2024.69</ele>
      </trkpt>
      <trkpt lat="47.21353598870337" lon="11.022981936112046">
        <ele>2024.79</ele>
      </trkpt>
      <trkpt lat="47.21354193985462" lon="11.023026946932077">
        <ele>2024.88</ele>
      </trkpt>
      <trkpt lat="47.213545963168144" lon="11.023075981065631">
        <ele>2024.97</ele>
      </trkpt>
      <trkpt lat="47.21354998648167" lon="11.023126943036914">
        <ele>2025.07</ele>
      </trkpt>
      <trkpt lat="47.21355493180454" lon="11.023175977170467">
        <ele>2025.16</ele>
      </trkpt>
      <trkpt lat="47.21355996094644" lon="11.02322492748499">
        <ele>2025.26</ele>
      </trkpt>
      <trkpt lat="47.21356297843158" lon="11.02326893247664">
        <ele>2025.36</ele>
      </trkpt>
      <trkpt lat="47.213570941239595" lon="11.023314949125051">
        <ele>2025.45</ele>
      </trkpt>
      <trkpt lat="47.21357898786664" lon="11.023358954116702">
        <ele>2025.55</ele>
      </trkpt>
      <trkpt lat="47.21358594484627" lon="11.023404970765114">
        <ele>2025.65</ele>
      </trkpt>
      <trkpt lat="47.213591979816556" lon="11.023453921079636">
        <ele>2025.74</ele>
      </trkpt>
      <trkpt lat="47.21359793096781" lon="11.023498931899667">
        <ele>2025.84</ele>
      </trkpt>
      <trkpt lat="47.21360597759485" lon="11.02354696020484">
        <ele>2025.94</ele>
      </trkpt>
      <trkpt lat="47.213612934574485" lon="11.02359197102487">
        <ele>2026.03</ele>
      </trkpt>
      <trkpt lat="47.21362198702991" lon="11.023636981844902">
        <ele>2026.13</ele>
      </trkpt>
      <trkpt lat="47.213631961494684" lon="11.023680986836553">
        <ele>2026.22</ele>
      </trkpt>
      <trkpt lat="47.21364294178784" lon="11.023723985999823">
        <ele>2026.31</ele>
      </trkpt>
      <trkpt lat="47.213654927909374" lon="11.023768996819854">
        <ele>2026.4</ele>
      </trkpt>
      <trkpt lat="47.21366892568767" lon="11.023811995983124">
        <ele>2026.49</ele>
      </trkpt>
      <trkpt lat="47.21368099562824" lon="11.023853989318013">
        <ele>2026.57</ele>
      </trkpt>
      <trkpt lat="47.21369097009301" lon="11.023896988481283">
        <ele>2026.65</ele>
      </trkpt>
      <trkpt lat="47.213697927072644" lon="11.023942921310663">
        <ele>2026.73</ele>
      </trkpt>
      <trkpt lat="47.21370999701321" lon="11.023989943787456">
        <ele>2026.81</ele>
      </trkpt>
      <trkpt lat="47.213720977306366" lon="11.024035960435867">
        <ele>2026.88</ele>
      </trkpt>
      <trkpt lat="47.21373195759952" lon="11.024077953770757">
        <ele>2026.94</ele>
      </trkpt>
      <trkpt lat="47.213742937892675" lon="11.024121958762407">
        <ele>2026.99</ele>
      </trkpt>
      <trkpt lat="47.21375592984259" lon="11.024166969582438">
        <ele>2027.04</ele>
      </trkpt>
      <trkpt lat="47.21376992762089" lon="11.024210974574089">
        <ele>2027.08</ele>
      </trkpt>
      <trkpt lat="47.213784931227565" lon="11.024253973737359">
        <ele>2027.11</ele>
      </trkpt>
      <trkpt lat="47.21379792317748" lon="11.02429797872901">
        <ele>2027.14</ele>
      </trkpt>
      <trkpt lat="47.21380898728967" lon="11.024339972063899">
        <ele>2027.16</ele>
      </trkpt>
      <trkpt lat="47.21382197923958" lon="11.024382971227169">
        <ele>2027.17</ele>
      </trkpt>
      <trkpt lat="47.2138349711895" lon="11.02442697621882">
        <ele>2027.18</ele>
      </trkpt>
      <trkpt lat="47.213848968967795" lon="11.02447098121047">
        <ele>2027.18</ele>
      </trkpt>
      <trkpt lat="47.21386397257447" lon="11.024511968716979">
        <ele>2027.17</ele>
      </trkpt>
      <trkpt lat="47.21387797035277" lon="11.024554967880249">
        <ele>2027.16</ele>
      </trkpt>
      <trkpt lat="47.21389397978783" lon="11.024594949558377">
        <ele>2027.13</ele>
      </trkpt>
      <trkpt lat="47.213911917060614" lon="11.024636942893267">
        <ele>2027.09</ele>
      </trkpt>
      <trkpt lat="47.21392993815243" lon="11.024674996733665">
        <ele>2027.05</ele>
      </trkpt>
      <trkpt lat="47.21394997090101" lon="11.024713972583413">
        <ele>2027.0</ele>
      </trkpt>
      <trkpt lat="47.21397092565894" lon="11.024749930948019">
        <ele>2026.94</ele>
      </trkpt>
      <trkpt lat="47.21399397589266" lon="11.024784967303276">
        <ele>2026.87</ele>
      </trkpt>
      <trkpt lat="47.21401593647897" lon="11.024821931496263">
        <ele>2026.79</ele>
      </trkpt>
      <trkpt lat="47.21403596922755" lon="11.024861996993423">
        <ele>2026.7</ele>
      </trkpt>
      <trkpt lat="47.21405499614775" lon="11.02490097284317">
        <ele>2026.61</ele>
      </trkpt>
      <trkpt lat="47.21406999975443" lon="11.02494296617806">
        <ele>2026.51</ele>
      </trkpt>
      <trkpt lat="47.214087937027216" lon="11.024974985048175">
        <ele>2026.4</ele>
      </trkpt>
      <trkpt lat="47.21411492675543" lon="11.024984959512949">
        <ele>2026.27</ele>
      </trkpt>
      <trkpt lat="47.214130936190486" lon="11.02496794424951">
        <ele>2026.15</ele>
      </trkpt>
      <trkpt lat="47.21413998864591" lon="11.024934919551015">
        <ele>2026.03</ele>
      </trkpt>
      <trkpt lat="47.214149963110685" lon="11.024904996156693">
        <ele>2025.9</ele>
      </trkpt>
      <trkpt lat="47.214167984202504" lon="11.024884963408113">
        <ele>2025.76</ele>
      </trkpt>
      <trkpt lat="47.21418592147529" lon="11.024892926216125">
        <ele>2025.61</ele>
      </trkpt>
      <trkpt lat="47.21420394256711" lon="11.024913964793086">
        <ele>2025.46</ele>
      </trkpt>
      <trkpt lat="47.21421794034541" lon="11.024936931207776">
        <ele>2025.31</ele>
      </trkpt>
      <trkpt lat="47.21422892063856" lon="11.024960987269878">
        <ele>2025.15</ele>
      </trkpt>
      <trkpt lat="47.21423998475075" lon="11.02498596534133">
        <ele>2024.99</ele>
      </trkpt>
      <trkpt lat="47.21424794755876" lon="11.02500893175602">
        <ele>2024.84</ele>
      </trkpt>
      <trkpt lat="47.214255994185805" lon="11.025034999474883">
        <ele>2024.68</ele>
      </trkpt>
      <trkpt lat="47.2142649628222" lon="11.025060983374715">
        <ele>2024.51</ele>
      </trkpt>
      <trkpt lat="47.214276948943734" lon="11.025081938132644">
        <ele>2024.35</ele>
      </trkpt>
      <trkpt lat="47.2142839897424" lon="11.025101970881224">
        <ele>2024.18</ele>
      </trkpt>
      <trkpt lat="47.21428591758013" lon="11.025121919810772">
        <ele>2024.02</ele>
      </trkpt>
      <trkpt lat="47.2142839897424" lon="11.025132983922958">
        <ele>2023.86</ele>
      </trkpt>
      <trkpt lat="47.21428197808564" lon="11.02513893507421">
        <ele>2023.69</ele>
      </trkpt>
      <trkpt lat="47.214301927015185" lon="11.025213953107595">
        <ele>2023.53</ele>
      </trkpt>
      <trkpt lat="47.21431097947061" lon="11.025234991684556">
        <ele>2023.36</ele>
      </trkpt>
      <trkpt lat="47.21431793645024" lon="11.025255946442485">
        <ele>2023.2</ele>
      </trkpt>
      <trkpt lat="47.214322965592146" lon="11.025285953655839">
        <ele>2023.05</ele>
      </trkpt>
      <trkpt lat="47.21432497724891" lon="11.025312943384051">
        <ele>2022.89</ele>
      </trkpt>
      <trkpt lat="47.21432992257178" lon="11.025336999446154">
        <ele>2022.74</ele>
      </trkpt>
      <trkpt lat="47.21433193422854" lon="11.025361977517605">
        <ele>2022.59</ele>
      </trkpt>
      <trkpt lat="47.21433796919882" lon="11.025383938103914">
        <ele>2022.44</ele>
      </trkpt>
      <trkpt lat="47.214344926178455" lon="11.025407994166017">
        <ele>2022.29</ele>
      </trkpt>
      <trkpt lat="47.2143529728055" lon="11.025431966409087">
        <ele>2022.15</ele>
      </trkpt>
      <trkpt lat="47.21435892395675" lon="11.025462979450822">
        <ele>2022.02</ele>
      </trkpt>
      <trkpt lat="47.21436797641218" lon="11.025488963350654">
        <ele>2021.88</ele>
      </trkpt>
      <trkpt lat="47.21437996253371" lon="11.025513941422105">
        <ele>2021.75</ele>
      </trkpt>
      <trkpt lat="47.21439597196877" lon="11.02552492171526">
        <ele>2021.62</ele>
      </trkpt>
      <trkpt lat="47.21441592089832" lon="11.02552399970591">
        <ele>2021.5</ele>
      </trkpt>
      <trkpt lat="47.2144359536469" lon="11.025516958907247">
        <ele>2021.38</ele>
      </trkpt>
      <trkpt lat="47.21445397473872" lon="11.025518970564008">
        <ele>2021.26</ele>
      </trkpt>
      <trkpt lat="47.21446495503187" lon="11.025529950857162">
        <ele>2021.15</ele>
      </trkpt>
      <trkpt lat="47.214471995830536" lon="11.025550989434123">
        <ele>2021.05</ele>
      </trkpt>
      <trkpt lat="47.21448398195207" lon="11.025574961677194">
        <ele>2020.96</ele>
      </trkpt>
      <trkpt lat="47.21449898555875" lon="11.025596922263503">
        <ele>2020.87</ele>
      </trkpt>
      <trkpt lat="47.2145099658519" lon="11.025619972497225">
        <ele>2020.78</ele>
      </trkpt>
      <trkpt lat="47.21452094614506" lon="11.025645956397057">
        <ele>2020.7</ele>
      </trkpt>
      <trkpt lat="47.2145289927721" lon="11.025670934468508">
        <ele>2020.63</ele>
      </trkpt>
      <trkpt lat="47.21453293226659" lon="11.02569499053061">
        <ele>2020.56</ele>
      </trkpt>
      <trkpt lat="47.21453997306526" lon="11.025722986087203">
        <ele>2020.51</ele>
      </trkpt>
      <trkpt lat="47.21454793587327" lon="11.025757938623428">
        <ele>2020.45</ele>
      </trkpt>
      <trkpt lat="47.214559921994805" lon="11.02578098885715">
        <ele>2020.4</ele>
      </trkpt>
      <trkpt lat="47.21456796862185" lon="11.025809990242124">
        <ele>2020.36</ele>
      </trkpt>
      <trkpt lat="47.21457492560148" lon="11.025840919464827">
        <ele>2020.32</ele>
      </trkpt>
      <trkpt lat="47.214578948915005" lon="11.025872938334942">
        <ele>2020.29</ele>
      </trkpt>
      <trkpt lat="47.21457593142986" lon="11.025898922234774">
        <ele>2020.27</ele>
      </trkpt>
      <trkpt lat="47.21456394530833" lon="11.025914931669831">
        <ele>2020.25</ele>
      </trkpt>
      <trkpt lat="47.21455095335841" lon="11.025917949154973">
        <ele>2020.24</ele>
      </trkpt>
      <trkpt lat="47.21453896723688" lon="11.02591292001307">
        <ele>2020.23</ele>
      </trkpt>
      <trkpt lat="47.21452798694372" lon="11.025905963033438">
        <ele>2020.23</ele>
      </trkpt>
      <trkpt lat="47.214516922831535" lon="11.02589095942676">
        <ele>2020.24</ele>
      </trkpt>
      <trkpt lat="47.214513989165425" lon="11.025874949991703">
        <ele>2020.25</ele>
      </trkpt>
      <trkpt lat="47.2145099658519" lon="11.025864975526929">
        <ele>2020.26</ele>
      </trkpt>
      <trkpt lat="47.21451097168028" lon="11.025862963870168">
        <ele>2020.28</ele>
      </trkpt>
      <trkpt lat="47.214511977508664" lon="11.025862963870168">
        <ele>2020.3</ele>
      </trkpt>
      <trkpt lat="47.21443997696042" lon="11.025885930284858">
        <ele>2020.35</ele>
      </trkpt>
      <trkpt lat="47.214428996667266" lon="11.025863969698548">
        <ele>2020.39</ele>
      </trkpt>
      <trkpt lat="47.21441893838346" lon="11.02584594860673">
        <ele>2020.43</ele>
      </trkpt>
      <trkpt lat="47.214405946433544" lon="11.02582692168653">
        <ele>2020.48</ele>
      </trkpt>
      <trkpt lat="47.21439094282687" lon="11.025809990242124">
        <ele>2020.54</ele>
      </trkpt>
      <trkpt lat="47.21437694504857" lon="11.025789957493544">
        <ele>2020.6</ele>
      </trkpt>
      <trkpt lat="47.2143669705838" lon="11.025765985250473">
        <ele>2020.66</ele>
      </trkpt>
      <trkpt lat="47.2143669705838" lon="11.0257369838655">
        <ele>2020.73</ele>
      </trkpt>
      <trkpt lat="47.21438096836209" lon="11.0257179569453">
        <ele>2020.81</ele>
      </trkpt>
      <trkpt lat="47.21439496614039" lon="11.025709994137287">
        <ele>2020.88</ele>
      </trkpt>
      <trkpt lat="47.214407958090305" lon="11.025712927803397">
        <ele>2020.97</ele>
      </trkpt>
      <trkpt lat="47.21441592089832" lon="11.025715945288539">
        <ele>2021.06</ele>
      </trkpt>
      <trkpt lat="47.21441793255508" lon="11.025725919753313">
        <ele>2021.16</ele>
      </trkpt>
      <trkpt lat="47.21442396752536" lon="11.025734972208738">
        <ele>2021.26</ele>
      </trkpt>
      <trkpt lat="47.214424973353744" lon="11.02574192918837">
        <ele>2021.38</ele>
      </trkpt>
      <trkpt lat="47.21442296169698" lon="11.025749975815415">
        <ele>2021.5</ele>
      </trkpt>
      <trkpt lat="47.21442396752536" lon="11.025757938623428">
        <ele>2021.63</ele>
      </trkpt>
      <trkpt lat="47.214426985010505" lon="11.025773948058486">
        <ele>2021.76</ele>
      </trkpt>
      <trkpt lat="47.214429918676615" lon="11.025790963321924">
        <ele>2021.9</ele>
      </trkpt>
      <trkpt lat="47.21443394199014" lon="11.025810996070504">
        <ele>2022.05</ele>
      </trkpt>
      <trkpt lat="47.2144409827888" lon="11.025831950828433">
        <ele>2022.2</ele>
      </trkpt>
      <trkpt lat="47.21445799805224" lon="11.02584594860673">
        <ele>2022.36</ele>
      </trkpt>
      <trkpt lat="47.21447694115341" lon="11.02584594860673">
        <ele>2022.53</ele>
      </trkpt>
      <trkpt lat="47.214491944760084" lon="11.025838991627097">
        <ele>2022.7</ele>
      </trkpt>
      <trkpt lat="47.21450694836676" lon="11.025839997455478">
        <ele>2022.88</ele>
      </trkpt>
      <trkpt lat="47.21450896002352" lon="11.025842931121588">
        <ele>2023.07</ele>
      </trkpt>
      <trkpt lat="47.2145099658519" lon="11.025840919464827">
        <ele>2023.27</ele>
      </trkpt>
      <trkpt lat="47.21445397473872" lon="11.02589095942676">
        <ele>2023.49</ele>
      </trkpt>
      <trkpt lat="47.21443997696042" lon="11.02587092667818">
        <ele>2023.71</ele>
      </trkpt>
      <trkpt lat="47.214428996667266" lon="11.025841925293207">
        <ele>2023.93</ele>
      </trkpt>
      <trkpt lat="47.2144169267267" lon="11.025801943615079">
        <ele>2024.15</ele>
      </trkpt>
      <trkpt lat="47.214404940605164" lon="11.025764979422092">
        <ele>2024.39</ele>
      </trkpt>
      <trkpt lat="47.21438993699849" lon="11.025724997743964">
        <ele>2024.63</ele>
      </trkpt>
      <trkpt lat="47.21436898224056" lon="11.025689961388707">
        <ele>2024.87</ele>
      </trkpt>
      <trkpt lat="47.21434995532036" lon="11.025647968053818">
        <ele>2025.12</ele>
      </trkpt>
      <trkpt lat="47.2143289167434" lon="11.025603963062167">
        <ele>2025.38</ele>
      </trkpt>
      <trkpt lat="47.21430896781385" lon="11.025557946413755">
        <ele>2025.64</ele>
      </trkpt>
      <trkpt lat="47.21429094672203" lon="11.02550195530057">
        <ele>2025.9</ele>
      </trkpt>
      <trkpt lat="47.21426898613572" lon="11.025441940873861">
        <ele>2026.16</ele>
      </trkpt>
      <trkpt lat="47.21424694173038" lon="11.025383938103914">
        <ele>2026.43</ele>
      </trkpt>
      <trkpt lat="47.21421995200217" lon="11.02532995864749">
        <ele>2026.7</ele>
      </trkpt>
      <trkpt lat="47.214193968102336" lon="11.025274973362684">
        <ele>2026.97</ele>
      </trkpt>
      <trkpt lat="47.21416597254574" lon="11.025222921743989">
        <ele>2027.24</ele>
      </trkpt>
      <trkpt lat="47.21414191648364" lon="11.025166930630803">
        <ele>2027.51</ele>
      </trkpt>
      <trkpt lat="47.21411995589733" lon="11.025111945345998">
        <ele>2027.78</ele>
      </trkpt>
      <trkpt lat="47.2140939719975" lon="11.02505293674767">
        <ele>2028.05</ele>
      </trkpt>
      <trkpt lat="47.21406899392605" lon="11.024988982826471">
        <ele>2028.31</ele>
      </trkpt>
      <trkpt lat="47.214039992541075" lon="11.024926956743002">
        <ele>2028.57</ele>
      </trkpt>
      <trkpt lat="47.21401291899383" lon="11.024866942316294">
        <ele>2028.82</ele>
      </trkpt>
      <trkpt lat="47.21398794092238" lon="11.024800976738334">
        <ele>2029.05</ele>
      </trkpt>
      <trkpt lat="47.21396296285093" lon="11.024735933169723">
        <ele>2029.28</ele>
      </trkpt>
      <trkpt lat="47.213935973122716" lon="11.024672985076904">
        <ele>2029.5</ele>
      </trkpt>
      <trkpt lat="47.213910995051265" lon="11.024608947336674">
        <ele>2029.71</ele>
      </trkpt>
      <trkpt lat="47.21388593316078" lon="11.024543987587094">
        <ele>2029.9</ele>
      </trkpt>
      <trkpt lat="47.213865984231234" lon="11.024475926533341">
        <ele>2030.08</ele>
      </trkpt>
      <trkpt lat="47.21384293399751" lon="11.024404931813478">
        <ele>2030.24</ele>
      </trkpt>
      <trkpt lat="47.2138209734112" lon="11.024331925436854">
        <ele>2030.4</ele>
      </trkpt>
      <trkpt lat="47.213801946491" lon="11.0242569912225">
        <ele>2030.54</ele>
      </trkpt>
      <trkpt lat="47.213782919570804" lon="11.024179961532354">
        <ele>2030.66</ele>
      </trkpt>
      <trkpt lat="47.21376498229802" lon="11.02410594932735">
        <ele>2030.77</ele>
      </trkpt>
      <trkpt lat="47.2137469612062" lon="11.024026991799474">
        <ele>2030.86</ele>
      </trkpt>
      <trkpt lat="47.21373095177114" lon="11.023949962109327">
        <ele>2030.92</ele>
      </trkpt>
      <trkpt lat="47.2137139365077" lon="11.023874944075942">
        <ele>2030.98</ele>
      </trkpt>
      <trkpt lat="47.21369298174977" lon="11.023797998204827">
        <ele>2031.01</ele>
      </trkpt>
      <trkpt lat="47.21367194317281" lon="11.02371895685792">
        <ele>2031.03</ele>
      </trkpt>
      <trkpt lat="47.213656939566135" lon="11.023636981844902">
        <ele>2031.02</ele>
      </trkpt>
      <trkpt lat="47.21364294178784" lon="11.023556934669614">
        <ele>2030.99</ele>
      </trkpt>
      <trkpt lat="47.21362793818116" lon="11.023478982970119">
        <ele>2030.94</ele>
      </trkpt>
      <trkpt lat="47.213613940402865" lon="11.023399941623211">
        <ele>2030.87</ele>
      </trkpt>
      <trkpt lat="47.21360296010971" lon="11.023320984095335">
        <ele>2030.78</ele>
      </trkpt>
      <trkpt lat="47.21359298564494" lon="11.023240936920047">
        <ele>2030.67</ele>
      </trkpt>
      <trkpt lat="47.21358594484627" lon="11.023163991048932">
        <ele>2030.52</ele>
      </trkpt>
      <trkpt lat="47.2135759703815" lon="11.023086961358786">
        <ele>2030.35</ele>
      </trkpt>
      <trkpt lat="47.213570941239595" lon="11.02301093749702">
        <ele>2030.15</ele>
      </trkpt>
      <trkpt lat="47.21356691792607" lon="11.022933991625905">
        <ele>2029.92</ele>
      </trkpt>
      <trkpt lat="47.21355996094644" lon="11.022854950278997">
        <ele>2029.66</ele>
      </trkpt>
      <trkpt lat="47.21355593763292" lon="11.02277398109436">
        <ele>2029.36</ele>
      </trkpt>
      <trkpt lat="47.21355392597616" lon="11.02269091643393">
        <ele>2029.02</ele>
      </trkpt>
      <trkpt lat="47.21354998648167" lon="11.022612964734435">
        <ele>2028.66</ele>
      </trkpt>
      <trkpt lat="47.213545963168144" lon="11.022534929215908">
        <ele>2028.27</ele>
      </trkpt>
      <trkpt lat="47.213544957339764" lon="11.022454965859652">
        <ele>2027.84</ele>
      </trkpt>
      <trkpt lat="47.213542945683" lon="11.022371985018253">
        <ele>2027.38</ele>
      </trkpt>
      <trkpt lat="47.21354193985462" lon="11.022291937842965">
        <ele>2026.87</ele>
      </trkpt>
      <trkpt lat="47.213542945683" lon="11.022206945344806">
        <ele>2026.32</ele>
      </trkpt>
      <trkpt lat="47.213546968996525" lon="11.022114995867014">
        <ele>2025.74</ele>
      </trkpt>
      <trkpt lat="47.21354998648167" lon="11.02202195674181">
        <ele>2025.12</ele>
      </trkpt>
      <trkpt lat="47.21355493180454" lon="11.021924978122115">
        <ele>2024.45</ele>
      </trkpt>
      <trkpt lat="47.21356297843158" lon="11.02182892151177">
        <ele>2023.75</ele>
      </trkpt>
      <trkpt lat="47.21357395872474" lon="11.021726997569203">
        <ele>2023.01</ele>
      </trkpt>
      <trkpt lat="47.21358695067465" lon="11.021625995635986">
        <ele>2022.23</ele>
      </trkpt>
      <trkpt lat="47.21359793096781" lon="11.021511917933822">
        <ele>2021.4</ele>
      </trkpt>
      <trkpt lat="47.213610922917724" lon="11.021388955414295">
        <ele>2020.52</ele>
      </trkpt>
      <trkpt lat="47.21361896954477" lon="11.021262975409627">
        <ele>2019.61</ele>
      </trkpt>
      <trkpt lat="47.21361695788801" lon="11.021129954606295">
        <ele>2018.65</ele>
      </trkpt>
      <trkpt lat="47.21360195428133" lon="11.020996933802962">
        <ele>2017.64</ele>
      </trkpt>
      <trkpt lat="47.2135759703815" lon="11.020865924656391">
        <ele>2016.59</ele>
      </trkpt>
      <trkpt lat="47.2135379165411" lon="11.020738938823342">
        <ele>2015.51</ele>
      </trkpt>
      <trkpt lat="47.21348896622658" lon="11.020615976303816">
        <ele>2014.39</ele>
      </trkpt>
      <trkpt lat="47.213438926264644" lon="11.020502988249063">
        <ele>2013.24</ele>
      </trkpt>
      <trkpt lat="47.21338394097984" lon="11.02038698270917">
        <ele>2012.05</ele>
      </trkpt>
      <trkpt lat="47.21332794986665" lon="11.020266953855753">
        <ele>2010.84</ele>
      </trkpt>
      <trkpt lat="47.213269947096705" lon="11.020144997164607">
        <ele>2009.59</ele>
      </trkpt>
      <trkpt lat="47.21321194432676" lon="11.02002496831119">
        <ele>2008.3</ele>
      </trkpt>
      <trkpt lat="47.213161988183856" lon="11.019899994134903">
        <ele>2006.98</ele>
      </trkpt>
      <trkpt lat="47.213114965707064" lon="11.019771918654442">
        <ele>2005.64</ele>
      </trkpt>
      <trkpt lat="47.213071966543794" lon="11.01963797584176">
        <ele>2004.29</ele>
      </trkpt>
      <trkpt lat="47.21302594989538" lon="11.019504955038428">
        <ele>2002.89</ele>
      </trkpt>
      <trkpt lat="47.21298395656049" lon="11.019361959770322">
        <ele>2001.47</ele>
      </trkpt>
      <trkpt lat="47.21294799819589" lon="11.01920697838068">
        <ele>2000.04</ele>
      </trkpt>
      <trkpt lat="47.21291396766901" lon="11.019043950363994">
        <ele>1998.58</ele>
      </trkpt>
      <trkpt lat="47.21287893131375" lon="11.018875977024436">
        <ele>1997.11</ele>
      </trkpt>
      <trkpt lat="47.21284196712077" lon="11.018700962886214">
        <ele>1995.62</ele>
      </trkpt>
      <trkpt lat="47.2128039970994" lon="11.018514968454838">
        <ele>1994.12</ele>
      </trkpt>
      <trkpt lat="47.21276393160224" lon="11.018322939053178">
        <ele>1992.61</ele>
      </trkpt>
      <trkpt lat="47.21272193826735" lon="11.018122946843505">
        <ele>1991.08</ele>
      </trkpt>
      <trkpt lat="47.21268195658922" lon="11.01791893132031">
        <ele>1989.53</ele>
      </trkpt>
      <trkpt lat="47.212643986567855" lon="11.017714999616146">
        <ele>1988.0</ele>
      </trkpt>
      <trkpt lat="47.212604926899076" lon="11.017506960779428">
        <ele>1986.46</ele>
      </trkpt>
      <trkpt lat="47.21256796270609" lon="11.017287941649556">
        <ele>1984.92</ele>
      </trkpt>
      <trkpt lat="47.21252999268472" lon="11.017062971368432">
        <ele>1983.35</ele>
      </trkpt>
      <trkpt lat="47.21248992718756" lon="11.016831966117024">
        <ele>1981.79</ele>
      </trkpt>
      <trkpt lat="47.212449945509434" lon="11.016594925895333">
        <ele>1980.25</ele>
      </trkpt>
      <trkpt lat="47.212410969659686" lon="11.016348917037249">
        <ele>1978.77</ele>
      </trkpt>
      <trkpt lat="47.21237492747605" lon="11.016099974513054">
        <ele>1977.33</ele>
      </trkpt>
      <trkpt lat="47.212346931919456" lon="11.015847930684686">
        <ele>1975.88</ele>
      </trkpt>
      <trkpt lat="47.21232899464667" lon="11.015593959018588">
        <ele>1974.44</ele>
      </trkpt>
      <trkpt lat="47.21231893636286" lon="11.015340993180871">
        <ele>1973.04</ele>
      </trkpt>
      <trkpt lat="47.21231591887772" lon="11.015100935474038">
        <ele>1971.66</ele>
      </trkpt>
      <trkpt lat="47.21231893636286" lon="11.01486993022263">
        <ele>1970.31</ele>
      </trkpt>
      <trkpt lat="47.21233293414116" lon="11.014646971598268">
        <ele>1968.98</ele>
      </trkpt>
      <trkpt lat="47.21235095523298" lon="11.014430969953537">
        <ele>1967.67</ele>
      </trkpt>
      <trkpt lat="47.212364953011274" lon="11.01422494277358">
        <ele>1966.4</ele>
      </trkpt>
      <trkpt lat="47.2123689763248" lon="11.014024950563908">
        <ele>1965.2</ele>
      </trkpt>
      <trkpt lat="47.21235891804099" lon="11.013828981667757">
        <ele>1964.02</ele>
      </trkpt>
      <trkpt lat="47.2123309224844" lon="11.013639969751239">
        <ele>1962.86</ele>
      </trkpt>
      <trkpt lat="47.21229094080627" lon="11.013456992805004">
        <ele>1961.73</ele>
      </trkpt>
      <trkpt lat="47.212238973006606" lon="11.013282984495163">
        <ele>1960.61</ele>
      </trkpt>
      <trkpt lat="47.21218097023666" lon="11.013110987842083">
        <ele>1959.54</ele>
      </trkpt>
      <trkpt lat="47.21211693249643" lon="11.012936979532242">
        <ele>1958.5</ele>
      </trkpt>
      <trkpt lat="47.21204895526171" lon="11.01276196539402">
        <ele>1957.49</ele>
      </trkpt>
      <trkpt lat="47.21198298968375" lon="11.012584939599037">
        <ele>1956.52</ele>
      </trkpt>
      <trkpt lat="47.211914928629994" lon="11.012405985966325">
        <ele>1955.59</ele>
      </trkpt>
      <trkpt lat="47.21184493973851" lon="11.012220997363329">
        <ele>1954.71</ele>
      </trkpt>
      <trkpt lat="47.21177495084703" lon="11.012032991275191">
        <ele>1953.86</ele>
      </trkpt>
      <trkpt lat="47.21170697361231" lon="11.01183895021677">
        <ele>1953.04</ele>
      </trkpt>
      <trkpt lat="47.21163899637759" lon="11.011638958007097">
        <ele>1952.24</ele>
      </trkpt>
      <trkpt lat="47.211572946980596" lon="11.011440977454185">
        <ele>1951.46</ele>
      </trkpt>
      <trkpt lat="47.2115089930594" lon="11.01125598885119">
        <ele>1950.71</ele>
      </trkpt>
      <trkpt lat="47.21144596114755" lon="11.011077957227826">
        <ele>1950.01</ele>
      </trkpt>
      <trkpt lat="47.21139399334788" lon="11.010895986109972">
        <ele>1949.35</ele>
      </trkpt>
      <trkpt lat="47.211356945335865" lon="11.010708985850215">
        <ele>1948.73</ele>
      </trkpt>
      <trkpt lat="47.21133699640632" lon="11.010519973933697">
        <ele>1948.13</ele>
      </trkpt>
      <trkpt lat="47.21133699640632" lon="11.010336996987462">
        <ele>1947.57</ele>
      </trkpt>
      <trkpt lat="47.21134898252785" lon="11.010156953707337">
        <ele>1947.05</ele>
      </trkpt>
      <trkpt lat="47.21136398613453" lon="11.009984957054257">
        <ele>1946.54</ele>
      </trkpt>
      <trkpt lat="47.211380917578936" lon="11.0098169837147">
        <ele>1946.04</ele>
      </trkpt>
      <trkpt lat="47.211394999176264" lon="11.009657979011536">
        <ele>1945.59</ele>
      </trkpt>
      <trkpt lat="47.2114069852978" lon="11.009507942944765">
        <ele>1945.17</ele>
      </trkpt>
      <trkpt lat="47.211417965590954" lon="11.009368970990181">
        <ele>1944.75</ele>
      </trkpt>
      <trkpt lat="47.21143196336925" lon="11.009232932701707">
        <ele>1944.33</ele>
      </trkpt>
      <trkpt lat="47.21144897863269" lon="11.009102929383516">
        <ele>1943.89</ele>
      </trkpt>
      <trkpt lat="47.211464988067746" lon="11.008976949378848">
        <ele>1943.45</ele>
      </trkpt>
      <trkpt lat="47.21148191951215" lon="11.008859938010573">
        <ele>1943.0</ele>
      </trkpt>
      <trkpt lat="47.211486948654056" lon="11.00874493829906">
        <ele>1942.55</ele>
      </trkpt>
      <trkpt lat="47.21149298362434" lon="11.008637985214591">
        <ele>1942.1</ele>
      </trkpt>
      <trkpt lat="47.21149994060397" lon="11.00852994248271">
        <ele>1941.65</ele>
      </trkpt>
      <trkpt lat="47.21149197779596" lon="11.008429946377873">
        <ele>1941.19</ele>
      </trkpt>
      <trkpt lat="47.21147295087576" lon="11.008341936394572">
        <ele>1940.72</ele>
      </trkpt>
      <trkpt lat="47.21142794005573" lon="11.008269935846329">
        <ele>1940.25</ele>
      </trkpt>
      <trkpt lat="47.21136599779129" lon="11.00822794251144">
        <ele>1939.77</ele>
      </trkpt>
      <trkpt lat="47.211294919252396" lon="11.00820598192513">
        <ele>1939.27</ele>
      </trkpt>
      <trkpt lat="47.21121596172452" lon="11.008212938904762">
        <ele>1938.74</ele>
      </trkpt>
      <trkpt lat="47.21112996339798" lon="11.008232971653342">
        <ele>1938.19</ele>
      </trkpt>
      <trkpt lat="47.21104899421334" lon="11.008236994966865">
        <ele>1937.63</ele>
      </trkpt>
      <trkpt lat="47.21097498200834" lon="11.008217968046665">
        <ele>1937.04</ele>
      </trkpt>
      <trkpt lat="47.21089895814657" lon="11.008193995803595">
        <ele>1936.41</ele>
      </trkpt>
      <trkpt lat="47.210816983133554" lon="11.00816692225635">
        <ele>1935.76</ele>
      </trkpt>
      <trkpt lat="47.21072696149349" lon="11.008138926699758">
        <ele>1935.1</ele>
      </trkpt>
      <trkpt lat="47.21063392236829" lon="11.008105985820293">
        <ele>1934.41</ele>
      </trkpt>
      <trkpt lat="47.21054297871888" lon="11.008054940029979">
        <ele>1933.7</ele>
      </trkpt>
      <trkpt lat="47.21045698039234" lon="11.007983945310116">
        <ele>1932.97</ele>
      </trkpt>
      <trkpt lat="47.21038497984409" lon="11.007894929498434">
        <ele>1932.24</ele>
      </trkpt>
      <trkpt lat="47.2103379573673" lon="11.007780935615301">
        <ele>1931.48</ele>
      </trkpt>
      <trkpt lat="47.21031599678099" lon="11.007647998631">
        <ele>1930.69</ele>
      </trkpt>
      <trkpt lat="47.21031993627548" lon="11.00749896839261">
        <ele>1929.89</ele>
      </trkpt>
      <trkpt lat="47.21034198068082" lon="11.00734499283135">
        <ele>1929.08</ele>
      </trkpt>
      <trkpt lat="47.21035899594426" lon="11.007184982299805">
        <ele>1928.25</ele>
      </trkpt>
      <trkpt lat="47.21037198789418" lon="11.007020948454738">
        <ele>1927.41</ele>
      </trkpt>
      <trkpt lat="47.210388919338584" lon="11.006861943751574">
        <ele>1926.6</ele>
      </trkpt>
      <trkpt lat="47.21039998345077" lon="11.006710985675454">
        <ele>1925.81</ele>
      </trkpt>
      <trkpt lat="47.210408952087164" lon="11.006558937951922">
        <ele>1925.02</ele>
      </trkpt>
      <trkpt lat="47.21041993238032" lon="11.006399933248758">
        <ele>1924.25</ele>
      </trkpt>
      <trkpt lat="47.210434935986996" lon="11.006241934373975">
        <ele>1923.51</ele>
      </trkpt>
      <trkpt lat="47.21044993959367" lon="11.006089970469475">
        <ele>1922.81</ele>
      </trkpt>
      <trkpt lat="47.21046695485711" lon="11.00592895410955">
        <ele>1922.12</ele>
      </trkpt>
      <trkpt lat="47.2104899212718" lon="11.005762992426753">
        <ele>1921.46</ele>
      </trkpt>
      <trkpt lat="47.21052395179868" lon="11.005601976066828">
        <ele>1920.8</ele>
      </trkpt>
      <trkpt lat="47.21057198010385" lon="11.005445988848805">
        <ele>1920.15</ele>
      </trkpt>
      <trkpt lat="47.21063199453056" lon="11.005297964438796">
        <ele>1919.52</ele>
      </trkpt>
      <trkpt lat="47.21070298925042" lon="11.00515597499907">
        <ele>1918.97</ele>
      </trkpt>
      <trkpt lat="47.21079192124307" lon="11.005035946145654">
        <ele>1918.42</ele>
      </trkpt>
      <trkpt lat="47.21089895814657" lon="11.00493997335434">
        <ele>1917.91</ele>
      </trkpt>
      <trkpt lat="47.21101697534323" lon="11.004863949492574">
        <ele>1917.47</ele>
      </trkpt>
      <trkpt lat="47.21113499253988" lon="11.00481097586453">
        <ele>1917.03</ele>
      </trkpt>
      <trkpt lat="47.21125896088779" lon="11.004762947559357">
        <ele>1916.61</ele>
      </trkpt>
      <trkpt lat="47.21138393506408" lon="11.004710979759693">
        <ele>1916.23</ele>
      </trkpt>
      <trkpt lat="47.2115089930594" lon="11.004659933969378">
        <ele>1915.89</ele>
      </trkpt>
      <trkpt lat="47.2116279322654" lon="11.004608971998096">
        <ele>1915.61</ele>
      </trkpt>
      <trkpt lat="47.211743937805295" lon="11.004564967006445">
        <ele>1915.37</ele>
      </trkpt>
      <trkpt lat="47.21185499802232" lon="11.004519956186414">
        <ele>1915.17</ele>
      </trkpt>
      <trkpt lat="47.211960945278406" lon="11.004473939538002">
        <ele>1915.02</ele>
      </trkpt>
      <trkpt lat="47.212062953040004" lon="11.00442599505186">
        <ele>1914.91</ele>
      </trkpt>
      <trkpt lat="47.21215892583132" lon="11.004365980625153">
        <ele>1914.83</ele>
      </trkpt>
      <trkpt lat="47.21224894747138" lon="11.004287945106626">
        <ele>1914.77</ele>
      </trkpt>
      <trkpt lat="47.21233393996954" lon="11.004193983972073">
        <ele>1914.72</ele>
      </trkpt>
      <trkpt lat="47.212409963831306" lon="11.004086947068572">
        <ele>1914.71</ele>
      </trkpt>
      <trkpt lat="47.212472995743155" lon="11.003971947357059">
        <ele>1914.71</ele>
      </trkpt>
      <trkpt lat="47.21253192052245" lon="11.003848984837532">
        <ele>1914.73</ele>
      </trkpt>
      <trkpt lat="47.212580954656005" lon="11.003720993176103">
        <ele>1914.76</ele>
      </trkpt>
      <trkpt lat="47.212624959647655" lon="11.003589984029531">
        <ele>1914.82</ele>
      </trkpt>
      <trkpt lat="47.212668964639306" lon="11.0034569632262">
        <ele>1914.92</ele>
      </trkpt>
      <trkpt lat="47.2127159871161" lon="11.003324948251247">
        <ele>1914.99</ele>
      </trkpt>
      <trkpt lat="47.21275999210775" lon="11.00320097990334">
        <ele>1915.06</ele>
      </trkpt>
      <trkpt lat="47.2128039970994" lon="11.003078939393163">
        <ele>1915.12</ele>
      </trkpt>
      <trkpt lat="47.21284791827202" lon="11.002959916368127">
        <ele>1915.2</ele>
      </trkpt>
      <trkpt lat="47.21289192326367" lon="11.002839971333742">
        <ele>1915.29</ele>
      </trkpt>
      <trkpt lat="47.21293492242694" lon="11.002717930823565">
        <ele>1915.4</ele>
      </trkpt>
      <trkpt lat="47.21297699958086" lon="11.00259899161756">
        <ele>1915.51</ele>
      </trkpt>
      <trkpt lat="47.21301698125899" lon="11.002484997734427">
        <ele>1915.6</ele>
      </trkpt>
      <trkpt lat="47.21305696293712" lon="11.002370920032263">
        <ele>1915.7</ele>
      </trkpt>
      <trkpt lat="47.213094932958484" lon="11.00225399248302">
        <ele>1915.8</ele>
      </trkpt>
      <trkpt lat="47.213134998455644" lon="11.002141926437616">
        <ele>1915.89</ele>
      </trkpt>
      <trkpt lat="47.21317598596215" lon="11.002034973353148">
        <ele>1915.96</ele>
      </trkpt>
      <trkpt lat="47.21321697346866" lon="11.001926930621266">
        <ele>1916.02</ele>
      </trkpt>
      <trkpt lat="47.21325393766165" lon="11.001817965880036">
        <ele>1916.07</ele>
      </trkpt>
      <trkpt lat="47.213289979845285" lon="11.001710928976536">
        <ele>1916.09</ele>
      </trkpt>
      <trkpt lat="47.21332694403827" lon="11.001605987548828">
        <ele>1916.09</ele>
      </trkpt>
      <trkpt lat="47.21336591988802" lon="11.00150297395885">
        <ele>1916.07</ele>
      </trkpt>
      <trkpt lat="47.21340397372842" lon="11.00139794871211">
        <ele>1916.01</ele>
      </trkpt>
      <trkpt lat="47.21345099620521" lon="11.001295940950513">
        <ele>1915.97</ele>
      </trkpt>
      <trkpt lat="47.21349994651973" lon="11.001197956502438">
        <ele>1915.9</ele>
      </trkpt>
      <trkpt lat="47.21355099231005" lon="11.001109946519136">
        <ele>1915.81</ele>
      </trkpt>
      <trkpt lat="47.21360497176647" lon="11.001027971506119">
        <ele>1915.7</ele>
      </trkpt>
      <trkpt lat="47.213657945394516" lon="11.00094499066472">
        <ele>1915.58</ele>
      </trkpt>
      <trkpt lat="47.21370999701321" lon="11.000863937661052">
        <ele>1915.43</ele>
      </trkpt>
      <trkpt lat="47.213761964812875" lon="11.000784980133176">
        <ele>1915.24</ele>
      </trkpt>
      <trkpt lat="47.21381393261254" lon="11.00070895627141">
        <ele>1915.03</ele>
      </trkpt>
      <trkpt lat="47.213865984231234" lon="11.000633938238025">
        <ele>1914.77</ele>
      </trkpt>
      <trkpt lat="47.2139179520309" lon="11.000562943518162">
        <ele>1914.48</ele>
      </trkpt>
      <trkpt lat="47.21396799199283" lon="11.000486919656396">
        <ele>1914.17</ele>
      </trkpt>
      <trkpt lat="47.214021971449256" lon="11.000410979613662">
        <ele>1913.83</ele>
      </trkpt>
      <trkpt lat="47.21407293342054" lon="11.000336967408657">
        <ele>1913.45</ele>
      </trkpt>
      <trkpt lat="47.214123979210854" lon="11.00025893189013">
        <ele>1913.03</ele>
      </trkpt>
      <trkpt lat="47.21417594701052" lon="11.000180980190635">
        <ele>1912.59</ele>
      </trkpt>
      <trkpt lat="47.21422699280083" lon="11.000097999349236">
        <ele>1911.9</ele>
      </trkpt>
      <trkpt lat="47.21428097225726" lon="11.000010995194316">
        <ele>1911.39</ele>
      </trkpt>
      <trkpt lat="47.21433595754206" lon="10.999921979382634">
        <ele>1910.83</ele>
      </trkpt>
      <trkpt lat="47.214387925341725" lon="10.99982994608581">
        <ele>1910.34</ele>
      </trkpt>
      <trkpt lat="47.21444391645491" lon="10.999735984951258">
        <ele>1909.7</ele>
      </trkpt>
      <trkpt lat="47.21449797973037" lon="10.999635988846421">
        <ele>1909.01</ele>
      </trkpt>
      <trkpt lat="47.214554976671934" lon="10.999537920579314">
        <ele>1908.27</ele>
      </trkpt>
      <trkpt lat="47.21461499109864" lon="10.999435996636748">
        <ele>1907.5</ele>
      </trkpt>
      <trkpt lat="47.21467399969697" lon="10.99933398887515">
        <ele>1906.69</ele>
      </trkpt>
      <trkpt lat="47.214731918647885" lon="10.999229969456792">
        <ele>1905.88</ele>
      </trkpt>
      <trkpt lat="47.21478497609496" lon="10.999114969745278">
        <ele>1905.03</ele>
      </trkpt>
      <trkpt lat="47.21482294611633" lon="10.9989929292351">
        <ele>1904.15</ele>
      </trkpt>
      <trkpt lat="47.2148469183594" lon="10.99886393174529">
        <ele>1903.23</ele>
      </trkpt>
      <trkpt lat="47.21484993584454" lon="10.998728983104229">
        <ele>1902.27</ele>
      </trkpt>
      <trkpt lat="47.214837949723005" lon="10.99860199727118">
        <ele>1901.29</ele>
      </trkpt>
      <trkpt lat="47.21480995416641" lon="10.998487919569016">
        <ele>1900.27</ele>
      </trkpt>
      <trkpt lat="47.214763937518" lon="10.998377948999405">
        <ele>1899.24</ele>
      </trkpt>
      <trkpt lat="47.21470199525356" lon="10.99828197620809">
        <ele>1898.18</ele>
      </trkpt>
      <trkpt lat="47.214623959735036" lon="10.998205952346325">
        <ele>1897.11</ele>
      </trkpt>
      <trkpt lat="47.2145289927721" lon="10.998162953183055">
        <ele>1896.05</ele>
      </trkpt>
      <trkpt lat="47.214424973353744" lon="10.99815096706152">
        <ele>1894.98</ele>
      </trkpt>
      <trkpt lat="47.214322965592146" lon="10.99817594513297">
        <ele>1893.89</ele>
      </trkpt>
      <trkpt lat="47.2142319381237" lon="10.998228918761015">
        <ele>1892.78</ele>
      </trkpt>
      <trkpt lat="47.2141439281404" lon="10.998284993693233">
        <ele>1891.64</ele>
      </trkpt>
      <trkpt lat="47.21405994147062" lon="10.998317934572697">
        <ele>1890.48</ele>
      </trkpt>
      <trkpt lat="47.213978972285986" lon="10.998311983421445">
        <ele>1889.24</ele>
      </trkpt>
      <trkpt lat="47.213912922888994" lon="10.99825699813664">
        <ele>1887.98</ele>
      </trkpt>
      <trkpt lat="47.21387495286763" lon="10.998161947354674">
        <ele>1886.67</ele>
      </trkpt>
      <trkpt lat="47.21388199366629" lon="10.998043930158019">
        <ele>1885.3</ele>
      </trkpt>
      <trkpt lat="47.21392499282956" lon="10.997947957366705">
        <ele>1883.99</ele>
      </trkpt>
      <trkpt lat="47.21398391760886" lon="10.997879980131984">
        <ele>1882.71</ele>
      </trkpt>
      <trkpt lat="47.21405298449099" lon="10.997825916856527">
        <ele>1881.42</ele>
      </trkpt>
      <trkpt lat="47.214130936190486" lon="10.997776966542006">
        <ele>1880.1</ele>
      </trkpt>
      <trkpt lat="47.214213917031884" lon="10.997746959328651">
        <ele>1878.8</ele>
      </trkpt>
      <trkpt lat="47.21430393867195" lon="10.997713934630156">
        <ele>1877.5</ele>
      </trkpt>
      <trkpt lat="47.21439496614039" lon="10.99768292158842">
        <ele>1876.18</ele>
      </trkpt>
      <trkpt lat="47.21448699943721" lon="10.997660961002111">
        <ele>1874.83</ele>
      </trkpt>
      <trkpt lat="47.214579954743385" lon="10.997629947960377">
        <ele>1873.46</ele>
      </trkpt>
      <trkpt lat="47.214663941413164" lon="10.99759298376739">
        <ele>1872.08</ele>
      </trkpt>
      <trkpt lat="47.21474298276007" lon="10.997521989047527">
        <ele>1870.66</ele>
      </trkpt>
      <trkpt lat="47.214814983308315" lon="10.997422998771071">
        <ele>1869.25</ele>
      </trkpt>
      <trkpt lat="47.21486795693636" lon="10.997287966310978">
        <ele>1867.82</ele>
      </trkpt>
      <trkpt lat="47.21489796414971" lon="10.997136924415827">
        <ele>1866.4</ele>
      </trkpt>
      <trkpt lat="47.21491397358477" lon="10.996965933591127">
        <ele>1864.95</ele>
      </trkpt>
      <trkpt lat="47.2149209305644" lon="10.996784968301654">
        <ele>1863.47</ele>
      </trkpt>
      <trkpt lat="47.21492998301983" lon="10.996597968041897">
        <ele>1861.98</ele>
      </trkpt>
      <trkpt lat="47.21493693999946" lon="10.996407950296998">
        <ele>1860.51</ele>
      </trkpt>
      <trkpt lat="47.2149399574846" lon="10.996225979179144">
        <ele>1859.06</ele>
      </trkpt>
      <trkpt lat="47.214944986626506" lon="10.9960469417274">
        <ele>1857.61</ele>
      </trkpt>
      <trkpt lat="47.21495294943452" lon="10.995871927589178">
        <ele>1856.17</ele>
      </trkpt>
      <trkpt lat="47.21496895886958" lon="10.995694985613227">
        <ele>1854.74</ele>
      </trkpt>
      <trkpt lat="47.21500399522483" lon="10.995517959818244">
        <ele>1853.31</ele>
      </trkpt>
      <trkpt lat="47.21505495719612" lon="10.9953389223665">
        <ele>1851.92</ele>
      </trkpt>
      <trkpt lat="47.21511899493635" lon="10.99516692571342">
        <ele>1850.52</ele>
      </trkpt>
      <trkpt lat="47.21519594080746" lon="10.995004987344146">
        <ele>1849.13</ele>
      </trkpt>
      <trkpt lat="47.21527598798275" lon="10.994846988469362">
        <ele>1847.79</ele>
      </trkpt>
      <trkpt lat="47.215355951339006" lon="10.99468999542296">
        <ele>1846.47</ele>
      </trkpt>
      <trkpt lat="47.215435998514295" lon="10.99454297684133">
        <ele>1845.17</ele>
      </trkpt>
      <trkpt lat="47.21551395021379" lon="10.994405932724476">
        <ele>1843.85</ele>
      </trkpt>
      <trkpt lat="47.21559994854033" lon="10.994280958548188">
        <ele>1842.54</ele>
      </trkpt>
      <trkpt lat="47.21569198183715" lon="10.994161935523152">
        <ele>1841.24</ele>
      </trkpt>
      <trkpt lat="47.21579499542713" lon="10.994057999923825">
        <ele>1839.96</ele>
      </trkpt>
      <trkpt lat="47.2159069776535" lon="10.993973929435015">
        <ele>1838.74</ele>
      </trkpt>
      <trkpt lat="47.21602692268789" lon="10.99390092305839">
        <ele>1837.55</ele>
      </trkpt>
      <trkpt lat="47.216146951541305" lon="10.993835963308811">
        <ele>1836.41</ele>
      </trkpt>
      <trkpt lat="47.216258933767676" lon="10.993762956932187">
        <ele>1835.25</ele>
      </trkpt>
      <trkpt lat="47.21636898815632" lon="10.99368592724204">
        <ele>1834.13</ele>
      </trkpt>
      <trkpt lat="47.21647795289755" lon="10.993615938350558">
        <ele>1833.05</ele>
      </trkpt>
      <trkpt lat="47.21658096648753" lon="10.993542931973934">
        <ele>1831.97</ele>
      </trkpt>
      <trkpt lat="47.21668096259236" lon="10.993471937254071">
        <ele>1830.93</ele>
      </trkpt>
      <trkpt lat="47.21677693538368" lon="10.993410916998982">
        <ele>1829.92</ele>
      </trkpt>
      <trkpt lat="47.21686796285212" lon="10.993348974734545">
        <ele>1828.91</ele>
      </trkpt>
      <trkpt lat="47.21695396117866" lon="10.993289966136217">
        <ele>1827.91</ele>
      </trkpt>
      <trkpt lat="47.217028979212046" lon="10.99321193061769">
        <ele>1826.92</ele>
      </trkpt>
      <trkpt lat="47.21707994118333" lon="10.993112940341234">
        <ele>1825.95</ele>
      </trkpt>
      <trkpt lat="47.217111960053444" lon="10.992988971993327">
        <ele>1824.98</ele>
      </trkpt>
      <trkpt lat="47.217131992802024" lon="10.992850922048092">
        <ele>1824.04</ele>
      </trkpt>
      <trkpt lat="47.217155965045094" lon="10.992702981457114">
        <ele>1823.16</ele>
      </trkpt>
      <trkpt lat="47.21717298030853" lon="10.992540959268808">
        <ele>1822.3</ele>
      </trkpt>
      <trkpt lat="47.21718798391521" lon="10.99237591959536">
        <ele>1821.46</ele>
      </trkpt>
      <trkpt lat="47.21720692701638" lon="10.992197971791029">
        <ele>1820.67</ele>
      </trkpt>
      <trkpt lat="47.217220924794674" lon="10.992011977359653">
        <ele>1819.88</ele>
      </trkpt>
      <trkpt lat="47.21723492257297" lon="10.991823971271515">
        <ele>1819.1</ele>
      </trkpt>
      <trkpt lat="47.21725294366479" lon="10.991629930213094">
        <ele>1818.36</ele>
      </trkpt>
      <trkpt lat="47.21726995892823" lon="10.991431949660182">
        <ele>1817.65</ele>
      </trkpt>
      <trkpt lat="47.217286974191666" lon="10.991228939965367">
        <ele>1816.99</ele>
      </trkpt>
      <trkpt lat="47.217303989455104" lon="10.99101796746254">
        <ele>1816.37</ele>
      </trkpt>
      <trkpt lat="47.21732293255627" lon="10.990800959989429">
        <ele>1815.79</ele>
      </trkpt>
      <trkpt lat="47.217347994446754" lon="10.990577917546034">
        <ele>1815.24</ele>
      </trkpt>
      <trkpt lat="47.21737992949784" lon="10.990358982235193">
        <ele>1814.71</ele>
      </trkpt>
      <trkpt lat="47.21742896363139" lon="10.990150943398476">
        <ele>1814.2</ele>
      </trkpt>
      <trkpt lat="47.21749794669449" lon="10.989953968673944">
        <ele>1813.75</ele>
      </trkpt>
      <trkpt lat="47.217585956677794" lon="10.989783983677626">
        <ele>1813.31</ele>
      </trkpt>
      <trkpt lat="47.21767698414624" lon="10.989637970924377">
        <ele>1812.88</ele>
      </trkpt>
      <trkpt lat="47.21777496859431" lon="10.989513918757439">
        <ele>1812.47</ele>
      </trkpt>
      <trkpt lat="47.21787395887077" lon="10.989403948187828">
        <ele>1812.07</ele>
      </trkpt>
      <trkpt lat="47.217971943318844" lon="10.98930194042623">
        <ele>1811.67</ele>
      </trkpt>
      <trkpt lat="47.21806498244405" lon="10.989203955978155">
        <ele>1811.31</ele>
      </trkpt>
      <trkpt lat="47.21815299242735" lon="10.989112928509712">
        <ele>1810.93</ele>
      </trkpt>
      <trkpt lat="47.21823597326875" lon="10.989025924354792">
        <ele>1810.51</ele>
      </trkpt>
      <trkpt lat="47.21832498908043" lon="10.988952917978168">
        <ele>1810.12</ele>
      </trkpt>
      <trkpt lat="47.21841693855822" lon="10.988898938521743">
        <ele>1809.72</ele>
      </trkpt>
      <trkpt lat="47.218510983511806" lon="10.988859962671995">
        <ele>1809.29</ele>
      </trkpt>
      <trkpt lat="47.21860494464636" lon="10.988835990428925">
        <ele>1808.82</ele>
      </trkpt>
      <trkpt lat="47.21869697794318" lon="10.988820986822248">
        <ele>1808.31</ele>
      </trkpt>
      <trkpt lat="47.218786999583244" lon="10.988817969337106">
        <ele>1807.79</ele>
      </trkpt>
      <trkpt lat="47.218876937404275" lon="10.988816963508725">
        <ele>1807.28</ele>
      </trkpt>
      <trkpt lat="47.21887710504234" lon="10.988816879689693">
        <ele>1806.76</ele>
      </trkpt>
      <trkpt lat="47.218963941559196" lon="10.98878595046699">
        <ele>1806.2</ele>
      </trkpt>
      <trkpt lat="47.21903493627906" lon="10.988721996545792">
        <ele>1805.63</ele>
      </trkpt>
      <trkpt lat="47.21908296458423" lon="10.988620994612575">
        <ele>1805.06</ele>
      </trkpt>
      <trkpt lat="47.219112971797585" lon="10.988505994901061">
        <ele>1804.47</ele>
      </trkpt>
      <trkpt lat="47.219129987061024" lon="10.988376997411251">
        <ele>1803.85</ele>
      </trkpt>
      <trkpt lat="47.2191399615258" lon="10.988240959122777">
        <ele>1803.18</ele>
      </trkpt>
      <trkpt lat="47.21915194764733" lon="10.988100981339812">
        <ele>1802.49</ele>
      </trkpt>
      <trkpt lat="47.219177931547165" lon="10.987962931394577">
        <ele>1801.77</ele>
      </trkpt>
      <trkpt lat="47.21921196207404" lon="10.987832928076386">
        <ele>1800.98</ele>
      </trkpt>
      <trkpt lat="47.21922897733748" lon="10.987703930586576">
        <ele>1800.15</ele>
      </trkpt>
      <trkpt lat="47.21922394819558" lon="10.987572921440005">
        <ele>1799.29</ele>
      </trkpt>
      <trkpt lat="47.21920492127538" lon="10.987444929778576">
        <ele>1798.39</ele>
      </trkpt>
      <trkpt lat="47.21916292794049" lon="10.987319955602288">
        <ele>1797.47</ele>
      </trkpt>
      <trkpt lat="47.21910593099892" lon="10.987197998911142">
        <ele>1796.52</ele>
      </trkpt>
      <trkpt lat="47.219048934057355" lon="10.987066989764571">
        <ele>1795.59</ele>
      </trkpt>
      <trkpt lat="47.21899596042931" lon="10.98693992011249">
        <ele>1794.68</ele>
      </trkpt>
      <trkpt lat="47.21895195543766" lon="10.986815951764584">
        <ele>1793.73</ele>
      </trkpt>
      <trkpt lat="47.218920942395926" lon="10.986683936789632">
        <ele>1792.81</ele>
      </trkpt>
      <trkpt lat="47.21892496570945" lon="10.986536918208003">
        <ele>1791.8</ele>
      </trkpt>
      <trkpt lat="47.21895597875118" lon="10.986389983445406">
        <ele>1790.77</ele>
      </trkpt>
      <trkpt lat="47.21898992545903" lon="10.986245982348919">
        <ele>1789.7</ele>
      </trkpt>
      <trkpt lat="47.21903099678457" lon="10.986110949888825">
        <ele>1788.67</ele>
      </trkpt>
      <trkpt lat="47.219066955149174" lon="10.985976923257113">
        <ele>1787.7</ele>
      </trkpt>
      <trkpt lat="47.21908397041261" lon="10.98583996295929">
        <ele>1786.7</ele>
      </trkpt>
      <trkpt lat="47.21908095292747" lon="10.985694956034422">
        <ele>1785.72</ele>
      </trkpt>
      <trkpt lat="47.2190569806844" lon="10.985551960766315">
        <ele>1782.22</ele>
      </trkpt>
      <trkpt lat="47.219027979299426" lon="10.985416928306222">
        <ele>1783.71</ele>
      </trkpt>
      <trkpt lat="47.219000989571214" lon="10.985293965786695">
        <ele>1782.71</ele>
      </trkpt>
      <trkpt lat="47.21899897791445" lon="10.98517594859004">
        <ele>1781.65</ele>
      </trkpt>
      <trkpt lat="47.21903594210744" lon="10.985086932778358">
        <ele>1780.57</ele>
      </trkpt>
      <trkpt lat="47.21910391934216" lon="10.985071929171681">
        <ele>1779.47</ele>
      </trkpt>
      <trkpt lat="47.21916393376887" lon="10.985119957476854">
        <ele>1778.44</ele>
      </trkpt>
      <trkpt lat="47.2192089445889" lon="10.985196987167">
        <ele>1777.44</ele>
      </trkpt>
      <trkpt lat="47.21925697289407" lon="10.985284997150302">
        <ele>1776.44</ele>
      </trkpt>
      <trkpt lat="47.219308940693736" lon="10.985372923314571">
        <ele>1775.46</ele>
      </trkpt>
      <trkpt lat="47.219371972605586" lon="10.985465962439775">
        <ele>1774.46</ele>
      </trkpt>
      <trkpt lat="47.219435926526785" lon="10.985567970201373">
        <ele>1773.45</ele>
      </trkpt>
      <trkpt lat="47.219498958438635" lon="10.985682969912887">
        <ele>1772.46</ele>
      </trkpt>
      <trkpt lat="47.219565929844975" lon="10.98579897545278">
        <ele>1771.49</ele>
      </trkpt>
      <trkpt lat="47.2196389362216" lon="10.985896959900856">
        <ele>1770.52</ele>
      </trkpt>
      <trkpt lat="47.21972996369004" lon="10.98596996627748">
        <ele>1769.58</ele>
      </trkpt>
      <trkpt lat="47.21983498893678" lon="10.986005924642086">
        <ele>1768.65</ele>
      </trkpt>
      <trkpt lat="47.219946971163154" lon="10.986020928248763">
        <ele>1767.71</ele>
      </trkpt>
      <trkpt lat="47.22006297670305" lon="10.986026963219047">
        <ele>1766.79</ele>
      </trkpt>
      <trkpt lat="47.220185939222574" lon="10.986048923805356">
        <ele>1765.9</ele>
      </trkpt>
      <trkpt lat="47.22031292505562" lon="10.986063927412033">
        <ele>1765.02</ele>
      </trkpt>
      <trkpt lat="47.22044091671705" lon="10.986065939068794">
        <ele>1764.18</ele>
      </trkpt>
      <trkpt lat="47.220569998025894" lon="10.986046995967627">
        <ele>1763.35</ele>
      </trkpt>
      <trkpt lat="47.22069698385894" lon="10.985996956005692">
        <ele>1762.57</ele>
      </trkpt>
      <trkpt lat="47.22081198357046" lon="10.985915986821055">
        <ele>1761.81</ele>
      </trkpt>
      <trkpt lat="47.220913991332054" lon="10.985806938260794">
        <ele>1761.07</ele>
      </trkpt>
      <trkpt lat="47.221000995486975" lon="10.985670983791351">
        <ele>1760.35</ele>
      </trkpt>
      <trkpt lat="47.22107894718647" lon="10.985516924411058">
        <ele>1759.64</ele>
      </trkpt>
      <trkpt lat="47.221154971048236" lon="10.985352974385023">
        <ele>1758.96</ele>
      </trkpt>
      <trkpt lat="47.2212259657681" lon="10.985189946368337">
        <ele>1758.31</ele>
      </trkpt>
      <trkpt lat="47.221300983801484" lon="10.985033959150314">
        <ele>1757.69</ele>
      </trkpt>
      <trkpt lat="47.22137399017811" lon="10.984879983589053">
        <ele>1757.11</ele>
      </trkpt>
      <trkpt lat="47.22144892439246" lon="10.984729947522283">
        <ele>1756.52</ele>
      </trkpt>
      <trkpt lat="47.22152293659747" lon="10.984581923112273">
        <ele>1755.95</ele>
      </trkpt>
      <trkpt lat="47.22159694880247" lon="10.984434988349676">
        <ele>1755.4</ele>
      </trkpt>
      <trkpt lat="47.221667943522334" lon="10.98429299890995">
        <ele>1754.85</ele>
      </trkpt>
      <trkpt lat="47.22174296155572" lon="10.984155954793096">
        <ele>1754.32</ele>
      </trkpt>
      <trkpt lat="47.221823930740356" lon="10.98403399810195">
        <ele>1753.82</ele>
      </trkpt>
      <trkpt lat="47.22190196625888" lon="10.983916986733675">
        <ele>1753.31</ele>
      </trkpt>
      <trkpt lat="47.22198192961514" lon="10.983806932345033">
        <ele>1752.8</ele>
      </trkpt>
      <trkpt lat="47.22206197679043" lon="10.983700985088944">
        <ele>1752.27</ele>
      </trkpt>
      <trkpt lat="47.22213992848992" lon="10.983594954013824">
        <ele>1751.75</ele>
      </trkpt>
      <trkpt lat="47.22221595235169" lon="10.983490934595466">
        <ele>1751.26</ele>
      </trkpt>
      <trkpt lat="47.222293987870216" lon="10.98339093849063">
        <ele>1750.77</ele>
      </trkpt>
      <trkpt lat="47.22237193956971" lon="10.983292954042554">
        <ele>1750.28</ele>
      </trkpt>
      <trkpt lat="47.222444945946336" lon="10.983190946280956">
        <ele>1749.81</ele>
      </trkpt>
      <trkpt lat="47.22251895815134" lon="10.9830919560045">
        <ele>1749.35</ele>
      </trkpt>
      <trkpt lat="47.22259799949825" lon="10.982994977384806">
        <ele>1748.89</ele>
      </trkpt>
      <trkpt lat="47.2226729337126" lon="10.982893975451589">
        <ele>1748.42</ele>
      </trkpt>
      <trkpt lat="47.22274795174599" lon="10.982793979346752">
        <ele>1747.96</ele>
      </trkpt>
      <trkpt lat="47.222825987264514" lon="10.982697922736406">
        <ele>1747.5</ele>
      </trkpt>
      <trkpt lat="47.22290595062077" lon="10.982603961601853">
        <ele>1747.04</ele>
      </trkpt>
      <trkpt lat="47.222980968654156" lon="10.982505977153778">
        <ele>1746.58</ele>
      </trkpt>
      <trkpt lat="47.22305598668754" lon="10.98240396939218">
        <ele>1746.14</ele>
      </trkpt>
      <trkpt lat="47.223127987235785" lon="10.982294920831919">
        <ele>1745.68</ele>
      </trkpt>
      <trkpt lat="47.223195964470506" lon="10.982181932777166">
        <ele>1745.23</ele>
      </trkpt>
      <trkpt lat="47.223260924220085" lon="10.982061987742782">
        <ele>1744.77</ele>
      </trkpt>
      <trkpt lat="47.223323956131935" lon="10.981937935575843">
        <ele>1744.34</ele>
      </trkpt>
      <trkpt lat="47.223386988043785" lon="10.981808938086033">
        <ele>1743.91</ele>
      </trkpt>
      <trkpt lat="47.223450941964984" lon="10.981676923111081">
        <ele>1743.49</ele>
      </trkpt>
      <trkpt lat="47.22350894473493" lon="10.981533927842975">
        <ele>1743.02</ele>
      </trkpt>
      <trkpt lat="47.22356795333326" lon="10.981383975595236">
        <ele>1742.56</ele>
      </trkpt>
      <trkpt lat="47.22362897358835" lon="10.981228994205594">
        <ele>1742.1</ele>
      </trkpt>
      <trkpt lat="47.223687982186675" lon="10.981067977845669">
        <ele>1741.64</ele>
      </trkpt>
      <trkpt lat="47.22374891862273" lon="10.980912996456027">
        <ele>1741.18</ele>
      </trkpt>
      <trkpt lat="47.22381195053458" lon="10.980760948732495">
        <ele>1740.74</ele>
      </trkpt>
      <trkpt lat="47.223882945254445" lon="10.98061895929277">
        <ele>1740.32</ele>
      </trkpt>
      <trkpt lat="47.22396592609584" lon="10.980493985116482">
        <ele>1739.89</ele>
      </trkpt>
      <trkpt lat="47.22404899075627" lon="10.98038099706173">
        <ele>1739.46</ele>
      </trkpt>
      <trkpt lat="47.22412794828415" lon="10.980272954329848">
        <ele>1739.02</ele>
      </trkpt>
      <trkpt lat="47.22419491969049" lon="10.980157954618335">
        <ele>1738.59</ele>
      </trkpt>
      <trkpt lat="47.22424294799566" lon="10.980038931593299">
        <ele>1738.22</ele>
      </trkpt>
      <trkpt lat="47.22427295520902" lon="10.979920998215675">
        <ele>1737.81</ele>
      </trkpt>
      <trkpt lat="47.224287958815694" lon="10.97980692051351">
        <ele>1737.43</ele>
      </trkpt>
      <trkpt lat="47.22429692745209" lon="10.979685969650745">
        <ele>1737.07</ele>
      </trkpt>
      <trkpt lat="47.22430195659399" lon="10.979563929140568">
        <ele>1736.72</ele>
      </trkpt>
      <trkpt lat="47.224309919402" lon="10.979436943307519">
        <ele>1736.4</ele>
      </trkpt>
      <trkpt lat="47.22431696020067" lon="10.979304928332567">
        <ele>1736.09</ele>
      </trkpt>
      <trkpt lat="47.224334981292486" lon="10.979169979691505">
        <ele>1735.79</ele>
      </trkpt>
      <trkpt lat="47.22436792217195" lon="10.979044921696186">
        <ele>1735.5</ele>
      </trkpt>
      <trkpt lat="47.22441393882036" lon="10.978924976661801">
        <ele>1735.22</ele>
      </trkpt>
      <trkpt lat="47.22446699626744" lon="10.978818945586681">
        <ele>1734.93</ele>
      </trkpt>
      <trkpt lat="47.224526926875114" lon="10.978729929775">
        <ele>1734.62</ele>
      </trkpt>
      <trkpt lat="47.224589958786964" lon="10.978652983903885">
        <ele>1734.31</ele>
      </trkpt>
      <trkpt lat="47.22464896738529" lon="10.978575954213738">
        <ele>1733.99</ele>
      </trkpt>
      <trkpt lat="47.2247039526701" lon="10.978495990857482">
        <ele>1733.69</ele>
      </trkpt>
      <trkpt lat="47.22475399263203" lon="10.978409992530942">
        <ele>1733.39</ele>
      </trkpt>
      <trkpt lat="47.22479598596692" lon="10.978307984769344">
        <ele>1733.09</ele>
      </trkpt>
      <trkpt lat="47.22483395598829" lon="10.978200947865844">
        <ele>1732.77</ele>
      </trkpt>
      <trkpt lat="47.224871926009655" lon="10.978089971467853">
        <ele>1732.46</ele>
      </trkpt>
      <trkpt lat="47.224912997335196" lon="10.97798092290759">
        <ele>1732.12</ele>
      </trkpt>
      <trkpt lat="47.22495197318494" lon="10.977866929024458">
        <ele>1731.79</ele>
      </trkpt>
      <trkpt lat="47.224995978176594" lon="10.977756958454847">
        <ele>1731.45</ele>
      </trkpt>
      <trkpt lat="47.225039983168244" lon="10.977648999541998">
        <ele>1731.1</ele>
      </trkpt>
      <trkpt lat="47.22508097067475" lon="10.977535927668214">
        <ele>1730.78</ele>
      </trkpt>
      <trkpt lat="47.22511298954487" lon="10.977414976805449">
        <ele>1730.46</ele>
      </trkpt>
      <trkpt lat="47.2251339443028" lon="10.977285979315639">
        <ele>1730.19</ele>
      </trkpt>
      <trkpt lat="47.22515397705138" lon="10.977155975997448">
        <ele>1729.85</ele>
      </trkpt>
      <trkpt lat="47.225169986486435" lon="10.977025972679257">
        <ele>1729.53</ele>
      </trkpt>
      <trkpt lat="47.22518297843635" lon="10.976892951875925">
        <ele>1729.2</ele>
      </trkpt>
      <trkpt lat="47.225191947072744" lon="10.976759931072593">
        <ele>1728.85</ele>
      </trkpt>
      <trkpt lat="47.22519798204303" lon="10.97662397660315">
        <ele>1728.44</ele>
      </trkpt>
      <trkpt lat="47.2252029273659" lon="10.976486932486296">
        <ele>1728.0</ele>
      </trkpt>
      <trkpt lat="47.22520594485104" lon="10.976348966360092">
        <ele>1727.53</ele>
      </trkpt>
      <trkpt lat="47.2252079565078" lon="10.976210916414857">
        <ele>1727.07</ele>
      </trkpt>
      <trkpt lat="47.225217930972576" lon="10.976074961945415">
        <ele>1726.63</ele>
      </trkpt>
      <trkpt lat="47.225234946236014" lon="10.975941941142082">
        <ele>1726.2</ele>
      </trkpt>
      <trkpt lat="47.225256990641356" lon="10.975813949480653">
        <ele>1725.8</ele>
      </trkpt>
      <trkpt lat="47.22528699785471" lon="10.975686963647604">
        <ele>1725.37</ele>
      </trkpt>
      <trkpt lat="47.225320944562554" lon="10.975559977814555">
        <ele>1724.98</ele>
      </trkpt>
      <trkpt lat="47.225364949554205" lon="10.975436931475997">
        <ele>1724.5</ele>
      </trkpt>
      <trkpt lat="47.22541599534452" lon="10.975309945642948">
        <ele>1724.0</ele>
      </trkpt>
      <trkpt lat="47.22546092234552" lon="10.975175919011235">
        <ele>1723.46</ele>
      </trkpt>
      <trkpt lat="47.225493947044015" lon="10.97503392957151">
        <ele>1722.93</ele>
      </trkpt>
      <trkpt lat="47.22552194260061" lon="10.97488196566701">
        <ele>1722.41</ele>
      </trkpt>
      <trkpt lat="47.22554197534919" lon="10.974724972620606">
        <ele>1721.87</ele>
      </trkpt>
      <trkpt lat="47.22555396147072" lon="10.9745629504323">
        <ele>1721.31</ele>
      </trkpt>
      <trkpt lat="47.225555973127484" lon="10.97439095377922">
        <ele>1720.77</ele>
      </trkpt>
      <trkpt lat="47.22555194981396" lon="10.97421694546938">
        <ele>1720.21</ele>
      </trkpt>
      <trkpt lat="47.22554096952081" lon="10.97404595464468">
        <ele>1719.65</ele>
      </trkpt>
      <trkpt lat="47.22552596591413" lon="10.973876975476742">
        <ele>1719.1</ele>
      </trkpt>
      <trkpt lat="47.225495958700776" lon="10.973712941631675">
        <ele>1718.53</ele>
      </trkpt>
      <trkpt lat="47.2254479303956" lon="10.973558966070414">
        <ele>1717.94</ele>
      </trkpt>
      <trkpt lat="47.225385988131166" lon="10.973417982459068">
        <ele>1717.32</ele>
      </trkpt>
      <trkpt lat="47.22531398758292" lon="10.973280938342214">
        <ele>1716.65</ele>
      </trkpt>
      <trkpt lat="47.225254978984594" lon="10.973131991922855">
        <ele>1715.92</ele>
      </trkpt>
      <trkpt lat="47.22522296011448" lon="10.972963934764266">
        <ele>1715.07</ele>
      </trkpt>
      <trkpt lat="47.22520896233618" lon="10.972784981131554">
        <ele>1714.19</ele>
      </trkpt>
      <trkpt lat="47.22520393319428" lon="10.972604937851429">
        <ele>1713.29</ele>
      </trkpt>
      <trkpt lat="47.225214997306466" lon="10.972425984218717">
        <ele>1712.45</ele>
      </trkpt>
      <trkpt lat="47.22524793818593" lon="10.972248958423734">
        <ele>1711.56</ele>
      </trkpt>
      <trkpt lat="47.225303929299116" lon="10.972084924578667">
        <ele>1710.62</ele>
      </trkpt>
      <trkpt lat="47.22537492401898" lon="10.971928937360644">
        <ele>1709.62</ele>
      </trkpt>
      <trkpt lat="47.225452959537506" lon="10.971777979284525">
        <ele>1708.62</ele>
      </trkpt>
      <trkpt lat="47.22552998922765" lon="10.971631966531277">
        <ele>1707.61</ele>
      </trkpt>
      <trkpt lat="47.22559696063399" lon="10.971473967656493">
        <ele>1706.59</ele>
      </trkpt>
      <trkpt lat="47.225641971454024" lon="10.971300965175033">
        <ele>1705.55</ele>
      </trkpt>
      <trkpt lat="47.225663932040334" lon="10.97112494520843">
        <ele>1704.48</ele>
      </trkpt>
      <trkpt lat="47.225684970617294" lon="10.970960995182395">
        <ele>1703.34</ele>
      </trkpt>
      <trkpt lat="47.22572294063866" lon="10.970811964944005">
        <ele>1702.16</ele>
      </trkpt>
      <trkpt lat="47.22578295506537" lon="10.970687996596098">
        <ele>1700.95</ele>
      </trkpt>
      <trkpt lat="47.22586694173515" lon="10.970604931935668">
        <ele>1699.75</ele>
      </trkpt>
      <trkpt lat="47.22595092840493" lon="10.970531925559044">
        <ele>1698.51</ele>
      </trkpt>
      <trkpt lat="47.22602192312479" lon="10.970440981909633">
        <ele>1697.25</ele>
      </trkpt>
      <trkpt lat="47.226072968915105" lon="10.97032598219812">
        <ele>1695.96</ele>
      </trkpt>
      <trkpt lat="47.22609895281494" lon="10.970185920596123">
        <ele>1694.67</ele>
      </trkpt>
      <trkpt lat="47.226114962249994" lon="10.970032950863242">
        <ele>1693.37</ele>
      </trkpt>
      <trkpt lat="47.22612594254315" lon="10.969871934503317">
        <ele>1692.07</ele>
      </trkpt>
      <trkpt lat="47.226134994998574" lon="10.969708990305662">
        <ele>1690.76</ele>
      </trkpt>
      <trkpt lat="47.226136922836304" lon="10.969548979774117">
        <ele>1689.42</ele>
      </trkpt>
      <trkpt lat="47.226136922836304" lon="10.969399949535728">
        <ele>1688.07</ele>
      </trkpt>
      <trkpt lat="47.22614295780659" lon="10.969248991459608">
        <ele>1686.65</ele>
      </trkpt>
      <trkpt lat="47.22616399638355" lon="10.969104990363121">
        <ele>1685.2</ele>
      </trkpt>
      <trkpt lat="47.22619593143463" lon="10.968975992873311">
        <ele>1683.73</ele>
      </trkpt>
      <trkpt lat="47.22623197361827" lon="10.968854958191514">
        <ele>1682.24</ele>
      </trkpt>
      <trkpt lat="47.22627799026668" lon="10.968728978186846">
        <ele>1680.71</ele>
      </trkpt>
      <trkpt lat="47.22632291726768" lon="10.96858598291874">
        <ele>1679.16</ele>
      </trkpt>
      <trkpt lat="47.22636298276484" lon="10.968440975993872">
        <ele>1677.63</ele>
      </trkpt>
      <trkpt lat="47.22640095278621" lon="10.968294963240623">
        <ele>1676.17</ele>
      </trkpt>
      <trkpt lat="47.22644898109138" lon="10.968147944658995">
        <ele>1674.65</ele>
      </trkpt>
      <trkpt lat="47.226501954719424" lon="10.968005955219269">
        <ele>1673.11</ele>
      </trkpt>
      <trkpt lat="47.22656096331775" lon="10.967871928587556">
        <ele>1671.51</ele>
      </trkpt>
      <trkpt lat="47.226609997451305" lon="10.967724993824959">
        <ele>1669.9</ele>
      </trkpt>
      <trkpt lat="47.226654924452305" lon="10.967570934444666">
        <ele>1668.3</ele>
      </trkpt>
      <trkpt lat="47.226696917787194" lon="10.96740991808474">
        <ele>1666.68</ele>
      </trkpt>
      <trkpt lat="47.22672994248569" lon="10.967244962230325">
        <ele>1665.08</ele>
      </trkpt>
      <trkpt lat="47.226758943870664" lon="10.967080928385258">
        <ele>1663.43</ele>
      </trkpt>
      <trkpt lat="47.22679297439754" lon="10.966914966702461">
        <ele>1661.72</ele>
      </trkpt>
      <trkpt lat="47.226825999096036" lon="10.966734923422337">
        <ele>1659.9</ele>
      </trkpt>
      <trkpt lat="47.2268589399755" lon="10.966556975618005">
        <ele>1658.11</ele>
      </trkpt>
      <trkpt lat="47.226827926933765" lon="10.966387996450067">
        <ele>1656.56</ele>
      </trkpt>
      <trkpt lat="47.22684091888368" lon="10.966234942898154">
        <ele>1654.91</ele>
      </trkpt>
      <trkpt lat="47.2268589399755" lon="10.966082978993654">
        <ele>1653.19</ele>
      </trkpt>
      <trkpt lat="47.2268779668957" lon="10.965931937098503">
        <ele>1651.48</ele>
      </trkpt>
      <trkpt lat="47.22690193913877" lon="10.965778967365623">
        <ele>1649.78</ele>
      </trkpt>
      <trkpt lat="47.22692599520087" lon="10.965625997632742">
        <ele>1648.09</ele>
      </trkpt>
      <trkpt lat="47.22694795578718" lon="10.96547294408083">
        <ele>1646.43</ele>
      </trkpt>
      <trkpt lat="47.226975951343775" lon="10.96532198600471">
        <ele>1644.76</ele>
      </trkpt>
      <trkpt lat="47.22702498547733" lon="10.965174967423081">
        <ele>1643.05</ele>
      </trkpt>
      <trkpt lat="47.22706999629736" lon="10.965028954669833">
        <ele>1641.35</ele>
      </trkpt>
      <trkpt lat="47.22711995244026" lon="10.964879924431443">
        <ele>1639.61</ele>
      </trkpt>
      <trkpt lat="47.22717493772507" lon="10.96472293138504">
        <ele>1637.86</ele>
      </trkpt>
      <trkpt lat="47.227224977687" lon="10.964576918631792">
        <ele>1636.11</ele>
      </trkpt>
      <trkpt lat="47.22727392800152" lon="10.964438952505589">
        <ele>1634.28</ele>
      </trkpt>
      <trkpt lat="47.227426981553435" lon="10.964288916438818">
        <ele>1632.22</ele>
      </trkpt>
      <trkpt lat="47.22750593908131" lon="10.964154973626137">
        <ele>1630.28</ele>
      </trkpt>
      <trkpt lat="47.22755899652839" lon="10.964007955044508">
        <ele>1628.43</ele>
      </trkpt>
      <trkpt lat="47.227602917701006" lon="10.963856996968389">
        <ele>1626.63</ele>
      </trkpt>
      <trkpt lat="47.22763493657112" lon="10.963696986436844">
        <ele>1624.83</ele>
      </trkpt>
      <trkpt lat="47.22765396349132" lon="10.963521972298622">
        <ele>1623.15</ele>
      </trkpt>
      <trkpt lat="47.227664943784475" lon="10.963356932625175">
        <ele>1621.5</ele>
      </trkpt>
      <trkpt lat="47.227661926299334" lon="10.963188959285617">
        <ele>1619.92</ele>
      </trkpt>
      <trkpt lat="47.227642983198166" lon="10.963015956804156">
        <ele>1618.35</ele>
      </trkpt>
      <trkpt lat="47.22761498764157" lon="10.962842954322696">
        <ele>1616.83</ele>
      </trkpt>
      <trkpt lat="47.22758498042822" lon="10.962672969326377">
        <ele>1615.34</ele>
      </trkpt>
      <trkpt lat="47.2275619301945" lon="10.962498961016536">
        <ele>1613.8</ele>
      </trkpt>
      <trkpt lat="47.227554973214865" lon="10.962311960756779">
        <ele>1612.18</ele>
      </trkpt>
      <trkpt lat="47.22757098264992" lon="10.962133929133415">
        <ele>1610.57</ele>
      </trkpt>
      <trkpt lat="47.22760694101453" lon="10.961963944137096">
        <ele>1608.99</ele>
      </trkpt>
      <trkpt lat="47.227639965713024" lon="10.961802927777171">
        <ele>1607.48</ele>
      </trkpt>
      <trkpt lat="47.227661926299334" lon="10.961636966094375">
        <ele>1606.07</ele>
      </trkpt>
      <trkpt lat="47.22767198458314" lon="10.961465975269675">
        <ele>1604.72</ele>
      </trkpt>
      <trkpt lat="47.22768992185593" lon="10.961299929767847">
        <ele>1603.43</ele>
      </trkpt>
      <trkpt lat="47.22772495821118" lon="10.961149977520108">
        <ele>1602.13</ele>
      </trkpt>
      <trkpt lat="47.22777592018247" lon="10.961015950888395">
        <ele>1600.83</ele>
      </trkpt>
      <trkpt lat="47.227835934609175" lon="10.960889970883727">
        <ele>1599.52</ele>
      </trkpt>
      <trkpt lat="47.22790692932904" lon="10.96076994203031">
        <ele>1598.24</ele>
      </trkpt>
      <trkpt lat="47.227984964847565" lon="10.960649996995926">
        <ele>1596.99</ele>
      </trkpt>
      <trkpt lat="47.2280659340322" lon="10.96052996814251">
        <ele>1595.88</ele>
      </trkpt>
      <trkpt lat="47.22815193235874" lon="10.96040298230946">
        <ele>1594.72</ele>
      </trkpt>
      <trkpt lat="47.228244971483946" lon="10.960268955677748">
        <ele>1593.6</ele>
      </trkpt>
      <trkpt lat="47.22834697924554" lon="10.960135934874415">
        <ele>1592.49</ele>
      </trkpt>
      <trkpt lat="47.22846591845155" lon="10.960012972354889">
        <ele>1591.37</ele>
      </trkpt>
      <trkpt lat="47.22859592176974" lon="10.959897972643375">
        <ele>1590.3</ele>
      </trkpt>
      <trkpt lat="47.22872097976506" lon="10.959793953225017">
        <ele>1589.35</ele>
      </trkpt>
      <trkpt lat="47.22883497364819" lon="10.959703931584954">
        <ele>1588.46</ele>
      </trkpt>
      <trkpt lat="47.2289449442178" lon="10.959618939086795">
        <ele>1587.7</ele>
      </trkpt>
      <trkpt lat="47.229036977514625" lon="10.959513997659087">
        <ele>1586.92</ele>
      </trkpt>
      <trkpt lat="47.22910998389125" lon="10.959390951320529">
        <ele>1586.16</ele>
      </trkpt>
      <trkpt lat="47.229147953912616" lon="10.959250973537564">
        <ele>1585.4</ele>
      </trkpt>
      <trkpt lat="47.22915792837739" lon="10.959094986319542">
        <ele>1584.62</ele>
      </trkpt>
      <trkpt lat="47.22915197722614" lon="10.958937993273139">
        <ele>1583.82</ele>
      </trkpt>
      <trkpt lat="47.229147953912616" lon="10.958777982741594">
        <ele>1583.1</ele>
      </trkpt>
      <trkpt lat="47.229145942255855" lon="10.95861998386681">
        <ele>1582.43</ele>
      </trkpt>
      <trkpt lat="47.22915097139776" lon="10.958463996648788">
        <ele>1581.79</ele>
      </trkpt>
      <trkpt lat="47.229165975004435" lon="10.958303986117244">
        <ele>1581.15</ele>
      </trkpt>
      <trkpt lat="47.22919296473265" lon="10.958143975585699">
        <ele>1580.55</ele>
      </trkpt>
      <trkpt lat="47.229213919490576" lon="10.95797793008387">
        <ele>1579.94</ele>
      </trkpt>
      <trkpt lat="47.22922992892563" lon="10.957807945087552">
        <ele>1579.37</ele>
      </trkpt>
      <trkpt lat="47.22923797555268" lon="10.957636954262853">
        <ele>1578.78</ele>
      </trkpt>
      <trkpt lat="47.2292419988662" lon="10.957464957609773">
        <ele>1578.14</ele>
      </trkpt>
      <trkpt lat="47.22924392670393" lon="10.957294972613454">
        <ele>1577.48</ele>
      </trkpt>
      <trkpt lat="47.22924895584583" lon="10.957121970131993">
        <ele>1576.81</ele>
      </trkpt>
      <trkpt lat="47.2292559966445" lon="10.956950979307294">
        <ele>1576.15</ele>
      </trkpt>
      <trkpt lat="47.22926295362413" lon="10.956777976825833">
        <ele>1575.47</ele>
      </trkpt>
      <trkpt lat="47.22926898859441" lon="10.956601956859231">
        <ele>1574.84</ele>
      </trkpt>
      <trkpt lat="47.229273933917284" lon="10.956420991569757">
        <ele>1574.25</ele>
      </trkpt>
      <trkpt lat="47.22927996888757" lon="10.956239942461252">
        <ele>1573.64</ele>
      </trkpt>
      <trkpt lat="47.22928399220109" lon="10.956058977171779">
        <ele>1572.99</ele>
      </trkpt>
      <trkpt lat="47.2292919550091" lon="10.955880945548415">
        <ele>1572.38</ele>
      </trkpt>
      <trkpt lat="47.22930494695902" lon="10.955704925581813">
        <ele>1571.7</ele>
      </trkpt>
      <trkpt lat="47.22932799719274" lon="10.955526977777481">
        <ele>1571.13</ele>
      </trkpt>
      <trkpt lat="47.22935892641544" lon="10.955350957810879">
        <ele>1570.59</ele>
      </trkpt>
      <trkpt lat="47.2293989919126" lon="10.955177955329418">
        <ele>1570.1</ele>
      </trkpt>
      <trkpt lat="47.22945196554065" lon="10.95500998198986">
        <ele>1569.59</ele>
      </trkpt>
      <trkpt lat="47.229509968310595" lon="10.954844942316413">
        <ele>1569.09</ele>
      </trkpt>
      <trkpt lat="47.2295699827373" lon="10.95468794927001">
        <ele>1568.63</ele>
      </trkpt>
      <trkpt lat="47.22962798550725" lon="10.954530956223607">
        <ele>1568.18</ele>
      </trkpt>
      <trkpt lat="47.2296859882772" lon="10.954380920156837">
        <ele>1567.78</ele>
      </trkpt>
      <trkpt lat="47.22973896190524" lon="10.954225938767195">
        <ele>1567.41</ele>
      </trkpt>
      <trkpt lat="47.22978598438203" lon="10.95406492240727">
        <ele>1567.06</ele>
      </trkpt>
      <trkpt lat="47.22982294857502" lon="10.953900972381234">
        <ele>1566.72</ele>
      </trkpt>
      <trkpt lat="47.22985194995999" lon="10.953732999041677">
        <ele>1566.38</ele>
      </trkpt>
      <trkpt lat="47.229872988536954" lon="10.953564941883087">
        <ele>1566.05</ele>
      </trkpt>
      <trkpt lat="47.22988296300173" lon="10.953395962715149">
        <ele>1565.71</ele>
      </trkpt>
      <trkpt lat="47.22988698631525" lon="10.953230923041701">
        <ele>1565.37</ele>
      </trkpt>
      <trkpt lat="47.22988698631525" lon="10.953065967187285">
        <ele>1565.03</ele>
      </trkpt>
      <trkpt lat="47.229879945516586" lon="10.952900927513838">
        <ele>1564.69</ele>
      </trkpt>
      <trkpt lat="47.229873994365335" lon="10.952736977487803">
        <ele>1564.4</ele>
      </trkpt>
      <trkpt lat="47.22986494190991" lon="10.952566992491484">
        <ele>1564.12</ele>
      </trkpt>
      <trkpt lat="47.229854967445135" lon="10.952400946989655">
        <ele>1563.91</ele>
      </trkpt>
      <trkpt lat="47.22984792664647" lon="10.952234985306859">
        <ele>1563.7</ele>
      </trkpt>
      <trkpt lat="47.22983895801008" lon="10.952072963118553">
        <ele>1563.51</ele>
      </trkpt>
      <trkpt lat="47.229829989373684" lon="10.951906917616725">
        <ele>1563.33</ele>
      </trkpt>
      <trkpt lat="47.22982093691826" lon="10.951741961762309">
        <ele>1563.16</ele>
      </trkpt>
      <trkpt lat="47.22981498576701" lon="10.951574994251132">
        <ele>1562.99</ele>
      </trkpt>
      <trkpt lat="47.22981498576701" lon="10.951410960406065">
        <ele>1562.85</ele>
      </trkpt>
      <trkpt lat="47.22982496023178" lon="10.951246926560998">
        <ele>1562.68</ele>
      </trkpt>
      <trkpt lat="47.22985094413161" lon="10.951090939342976">
        <ele>1562.52</ele>
      </trkpt>
      <trkpt lat="47.229876928031445" lon="10.950941992923617">
        <ele>1562.36</ele>
      </trkpt>
      <trkpt lat="47.22990098409355" lon="10.950786927714944">
        <ele>1562.2</ele>
      </trkpt>
      <trkpt lat="47.229915987700224" lon="10.950635969638824">
        <ele>1562.06</ele>
      </trkpt>
      <trkpt lat="47.229920933023095" lon="10.950484927743673">
        <ele>1561.92</ele>
      </trkpt>
      <trkpt lat="47.229921938851476" lon="10.950332963839173">
        <ele>1561.8</ele>
      </trkpt>
      <trkpt lat="47.229922944679856" lon="10.950180999934673">
        <ele>1561.68</ele>
      </trkpt>
      <trkpt lat="47.229921938851476" lon="10.950031969696283">
        <ele>1561.56</ele>
      </trkpt>
      <trkpt lat="47.22991397604346" lon="10.949879921972752">
        <ele>1561.44</ele>
      </trkpt>
      <trkpt lat="47.22990894690156" lon="10.94972594641149">
        <ele>1561.35</ele>
      </trkpt>
      <trkpt lat="47.22990098409355" lon="10.94957297667861">
        <ele>1561.28</ele>
      </trkpt>
      <trkpt lat="47.22989494912326" lon="10.949419923126698">
        <ele>1561.2</ele>
      </trkpt>
      <trkpt lat="47.22988899797201" lon="10.949266953393817">
        <ele>1561.12</ele>
      </trkpt>
      <trkpt lat="47.229877933859825" lon="10.949108954519033">
        <ele>1561.02</ele>
      </trkpt>
      <trkpt lat="47.22986795939505" lon="10.94895095564425">
        <ele>1560.92</ele>
      </trkpt>
      <trkpt lat="47.229855973273516" lon="10.948792956769466">
        <ele>1560.8</ele>
      </trkpt>
      <trkpt lat="47.22984599880874" lon="10.948633952066302">
        <ele>1560.67</ele>
      </trkpt>
      <trkpt lat="47.229833928868175" lon="10.948474947363138">
        <ele>1560.55</ele>
      </trkpt>
      <trkpt lat="47.22982194274664" lon="10.948315942659974">
        <ele>1560.39</ele>
      </trkpt>
      <trkpt lat="47.22980392165482" lon="10.948158949613571">
        <ele>1560.24</ele>
      </trkpt>
      <trkpt lat="47.22977299243212" lon="10.948007991537452">
        <ele>1560.08</ele>
      </trkpt>
      <trkpt lat="47.22973996773362" lon="10.947849992662668">
        <ele>1559.9</ele>
      </trkpt>
      <trkpt lat="47.229703925549984" lon="10.947693921625614">
        <ele>1559.7</ele>
      </trkpt>
      <trkpt lat="47.229666961357" lon="10.947540951892734">
        <ele>1559.51</ele>
      </trkpt>
      <trkpt lat="47.22963192500174" lon="10.94738194718957">
        <ele>1559.34</ele>
      </trkpt>
      <trkpt lat="47.229598984122276" lon="10.947228977456689">
        <ele>1559.14</ele>
      </trkpt>
      <trkpt lat="47.22956897690892" lon="10.947071984410286">
        <ele>1558.92</ele>
      </trkpt>
      <trkpt lat="47.22954098135233" lon="10.94690996222198">
        <ele>1558.67</ele>
      </trkpt>
      <trkpt lat="47.229511979967356" lon="10.946749951690435">
        <ele>1558.43</ele>
      </trkpt>
      <trkpt lat="47.22948096692562" lon="10.946591952815652">
        <ele>1558.18</ele>
      </trkpt>
      <trkpt lat="47.2294439189136" lon="10.946440994739532">
        <ele>1557.91</ele>
      </trkpt>
      <trkpt lat="47.229399997740984" lon="10.946296993643045">
        <ele>1557.62</ele>
      </trkpt>
      <trkpt lat="47.22934995777905" lon="10.946152992546558">
        <ele>1557.32</ele>
      </trkpt>
      <trkpt lat="47.229294972494245" lon="10.946017960086465">
        <ele>1557.04</ele>
      </trkpt>
      <trkpt lat="47.22924099303782" lon="10.945884939283133">
        <ele>1556.76</ele>
      </trkpt>
      <trkpt lat="47.22917695529759" lon="10.945755941793323">
        <ele>1556.49</ele>
      </trkpt>
      <trkpt lat="47.22911199554801" lon="10.945629961788654">
        <ele>1556.23</ele>
      </trkpt>
      <trkpt lat="47.2290469519794" lon="10.945505993440747">
        <ele>1555.97</ele>
      </trkpt>
      <trkpt lat="47.22898492589593" lon="10.945380935445428">
        <ele>1555.72</ele>
      </trkpt>
      <trkpt lat="47.22892499528825" lon="10.945251937955618">
        <ele>1555.45</ele>
      </trkpt>
      <trkpt lat="47.228868920356035" lon="10.945113971829414">
        <ele>1555.19</ele>
      </trkpt>
      <trkpt lat="47.228827932849526" lon="10.944965947419405">
        <ele>1554.88</ele>
      </trkpt>
      <trkpt lat="47.22880798391998" lon="10.944808954373002">
        <ele>1554.56</ele>
      </trkpt>
      <trkpt lat="47.22880597226322" lon="10.944648943841457">
        <ele>1554.23</ele>
      </trkpt>
      <trkpt lat="47.22881494089961" lon="10.944494968280196">
        <ele>1553.9</ele>
      </trkpt>
      <trkpt lat="47.228821981698275" lon="10.944344932213426">
        <ele>1553.58</ele>
      </trkpt>
      <trkpt lat="47.228820975869894" lon="10.944196991622448">
        <ele>1553.25</ele>
      </trkpt>
      <trkpt lat="47.22881292924285" lon="10.944046955555677">
        <ele>1552.92</ele>
      </trkpt>
      <trkpt lat="47.228800943121314" lon="10.943906977772713">
        <ele>1552.61</ele>
      </trkpt>
      <trkpt lat="47.228783927857876" lon="10.94377194531262">
        <ele>1552.28</ele>
      </trkpt>
      <trkpt lat="47.22876498475671" lon="10.943638924509287">
        <ele>1551.98</ele>
      </trkpt>
      <trkpt lat="47.228741934522986" lon="10.943508921191096">
        <ele>1551.68</ele>
      </trkpt>
      <trkpt lat="47.22872097976506" lon="10.943380929529667">
        <ele>1551.37</ele>
      </trkpt>
      <trkpt lat="47.22870094701648" lon="10.943253943696618">
        <ele>1551.06</ele>
      </trkpt>
      <trkpt lat="47.22868192009628" lon="10.94312796369195">
        <ele>1550.74</ele>
      </trkpt>
      <trkpt lat="47.22866792231798" lon="10.942994942888618">
        <ele>1550.42</ele>
      </trkpt>
      <trkpt lat="47.228654930368066" lon="10.942861922085285">
        <ele>1550.08</ele>
      </trkpt>
      <trkpt lat="47.22864093258977" lon="10.942728985100985">
        <ele>1549.74</ele>
      </trkpt>
      <trkpt lat="47.228631963953376" lon="10.942594958469272">
        <ele>1549.37</ele>
      </trkpt>
      <trkpt lat="47.22862693481147" lon="10.942454980686307">
        <ele>1548.99</ele>
      </trkpt>
      <trkpt lat="47.22862592898309" lon="10.942315924912691">
        <ele>1548.6</ele>
      </trkpt>
      <trkpt lat="47.22862794063985" lon="10.942173935472965">
        <ele>1548.21</ele>
      </trkpt>
      <trkpt lat="47.228631963953376" lon="10.942030940204859">
        <ele>1547.82</ele>
      </trkpt>
      <trkpt lat="47.2286359872669" lon="10.94188492745161">
        <ele>1547.41</ele>
      </trkpt>
      <trkpt lat="47.22864495590329" lon="10.941739920526743">
        <ele>1546.99</ele>
      </trkpt>
      <trkpt lat="47.22865995950997" lon="10.941600948572159">
        <ele>1546.55</ele>
      </trkpt>
      <trkpt lat="47.22866599448025" lon="10.941458959132433">
        <ele>1546.1</ele>
      </trkpt>
      <trkpt lat="47.22866599448025" lon="10.941317975521088">
        <ele>1545.66</ele>
      </trkpt>
      <trkpt lat="47.228672951459885" lon="10.941176991909742">
        <ele>1545.23</ele>
      </trkpt>
      <trkpt lat="47.22867093980312" lon="10.941034918650985">
        <ele>1544.8</ele>
      </trkpt>
      <trkpt lat="47.22866892814636" lon="10.9408959466964">
        <ele>1544.35</ele>
      </trkpt>
      <trkpt lat="47.2286669164896" lon="10.940751945599914">
        <ele>1543.89</ele>
      </trkpt>
      <trkpt lat="47.22866498865187" lon="10.940603921189904">
        <ele>1543.44</ele>
      </trkpt>
      <trkpt lat="47.22865895368159" lon="10.940459920093417">
        <ele>1542.97</ele>
      </trkpt>
      <trkpt lat="47.22866792231798" lon="10.940310973674059">
        <ele>1542.49</ele>
      </trkpt>
      <trkpt lat="47.228695917874575" lon="10.94016294926405">
        <ele>1542.0</ele>
      </trkpt>
      <trkpt lat="47.228739922866225" lon="10.940016936510801">
        <ele>1541.52</ele>
      </trkpt>
      <trkpt lat="47.2287929803133" lon="10.939875952899456">
        <ele>1541.02</ele>
      </trkpt>
      <trkpt lat="47.22883899696171" lon="10.939723988994956">
        <ele>1540.55</ele>
      </trkpt>
      <trkpt lat="47.228867998346686" lon="10.939555931836367">
        <ele>1540.09</ele>
      </trkpt>
      <trkpt lat="47.22887897863984" lon="10.93936993740499">
        <ele>1539.63</ele>
      </trkpt>
      <trkpt lat="47.22887193784118" lon="10.939190983772278">
        <ele>1539.14</ele>
      </trkpt>
      <trkpt lat="47.22884897142649" lon="10.939018987119198">
        <ele>1538.63</ele>
      </trkpt>
      <trkpt lat="47.228821981698275" lon="10.938856964930892">
        <ele>1538.14</ele>
      </trkpt>
      <trkpt lat="47.22879197448492" lon="10.938707934692502">
        <ele>1537.65</ele>
      </trkpt>
      <trkpt lat="47.22876297309995" lon="10.93857198022306">
        <ele>1537.15</ele>
      </trkpt>
      <trkpt lat="47.228738917037845" lon="10.93844591639936">
        <ele>1536.66</ele>
      </trkpt>
      <trkpt lat="47.22870698198676" lon="10.93833795748651">
        <ele>1536.17</ele>
      </trkpt>
      <trkpt lat="47.22868393175304" lon="10.938226981088519">
        <ele>1535.71</ele>
      </trkpt>
      <trkpt lat="47.22867093980312" lon="10.938126984983683">
        <ele>1535.25</ele>
      </trkpt>
      <trkpt lat="47.228655936196446" lon="10.938031934201717">
        <ele>1534.79</ele>
      </trkpt>
      <trkpt lat="47.22864193841815" lon="10.93795096501708">
        <ele>1534.33</ele>
      </trkpt>
      <trkpt lat="47.228628946468234" lon="10.937891956418753">
        <ele>1533.89</ele>
      </trkpt>
      <trkpt lat="47.22861595451832" lon="10.937848957255483">
        <ele>1533.46</ele>
      </trkpt>
      <trkpt lat="47.228607991710305" lon="10.937809981405735">
        <ele>1533.03</ele>
      </trkpt>
      <trkpt lat="47.2286029625684" lon="10.937775950878859">
        <ele>1532.61</ele>
      </trkpt>
      <trkpt lat="47.22860095091164" lon="10.93773596920073">
        <ele>1532.2</ele>
      </trkpt>
      <trkpt lat="47.22859592176974" lon="10.937693975865841">
        <ele>1531.79</ele>
      </trkpt>
      <trkpt lat="47.228589970618486" lon="10.937659945338964">
        <ele>1531.39</ele>
      </trkpt>
      <trkpt lat="47.22858494147658" lon="10.93762893229723">
        <ele>1530.99</ele>
      </trkpt>
      <trkpt lat="47.22857798449695" lon="10.937602948397398">
        <ele>1530.59</ele>
      </trkpt>
      <trkpt lat="47.22857194952667" lon="10.937576964497566">
        <ele>1530.19</ele>
      </trkpt>
      <trkpt lat="47.228563986718655" lon="10.937552992254496">
        <ele>1529.8</ele>
      </trkpt>
      <trkpt lat="47.22855493426323" lon="10.937533965334296">
        <ele>1529.4</ele>
      </trkpt>
      <trkpt lat="47.22854194231331" lon="10.937516950070858">
        <ele>1529.01</ele>
      </trkpt>
      <trkpt lat="47.2285339795053" lon="10.937486942857504">
        <ele>1528.62</ele>
      </trkpt>
      <trkpt lat="47.22853498533368" lon="10.937446961179376">
        <ele>1528.24</ele>
      </trkpt>
      <trkpt lat="47.22853498533368" lon="10.937396921217442">
        <ele>1527.85</ele>
      </trkpt>
      <trkpt lat="47.22852794453502" lon="10.93734696507454">
        <ele>1527.47</ele>
      </trkpt>
      <trkpt lat="47.22852794453502" lon="10.93728393316269">
        <ele>1527.1</ele>
      </trkpt>
      <trkpt lat="47.228522999212146" lon="10.937215955927968">
        <ele>1526.73</ele>
      </trkpt>
      <trkpt lat="47.2285149525851" lon="10.937150996178389">
        <ele>1526.35</ele>
      </trkpt>
      <trkpt lat="47.22850891761482" lon="10.937074972316623">
        <ele>1525.98</ele>
      </trkpt>
      <trkpt lat="47.22849491983652" lon="10.936998948454857">
        <ele>1525.62</ele>
      </trkpt>
      <trkpt lat="47.228479916229844" lon="10.936923930421472">
        <ele>1525.24</ele>
      </trkpt>
      <trkpt lat="47.228458961471915" lon="10.936846984550357">
        <ele>1524.87</ele>
      </trkpt>
      <trkpt lat="47.22842895425856" lon="10.936771966516972">
        <ele>1524.49</ele>
      </trkpt>
      <trkpt lat="47.22839894704521" lon="10.936693930998445">
        <ele>1524.12</ele>
      </trkpt>
      <trkpt lat="47.22836097702384" lon="10.936614973470569">
        <ele>1523.75</ele>
      </trkpt>
      <trkpt lat="47.2283249348402" lon="10.93653199262917">
        <ele>1523.37</ele>
      </trkpt>
      <trkpt lat="47.228284953162074" lon="10.936451945453882">
        <ele>1522.97</ele>
      </trkpt>
      <trkpt lat="47.228245977312326" lon="10.9363629296422">
        <ele>1522.55</ele>
      </trkpt>
      <trkpt lat="47.22821597009897" lon="10.936263939365745">
        <ele>1522.12</ele>
      </trkpt>
      <trkpt lat="47.22818797454238" lon="10.936161931604147">
        <ele>1521.7</ele>
      </trkpt>
      <trkpt lat="47.228155955672264" lon="10.93605992384255">
        <ele>1521.28</ele>
      </trkpt>
      <trkpt lat="47.22812796011567" lon="10.93595095910132">
        <ele>1520.85</ele>
      </trkpt>
      <trkpt lat="47.2281039878726" lon="10.935837971046567">
        <ele>1520.44</ele>
      </trkpt>
      <trkpt lat="47.22808898426592" lon="10.935718948021531">
        <ele>1520.02</ele>
      </trkpt>
      <trkpt lat="47.22808093763888" lon="10.935594979673624">
        <ele>1519.59</ele>
      </trkpt>
      <trkpt lat="47.22807498648763" lon="10.935468999668956">
        <ele>1519.17</ele>
      </trkpt>
      <trkpt lat="47.2280659340322" lon="10.935342935845256">
        <ele>1518.75</ele>
      </trkpt>
      <trkpt lat="47.22805495373905" lon="10.935215950012207">
        <ele>1518.32</ele>
      </trkpt>
      <trkpt lat="47.22804497927427" lon="10.935088964179158">
        <ele>1517.92</ele>
      </trkpt>
      <trkpt lat="47.22803492099047" lon="10.93496399000287">
        <ele>1517.49</ele>
      </trkpt>
      <trkpt lat="47.22801899537444" lon="10.934831975027919">
        <ele>1517.05</ele>
      </trkpt>
      <trkpt lat="47.2279969509691" lon="10.934702977538109">
        <ele>1516.62</ele>
      </trkpt>
      <trkpt lat="47.22796996124089" lon="10.93457599170506">
        <ele>1516.19</ele>
      </trkpt>
      <trkpt lat="47.22793995402753" lon="10.93444699421525">
        <ele>1515.77</ele>
      </trkpt>
      <trkpt lat="47.22790793515742" lon="10.934313973411918">
        <ele>1515.35</ele>
      </trkpt>
      <trkpt lat="47.22787398844957" lon="10.934176929295063">
        <ele>1514.91</ele>
      </trkpt>
      <trkpt lat="47.227834928780794" lon="10.934041980654001">
        <ele>1514.51</ele>
      </trkpt>
      <trkpt lat="47.22779695875943" lon="10.933905942365527">
        <ele>1514.11</ele>
      </trkpt>
      <trkpt lat="47.22775999456644" lon="10.933765964582562">
        <ele>1513.71</ele>
      </trkpt>
      <trkpt lat="47.2277239523828" lon="10.933626992627978">
        <ele>1513.32</ele>
      </trkpt>
      <trkpt lat="47.2276879940182" lon="10.933485925197601">
        <ele>1512.95</ele>
      </trkpt>
      <trkpt lat="47.22764792852104" lon="10.933342929929495">
        <ele>1512.59</ele>
      </trkpt>
      <trkpt lat="47.22760895267129" lon="10.933200940489769">
        <ele>1512.25</ele>
      </trkpt>
      <trkpt lat="47.22756997682154" lon="10.93305492773652">
        <ele>1511.88</ele>
      </trkpt>
      <trkpt lat="47.22753192298114" lon="10.932906987145543">
        <ele>1511.5</ele>
      </trkpt>
      <trkpt lat="47.227493952959776" lon="10.93275192193687">
        <ele>1511.11</ele>
      </trkpt>
      <trkpt lat="47.22745698876679" lon="10.932592917233706">
        <ele>1510.76</ele>
      </trkpt>
      <trkpt lat="47.22741398960352" lon="10.932432990521193">
        <ele>1510.46</ele>
      </trkpt>
      <trkpt lat="47.22736696712673" lon="10.932266945019364">
        <ele>1510.18</ele>
      </trkpt>
      <trkpt lat="47.227317932993174" lon="10.932094948366284">
        <ele>1509.92</ele>
      </trkpt>
      <trkpt lat="47.22727191634476" lon="10.931923957541585">
        <ele>1509.66</ele>
      </trkpt>
      <trkpt lat="47.22722698934376" lon="10.93176394701004">
        <ele>1509.44</ele>
      </trkpt>
      <trkpt lat="47.227167980745435" lon="10.931622963398695">
        <ele>1509.18</ele>
      </trkpt>
      <trkpt lat="47.22709195688367" lon="10.931502934545279">
        <ele>1508.94</ele>
      </trkpt>
      <trkpt lat="47.227000929415226" lon="10.931408973410726">
        <ele>1508.7</ele>
      </trkpt>
      <trkpt lat="47.22690395079553" lon="10.931343929842114">
        <ele>1508.47</ele>
      </trkpt>
      <trkpt lat="47.226804960519075" lon="10.931300930678844">
        <ele>1508.24</ele>
      </trkpt>
      <trkpt lat="47.22670496441424" lon="10.93126899562776">
        <ele>1508.03</ele>
      </trkpt>
      <trkpt lat="47.22660597413778" lon="10.931238988414407">
        <ele>1507.84</ele>
      </trkpt>
      <trkpt lat="47.22651092335582" lon="10.931200934574008">
        <ele>1507.68</ele>
      </trkpt>
      <trkpt lat="47.226418973878026" lon="10.931164976209402">
        <ele>1507.54</ele>
      </trkpt>
      <trkpt lat="47.22632199525833" lon="10.931133963167667">
        <ele>1507.41</ele>
      </trkpt>
      <trkpt lat="47.22622795030475" lon="10.93109892681241">
        <ele>1507.3</ele>
      </trkpt>
      <trkpt lat="47.22613591700792" lon="10.93105592764914">
        <ele>1507.19</ele>
      </trkpt>
      <trkpt lat="47.22604991868138" lon="10.930998930707574">
        <ele>1507.09</ele>
      </trkpt>
      <trkpt lat="47.225964926183224" lon="10.930938916280866">
        <ele>1507.01</ele>
      </trkpt>
      <trkpt lat="47.22588697448373" lon="10.930865993723273">
        <ele>1506.94</ele>
      </trkpt>
      <trkpt lat="47.22581899724901" lon="10.930775972083211">
        <ele>1506.87</ele>
      </trkpt>
      <trkpt lat="47.22575797699392" lon="10.930674970149994">
        <ele>1506.79</ele>
      </trkpt>
      <trkpt lat="47.22569796256721" lon="10.930570950731635">
        <ele>1506.72</ele>
      </trkpt>
      <trkpt lat="47.225642977282405" lon="10.930463997647166">
        <ele>1506.66</ele>
      </trkpt>
      <trkpt lat="47.22559394314885" lon="10.930356960743666">
        <ele>1506.58</ele>
      </trkpt>
      <trkpt lat="47.22554398700595" lon="10.930255958810449">
        <ele>1506.5</ele>
      </trkpt>
      <trkpt lat="47.225493947044015" lon="10.9301479998976">
        <ele>1506.41</ele>
      </trkpt>
      <trkpt lat="47.22544097341597" lon="10.930047919973731">
        <ele>1506.35</ele>
      </trkpt>
      <trkpt lat="47.22538196481764" lon="10.929953958839178">
        <ele>1506.3</ele>
      </trkpt>
      <trkpt lat="47.225323962047696" lon="10.929858991876245">
        <ele>1506.25</ele>
      </trkpt>
      <trkpt lat="47.22526495344937" lon="10.929767964407802">
        <ele>1506.19</ele>
      </trkpt>
      <trkpt lat="47.2252029273659" lon="10.92967794276774">
        <ele>1506.12</ele>
      </trkpt>
      <trkpt lat="47.22514391876757" lon="10.929586999118328">
        <ele>1506.07</ele>
      </trkpt>
      <trkpt lat="47.225082982331514" lon="10.929496977478266">
        <ele>1505.99</ele>
      </trkpt>
      <trkpt lat="47.22502397373319" lon="10.929405950009823">
        <ele>1505.89</ele>
      </trkpt>
      <trkpt lat="47.22496697679162" lon="10.92931098304689">
        <ele>1505.78</ele>
      </trkpt>
      <trkpt lat="47.224914925172925" lon="10.929212998598814">
        <ele>1505.66</ele>
      </trkpt>
      <trkpt lat="47.22486496903002" lon="10.929117947816849">
        <ele>1505.56</ele>
      </trkpt>
      <trkpt lat="47.22481995820999" lon="10.929023986682296">
        <ele>1505.44</ele>
      </trkpt>
      <trkpt lat="47.22477695904672" lon="10.928925918415189">
        <ele>1505.31</ele>
      </trkpt>
      <trkpt lat="47.224739994853735" lon="10.928821982815862">
        <ele>1505.16</ele>
      </trkpt>
      <trkpt lat="47.224719962105155" lon="10.92870899476111">
        <ele>1505.0</ele>
      </trkpt>
      <trkpt lat="47.22471593879163" lon="10.928585948422551">
        <ele>1504.78</ele>
      </trkpt>
      <trkpt lat="47.22473395988345" lon="10.928467931225896">
        <ele>1504.53</ele>
      </trkpt>
      <trkpt lat="47.22475793212652" lon="10.928353937342763">
        <ele>1504.21</ele>
      </trkpt>
      <trkpt lat="47.224785927683115" lon="10.92824094928801">
        <ele>1503.88</ele>
      </trkpt>
      <trkpt lat="47.22480897791684" lon="10.928125949576497">
        <ele>1503.52</ele>
      </trkpt>
      <trkpt lat="47.224828926846385" lon="10.928008938208222">
        <ele>1503.11</ele>
      </trkpt>
      <trkpt lat="47.22484493628144" lon="10.927889999002218">
        <ele>1502.69</ele>
      </trkpt>
      <trkpt lat="47.22485197708011" lon="10.92776695266366">
        <ele>1502.2</ele>
      </trkpt>
      <trkpt lat="47.224848959594965" lon="10.92763896100223">
        <ele>1501.7</ele>
      </trkpt>
      <trkpt lat="47.22481694072485" lon="10.927524967119098">
        <ele>1501.14</ele>
      </trkpt>
      <trkpt lat="47.2247589379549" lon="10.927426982671022">
        <ele>1500.57</ele>
      </trkpt>
      <trkpt lat="47.22467998042703" lon="10.927348947152495">
        <ele>1500.02</ele>
      </trkpt>
      <trkpt lat="47.224588952958584" lon="10.927284993231297">
        <ele>1499.5</ele>
      </trkpt>
      <trkpt lat="47.224485939368606" lon="10.92725096270442">
        <ele>1499.02</ele>
      </trkpt>
      <trkpt lat="47.224377980455756" lon="10.927257919684052">
        <ele>1498.56</ele>
      </trkpt>
      <trkpt lat="47.224268931895494" lon="10.927297985181212">
        <ele>1498.08</ele>
      </trkpt>
      <trkpt lat="47.22415493801236" lon="10.927364956587553">
        <ele>1497.59</ele>
      </trkpt>
      <trkpt lat="47.22404094412923" lon="10.927432933822274">
        <ele>1497.03</ele>
      </trkpt>
      <trkpt lat="47.22393499687314" lon="10.927493954077363">
        <ele>1496.4</ele>
      </trkpt>
      <trkpt lat="47.22383692860603" lon="10.927554974332452">
        <ele>1495.78</ele>
      </trkpt>
      <trkpt lat="47.2237419616431" lon="10.927607947960496">
        <ele>1495.11</ele>
      </trkpt>
      <trkpt lat="47.223646994680166" lon="10.927609959617257">
        <ele>1494.37</ele>
      </trkpt>
      <trkpt lat="47.223560996353626" lon="10.927555980160832">
        <ele>1493.55</ele>
      </trkpt>
      <trkpt lat="47.22349092364311" lon="10.927468976005912">
        <ele>1492.7</ele>
      </trkpt>
      <trkpt lat="47.22341498360038" lon="10.927367974072695">
        <ele>1491.83</ele>
      </trkpt>
      <trkpt lat="47.22332797944546" lon="10.927290944382548">
        <ele>1490.96</ele>
      </trkpt>
      <trkpt lat="47.22323292866349" lon="10.927243921905756">
        <ele>1490.11</ele>
      </trkpt>
      <trkpt lat="47.223129998892546" lon="10.927246939390898">
        <ele>1489.3</ele>
      </trkpt>
      <trkpt lat="47.22301298752427" lon="10.927276946604252">
        <ele>1488.51</ele>
      </trkpt>
      <trkpt lat="47.22288692370057" lon="10.927309971302748">
        <ele>1487.72</ele>
      </trkpt>
      <trkpt lat="47.222764967009425" lon="10.927348947152495">
        <ele>1486.93</ele>
      </trkpt>
      <trkpt lat="47.22264795564115" lon="10.927386917173862">
        <ele>1486.13</ele>
      </trkpt>
      <trkpt lat="47.2225399967283" lon="10.927414996549487">
        <ele>1485.32</ele>
      </trkpt>
      <trkpt lat="47.22244092263281" lon="10.92744399793446">
        <ele>1484.5</ele>
      </trkpt>
      <trkpt lat="47.22236498259008" lon="10.927480962127447">
        <ele>1483.72</ele>
      </trkpt>
      <trkpt lat="47.22230798564851" lon="10.927510969340801">
        <ele>1482.92</ele>
      </trkpt>
      <trkpt lat="47.222246965393424" lon="10.927526978775859">
        <ele>1482.09</ele>
      </trkpt>
      <trkpt lat="47.222186950966716" lon="10.927497977390885">
        <ele>1481.22</ele>
      </trkpt>
      <trkpt lat="47.22215694375336" lon="10.927411979064345">
        <ele>1480.28</ele>
      </trkpt>
      <trkpt lat="47.222186950966716" lon="10.927323969081044">
        <ele>1479.32</ele>
      </trkpt>
      <trkpt lat="47.22223992459476" lon="10.92726998962462">
        <ele>1478.39</ele>
      </trkpt>
      <trkpt lat="47.22230798564851" lon="10.927243921905756">
        <ele>1477.45</ele>
      </trkpt>
      <trkpt lat="47.222382919862866" lon="10.92722699046135">
        <ele>1476.48</ele>
      </trkpt>
      <trkpt lat="47.222465984523296" lon="10.92720695771277">
        <ele>1475.53</ele>
      </trkpt>
      <trkpt lat="47.22255692817271" lon="10.927182985469699">
        <ele>1474.6</ele>
      </trkpt>
      <trkpt lat="47.222653990611434" lon="10.927133951336145">
        <ele>1473.6</ele>
      </trkpt>
      <trkpt lat="47.22275499254465" lon="10.927071925252676">
        <ele>1472.6</ele>
      </trkpt>
      <trkpt lat="47.22285398282111" lon="10.926999924704432">
        <ele>1471.64</ele>
      </trkpt>
      <trkpt lat="47.22294492647052" lon="10.926913926377892">
        <ele>1470.64</ele>
      </trkpt>
      <trkpt lat="47.22303494811058" lon="10.926824994385242">
        <ele>1469.65</ele>
      </trkpt>
      <trkpt lat="47.223128993064165" lon="10.926740923896432">
        <ele>1468.68</ele>
      </trkpt>
      <trkpt lat="47.22322798334062" lon="10.926679987460375">
        <ele>1467.73</ele>
      </trkpt>
      <trkpt lat="47.22333895973861" lon="10.926652997732162">
        <ele>1466.81</ele>
      </trkpt>
      <trkpt lat="47.2234499361366" lon="10.926631959155202">
        <ele>1465.9</ele>
      </trkpt>
      <trkpt lat="47.22355596721172" lon="10.926625924184918">
        <ele>1465.02</ele>
      </trkpt>
      <trkpt lat="47.22365495748818" lon="10.926633970811963">
        <ele>1464.18</ele>
      </trkpt>
      <trkpt lat="47.22373894415796" lon="10.926602957770228">
        <ele>1463.27</ele>
      </trkpt>
      <trkpt lat="47.22378898411989" lon="10.926525928080082">
        <ele>1462.28</ele>
      </trkpt>
      <trkpt lat="47.223778925836086" lon="10.926431966945529">
        <ele>1461.25</ele>
      </trkpt>
      <trkpt lat="47.223729975521564" lon="10.926385950297117">
        <ele>1460.27</ele>
      </trkpt>
      <trkpt lat="47.22367499023676" lon="10.92636994086206">
        <ele>1459.34</ele>
      </trkpt>
      <trkpt lat="47.22360793501139" lon="10.92639097943902">
        <ele>1458.43</ele>
      </trkpt>
      <trkpt lat="47.223537946119905" lon="10.92641394585371">
        <ele>1457.53</ele>
      </trkpt>
      <trkpt lat="47.22345697693527" lon="10.926407994702458">
        <ele>1456.62</ele>
      </trkpt>
      <trkpt lat="47.22337299026549" lon="10.92637094669044">
        <ele>1455.68</ele>
      </trkpt>
      <trkpt lat="47.223279951140285" lon="10.926332976669073">
        <ele>1454.74</ele>
      </trkpt>
      <trkpt lat="47.22318196669221" lon="10.926329959183931">
        <ele>1453.83</ele>
      </trkpt>
      <trkpt lat="47.223084988072515" lon="10.926364995539188">
        <ele>1452.96</ele>
      </trkpt>
      <trkpt lat="47.222997983917594" lon="10.92641394585371">
        <ele>1452.11</ele>
      </trkpt>
      <trkpt lat="47.222917936742306" lon="10.926481923088431">
        <ele>1451.3</ele>
      </trkpt>
      <trkpt lat="47.222850965335965" lon="10.926550989970565">
        <ele>1450.5</ele>
      </trkpt>
      <trkpt lat="47.22278097644448" lon="10.92658594250679">
        <ele>1449.66</ele>
      </trkpt>
      <trkpt lat="47.22271593287587" lon="10.92654294334352">
        <ele>1448.76</ele>
      </trkpt>
      <trkpt lat="47.22271392121911" lon="10.926444958895445">
        <ele>1447.79</ele>
      </trkpt>
      <trkpt lat="47.22275499254465" lon="10.926361978054047">
        <ele>1446.81</ele>
      </trkpt>
      <trkpt lat="47.22282095812261" lon="10.926310932263732">
        <ele>1445.84</ele>
      </trkpt>
      <trkpt lat="47.22290192730725" lon="10.926257958635688">
        <ele>1444.86</ele>
      </trkpt>
      <trkpt lat="47.22299295477569" lon="10.926209930330515">
        <ele>1443.89</ele>
      </trkpt>
      <trkpt lat="47.22309194505215" lon="10.92617598362267">
        <ele>1442.98</ele>
      </trkpt>
      <trkpt lat="47.22317794337869" lon="10.92613399028778">
        <ele>1442.05</ele>
      </trkpt>
      <trkpt lat="47.22325497306883" lon="10.92609392479062">
        <ele>1441.09</ele>
      </trkpt>
      <trkpt lat="47.2233069408685" lon="10.926008932292461">
        <ele>1440.1</ele>
      </trkpt>
      <trkpt lat="47.223304929211736" lon="10.925908936187625">
        <ele>1439.1</ele>
      </trkpt>
      <trkpt lat="47.223256984725595" lon="10.925847999751568">
        <ele>1438.17</ele>
      </trkpt>
      <trkpt lat="47.22318397834897" lon="10.92585596255958">
        <ele>1437.32</ele>
      </trkpt>
      <trkpt lat="47.22310191951692" lon="10.925907930359244">
        <ele>1436.51</ele>
      </trkpt>
      <trkpt lat="47.223004940897226" lon="10.925914971157908">
        <ele>1435.68</ele>
      </trkpt>
      <trkpt lat="47.222913997247815" lon="10.925847999751568">
        <ele>1434.8</ele>
      </trkpt>
      <trkpt lat="47.2228439245373" lon="10.925733922049403">
        <ele>1433.88</ele>
      </trkpt>
      <trkpt lat="47.2227939683944" lon="10.925582963973284">
        <ele>1432.99</ele>
      </trkpt>
      <trkpt lat="47.22277896478772" lon="10.925409961491823">
        <ele>1432.08</ele>
      </trkpt>
      <trkpt lat="47.22279195673764" lon="10.925224972888827">
        <ele>1431.15</ele>
      </trkpt>
      <trkpt lat="47.22282296977937" lon="10.925049958750606">
        <ele>1430.22</ele>
      </trkpt>
      <trkpt lat="47.22285691648722" lon="10.924891959875822">
        <ele>1429.32</ele>
      </trkpt>
      <trkpt lat="47.2228679805994" lon="10.9247169457376">
        <ele>1428.44</ele>
      </trkpt>
      <trkpt lat="47.2228579223156" lon="10.924555929377675">
        <ele>1427.59</ele>
      </trkpt>
      <trkpt lat="47.22281098365784" lon="10.924408994615078">
        <ele>1426.76</ele>
      </trkpt>
      <trkpt lat="47.22273797728121" lon="10.924287959933281">
        <ele>1425.98</ele>
      </trkpt>
      <trkpt lat="47.22266195341945" lon="10.924168936908245">
        <ele>1425.19</ele>
      </trkpt>
      <trkpt lat="47.22258894704282" lon="10.924031976610422">
        <ele>1424.41</ele>
      </trkpt>
      <trkpt lat="47.2225159406662" lon="10.923888981342316">
        <ele>1423.66</ele>
      </trkpt>
      <trkpt lat="47.22243094816804" lon="10.923765935003757">
        <ele>1422.95</ele>
      </trkpt>
      <trkpt lat="47.222357941791415" lon="10.92364196665585">
        <ele>1422.2</ele>
      </trkpt>
      <trkpt lat="47.22227999009192" lon="10.923532918095589">
        <ele>1421.46</ele>
      </trkpt>
      <trkpt lat="47.222204972058535" lon="10.923455972224474">
        <ele>1420.73</ele>
      </trkpt>
      <trkpt lat="47.22215593792498" lon="10.923375925049186">
        <ele>1419.99</ele>
      </trkpt>
      <trkpt lat="47.22214596346021" lon="10.923273917287588">
        <ele>1419.22</ele>
      </trkpt>
      <trkpt lat="47.22218292765319" lon="10.923183979466558">
        <ele>1418.42</ele>
      </trkpt>
      <trkpt lat="47.22224595956504" lon="10.92316897585988">
        <ele>1417.66</ele>
      </trkpt>
      <trkpt lat="47.22232298925519" lon="10.923198983073235">
        <ele>1416.92</ele>
      </trkpt>
      <trkpt lat="47.222395995631814" lon="10.923245921730995">
        <ele>1416.19</ele>
      </trkpt>
      <trkpt lat="47.22247897647321" lon="10.92329797334969">
        <ele>1415.45</ele>
      </trkpt>
      <trkpt lat="47.22256396897137" lon="10.923357987776399">
        <ele>1414.71</ele>
      </trkpt>
      <trkpt lat="47.22265097312629" lon="10.923443986102939">
        <ele>1413.99</ele>
      </trkpt>
      <trkpt lat="47.222743928432465" lon="10.923545993864536">
        <ele>1413.22</ele>
      </trkpt>
      <trkpt lat="47.22283998504281" lon="10.923642972484231">
        <ele>1412.44</ele>
      </trkpt>
      <trkpt lat="47.22292992286384" lon="10.923742968589067">
        <ele>1411.67</ele>
      </trkpt>
      <trkpt lat="47.22301592119038" lon="10.923830978572369">
        <ele>1410.91</ele>
      </trkpt>
      <trkpt lat="47.22308297641575" lon="10.9239209163934">
        <ele>1410.17</ele>
      </trkpt>
      <trkpt lat="47.22315598279238" lon="10.923966933041811">
        <ele>1409.4</ele>
      </trkpt>
      <trkpt lat="47.22322496585548" lon="10.923946984112263">
        <ele>1408.61</ele>
      </trkpt>
      <trkpt lat="47.22326394170523" lon="10.923873977735639">
        <ele>1407.79</ele>
      </trkpt>
      <trkpt lat="47.22326897084713" lon="10.92377096414566">
        <ele>1406.96</ele>
      </trkpt>
      <trkpt lat="47.22325497306883" lon="10.92366292141378">
        <ele>1406.09</ele>
      </trkpt>
      <trkpt lat="47.223235946148634" lon="10.923541970551014">
        <ele>1405.22</ele>
      </trkpt>
      <trkpt lat="47.223212979733944" lon="10.923408949747682">
        <ele>1404.33</ele>
      </trkpt>
      <trkpt lat="47.22318992950022" lon="10.923258997499943">
        <ele>1403.44</ele>
      </trkpt>
      <trkpt lat="47.223170986399055" lon="10.923097981140018">
        <ele>1402.5</ele>
      </trkpt>
      <trkpt lat="47.22314399667084" lon="10.922922967001796">
        <ele>1401.54</ele>
      </trkpt>
      <trkpt lat="47.22310594283044" lon="10.922749964520335">
        <ele>1400.56</ele>
      </trkpt>
      <trkpt lat="47.22305699251592" lon="10.922570927068591">
        <ele>1399.6</ele>
      </trkpt>
      <trkpt lat="47.22300594672561" lon="10.922388955950737">
        <ele>1398.58</ele>
      </trkpt>
      <trkpt lat="47.22295196726918" lon="10.922217965126038">
        <ele>1397.57</ele>
      </trkpt>
      <trkpt lat="47.22288792952895" lon="10.92205099761486">
        <ele>1396.55</ele>
      </trkpt>
      <trkpt lat="47.22281492315233" lon="10.921893920749426">
        <ele>1395.43</ele>
      </trkpt>
      <trkpt lat="47.22274996340275" lon="10.92172997072339">
        <ele>1394.28</ele>
      </trkpt>
      <trkpt lat="47.222702940925956" lon="10.921554956585169">
        <ele>1393.09</ele>
      </trkpt>
      <trkpt lat="47.222676957026124" lon="10.921369967982173">
        <ele>1391.91</ele>
      </trkpt>
      <trkpt lat="47.222676957026124" lon="10.921173999086022">
        <ele>1390.73</ele>
      </trkpt>
      <trkpt lat="47.222696989774704" lon="10.920975934714079">
        <ele>1389.54</ele>
      </trkpt>
      <trkpt lat="47.22271299920976" lon="10.92078591696918">
        <ele>1388.34</ele>
      </trkpt>
      <trkpt lat="47.22271593287587" lon="10.92058994807303">
        <ele>1387.09</ele>
      </trkpt>
      <trkpt lat="47.222700929269195" lon="10.920389955863357">
        <ele>1385.76</ele>
      </trkpt>
      <trkpt lat="47.222676957026124" lon="10.920192981138825">
        <ele>1384.39</ele>
      </trkpt>
      <trkpt lat="47.22264795564115" lon="10.92000799253583">
        <ele>1383.01</ele>
      </trkpt>
      <trkpt lat="47.222615936771035" lon="10.919834990054369">
        <ele>1381.6</ele>
      </trkpt>
      <trkpt lat="47.22260193899274" lon="10.919671962037683">
        <ele>1380.2</ele>
      </trkpt>
      <trkpt lat="47.22260294482112" lon="10.919504994526505">
        <ele>1378.77</ele>
      </trkpt>
      <trkpt lat="47.22262398339808" lon="10.919333919882774">
        <ele>1377.33</ele>
      </trkpt>
      <trkpt lat="47.222657930105925" lon="10.919154966250062">
        <ele>1375.86</ele>
      </trkpt>
      <trkpt lat="47.2226919606328" lon="10.918966960161924">
        <ele>1374.35</ele>
      </trkpt>
      <trkpt lat="47.22273294813931" lon="10.918775936588645">
        <ele>1372.89</ele>
      </trkpt>
      <trkpt lat="47.22277192398906" lon="10.918584996834397">
        <ele>1371.44</ele>
      </trkpt>
      <trkpt lat="47.22281198948622" lon="10.918394979089499">
        <ele>1370.0</ele>
      </trkpt>
      <trkpt lat="47.22285498864949" lon="10.918198926374316">
        <ele>1368.52</ele>
      </trkpt>
      <trkpt lat="47.222893964499235" lon="10.917993988841772">
        <ele>1366.98</ele>
      </trkpt>
      <trkpt lat="47.222935957834125" lon="10.917780920863152">
        <ele>1365.37</ele>
      </trkpt>
      <trkpt lat="47.222978956997395" lon="10.917569948360324">
        <ele>1363.74</ele>
      </trkpt>
      <trkpt lat="47.2230199445039" lon="10.917362999171019">
        <ele>1362.18</ele>
      </trkpt>
      <trkpt lat="47.223063949495554" lon="10.917159989476204">
        <ele>1360.65</ele>
      </trkpt>
      <trkpt lat="47.2231029253453" lon="10.916949938982725">
        <ele>1359.08</ele>
      </trkpt>
      <trkpt lat="47.223129998892546" lon="10.916726980358362">
        <ele>1357.49</ele>
      </trkpt>
      <trkpt lat="47.22315698862076" lon="10.916493963450193">
        <ele>1355.87</ele>
      </trkpt>
      <trkpt lat="47.22317894920707" lon="10.916257929056883">
        <ele>1354.22</ele>
      </trkpt>
      <trkpt lat="47.22319998778403" lon="10.916019966825843">
        <ele>1352.57</ele>
      </trkpt>
      <trkpt lat="47.22322094254196" lon="10.915782926604152">
        <ele>1350.93</ele>
      </trkpt>
      <trkpt lat="47.22324399277568" lon="10.915539935231209">
        <ele>1349.33</ele>
      </trkpt>
      <trkpt lat="47.223256984725595" lon="10.915298955515027">
        <ele>1347.68</ele>
      </trkpt>
      <trkpt lat="47.223256984725595" lon="10.915298704057932">
        <ele>1346.04</ele>
      </trkpt>
      <trkpt lat="47.22326813265681" lon="10.914883213117719">
        <ele>1344.26</ele>
      </trkpt>
      <trkpt lat="47.223291769623756" lon="10.914469314739108">
        <ele>1342.53</ele>
      </trkpt>
      <trkpt lat="47.22331532277167" lon="10.914058685302734">
        <ele>1341.01</ele>
      </trkpt>
      <trkpt lat="47.22331523895264" lon="10.91382198035717">
        <ele>1339.07</ele>
      </trkpt>
      <trkpt lat="47.22331523895264" lon="10.913586616516113">
        <ele>1338.75</ele>
      </trkpt>
      <trkpt lat="47.223284477368" lon="10.913153188303113">
        <ele>1335.56</ele>
      </trkpt>
      <trkpt lat="47.22325371578336" lon="10.912719843909144">
        <ele>1333.76</ele>
      </trkpt>
      <trkpt lat="47.22322303801775" lon="10.912286499515176">
        <ele>1331.89</ele>
      </trkpt>
      <trkpt lat="47.22319227643311" lon="10.911853155121207">
        <ele>1330.15</ele>
      </trkpt>
      <trkpt lat="47.22316151484847" lon="10.911419810727239">
        <ele>1328.39</ele>
      </trkpt>
      <trkpt lat="47.22313083708286" lon="10.91098646633327">
        <ele>1326.53</ele>
      </trkpt>
      <trkpt lat="47.223100662231445" lon="10.910561084747314">
        <ele>1328.9</ele>
      </trkpt>
      <trkpt lat="47.223046850413084" lon="10.91019538231194">
        <ele>1322.75</ele>
      </trkpt>
      <trkpt lat="47.22299337387085" lon="10.909831523895264">
        <ele>1325.52</ele>
      </trkpt>
      <trkpt lat="47.22299345768988" lon="10.909831523895264">
        <ele>1323.86</ele>
      </trkpt>
      <trkpt lat="47.22299337387085" lon="10.909509658813477">
        <ele>1322.09</ele>
      </trkpt>
      <trkpt lat="47.22306864336133" lon="10.909100957214832">
        <ele>1314.99</ele>
      </trkpt>
      <trkpt lat="47.223143577575684" lon="10.90869426727295">
        <ele>1318.35</ele>
      </trkpt>
      <trkpt lat="47.2231650352478" lon="10.908393859863281">
        <ele>1316.52</ele>
      </trkpt>
      <trkpt lat="47.22309504635632" lon="10.907985074445605">
        <ele>1309.1</ele>
      </trkpt>
      <trkpt lat="47.22302514128387" lon="10.907576372846961">
        <ele>1307.07</ele>
      </trkpt>
      <trkpt lat="47.22295523621142" lon="10.907167671248317">
        <ele>1305.07</ele>
      </trkpt>
      <trkpt lat="47.222886085510254" lon="10.906763076782227">
        <ele>1308.62</ele>
      </trkpt>
      <trkpt lat="47.22282766364515" lon="10.906348172575235">
        <ele>1301.08</ele>
      </trkpt>
      <trkpt lat="47.22276924178004" lon="10.905933268368244">
        <ele>1299.03</ele>
      </trkpt>
      <trkpt lat="47.22271090373397" lon="10.905518447980285">
        <ele>1296.93</ele>
      </trkpt>
      <trkpt lat="47.22265248186886" lon="10.905103543773293">
        <ele>1294.83</ele>
      </trkpt>
      <trkpt lat="47.22259414382279" lon="10.904688639566302">
        <ele>1292.77</ele>
      </trkpt>
      <trkpt lat="47.222535721957684" lon="10.904273819178343">
        <ele>1290.64</ele>
      </trkpt>
      <trkpt lat="47.22247838973999" lon="10.903866291046143">
        <ele>1293.45</ele>
      </trkpt>
      <trkpt lat="47.22248911857605" lon="10.903608044609427">
        <ele>1286.33</ele>
      </trkpt>
      <trkpt lat="47.22249984741211" lon="10.903351306915283">
        <ele>1288.86</ele>
      </trkpt>
      <trkpt lat="47.2225643042475" lon="10.903014270588756">
        <ele>1281.94</ele>
      </trkpt>
      <trkpt lat="47.22262884490192" lon="10.90267731808126">
        <ele>1279.76</ele>
      </trkpt>
      <trkpt lat="47.22269296646118" lon="10.902342796325684">
        <ele>1281.92</ele>
      </trkpt>
      <trkpt lat="47.222628593444824" lon="10.902085304260254">
        <ele>1279.62</ele>
      </trkpt>
      <trkpt lat="47.222488867118955" lon="10.901795122772455">
        <ele>1273.26</ele>
      </trkpt>
      <trkpt lat="47.222349643707275" lon="10.901505947113037">
        <ele>1274.66</ele>
      </trkpt>
      <trkpt lat="47.22228527069092" lon="10.90120553970337">
        <ele>1272.28</ele>
      </trkpt>
      <trkpt lat="47.222328186035156" lon="10.901012420654297">
        <ele>1269.88</ele>
      </trkpt>
      <trkpt lat="47.22254276275635" lon="10.900712013244629">
        <ele>1267.59</ele>
      </trkpt>
      <trkpt lat="47.222607135772705" lon="10.900561809539795">
        <ele>1265.2</ele>
      </trkpt>
      <trkpt lat="47.22265005111694" lon="10.90019702911377">
        <ele>1262.82</ele>
      </trkpt>
      <trkpt lat="47.22265005111694" lon="10.899874242022634">
        <ele>1257.71</ele>
      </trkpt>
      <trkpt lat="47.22265005111694" lon="10.899553298950195">
        <ele>1257.77</ele>
      </trkpt>
      <trkpt lat="47.22256422042847" lon="10.899231433868408">
        <ele>1255.13</ele>
      </trkpt>
      <trkpt lat="47.22240303643048" lon="10.89891979470849">
        <ele>1250.31</ele>
      </trkpt>
      <trkpt lat="47.22224235534668" lon="10.898609161376953">
        <ele>1249.83</ele>
      </trkpt>
      <trkpt lat="47.222113693133" lon="10.898265838623047">
        <ele>1247.17</ele>
      </trkpt>
      <trkpt lat="47.222059797495604" lon="10.898018488660455">
        <ele>1242.98</ele>
      </trkpt>
      <trkpt lat="47.22200632095337" lon="10.897772312164307">
        <ele>1242.0</ele>
      </trkpt>
      <trkpt lat="47.22197405062616" lon="10.897449608892202">
        <ele>1238.15</ele>
      </trkpt>
      <trkpt lat="47.22194194793701" lon="10.897128582000732">
        <ele>1236.97</ele>
      </trkpt>
      <trkpt lat="47.221856117248535" lon="10.89669942855835">
        <ele>1234.51</ele>
      </trkpt>
      <trkpt lat="47.221678756177425" lon="10.896339425817132">
        <ele>1231.03</ele>
      </trkpt>
      <trkpt lat="47.22150147892535" lon="10.895979423075914">
        <ele>1228.4</ele>
      </trkpt>
      <trkpt lat="47.22132420167327" lon="10.895619420334697">
        <ele>1225.91</ele>
      </trkpt>
      <trkpt lat="47.22114684060216" lon="10.89525941759348">
        <ele>1223.47</ele>
      </trkpt>
      <trkpt lat="47.22096956335008" lon="10.894899414852262">
        <ele>1220.95</ele>
      </trkpt>
      <trkpt lat="47.220792286098" lon="10.894539412111044">
        <ele>1218.39</ele>
      </trkpt>
      <trkpt lat="47.220614925026894" lon="10.894179409369826">
        <ele>1215.95</ele>
      </trkpt>
      <trkpt lat="47.22043991088867" lon="10.893824100494385">
        <ele>1213.54</ele>
      </trkpt>
      <trkpt lat="47.22026824951172" lon="10.89345932006836">
        <ele>1210.9</ele>
      </trkpt>
      <trkpt lat="47.22016070969403" lon="10.893104430288076">
        <ele>1208.5</ele>
      </trkpt>
      <trkpt lat="47.22005367279053" lon="10.892751216888428">
        <ele>1205.81</ele>
      </trkpt>
      <trkpt lat="47.219956861808896" lon="10.892503950744867">
        <ele>1203.61</ele>
      </trkpt>
      <trkpt lat="47.219860553741455" lon="10.892257690429688">
        <ele>1200.87</ele>
      </trkpt>
      <trkpt lat="47.21972091123462" lon="10.89205359108746">
        <ele>1198.65</ele>
      </trkpt>
      <trkpt lat="47.21958168782294" lon="10.891849994659424">
        <ele>1195.59</ele>
      </trkpt>
      <trkpt lat="47.21945269033313" lon="10.891667352989316">
        <ele>1193.51</ele>
      </trkpt>
      <trkpt lat="47.21932411193848" lon="10.891485214233398">
        <ele>1190.34</ele>
      </trkpt>
      <trkpt lat="47.21921682357788" lon="10.891249179840088">
        <ele>1187.7</ele>
      </trkpt>
      <trkpt lat="47.21917390823364" lon="10.89094877243042">
        <ele>1185.19</ele>
      </trkpt>
      <trkpt lat="47.2191846370697" lon="10.890593715012074">
        <ele>1183.46</ele>
      </trkpt>
      <trkpt lat="47.21919536590576" lon="10.890240669250488">
        <ele>1180.36</ele>
      </trkpt>
      <trkpt lat="47.21915245056152" lon="10.889854431152344">
        <ele>1177.85</ele>
      </trkpt>
      <trkpt lat="47.21900191158056" lon="10.88945310562849">
        <ele>1175.97</ele>
      </trkpt>
      <trkpt lat="47.21885145641863" lon="10.889051780104637">
        <ele>1173.47</ele>
      </trkpt>
      <trkpt lat="47.21870183944702" lon="10.888652801513672">
        <ele>1170.11</ele>
      </trkpt>
      <trkpt lat="47.21870192326605" lon="10.888652801513672">
        <ele>1167.67</ele>
      </trkpt>
      <trkpt lat="47.218530010432005" lon="10.888330433517694">
        <ele>1165.9</ele>
      </trkpt>
      <trkpt lat="47.21835860051215" lon="10.888009071350098">
        <ele>1162.53</ele>
      </trkpt>
      <trkpt lat="47.21825818531215" lon="10.887693660333753">
        <ele>1160.99</ele>
      </trkpt>
      <trkpt lat="47.21815785393119" lon="10.887378249317408">
        <ele>1158.62</ele>
      </trkpt>
      <trkpt lat="47.21805810928345" lon="10.887064933776855">
        <ele>1155.27</ele>
      </trkpt>
      <trkpt lat="47.21788611263037" lon="10.886731753125787">
        <ele>1153.51</ele>
      </trkpt>
      <trkpt lat="47.21771478652954" lon="10.886399745941162">
        <ele>1150.22</ele>
      </trkpt>
      <trkpt lat="47.21754320897162" lon="10.886142253875732">
        <ele>1147.74</ele>
      </trkpt>
      <trkpt lat="47.21730717457831" lon="10.88594913482666">
        <ele>1145.23</ele>
      </trkpt>
      <trkpt lat="47.21724271774292" lon="10.885906219482422">
        <ele>1142.9</ele>
      </trkpt>
      <trkpt lat="47.21724280156195" lon="10.885906219482422">
        <ele>1140.63</ele>
      </trkpt>
      <trkpt lat="47.21702814102173" lon="10.885734558105469">
        <ele>1138.31</ele>
      </trkpt>
      <trkpt lat="47.216856479644775" lon="10.885519981384277">
        <ele>1136.01</ele>
      </trkpt>
      <trkpt lat="47.21674919128418" lon="10.885283946990967">
        <ele>1133.7</ele>
      </trkpt>
      <trkpt lat="47.21668481826782" lon="10.88496208190918">
        <ele>1131.39</ele>
      </trkpt>
      <trkpt lat="47.2166633605957" lon="10.884811878204346">
        <ele>1129.16</ele>
      </trkpt>
      <trkpt lat="47.216663444414735" lon="10.884811878204346">
        <ele>1127.01</ele>
      </trkpt>
      <trkpt lat="47.216684902086854" lon="10.884456820786">
        <ele>1125.39</ele>
      </trkpt>
      <trkpt lat="47.21670635975897" lon="10.884103775024414">
        <ele>1122.66</ele>
      </trkpt>
      <trkpt lat="47.21674919128418" lon="10.883932113647461">
        <ele>1120.58</ele>
      </trkpt>
      <trkpt lat="47.216878021135926" lon="10.883674621582031">
        <ele>1118.5</ele>
      </trkpt>
      <trkpt lat="47.216953206807375" lon="10.88347035460174">
        <ele>1116.9</ele>
      </trkpt>
      <trkpt lat="47.21702814102173" lon="10.883266925811768">
        <ele>1114.46</ele>
      </trkpt>
      <trkpt lat="47.21698522567749" lon="10.882987976074219">
        <ele>1112.42</ele>
      </trkpt>
      <trkpt lat="47.216878021135926" lon="10.88270902633667">
        <ele>1110.36</ele>
      </trkpt>
      <trkpt lat="47.216802667826414" lon="10.88250475935638">
        <ele>1108.62</ele>
      </trkpt>
      <trkpt lat="47.21672773361206" lon="10.882301330566406">
        <ele>1106.17</ele>
      </trkpt>
      <trkpt lat="47.2166739217937" lon="10.881978627294302">
        <ele>1104.3</ele>
      </trkpt>
      <trkpt lat="47.216620445251465" lon="10.881657600402832">
        <ele>1101.77</ele>
      </trkpt>
      <trkpt lat="47.216620445251465" lon="10.88144302368164">
        <ele>1099.69</ele>
      </trkpt>
      <trkpt lat="47.2166633605957" lon="10.88122844696045">
        <ele>1097.68</ele>
      </trkpt>
      <trkpt lat="47.21674919128418" lon="10.8809494972229">
        <ele>1095.66</ele>
      </trkpt>
      <trkpt lat="47.21679210662842" lon="10.880885124206543">
        <ele>1093.73</ele>
      </trkpt>
      <trkpt lat="47.21700676716864" lon="10.880777835845947">
        <ele>1091.87</ele>
      </trkpt>
      <trkpt lat="47.217113971710205" lon="10.880670547485352">
        <ele>1089.89</ele>
      </trkpt>
      <trkpt lat="47.21717834472656" lon="10.880498886108398">
        <ele>1087.9</ele>
      </trkpt>
      <trkpt lat="47.217178428545594" lon="10.880498886108398">
        <ele>1085.99</ele>
      </trkpt>
      <trkpt lat="47.217128137126565" lon="10.880154641345143">
        <ele>1084.04</ele>
      </trkpt>
      <trkpt lat="47.21707792952657" lon="10.87981048040092">
        <ele>1082.01</ele>
      </trkpt>
      <trkpt lat="47.21702814102173" lon="10.87946891784668">
        <ele>1079.92</ele>
      </trkpt>
      <trkpt lat="47.21702814102173" lon="10.87921142578125">
        <ele>1077.94</ele>
      </trkpt>
      <trkpt lat="47.217092514038086" lon="10.87897539138794">
        <ele>1075.99</ele>
      </trkpt>
      <trkpt lat="47.2172212600708" lon="10.878739356994629">
        <ele>1074.1</ele>
      </trkpt>
      <trkpt lat="47.217382276430726" lon="10.878535257652402">
        <ele>1072.21</ele>
      </trkpt>
      <trkpt lat="47.21754312515259" lon="10.878331661224365">
        <ele>1070.37</ele>
      </trkpt>
      <trkpt lat="47.217586040496826" lon="10.87822437286377">
        <ele>1068.52</ele>
      </trkpt>
      <trkpt lat="47.21756458282471" lon="10.878074169158936">
        <ele>1066.62</ele>
      </trkpt>
      <trkpt lat="47.21750020980835" lon="10.877988338470459">
        <ele>1064.73</ele>
      </trkpt>
      <trkpt lat="47.217371463775635" lon="10.878009796142578">
        <ele>1062.9</ele>
      </trkpt>
      <trkpt lat="47.217156970873475" lon="10.878181457519531">
        <ele>1061.11</ele>
      </trkpt>
      <trkpt lat="47.21704968251288" lon="10.878267288208008">
        <ele>1059.27</ele>
      </trkpt>
      <trkpt lat="47.21688841469586" lon="10.878568114712834">
        <ele>1057.38</ele>
      </trkpt>
      <trkpt lat="47.21672773361206" lon="10.878868103027344">
        <ele>1055.65</ele>
      </trkpt>
      <trkpt lat="47.21672781743109" lon="10.878868103027344">
        <ele>1053.86</ele>
      </trkpt>
      <trkpt lat="47.21656445413828" lon="10.879194745793939">
        <ele>1051.84</ele>
      </trkpt>
      <trkpt lat="47.216401090845466" lon="10.879521388560534">
        <ele>1049.9</ele>
      </trkpt>
      <trkpt lat="47.21623772755265" lon="10.879848031327128">
        <ele>1048.09</ele>
      </trkpt>
      <trkpt lat="47.21607436425984" lon="10.880174757912755">
        <ele>1046.27</ele>
      </trkpt>
      <trkpt lat="47.21591234207153" lon="10.880498886108398">
        <ele>1044.51</ele>
      </trkpt>
      <trkpt lat="47.215804886072874" lon="10.880670715123415">
        <ele>1042.59</ele>
      </trkpt>
      <trkpt lat="47.21569776535034" lon="10.880842208862305">
        <ele>1040.9</ele>
      </trkpt>
      <trkpt lat="47.21548310481012" lon="10.881003141403198">
        <ele>1038.94</ele>
      </trkpt>
      <trkpt lat="47.21526861190796" lon="10.881164073944092">
        <ele>1037.22</ele>
      </trkpt>
      <trkpt lat="47.215139865875244" lon="10.88122844696045">
        <ele>1035.43</ele>
      </trkpt>
      <trkpt lat="47.21496820449829" lon="10.881249904632568">
        <ele>1033.58</ele>
      </trkpt>
      <trkpt lat="47.214839458465576" lon="10.88122844696045">
        <ele>1031.8</ele>
      </trkpt>
      <trkpt lat="47.21468925476074" lon="10.881121158599854">
        <ele>1029.94</ele>
      </trkpt>
      <trkpt lat="47.2144962195307" lon="10.880906581878662">
        <ele>1027.99</ele>
      </trkpt>
      <trkpt lat="47.214367389678955" lon="10.88071346282959">
        <ele>1026.05</ele>
      </trkpt>
      <trkpt lat="47.214152812957764" lon="10.880541801452637">
        <ele>1024.19</ele>
      </trkpt>
      <trkpt lat="47.21400260925293" lon="10.880520343780518">
        <ele>1022.45</ele>
      </trkpt>
      <trkpt lat="47.21378811635077" lon="10.880563175305724">
        <ele>1020.69</ele>
      </trkpt>
      <trkpt lat="47.21357345581055" lon="10.880606174468994">
        <ele>1019.09</ele>
      </trkpt>
      <trkpt lat="47.21331604756415" lon="10.880606090649962">
        <ele>1017.26</ele>
      </trkpt>
      <trkpt lat="47.21305872313678" lon="10.880606090649962">
        <ele>1015.53</ele>
      </trkpt>
      <trkpt lat="47.21280106343329" lon="10.880606174468994">
        <ele>1013.91</ele>
      </trkpt>
      <trkpt lat="47.212693775072694" lon="10.88047742843628">
        <ele>1012.09</ele>
      </trkpt>
      <trkpt lat="47.2125864867121" lon="10.880112648010254">
        <ele>1010.24</ele>
      </trkpt>
      <trkpt lat="47.21247911453247" lon="10.879812240600586">
        <ele>1008.48</ele>
      </trkpt>
      <trkpt lat="47.21230753697455" lon="10.879640579223633">
        <ele>1006.75</ele>
      </trkpt>
      <trkpt lat="47.212157333269715" lon="10.879554748535156">
        <ele>1005.04</ele>
      </trkpt>
      <trkpt lat="47.211856842041016" lon="10.879426002502441">
        <ele>1003.2</ele>
      </trkpt>
      <trkpt lat="47.21168518066406" lon="10.879426002502441">
        <ele>1001.37</ele>
      </trkpt>
      <trkpt lat="47.21143824979663" lon="10.879640579223633">
        <ele>999.55</ele>
      </trkpt>
      <trkpt lat="47.21119165420532" lon="10.879855155944824">
        <ele>997.89</ele>
      </trkpt>
      <trkpt lat="47.21091270446777" lon="10.880026817321777">
        <ele>996.05</ele>
      </trkpt>
      <trkpt lat="47.210633838549256" lon="10.88019847869873">
        <ele>994.37</ele>
      </trkpt>
      <trkpt lat="47.21048355102539" lon="10.880262851715088">
        <ele>992.64</ele>
      </trkpt>
      <trkpt lat="47.210354804992676" lon="10.880391597747803">
        <ele>990.87</ele>
      </trkpt>
      <trkpt lat="47.2102258913219" lon="10.880574155598879">
        <ele>989.07</ele>
      </trkpt>
      <trkpt lat="47.210097312927246" lon="10.880756378173828">
        <ele>987.34</ele>
      </trkpt>
      <trkpt lat="47.209947193041444" lon="10.881078243255615">
        <ele>985.49</ele>
      </trkpt>
      <trkpt lat="47.209882736206055" lon="10.881507396697998">
        <ele>983.75</ele>
      </trkpt>
      <trkpt lat="47.209904277697206" lon="10.881893634796143">
        <ele>982.06</ele>
      </trkpt>
      <trkpt lat="47.209947193041444" lon="10.882173255085945">
        <ele>980.4</ele>
      </trkpt>
      <trkpt lat="47.20999002456665" lon="10.88245153427124">
        <ele>978.85</ele>
      </trkpt>
      <trkpt lat="47.20996856689453" lon="10.882816314697266">
        <ele>977.13</ele>
      </trkpt>
      <trkpt lat="47.209904193878174" lon="10.882987976074219">
        <ele>975.4</ele>
      </trkpt>
      <trkpt lat="47.20975399017334" lon="10.88322401046753">
        <ele>973.6</ele>
      </trkpt>
      <trkpt lat="47.209528433158994" lon="10.883513940498233">
        <ele>971.82</ele>
      </trkpt>
      <trkpt lat="47.20930337905884" lon="10.883803367614746">
        <ele>970.19</ele>
      </trkpt>
      <trkpt lat="47.20913146622479" lon="10.884050382301211">
        <ele>968.43</ele>
      </trkpt>
      <trkpt lat="47.20896005630493" lon="10.884296894073486">
        <ele>966.78</ele>
      </trkpt>
      <trkpt lat="47.20889551565051" lon="10.884522618725896">
        <ele>965.21</ele>
      </trkpt>
      <trkpt lat="47.20883131027222" lon="10.884747505187988">
        <ele>963.7</ele>
      </trkpt>
      <trkpt lat="47.208809768781066" lon="10.885102478787303">
        <ele>962.05</ele>
      </trkpt>
      <trkpt lat="47.20878839492798" lon="10.88545560836792">
        <ele>960.39</ele>
      </trkpt>
      <trkpt lat="47.2088098526001" lon="10.885756015777588">
        <ele>958.79</ele>
      </trkpt>
      <trkpt lat="47.20880993641913" lon="10.885756015777588">
        <ele>957.27</ele>
      </trkpt>
      <trkpt lat="47.208895683288574" lon="10.886034965515137">
        <ele>955.69</ele>
      </trkpt>
      <trkpt lat="47.20903172157705" lon="10.886307125911117">
        <ele>954.05</ele>
      </trkpt>
      <trkpt lat="47.209167843684554" lon="10.886579370126128">
        <ele>952.54</ele>
      </trkpt>
      <trkpt lat="47.20930337905884" lon="10.886850357055664">
        <ele>951.28</ele>
      </trkpt>
      <trkpt lat="47.20943212509155" lon="10.887236595153809">
        <ele>949.9</ele>
      </trkpt>
      <trkpt lat="47.209507310763" lon="10.887473048642278">
        <ele>948.32</ele>
      </trkpt>
      <trkpt lat="47.20958232879639" lon="10.88770866394043">
        <ele>946.88</ele>
      </trkpt>
      <trkpt lat="47.20958232879639" lon="10.887987613677979">
        <ele>945.35</ele>
      </trkpt>
      <trkpt lat="47.20951795578003" lon="10.888223648071289">
        <ele>943.8</ele>
      </trkpt>
      <trkpt lat="47.20936029218137" lon="10.888567473739386">
        <ele>942.14</ele>
      </trkpt>
      <trkpt lat="47.20920271240175" lon="10.888911383226514">
        <ele>940.68</ele>
      </trkpt>
      <trkpt lat="47.20904588699341" lon="10.889253616333008">
        <ele>939.25</ele>
      </trkpt>
      <trkpt lat="47.20893859863281" lon="10.889575481414795">
        <ele>937.85</ele>
      </trkpt>
      <trkpt lat="47.208895683288574" lon="10.889832973480225">
        <ele>936.48</ele>
      </trkpt>
      <trkpt lat="47.208874225616455" lon="10.890111923217773">
        <ele>935.06</ele>
      </trkpt>
      <trkpt lat="47.208874225616455" lon="10.890412330627441">
        <ele>933.74</ele>
      </trkpt>
      <trkpt lat="47.20896005630493" lon="10.890734195709229">
        <ele>932.6</ele>
      </trkpt>
      <trkpt lat="47.20896005630493" lon="10.8909273147583">
        <ele>931.22</ele>
      </trkpt>
      <trkpt lat="47.20894924364984" lon="10.891293017193675">
        <ele>929.74</ele>
      </trkpt>
      <trkpt lat="47.20893859863281" lon="10.891656875610352">
        <ele>928.35</ele>
      </trkpt>
      <trkpt lat="47.208895683288574" lon="10.8919358253479">
        <ele>926.92</ele>
      </trkpt>
      <trkpt lat="47.20878839492798" lon="10.892107486724854">
        <ele>925.44</ele>
      </trkpt>
      <trkpt lat="47.208563005551696" lon="10.892279148101807">
        <ele>923.86</ele>
      </trkpt>
      <trkpt lat="47.20833761617541" lon="10.89245080947876">
        <ele>922.25</ele>
      </trkpt>
      <trkpt lat="47.20811231061816" lon="10.892622554674745">
        <ele>920.81</ele>
      </trkpt>
      <trkpt lat="47.207887172698975" lon="10.892794132232666">
        <ele>919.27</ele>
      </trkpt>
      <trkpt lat="47.20767259597778" lon="10.893115997314453">
        <ele>917.86</ele>
      </trkpt>
      <trkpt lat="47.20758676528931" lon="10.893309116363525">
        <ele>916.54</ele>
      </trkpt>
      <trkpt lat="47.20747947692871" lon="10.893738269805908">
        <ele>915.34</ele>
      </trkpt>
      <trkpt lat="47.20747956074774" lon="10.893738269805908">
        <ele>914.0</ele>
      </trkpt>
      <trkpt lat="47.20750093460083" lon="10.894038677215576">
        <ele>912.67</ele>
      </trkpt>
      <trkpt lat="47.20759774558246" lon="10.894415024667978">
        <ele>911.44</ele>
      </trkpt>
      <trkpt lat="47.207694137468934" lon="10.894789695739746">
        <ele>909.86</ele>
      </trkpt>
      <trkpt lat="47.20775851048529" lon="10.895090103149414">
        <ele>908.47</ele>
      </trkpt>
      <trkpt lat="47.20777996815741" lon="10.895369052886963">
        <ele>907.1</ele>
      </trkpt>
      <trkpt lat="47.20775834284723" lon="10.895702484995127">
        <ele>905.94</ele>
      </trkpt>
      <trkpt lat="47.20773696899414" lon="10.896034240722656">
        <ele>904.36</ele>
      </trkpt>
      <trkpt lat="47.20767259597778" lon="10.896291732788086">
        <ele>902.89</ele>
      </trkpt>
      <trkpt lat="47.207575868815184" lon="10.896495832130313">
        <ele>901.56</ele>
      </trkpt>
      <trkpt lat="47.20747947692871" lon="10.89669942855835">
        <ele>899.78</ele>
      </trkpt>
      <trkpt lat="47.20738274976611" lon="10.896892799064517">
        <ele>898.47</ele>
      </trkpt>
      <trkpt lat="47.20728644169867" lon="10.897085666656494">
        <ele>896.57</ele>
      </trkpt>
      <trkpt lat="47.207157611846924" lon="10.897343158721924">
        <ele>894.9</ele>
      </trkpt>
      <trkpt lat="47.20708234235644" lon="10.897622695192695">
        <ele>893.59</ele>
      </trkpt>
      <trkpt lat="47.20700749196112" lon="10.897901058197021">
        <ele>891.6</ele>
      </trkpt>
      <trkpt lat="47.206943118944764" lon="10.898029804229736">
        <ele>889.89</ele>
      </trkpt>
      <trkpt lat="47.20672854222357" lon="10.898287296295166">
        <ele>888.09</ele>
      </trkpt>
      <trkpt lat="47.206707084551454" lon="10.898308753967285">
        <ele>886.35</ele>
      </trkpt>
      <trkpt lat="47.20654606819153" lon="10.89841604232788">
        <ele>884.95</ele>
      </trkpt>
      <trkpt lat="47.206385135650635" lon="10.898523330688477">
        <ele>882.68</ele>
      </trkpt>
      <trkpt lat="47.20625638961792" lon="10.898716449737549">
        <ele>880.79</ele>
      </trkpt>
      <trkpt lat="47.20625647343695" lon="10.898716449737549">
        <ele>878.91</ele>
      </trkpt>
      <trkpt lat="47.20612739212811" lon="10.899060359224677">
        <ele>877.39</ele>
      </trkpt>
      <trkpt lat="47.2059983946383" lon="10.899404352530837">
        <ele>875.48</ele>
      </trkpt>
      <trkpt lat="47.205870151519775" lon="10.899746417999268">
        <ele>873.04</ele>
      </trkpt>
      <trkpt lat="47.20574140548706" lon="10.89991807937622">
        <ele>870.93</ele>
      </trkpt>
      <trkpt lat="47.20574148930609" lon="10.89991807937622">
        <ele>868.85</ele>
      </trkpt>
      <trkpt lat="47.20559120178223" lon="10.900046825408936">
        <ele>866.53</ele>
      </trkpt>
      <trkpt lat="47.2055269125849" lon="10.90017557144165">
        <ele>864.31</ele>
      </trkpt>
      <trkpt lat="47.20546228811145" lon="10.900627272203565">
        <ele>862.62</ele>
      </trkpt>
      <trkpt lat="47.205398082733154" lon="10.901076793670654">
        <ele>859.81</ele>
      </trkpt>
      <trkpt lat="47.2052264213562" lon="10.901398658752441">
        <ele>857.53</ele>
      </trkpt>
      <trkpt lat="47.20503338612616" lon="10.901527404785156">
        <ele>855.08</ele>
      </trkpt>
      <trkpt lat="47.20484018325806" lon="10.901634693145752">
        <ele>852.55</ele>
      </trkpt>
      <trkpt lat="47.20475435256958" lon="10.901720523834229">
        <ele>850.16</ele>
      </trkpt>
      <trkpt lat="47.20466835424304" lon="10.902000060305">
        <ele>848.39</ele>
      </trkpt>
      <trkpt lat="47.20458277501166" lon="10.902278423309326">
        <ele>845.53</ele>
      </trkpt>
      <trkpt lat="47.20443248748779" lon="10.902493000030518">
        <ele>843.07</ele>
      </trkpt>
      <trkpt lat="47.204432571306825" lon="10.902493000030518">
        <ele>840.69</ele>
      </trkpt>
      <trkpt lat="47.20433576032519" lon="10.902697099372745">
        <ele>838.73</ele>
      </trkpt>
      <trkpt lat="47.20423936843872" lon="10.902900695800781">
        <ele>835.81</ele>
      </trkpt>
      <trkpt lat="47.20414255745709" lon="10.903255501762033">
        <ele>833.85</ele>
      </trkpt>
      <trkpt lat="47.20404624938965" lon="10.903608798980713">
        <ele>831.17</ele>
      </trkpt>
      <trkpt lat="47.20398187637329" lon="10.903716087341309">
        <ele>828.73</ele>
      </trkpt>
      <trkpt lat="47.20373150892556" lon="10.90385195799172">
        <ele>826.28</ele>
      </trkpt>
      <trkpt lat="47.203481225296855" lon="10.90398782864213">
        <ele>823.55</ele>
      </trkpt>
      <trkpt lat="47.20323085784912" lon="10.904123783111572">
        <ele>820.87</ele>
      </trkpt>
      <trkpt lat="47.2029625531286" lon="10.904349088668823">
        <ele>818.89</ele>
      </trkpt>
      <trkpt lat="47.20269441604614" lon="10.904574394226074">
        <ele>816.59</ele>
      </trkpt>
      <trkpt lat="47.20258712768555" lon="10.904595851898193">
        <ele>814.33</ele>
      </trkpt>
      <trkpt lat="47.202415466308594" lon="10.904552936553955">
        <ele>812.0</ele>
      </trkpt>
      <trkpt lat="47.20226534642279" lon="10.904381275177002">
        <ele>809.73</ele>
      </trkpt>
      <trkpt lat="47.20217943191528" lon="10.904231071472168">
        <ele>807.58</ele>
      </trkpt>
      <trkpt lat="47.20205755904317" lon="10.903901411220431">
        <ele>805.29</ele>
      </trkpt>
      <trkpt lat="47.20193576999009" lon="10.903571750968695">
        <ele>803.11</ele>
      </trkpt>
      <trkpt lat="47.20181473530829" lon="10.903244018554688">
        <ele>801.43</ele>
      </trkpt>
      <trkpt lat="47.201685989275575" lon="10.9029221534729">
        <ele>799.59</ele>
      </trkpt>
      <trkpt lat="47.20155715942383" lon="10.902514457702637">
        <ele>797.86</ele>
      </trkpt>
      <trkpt lat="47.20147141255438" lon="10.902106761932373">
        <ele>796.16</ele>
      </trkpt>
      <trkpt lat="47.201406955718994" lon="10.901763439178467">
        <ele>794.52</ele>
      </trkpt>
      <trkpt lat="47.201407039538026" lon="10.901334285736084">
        <ele>792.92</ele>
      </trkpt>
      <trkpt lat="47.201428497210145" lon="10.90109758079052">
        <ele>790.51</ele>
      </trkpt>
      <trkpt lat="47.20144987106323" lon="10.900862216949463">
        <ele>790.19</ele>
      </trkpt>
      <trkpt lat="47.20151432789862" lon="10.900583267211914">
        <ele>788.95</ele>
      </trkpt>
      <trkpt lat="47.2016001585871" lon="10.900325775146484">
        <ele>787.86</ele>
      </trkpt>
      <trkpt lat="47.20170736312866" lon="10.89991807937622">
        <ele>786.88</ele>
      </trkpt>
      <trkpt lat="47.20172890461981" lon="10.899746417999268">
        <ele>784.39</ele>
      </trkpt>
      <trkpt lat="47.2017502784729" lon="10.899660587310791">
        <ele>783.5</ele>
      </trkpt>
      <trkpt lat="47.20179327763617" lon="10.899596214294434">
        <ele>782.71</ele>
      </trkpt>
      <trkpt lat="47.20181465148926" lon="10.899488925933838">
        <ele>782.02</ele>
      </trkpt>
      <trkpt lat="47.20177173614502" lon="10.899360179901123">
        <ele>781.44</ele>
      </trkpt>
      <trkpt lat="47.201642990112305" lon="10.899317264556885">
        <ele>780.98</ele>
      </trkpt>
      <trkpt lat="47.20155715942383" lon="10.8994460105896">
        <ele>780.64</ele>
      </trkpt>
      <trkpt lat="47.201406955718994" lon="10.899531841278076">
        <ele>784.09</ele>
      </trkpt>
      <trkpt lat="47.201213920488954" lon="10.899606859311461">
        <ele>780.22</ele>
      </trkpt>
      <trkpt lat="47.20102080143988" lon="10.89968204498291">
        <ele>783.3</ele>
      </trkpt>
      <trkpt lat="47.20080622471869" lon="10.899810791015625">
        <ele>783.08</ele>
      </trkpt>
      <trkpt lat="47.200623750686646" lon="10.8999502658844">
        <ele>780.31</ele>
      </trkpt>
      <trkpt lat="47.20044136047363" lon="10.900089740753174">
        <ele>782.95</ele>
      </trkpt>
      <trkpt lat="47.20026969909668" lon="10.900261402130127">
        <ele>783.02</ele>
      </trkpt>
      <trkpt lat="47.20031261444092" lon="10.900411605834961">
        <ele>783.18</ele>
      </trkpt>
      <trkpt lat="47.20016232691705" lon="10.900572622194886">
        <ele>781.72</ele>
      </trkpt>
      <trkpt lat="47.20001229085028" lon="10.900733470916748">
        <ele>783.73</ele>
      </trkpt>
      <trkpt lat="47.20001220703125" lon="10.900733470916748">
        <ele>784.14</ele>
      </trkpt>
      <trkpt lat="47.19981883652508" lon="10.901048546656966">
        <ele>783.64</ele>
      </trkpt>
      <trkpt lat="47.199625466018915" lon="10.901363622397184">
        <ele>784.46</ele>
      </trkpt>
      <trkpt lat="47.199432933703065" lon="10.90167760848999">
        <ele>786.0</ele>
      </trkpt>
      <trkpt lat="47.19943284988403" lon="10.90167760848999">
        <ele>786.71</ele>
      </trkpt>
      <trkpt lat="47.199250208213925" lon="10.901999892666936">
        <ele>787.2</ele>
      </trkpt>
      <trkpt lat="47.19906756654382" lon="10.902322176843882">
        <ele>788.25</ele>
      </trkpt>
      <trkpt lat="47.19888492487371" lon="10.902644461020827">
        <ele>789.35</ele>
      </trkpt>
      <trkpt lat="47.198703372851014" lon="10.902965068817139">
        <ele>790.37</ele>
      </trkpt>
      <trkpt lat="47.19870328903198" lon="10.902965068817139">
        <ele>791.38</ele>
      </trkpt>
      <trkpt lat="47.198617458343506" lon="10.903308391571045">
        <ele>792.51</ele>
      </trkpt>
      <trkpt lat="47.19844579696655" lon="10.903372764587402">
        <ele>793.6</ele>
      </trkpt>
      <trkpt lat="47.19831713475287" lon="10.903651714324951">
        <ele>794.79</ele>
      </trkpt>
      <trkpt lat="47.19825276173651" lon="10.903759002685547">
        <ele>795.98</ele>
      </trkpt>
      <trkpt lat="47.198073640465736" lon="10.904059745371342">
        <ele>797.99</ele>
      </trkpt>
      <trkpt lat="47.19789460301399" lon="10.904360571876168">
        <ele>799.33</ele>
      </trkpt>
      <trkpt lat="47.197716319933534" lon="10.90466022491455">
        <ele>799.77</ele>
      </trkpt>
      <trkpt lat="47.1977162361145" lon="10.90466022491455">
        <ele>801.06</ele>
      </trkpt>
      <trkpt lat="47.197533594444394" lon="10.904971696436405">
        <ele>803.44</ele>
      </trkpt>
      <trkpt lat="47.19735145568848" lon="10.905282497406006">
        <ele>803.76</ele>
      </trkpt>
      <trkpt lat="47.197149535641074" lon="10.905544515699148">
        <ele>806.2</ele>
      </trkpt>
      <trkpt lat="47.19694761559367" lon="10.90580653399229">
        <ele>807.64</ele>
      </trkpt>
      <trkpt lat="47.1967457793653" lon="10.906068552285433">
        <ele>809.06</ele>
      </trkpt>
      <trkpt lat="47.1965438593179" lon="10.906330570578575">
        <ele>810.46</ele>
      </trkpt>
      <trkpt lat="47.19634294509888" lon="10.906591415405273">
        <ele>810.64</ele>
      </trkpt>
      <trkpt lat="47.196074640378356" lon="10.906795263290405">
        <ele>813.26</ele>
      </trkpt>
      <trkpt lat="47.1958065032959" lon="10.906999111175537">
        <ele>813.41</ele>
      </trkpt>
      <trkpt lat="47.19555974006653" lon="10.907100951299071">
        <ele>816.02</ele>
      </trkpt>
      <trkpt lat="47.19531306065619" lon="10.907202875241637">
        <ele>817.42</ele>
      </trkpt>
      <trkpt lat="47.19506638124585" lon="10.907304799184203">
        <ele>818.76</ele>
      </trkpt>
      <trkpt lat="47.19481953419745" lon="10.9074068069458">
        <ele>818.86</ele>
      </trkpt>
      <trkpt lat="47.19454050064087" lon="10.907514095306396">
        <ele>820.13</ele>
      </trkpt>
      <trkpt lat="47.19445466995239" lon="10.907642841339111">
        <ele>821.37</ele>
      </trkpt>
      <trkpt lat="47.1943471301347" lon="10.90792229399085">
        <ele>823.74</ele>
      </trkpt>
      <trkpt lat="47.1942400932312" lon="10.908200740814209">
        <ele>823.8</ele>
      </trkpt>
      <trkpt lat="47.19400405883789" lon="10.908286571502686">
        <ele>825.06</ele>
      </trkpt>
      <trkpt lat="47.19377875328064" lon="10.90816855430603">
        <ele>827.33</ele>
      </trkpt>
      <trkpt lat="47.19355344772339" lon="10.908050537109375">
        <ele>827.4</ele>
      </trkpt>
      <trkpt lat="47.1933388710022" lon="10.907793045043945">
        <ele>828.44</ele>
      </trkpt>
      <trkpt lat="47.19325304031372" lon="10.907599925994873">
        <ele>829.42</ele>
      </trkpt>
      <trkpt lat="47.1932315826416" lon="10.90742826461792">
        <ele>830.37</ele>
      </trkpt>
      <trkpt lat="47.19300636090338" lon="10.907385349273682">
        <ele>832.19</ele>
      </trkpt>
      <trkpt lat="47.1927809715271" lon="10.907342433929443">
        <ele>832.17</ele>
      </trkpt>
      <trkpt lat="47.19255927018821" lon="10.907263727858663">
        <ele>833.84</ele>
      </trkpt>
      <trkpt lat="47.192337568849325" lon="10.907185105606914">
        <ele>834.63</ele>
      </trkpt>
      <trkpt lat="47.192115783691406" lon="10.907106399536133">
        <ele>834.65</ele>
      </trkpt>
      <trkpt lat="47.19200857914984" lon="10.90742826461792">
        <ele>835.34</ele>
      </trkpt>
      <trkpt lat="47.19183691777289" lon="10.907481824979186">
        <ele>836.68</ele>
      </trkpt>
      <trkpt lat="47.191665172576904" lon="10.907535552978516">
        <ele>836.7</ele>
      </trkpt>
      <trkpt lat="47.19149351119995" lon="10.907546197995543">
        <ele>837.92</ele>
      </trkpt>
      <trkpt lat="47.191321849823" lon="10.907557010650635">
        <ele>838.0</ele>
      </trkpt>
      <trkpt lat="47.19110727310181" lon="10.907514095306396">
        <ele>838.57</ele>
      </trkpt>
      <trkpt lat="47.190924882888794" lon="10.90743899345398">
        <ele>839.59</ele>
      </trkpt>
      <trkpt lat="47.19074249267578" lon="10.907363891601562">
        <ele>839.7</ele>
      </trkpt>
      <trkpt lat="47.19056353904307" lon="10.907199271023273">
        <ele>840.63</ele>
      </trkpt>
      <trkpt lat="47.19038466922939" lon="10.907034734264016">
        <ele>841.13</ele>
      </trkpt>
      <trkpt lat="47.1902060508728" lon="10.906870365142822">
        <ele>841.31</ele>
      </trkpt>
      <trkpt lat="47.190141677856445" lon="10.906827449798584">
        <ele>841.85</ele>
      </trkpt>
      <trkpt lat="47.189919808879495" lon="10.906605580821633">
        <ele>842.67</ele>
      </trkpt>
      <trkpt lat="47.189697939902544" lon="10.906383711844683">
        <ele>843.22</ele>
      </trkpt>
      <trkpt lat="47.18947649002075" lon="10.90616226196289">
        <ele>843.56</ele>
      </trkpt>
      <trkpt lat="47.18928345479071" lon="10.906172906979918">
        <ele>844.27</ele>
      </trkpt>
      <trkpt lat="47.18909025192261" lon="10.90618371963501">
        <ele>844.71</ele>
      </trkpt>
      <trkpt lat="47.18887575902045" lon="10.906226551160216">
        <ele>845.39</ele>
      </trkpt>
      <trkpt lat="47.188661182299256" lon="10.906269550323486">
        <ele>845.86</ele>
      </trkpt>
      <trkpt lat="47.18843939714134" lon="10.906383963301778">
        <ele>846.52</ele>
      </trkpt>
      <trkpt lat="47.18821769580245" lon="10.90649837628007">
        <ele>847.13</ele>
      </trkpt>
      <trkpt lat="47.18799591064453" lon="10.906612873077393">
        <ele>847.78</ele>
      </trkpt>
      <trkpt lat="47.18781352043152" lon="10.906741619110107">
        <ele>848.45</ele>
      </trkpt>
      <trkpt lat="47.18763121403754" lon="10.906870365142822">
        <ele>849.18</ele>
      </trkpt>
      <trkpt lat="47.18747019767761" lon="10.906977653503418">
        <ele>849.84</ele>
      </trkpt>
      <trkpt lat="47.18730926513672" lon="10.907084941864014">
        <ele>850.64</ele>
      </trkpt>
      <trkpt lat="47.18709468841553" lon="10.907159959897399">
        <ele>851.36</ele>
      </trkpt>
      <trkpt lat="47.186880111694336" lon="10.907235145568848">
        <ele>852.37</ele>
      </trkpt>
      <trkpt lat="47.186676347628236" lon="10.907245790585876">
        <ele>853.22</ele>
      </trkpt>
      <trkpt lat="47.186472499743104" lon="10.907256603240967">
        <ele>854.3</ele>
      </trkpt>
      <trkpt lat="47.186279296875" lon="10.907256603240967">
        <ele>855.25</ele>
      </trkpt>
      <trkpt lat="47.186279296875" lon="10.907149314880371">
        <ele>856.18</ele>
      </trkpt>
      <trkpt lat="47.18606480397284" lon="10.907159959897399">
        <ele>856.95</ele>
      </trkpt>
      <trkpt lat="47.18585014343262" lon="10.90717077255249">
        <ele>858.09</ele>
      </trkpt>
      <trkpt lat="47.185667837038636" lon="10.907245790585876">
        <ele>858.97</ele>
      </trkpt>
      <trkpt lat="47.18548544682562" lon="10.907320976257324">
        <ele>860.21</ele>
      </trkpt>
      <trkpt lat="47.18524932861328" lon="10.907514095306396">
        <ele>861.39</ele>
      </trkpt>
      <trkpt lat="47.18505620956421" lon="10.907835960388184">
        <ele>862.59</ele>
      </trkpt>
      <trkpt lat="47.18494154512882" lon="10.908151287585497">
        <ele>863.58</ele>
      </trkpt>
      <trkpt lat="47.184826880693436" lon="10.90846661478281">
        <ele>864.8</ele>
      </trkpt>
      <trkpt lat="47.1847128868103" lon="10.908780097961426">
        <ele>866.29</ele>
      </trkpt>
      <trkpt lat="47.184627056121826" lon="10.908844470977783">
        <ele>867.6</ele>
      </trkpt>
      <trkpt lat="47.18454122543335" lon="10.908823013305664">
        <ele>868.99</ele>
      </trkpt>
      <trkpt lat="47.18449831008911" lon="10.90869426727295">
        <ele>870.4</ele>
      </trkpt>
      <trkpt lat="47.18451976776123" lon="10.908629894256592">
        <ele>871.79</ele>
      </trkpt>
      <trkpt lat="47.18460576608777" lon="10.908382628113031">
        <ele>872.98</ele>
      </trkpt>
      <trkpt lat="47.184691429138184" lon="10.908136367797852">
        <ele>874.61</ele>
      </trkpt>
      <trkpt lat="47.18475580215454" lon="10.907814502716064">
        <ele>876.14</ele>
      </trkpt>
      <trkpt lat="47.18473426066339" lon="10.907434383407235">
        <ele>877.62</ele>
      </trkpt>
      <trkpt lat="47.18471271917224" lon="10.907054264098406">
        <ele>879.25</ele>
      </trkpt>
      <trkpt lat="47.184691429138184" lon="10.90667724609375">
        <ele>880.97</ele>
      </trkpt>
      <trkpt lat="47.1847128868103" lon="10.906289918348193">
        <ele>882.34</ele>
      </trkpt>
      <trkpt lat="47.184734428301454" lon="10.905902674421668">
        <ele>883.88</ele>
      </trkpt>
      <trkpt lat="47.18475580215454" lon="10.905518531799316">
        <ele>885.58</ele>
      </trkpt>
      <trkpt lat="47.184691429138184" lon="10.905282497406006">
        <ele>887.35</ele>
      </trkpt>
      <trkpt lat="47.18458414077759" lon="10.90519666671753">
        <ele>889.13</ele>
      </trkpt>
      <trkpt lat="47.18447685241699" lon="10.90517520904541">
        <ele>890.88</ele>
      </trkpt>
      <trkpt lat="47.1843695640564" lon="10.905239582061768">
        <ele>892.63</ele>
      </trkpt>
      <trkpt lat="47.184391021728516" lon="10.905346870422363">
        <ele>894.24</ele>
      </trkpt>
      <trkpt lat="47.18432664871216" lon="10.905561447143555">
        <ele>895.97</ele>
      </trkpt>
      <trkpt lat="47.18429437838495" lon="10.90600241906941">
        <ele>897.62</ele>
      </trkpt>
      <trkpt lat="47.1842622756958" lon="10.90644121170044">
        <ele>899.44</ele>
      </trkpt>
      <trkpt lat="47.18418692238629" lon="10.906822923570871">
        <ele>901.07</ele>
      </trkpt>
      <trkpt lat="47.18411165289581" lon="10.907204719260335">
        <ele>902.73</ele>
      </trkpt>
      <trkpt lat="47.18403638340533" lon="10.907586514949799">
        <ele>904.32</ele>
      </trkpt>
      <trkpt lat="47.18396186828613" lon="10.907964706420898">
        <ele>905.94</ele>
      </trkpt>
      <trkpt lat="47.18385457992554" lon="10.908329486846924">
        <ele>907.43</ele>
      </trkpt>
      <trkpt lat="47.183682918548584" lon="10.908651351928711">
        <ele>908.98</ele>
      </trkpt>
      <trkpt lat="47.18346834182739" lon="10.908865928649902">
        <ele>910.58</ele>
      </trkpt>
      <trkpt lat="47.18327513895929" lon="10.90898746624589">
        <ele>912.18</ele>
      </trkpt>
      <trkpt lat="47.183082019910216" lon="10.909109087660909">
        <ele>913.68</ele>
      </trkpt>
      <trkpt lat="47.182888984680176" lon="10.909230709075928">
        <ele>915.25</ele>
      </trkpt>
      <trkpt lat="47.18266359530389" lon="10.90941846370697">
        <ele>916.59</ele>
      </trkpt>
      <trkpt lat="47.18243820592761" lon="10.909606302157044">
        <ele>917.96</ele>
      </trkpt>
      <trkpt lat="47.18221281655133" lon="10.909794140607119">
        <ele>919.26</ele>
      </trkpt>
      <trkpt lat="47.18198776245117" lon="10.909981727600098">
        <ele>920.52</ele>
      </trkpt>
      <trkpt lat="47.18181610107422" lon="10.910089015960693">
        <ele>921.75</ele>
      </trkpt>
      <trkpt lat="47.18158006668091" lon="10.910185491666198">
        <ele>922.96</ele>
      </trkpt>
      <trkpt lat="47.1813440322876" lon="10.910282135009766">
        <ele>924.1</ele>
      </trkpt>
      <trkpt lat="47.18119374476373" lon="10.910389423370361">
        <ele>925.08</ele>
      </trkpt>
      <trkpt lat="47.18104362487793" lon="10.910496711730957">
        <ele>926.04</ele>
      </trkpt>
      <trkpt lat="47.18087196350098" lon="10.910711288452148">
        <ele>926.89</ele>
      </trkpt>
      <trkpt lat="47.18070030212402" lon="10.911076068878174">
        <ele>927.61</ele>
      </trkpt>
      <trkpt lat="47.18057163991034" lon="10.911333560943604">
        <ele>928.45</ele>
      </trkpt>
      <trkpt lat="47.180421436205506" lon="10.911548137664795">
        <ele>929.2</ele>
      </trkpt>
      <trkpt lat="47.180185317993164" lon="10.911719799041748">
        <ele>930.01</ele>
      </trkpt>
      <trkpt lat="47.18003511428833" lon="10.911784172058105">
        <ele>930.62</ele>
      </trkpt>
      <trkpt lat="47.17982062138617" lon="10.911794817075133">
        <ele>931.22</ele>
      </trkpt>
      <trkpt lat="47.17960604466498" lon="10.911805629730225">
        <ele>931.73</ele>
      </trkpt>
      <trkpt lat="47.17935928143561" lon="10.911837732419372">
        <ele>932.21</ele>
      </trkpt>
      <trkpt lat="47.17911243438721" lon="10.911870002746582">
        <ele>932.67</ele>
      </trkpt>
      <trkpt lat="47.178883608430624" lon="10.911934291943908">
        <ele>933.1</ele>
      </trkpt>
      <trkpt lat="47.17865478247404" lon="10.911998664960265">
        <ele>933.41</ele>
      </trkpt>
      <trkpt lat="47.178425788879395" lon="10.912063121795654">
        <ele>933.66</ele>
      </trkpt>
      <trkpt lat="47.17812538146973" lon="10.912041664123535">
        <ele>933.92</ele>
      </trkpt>
      <trkpt lat="47.177932262420654" lon="10.911977291107178">
        <ele>934.12</ele>
      </trkpt>
      <trkpt lat="47.17773914337158" lon="10.91191291809082">
        <ele>934.23</ele>
      </trkpt>
      <trkpt lat="47.17752465046942" lon="10.911805629730225">
        <ele>934.31</ele>
      </trkpt>
      <trkpt lat="47.177460277453065" lon="10.911741256713867">
        <ele>934.39</ele>
      </trkpt>
      <trkpt lat="47.177224243059754" lon="10.911548137664795">
        <ele>934.44</ele>
      </trkpt>
      <trkpt lat="47.17705241404474" lon="10.91135485097766">
        <ele>934.47</ele>
      </trkpt>
      <trkpt lat="47.17688092030585" lon="10.91116189956665">
        <ele>934.38</ele>
      </trkpt>
      <trkpt lat="47.17675217427313" lon="10.910990238189697">
        <ele>934.31</ele>
      </trkpt>
      <trkpt lat="47.1765517629683" lon="10.910789826884866">
        <ele>934.15</ele>
      </trkpt>
      <trkpt lat="47.17635135166347" lon="10.910589415580034">
        <ele>933.9</ele>
      </trkpt>
      <trkpt lat="47.1761513594538" lon="10.910389423370361">
        <ele>933.68</ele>
      </trkpt>
      <trkpt lat="47.176151275634766" lon="10.910389423370361">
        <ele>933.55</ele>
      </trkpt>
      <trkpt lat="47.175893783569336" lon="10.910260677337646">
        <ele>933.38</ele>
      </trkpt>
      <trkpt lat="47.175636291503906" lon="10.910131931304932">
        <ele>933.21</ele>
      </trkpt>
      <trkpt lat="47.17540034092963" lon="10.910067558288574">
        <ele>933.09</ele>
      </trkpt>
      <trkpt lat="47.175164222717285" lon="10.910003185272217">
        <ele>932.92</ele>
      </trkpt>
      <trkpt lat="47.17509984970093" lon="10.910003185272217">
        <ele>932.75</ele>
      </trkpt>
      <trkpt lat="47.17503547668457" lon="10.910003185272217">
        <ele>932.57</ele>
      </trkpt>
      <trkpt lat="47.17501401901245" lon="10.910131931304932">
        <ele>932.37</ele>
      </trkpt>
      <trkpt lat="47.17501401901245" lon="10.910390093922615">
        <ele>932.19</ele>
      </trkpt>
      <trkpt lat="47.17501410283148" lon="10.910646915435791">
        <ele>931.99</ele>
      </trkpt>
      <trkpt lat="47.17501401901245" lon="10.910646915435791">
        <ele>931.78</ele>
      </trkpt>
      <trkpt lat="47.17497110366821" lon="10.910754203796387">
        <ele>931.58</ele>
      </trkpt>
      <trkpt lat="47.174749402329326" lon="10.91072553768754">
        <ele>931.4</ele>
      </trkpt>
      <trkpt lat="47.17452778480947" lon="10.910696955397725">
        <ele>931.22</ele>
      </trkpt>
      <trkpt lat="47.17430591583252" lon="10.91066837310791">
        <ele>931.02</ele>
      </trkpt>
      <trkpt lat="47.174134254455566" lon="10.910732746124268">
        <ele>930.8</ele>
      </trkpt>
      <trkpt lat="47.17383393086493" lon="10.910818492993712">
        <ele>930.59</ele>
      </trkpt>
      <trkpt lat="47.17353343963623" lon="10.91090440750122">
        <ele>930.32</ele>
      </trkpt>
      <trkpt lat="47.17325457371771" lon="10.910968780517578">
        <ele>930.12</ele>
      </trkpt>
      <trkpt lat="47.17301845550537" lon="10.911054611206055">
        <ele>929.89</ele>
      </trkpt>
      <trkpt lat="47.17284679412842" lon="10.911065256223083">
        <ele>929.69</ele>
      </trkpt>
      <trkpt lat="47.172675132751465" lon="10.911076068878174">
        <ele>929.48</ele>
      </trkpt>
      <trkpt lat="47.1725679282099" lon="10.911140441894531">
        <ele>929.25</ele>
      </trkpt>
      <trkpt lat="47.17235326766968" lon="10.911247646436095">
        <ele>929.02</ele>
      </trkpt>
      <trkpt lat="47.172138690948486" lon="10.911355018615723">
        <ele>928.79</ele>
      </trkpt>
      <trkpt lat="47.17203140258789" lon="10.9114408493042">
        <ele>928.6</ele>
      </trkpt>
      <trkpt lat="47.17203148640692" lon="10.9114408493042">
        <ele>928.42</ele>
      </trkpt>
      <trkpt lat="47.17185974121094" lon="10.91167688369751">
        <ele>928.27</ele>
      </trkpt>
      <trkpt lat="47.17168061994016" lon="10.912006292492151">
        <ele>928.13</ele>
      </trkpt>
      <trkpt lat="47.17150158248842" lon="10.912335785105824">
        <ele>927.92</ele>
      </trkpt>
      <trkpt lat="47.17132329940796" lon="10.91266393661499">
        <ele>927.74</ele>
      </trkpt>
      <trkpt lat="47.17132338322699" lon="10.91266393661499">
        <ele>927.61</ele>
      </trkpt>
      <trkpt lat="47.171173095703125" lon="10.91292142868042">
        <ele>927.49</ele>
      </trkpt>
      <trkpt lat="47.17117317952216" lon="10.91292142868042">
        <ele>927.39</ele>
      </trkpt>
      <trkpt lat="47.17108726501465" lon="10.913264751434326">
        <ele>927.3</ele>
      </trkpt>
      <trkpt lat="47.170958518981934" lon="10.91341495513916">
        <ele>927.2</ele>
      </trkpt>
      <trkpt lat="47.17067965306342" lon="10.913425600156188">
        <ele>927.13</ele>
      </trkpt>
      <trkpt lat="47.170400619506836" lon="10.91343641281128">
        <ele>927.11</ele>
      </trkpt>
      <trkpt lat="47.17027187347412" lon="10.913500785827637">
        <ele>927.09</ele>
      </trkpt>
      <trkpt lat="47.17022895812988" lon="10.913586616516113">
        <ele>927.05</ele>
      </trkpt>
      <trkpt lat="47.17022895812988" lon="10.913994312286377">
        <ele>926.99</ele>
      </trkpt>
      <trkpt lat="47.170207500457764" lon="10.914144515991211">
        <ele>926.96</ele>
      </trkpt>
      <trkpt lat="47.170207584276795" lon="10.914144515991211">
        <ele>926.95</ele>
      </trkpt>
      <trkpt lat="47.17010021209717" lon="10.91416597366333">
        <ele>926.97</ele>
      </trkpt>
      <trkpt lat="47.16978915967047" lon="10.91414988040924">
        <ele>926.99</ele>
      </trkpt>
      <trkpt lat="47.16947819106281" lon="10.914133787155151">
        <ele>927.01</ele>
      </trkpt>
      <trkpt lat="47.169167222455144" lon="10.914117693901062">
        <ele>927.01</ele>
      </trkpt>
      <trkpt lat="47.16885566711426" lon="10.914101600646973">
        <ele>927.07</ele>
      </trkpt>
      <trkpt lat="47.16859817504883" lon="10.914123058319092">
        <ele>927.15</ele>
      </trkpt>
      <trkpt lat="47.16838359832764" lon="10.914208889007568">
        <ele>927.24</ele>
      </trkpt>
      <trkpt lat="47.16810464859009" lon="10.91435900889337">
        <ele>927.36</ele>
      </trkpt>
      <trkpt lat="47.16782569885254" lon="10.914509296417236">
        <ele>927.45</ele>
      </trkpt>
      <trkpt lat="47.16756820678711" lon="10.91462722979486">
        <ele>927.5</ele>
      </trkpt>
      <trkpt lat="47.16731071472168" lon="10.914745330810547">
        <ele>927.55</ele>
      </trkpt>
      <trkpt lat="47.16709613800049" lon="10.914673749357462">
        <ele>927.63</ele>
      </trkpt>
      <trkpt lat="47.16688164509833" lon="10.914602251723409">
        <ele>927.72</ele>
      </trkpt>
      <trkpt lat="47.166666984558105" lon="10.914530754089355">
        <ele>927.85</ele>
      </trkpt>
      <trkpt lat="47.16637738980353" lon="10.914477109909058">
        <ele>927.98</ele>
      </trkpt>
      <trkpt lat="47.16608771122992" lon="10.91442346572876">
        <ele>928.09</ele>
      </trkpt>
      <trkpt lat="47.16585159301758" lon="10.914359092712402">
        <ele>928.28</ele>
      </trkpt>
      <trkpt lat="47.16559410095215" lon="10.9142124094069">
        <ele>928.51</ele>
      </trkpt>
      <trkpt lat="47.16533660888672" lon="10.91406580992043">
        <ele>928.71</ele>
      </trkpt>
      <trkpt lat="47.16507911682129" lon="10.91391921043396">
        <ele>928.82</ele>
      </trkpt>
      <trkpt lat="47.16482162475586" lon="10.913772527128458">
        <ele>928.91</ele>
      </trkpt>
      <trkpt lat="47.16456413269043" lon="10.913625927641988">
        <ele>929.04</ele>
      </trkpt>
      <trkpt lat="47.164306640625" lon="10.913479328155518">
        <ele>929.19</ele>
      </trkpt>
      <trkpt lat="47.16401696205139" lon="10.913361310958862">
        <ele>929.38</ele>
      </trkpt>
      <trkpt lat="47.16372728347778" lon="10.913243293762207">
        <ele>929.5</ele>
      </trkpt>
      <trkpt lat="47.16352326795459" lon="10.913017820566893">
        <ele>929.64</ele>
      </trkpt>
      <trkpt lat="47.16331958770752" lon="10.912792682647705">
        <ele>929.79</ele>
      </trkpt>
      <trkpt lat="47.163090677931905" lon="10.912649603560567">
        <ele>929.95</ele>
      </trkpt>
      <trkpt lat="47.16286176815629" lon="10.912506524473429">
        <ele>930.17</ele>
      </trkpt>
      <trkpt lat="47.16263294219971" lon="10.912363529205322">
        <ele>930.42</ele>
      </trkpt>
      <trkpt lat="47.16254711151123" lon="10.912363529205322">
        <ele>930.64</ele>
      </trkpt>
      <trkpt lat="47.162461280822754" lon="10.912449359893799">
        <ele>930.85</ele>
      </trkpt>
      <trkpt lat="47.16241819784045" lon="10.91271816752851">
        <ele>931.05</ele>
      </trkpt>
      <trkpt lat="47.16237545013428" lon="10.912985801696777">
        <ele>931.26</ele>
      </trkpt>
      <trkpt lat="47.16233253479004" lon="10.913093090057373">
        <ele>931.53</ele>
      </trkpt>
      <trkpt lat="47.1622896194458" lon="10.913114547729492">
        <ele>931.8</ele>
      </trkpt>
      <trkpt lat="47.162203788757324" lon="10.913071632385254">
        <ele>932.11</ele>
      </trkpt>
      <trkpt lat="47.161939004436135" lon="10.912849763408303">
        <ele>932.47</ele>
      </trkpt>
      <trkpt lat="47.16167430393398" lon="10.912627978250384">
        <ele>932.85</ele>
      </trkpt>
      <trkpt lat="47.161409854888916" lon="10.91240644454956">
        <ele>933.15</ele>
      </trkpt>
      <trkpt lat="47.161195278167725" lon="10.912277698516846">
        <ele>933.48</ele>
      </trkpt>
      <trkpt lat="47.161173820495605" lon="10.912470817565918">
        <ele>933.88</ele>
      </trkpt>
      <trkpt lat="47.161173820495605" lon="10.912868790328503">
        <ele>934.25</ele>
      </trkpt>
      <trkpt lat="47.16117390431464" lon="10.913264751434326">
        <ele>934.61</ele>
      </trkpt>
      <trkpt lat="47.16116669587791" lon="10.913709327578545">
        <ele>935.04</ele>
      </trkpt>
      <trkpt lat="47.16115948744118" lon="10.914153987541795">
        <ele>935.5</ele>
      </trkpt>
      <trkpt lat="47.161152362823486" lon="10.914595127105713">
        <ele>935.96</ele>
      </trkpt>
      <trkpt lat="47.16089495457709" lon="10.914616584777832">
        <ele>936.55</ele>
      </trkpt>
      <trkpt lat="47.1608304977417" lon="10.914616584777832">
        <ele>937.09</ele>
      </trkpt>
      <trkpt lat="47.1605730894953" lon="10.914595127105713">
        <ele>937.62</ele>
      </trkpt>
      <trkpt lat="47.16033705510199" lon="10.914552211761475">
        <ele>938.18</ele>
      </trkpt>
      <trkpt lat="47.16014393605292" lon="10.914530754089355">
        <ele>938.81</ele>
      </trkpt>
      <trkpt lat="47.15992935933173" lon="10.914545003324747">
        <ele>939.5</ele>
      </trkpt>
      <trkpt lat="47.15971486642957" lon="10.91455933637917">
        <ele>940.27</ele>
      </trkpt>
      <trkpt lat="47.15950012207031" lon="10.914573669433594">
        <ele>941.06</ele>
      </trkpt>
      <trkpt lat="47.159221172332764" lon="10.91468095779419">
        <ele>941.92</ele>
      </trkpt>
      <trkpt lat="47.158963764086366" lon="10.914852619171143">
        <ele>942.79</ele>
      </trkpt>
      <trkpt lat="47.158727729693055" lon="10.915067195892334">
        <ele>943.62</ele>
      </trkpt>
      <trkpt lat="47.15857744216919" lon="10.915346145629883">
        <ele>944.46</ele>
      </trkpt>
      <trkpt lat="47.15843788348138" lon="10.915485620498657">
        <ele>945.33</ele>
      </trkpt>
      <trkpt lat="47.15829857625067" lon="10.915625095367432">
        <ele>946.21</ele>
      </trkpt>
      <trkpt lat="47.15829849243164" lon="10.915625095367432">
        <ele>947.04</ele>
      </trkpt>
      <trkpt lat="47.158212745562196" lon="10.915689468383789">
        <ele>947.91</ele>
      </trkpt>
      <trkpt lat="47.15798752382398" lon="10.915721571072936">
        <ele>948.8</ele>
      </trkpt>
      <trkpt lat="47.157762134447694" lon="10.915753841400146">
        <ele>949.66</ele>
      </trkpt>
      <trkpt lat="47.15761193074286" lon="10.915796756744385">
        <ele>950.49</ele>
      </trkpt>
      <trkpt lat="47.157461643218994" lon="10.915861129760742">
        <ele>951.34</ele>
      </trkpt>
      <trkpt lat="47.157204151153564" lon="10.9159255027771">
        <ele>952.24</ele>
      </trkpt>
      <trkpt lat="47.15702176094055" lon="10.915861129760742">
        <ele>952.98</ele>
      </trkpt>
      <trkpt lat="47.15683937072754" lon="10.915796756744385">
        <ele>953.65</ele>
      </trkpt>
      <trkpt lat="47.15660342015326" lon="10.915753841400146">
        <ele>954.28</ele>
      </trkpt>
      <trkpt lat="47.15636746957898" lon="10.915710926055908">
        <ele>954.84</ele>
      </trkpt>
      <trkpt lat="47.15613126754761" lon="10.91566801071167">
        <ele>955.36</ele>
      </trkpt>
      <trkpt lat="47.155981147661805" lon="10.915603637695312">
        <ele>955.82</ele>
      </trkpt>
      <trkpt lat="47.15568074025214" lon="10.915474891662598">
        <ele>956.26</ele>
      </trkpt>
      <trkpt lat="47.15547328814864" lon="10.91541051864624">
        <ele>956.68</ele>
      </trkpt>
      <trkpt lat="47.15526591986418" lon="10.915346145629883">
        <ele>957.07</ele>
      </trkpt>
      <trkpt lat="47.15505838394165" lon="10.915281772613525">
        <ele>957.39</ele>
      </trkpt>
      <trkpt lat="47.15481153689325" lon="10.915099298581481">
        <ele>957.64</ele>
      </trkpt>
      <trkpt lat="47.15456485748291" lon="10.9149169921875">
        <ele>957.89</ele>
      </trkpt>
      <trkpt lat="47.15441448614001" lon="10.914755892008543">
        <ele>958.07</ele>
      </trkpt>
      <trkpt lat="47.15426445007324" lon="10.914595127105713">
        <ele>958.2</ele>
      </trkpt>
      <trkpt lat="47.15407133102417" lon="10.914444923400879">
        <ele>958.28</ele>
      </trkpt>
      <trkpt lat="47.153921127319336" lon="10.91442346572876">
        <ele>958.38</ele>
      </trkpt>
      <trkpt lat="47.15364226140082" lon="10.914466297253966">
        <ele>958.5</ele>
      </trkpt>
      <trkpt lat="47.15336322784424" lon="10.914509296417236">
        <ele>958.61</ele>
      </trkpt>
      <trkpt lat="47.15327739715576" lon="10.914444923400879">
        <ele>958.56</ele>
      </trkpt>
      <trkpt lat="47.15327748097479" lon="10.914380550384521">
        <ele>958.45</ele>
      </trkpt>
      <trkpt lat="47.15326306410134" lon="10.913971764966846">
        <ele>958.23</ele>
      </trkpt>
      <trkpt lat="47.153248731046915" lon="10.91356297954917">
        <ele>958.08</ele>
      </trkpt>
      <trkpt lat="47.15323448181152" lon="10.91315746307373">
        <ele>958.06</ele>
      </trkpt>
      <trkpt lat="47.15325593948364" lon="10.912899300456047">
        <ele>958.04</ele>
      </trkpt>
      <trkpt lat="47.15327739715576" lon="10.912642478942871">
        <ele>958.01</ele>
      </trkpt>
      <trkpt lat="47.15325593948364" lon="10.912363529205322">
        <ele>957.97</ele>
      </trkpt>
      <trkpt lat="47.15323448181152" lon="10.912277698516846">
        <ele>958.08</ele>
      </trkpt>
      <trkpt lat="47.152976989746094" lon="10.91238490305841">
        <ele>958.3</ele>
      </trkpt>
      <trkpt lat="47.152719581499696" lon="10.912492191419005">
        <ele>958.5</ele>
      </trkpt>
      <trkpt lat="47.152462005615234" lon="10.912599563598633">
        <ele>958.65</ele>
      </trkpt>
      <trkpt lat="47.15233334340155" lon="10.912642478942871">
        <ele>958.7</ele>
      </trkpt>
      <trkpt lat="47.15209194459021" lon="10.912771141156554">
        <ele>958.77</ele>
      </trkpt>
      <trkpt lat="47.15185054577887" lon="10.912899887189269">
        <ele>958.84</ele>
      </trkpt>
      <trkpt lat="47.15160914696753" lon="10.913028633221984">
        <ele>958.86</ele>
      </trkpt>
      <trkpt lat="47.15136766433716" lon="10.91315746307373">
        <ele>958.89</ele>
      </trkpt>
      <trkpt lat="47.15113171376288" lon="10.913307666778564">
        <ele>958.92</ele>
      </trkpt>
      <trkpt lat="47.150959968566895" lon="10.91341495513916">
        <ele>959.03</ele>
      </trkpt>
      <trkpt lat="47.1507025603205" lon="10.913586616516113">
        <ele>959.2</ele>
      </trkpt>
      <trkpt lat="47.15063818730414" lon="10.913629531860352">
        <ele>959.46</ele>
      </trkpt>
      <trkpt lat="47.15050935745239" lon="10.913693904876709">
        <ele>959.75</ele>
      </trkpt>
      <trkpt lat="47.15044506825507" lon="10.913758277893066">
        <ele>960.11</ele>
      </trkpt>
      <trkpt lat="47.15024474076927" lon="10.913879815489054">
        <ele>960.53</ele>
      </trkpt>
      <trkpt lat="47.1500444971025" lon="10.914001436904073">
        <ele>960.99</ele>
      </trkpt>
      <trkpt lat="47.14984425343573" lon="10.914123058319092">
        <ele>961.48</ele>
      </trkpt>
      <trkpt lat="47.149693965911865" lon="10.914208805188537">
        <ele>961.98</ele>
      </trkpt>
      <trkpt lat="47.14954376220703" lon="10.914294719696045">
        <ele>962.53</ele>
      </trkpt>
      <trkpt lat="47.149479473009706" lon="10.914359092712402">
        <ele>963.09</ele>
      </trkpt>
      <trkpt lat="47.14930772781372" lon="10.914477109909058">
        <ele>963.71</ele>
      </trkpt>
      <trkpt lat="47.1491361502558" lon="10.914595127105713">
        <ele>964.36</ele>
      </trkpt>
      <trkpt lat="47.14890003204346" lon="10.914777517318726">
        <ele>965.07</ele>
      </trkpt>
      <trkpt lat="47.14866408146918" lon="10.914959907531738">
        <ele>965.78</ele>
      </trkpt>
      <trkpt lat="47.148460149765015" lon="10.915120840072632">
        <ele>966.48</ele>
      </trkpt>
      <trkpt lat="47.148256385698915" lon="10.915281772613525">
        <ele>967.25</ele>
      </trkpt>
      <trkpt lat="47.14825630187988" lon="10.915281772613525">
        <ele>968.02</ele>
      </trkpt>
      <trkpt lat="47.14811674319208" lon="10.915389060974121">
        <ele>968.87</ele>
      </trkpt>
      <trkpt lat="47.147977352142334" lon="10.915496349334717">
        <ele>969.75</ele>
      </trkpt>
      <trkpt lat="47.14770552702248" lon="10.915653677657247">
        <ele>970.7</ele>
      </trkpt>
      <trkpt lat="47.14743378572166" lon="10.915811005979776">
        <ele>971.57</ele>
      </trkpt>
      <trkpt lat="47.14716204442084" lon="10.915968418121338">
        <ele>972.47</ele>
      </trkpt>
      <trkpt lat="47.14709767140448" lon="10.916011333465576">
        <ele>973.39</ele>
      </trkpt>
      <trkpt lat="47.14690455235541" lon="10.916086351498961">
        <ele>974.34</ele>
      </trkpt>
      <trkpt lat="47.146711433306336" lon="10.91616153717041">
        <ele>975.32</ele>
      </trkpt>
      <trkpt lat="47.146711349487305" lon="10.91616153717041">
        <ele>976.27</ele>
      </trkpt>
      <trkpt lat="47.146486043930054" lon="10.916268741711974">
        <ele>977.28</ele>
      </trkpt>
      <trkpt lat="47.1462607383728" lon="10.91637603007257">
        <ele>978.29</ele>
      </trkpt>
      <trkpt lat="47.14603551663458" lon="10.916483318433166">
        <ele>979.29</ele>
      </trkpt>
      <trkpt lat="47.1458101272583" lon="10.916590690612793">
        <ele>980.21</ele>
      </trkpt>
      <trkpt lat="47.14560275897384" lon="10.916676437482238">
        <ele>981.15</ele>
      </trkpt>
      <trkpt lat="47.14539539068937" lon="10.916762268170714">
        <ele>982.01</ele>
      </trkpt>
      <trkpt lat="47.14518793858588" lon="10.916848182678223">
        <ele>982.82</ele>
      </trkpt>
      <trkpt lat="47.14508065022528" lon="10.916891098022461">
        <ele>983.57</ele>
      </trkpt>
      <trkpt lat="47.14490898884833" lon="10.916976928710938">
        <ele>984.28</ele>
      </trkpt>
      <trkpt lat="47.144672870635986" lon="10.917084217071533">
        <ele>984.99</ele>
      </trkpt>
      <trkpt lat="47.14462995529175" lon="10.916976928710938">
        <ele>985.65</ele>
      </trkpt>
      <trkpt lat="47.14460849761963" lon="10.916891098022461">
        <ele>986.26</ele>
      </trkpt>
      <trkpt lat="47.14452266693115" lon="10.916826725006104">
        <ele>986.85</ele>
      </trkpt>
      <trkpt lat="47.14445837773383" lon="10.916805267333984">
        <ele>987.41</ele>
      </trkpt>
      <trkpt lat="47.144458293914795" lon="10.916805267333984">
        <ele>987.93</ele>
      </trkpt>
    </trkseg>
  </trk>
</gpx>
